{"1":0.036881501826899504,"2":0.022786401117990435,"3":0.008823266003147257,"4":0.5277557135683206,"5":0.1951603935765033,"6":0.042274371018705965,"7":0.03236591973500563,"8":0.03076419774224609,"9":0.03076419774224609,"10":0.05524503779042933,"11":0.05524503779042933,"12":-0.015346757870970784,"13":-0.015346757870970784,"14":-0.006000051454270076,"15":-0.006000051454270076,"16":0.08578137819699229,"17":0.08578137819699229,"18":0.08578137819699229,"19":0.024760836457433683,"20":0.024760836457433683,"21":-0.06075668405178403,"22":-0.06075668405178403,"23":0.6730147331956084,"24":1.7565873956474913,"25":0.654447774113925,"26":-0.04492798112595214,"27":1.1572634909623838,"28":0.5926967858438523,"29":0.5962444047984966,"30":0.28706343853766714,"31":0.07275987158034453,"32":0.03981787898409949,"33":0.08279508975858735,"34":-0.008611205688602228,"35":0.03449330993256529,"36":0.042435421944941154,"37":0.04675423774955815,"38":0.4298752732700256,"39":0.15506535548018868,"40":0.16632208639209606,"41":0.03505780632312121,"42":0.20747303648783755,"43":0.1808825365284062,"44":0.536295207614553,"45":0.04974800684458927,"46":0.10175473592720098,"47":0.05359521098070033,"48":0.09590415181426701,"49":0.03995602551642752,"50":0.03995602551642752,"51":0.09590415181426701,"52":0.09590415181426701,"53":0.1828307121752073,"54":0.1828307121752073,"55":0.005678946034234675,"56":0.09345497129540731,"57":0.25722905495020687,"58":0.11172311693211766,"59":0.23659900415685803,"60":0.012038325562619481,"61":0.25346946187667196,"62":0.17993815057657328,"63":0.3019176994326052,"64":0.07987979709071441,"65":0.25058821968372225,"66":0.03947288539160845,"67":0.08930370853035076,"68":0.04282499728669431,"69":-0.10392888732931416,"70":0.04378411969732797,"71":0.0047344996609607545,"72":0.09723533165424507,"73":0.1210712668510631,"74":0.09892033804911277,"75":-0.005639938883301943,"76":0.07006785735941062,"77":0.053064576539541525,"78":0.09816268535080433,"79":0.07206985777569558,"80":0.10756706921739678,"81":-0.02246511677946486,"82":0.034936066955013445,"83":0.017502784583576625,"84":0.37869090176399334,"85":0.1335893752446917,"86":-0.06977793850538405,"87":-0.06977793850538405,"88":-0.023334594601598146,"89":-0.023334594601598146,"90":-0.037553614366888435,"91":-0.018450740287317413,"92":-0.008794447792717514,"93":-0.05012766693508147,"94":-0.08419096090549281,"95":-0.01354723731808162,"96":-0.05346246858661492,"97":-0.05867981653028195,"98":-0.03582544094466697,"99":1.1850193396209456,"100":1.0711887550049257,"101":0.26722813922051836,"102":0.26509881668525187,"103":0.35981478059830696,"104":0.3190621846070947,"105":0.2793372245307829,"106":0.3407007044492907,"107":0.4572777917825174,"108":0.48371977204481187,"109":0.64764817147028,"110":1.40794900523827,"111":0.8470543654154108,"112":0.5898453017335245,"113":0.9233236999126201,"114":2.211730849006721,"115":0.966486238381859,"116":0.9043321785685384,"117":1.856902021532341,"118":1.4525169405449496,"119":2.6002850867192517,"120":0.7925464898561402,"121":0.9807267587482772,"122":1.4545090233465365,"123":2.120516921265,"124":10.561056515646863,"125":1.1345700358735575,"126":1.1345700358735575,"127":0.9001047802368873,"128":1.6964077550658891,"129":0.23771770519521074,"130":1.1345700358735575,"131":1.1345700358735575,"132":0.06181698329069502,"133":0.0023083137129241704,"134":0.08605926481437554,"135":0.0426912631782327,"136":0.024518984316188437,"137":0.017089515680933788,"138":0.04249174777848074,"139":-0.0032419555355894594,"140":0.045694736712961384,"141":0.09743098568610892,"142":0.006325324474563951,"143":0.05016626848038648,"144":0.004283590106156324,"145":0.05737647505893194,"146":0.06339447831548475,"147":0.011791251600549717,"148":0.014725839613215816,"149":0.0211581011050477,"150":0.04399192744711216,"151":0.002226809444599142,"152":0.017246002015780647,"153":0.026317040772577002,"154":0.037173958746187875,"155":0.00775632444988897,"156":0.05083812926360213,"157":-0.0050193921720819434,"158":0.3154625523881308,"159":-0.01582855598694842,"160":0.018259270969303232,"161":0.032554807287437745,"162":0.07110424257414028,"163":0.12462959143051336,"164":0.07530058430638072,"165":0.23481809010081556,"166":0.15183035509234838,"167":0.18612543856500702,"168":0.44767217639180323,"169":0.1723266864332884,"170":0.3712498517605708,"171":0.21343545834046188,"172":0.14002546140466376,"173":0.2630725362437293,"174":0.28829869170758127,"175":0.29996762901781976,"176":0.024263697011723834,"177":0.31996949420907045,"178":0.1825290204267052,"179":0.16733113430333107,"180":0.036124223420657575,"181":0.058392542364467,"182":0.15455983063475923,"183":0.054956862805986675,"184":0.12384525879058281,"185":0.21720970428773384,"186":0.15964366847985537,"187":0.14332478010602406,"188":0.1529566230690627,"189":0.10067693997483515,"190":0.14940923893635877,"191":0.16263014712583618,"192":0.2680686203681313,"193":0.14271568976024218,"194":0.12990396118081204,"195":0.1437552158624414,"196":0.22951003279102822,"197":0.25657598623589184,"198":0.9049052264001172,"199":0.48303618185084857,"200":0.5134828923375077,"201":0.01240532702052153,"202":0.01240532702052153,"203":0.0392925283611294,"204":0.038375948058310023,"205":0.041743762514151905,"206":0.047856587324190285,"207":0.02326052765752257,"208":0.051130919181103386,"209":0.040803016888139025,"210":0.021076069395431274,"211":0.05870150266845238,"212":0.06288034602934824,"213":0.04397932671796048,"214":0.03253494869061561,"215":0.07675423270045367,"216":0.079647603235214,"217":0.062285469558534486,"218":0.11560330614757573,"219":0.03410907185553767,"220":0.03539679690635464,"221":0.02474079425244713,"222":0.14340230277072324,"223":0.0957067697540337,"224":0.11057139517500922,"225":0.1090871961747732,"226":0.0756224297037557,"227":0.06869793088646878,"228":0.02610548475432247,"229":0.07730370413426138,"230":0.10313902443944553,"231":0.05173039082381026,"232":0.0409847048811392,"233":0.10673366945352214,"234":0.11800168504042223,"235":0.13228983511863082,"236":0.16582660356108325,"237":0.07776704421762363,"238":0.07429767559705146,"239":0.03477791293099756,"240":0.03477791293099756,"241":0.767431369506068,"242":1.2133264754071833,"243":2.5673159615330707,"244":0.6829545648246274,"245":0.7665145681885747,"246":0.27326474659008604,"247":-0.07320863806803242,"248":0.18460467264069247,"249":0.039429747955366426,"250":0.0033292570386524306,"251":0.02295987005073677,"252":0.11705608822142247,"253":0.01840147842679139,"254":-0.02113348385087089,"255":0.04170258443996251,"256":0.04170258443996251,"257":0.13485337034198877,"258":0.13485337034198877,"259":0.028130407634098797,"260":0.028130407634098797,"261":0.03834280323272862,"262":0.058472975921636014,"263":0.03515611269562863,"264":0.025285539469074646,"265":0.34112986948043345,"266":0.004832493279386315,"267":0.0826398781412199,"268":0.0826398781412199,"269":0.0826398781412199,"270":0.031744693326145546,"271":0.031744693326145546,"272":0.05477418204636719,"273":0.5136186770428015,"274":0.8309386053932326,"275":0.004974992594030697,"276":0.01800898540969646,"277":0.9412603297758251,"278":0.28491210192134186,"279":0.11822634360919966,"280":0.13129322298392687,"281":0.004178823290334168,"282":0.0488160734901016,"283":0.13788006624353275,"284":0.22836588132997246,"285":0.12038151680711177,"286":0.027445876719069687,"287":0.12874397424966538,"288":0.11077246442680992,"289":2.500450928850659,"290":5.244055507522141,"291":3.369047556182551,"292":2.1749293663717713,"293":0.2780388027396218,"294":0.8377940755231866,"295":0.0698818493940758,"296":0.24908403859601422,"297":0.1820909238104923,"298":0.26446024965608456,"299":0.543303533869177,"300":0.20822587411076793,"301":0.29273148104552466,"302":0.23974217224367056,"303":0.23247982255925065,"304":0.26603485910623204,"305":0.1437612645257181,"306":0.26603485910623204,"307":0.06255245036802629,"308":0.019901114409375857,"309":0.2709366104325588,"310":0.45563638518100613,"311":0.3822573357753368,"312":0.4330649462749694,