{"1":0.11252466156388621,"2":0.00006211969575647958,"3":0.17736273678906017,"4":-0.15835738142150968,"5":-0.011404732612856808,"6":0.04219310087970132,"7":0.03910253650212188,"8":-0.07378477084872856,"9":-0.07378477084872856,"10":0.04749008305842822,"11":0.04749008305842822,"12":-0.07069175675477138,"13":-0.07069175675477138,"14":-0.0208859144226258,"15":-0.0208859144226258,"16":0.04965107500993936,"17":0.04965107500993936,"18":0.04965107500993936,"19":0.012284749088406308,"20":0.012284749088406308,"21":0.02568591385764818,"22":0.02568591385764818,"23":0.02885052674094539,"24":0.049231308060104825,"25":0.09784735812133072,"26":0.04629575062331868,"27":0.01204597354345354,"28":0.10626565241175377,"29":-0.0014366615175987994,"30":0.05410766948888837,"31":0.3180503968410619,"32":0.11034329861936737,"33":0.08704811603132118,"34":0.22610090244430106,"35":0.25042130069372803,"36":0.15969274487305618,"37":0.21617547298105178,"38":0.09089435020693948,"39":0.08803126731755477,"40":0.11329961740359448,"41":0.24939224906597554,"42":0.24734586814667972,"43":0.10299981124077329,"44":0.07567435236000696,"45":0.1400580466572952,"46":0.09395341606885041,"47":0.1616143149948215,"48":0.1540119906502145,"49":0.18498512546815388,"50":0.18498512546815388,"51":0.1540119906502145,"52":0.1540119906502145,"53":0.046267139907115784,"54":0.046267139907115784,"55":0.3074043709739027,"56":0.1858798547675805,"57":0.11292263227078221,"58":0.0885053656377918,"59":0.1022788865054222,"60":0.1635159181051813,"61":0.07878941545888091,"62":0.0953481940899148,"63":0.0340550626941208,"64":0.11475212301958718,"65":0.017072316965109694,"66":0.13996852551272435,"67":0.13439298463829616,"68":0.10405797431128763,"69":0.25366643955844836,"70":0.10360772552857817,"71":0.07583812993726365,"72":0.08994830309903629,"73":0.01852054024718388,"74":0.1975099920253404,"75":0.15058003550524363,"76":0.11705340722725224,"77":0.05435869146896499,"78":0.02741261713266913,"79":0.10854165894211235,"80":0.10135426687285959,"81":0.08692849999858505,"82":0.050753456109817296,"83":0.15469428192725931,"84":0.015731930142016147,"85":0.04226110805164312,"86":0.1356948116665833,"87":0.1356948116665833,"88":0.15341120810784253,"89":0.15341120810784253,"90":0.055140393741633265,"91":0.4703495644761756,"92":0.10706742341066844,"93":0.027186948263624472,"94":0.1890267295177861,"95":0.17729357016124309,"96":0.06014546715421956,"97":0.07979550999411252,"98":0.035499766786102865,"99":0.06351643724068848,"100":0.067872449626497,"101":0.06523938659677798,"102":0.03857756785584859,"103":0.011792970392456267,"104":0.026806575261813806,"105":0.03711638098353605,"106":0.04302216468367352,"107":0.043397951295112626,"108":0.06787445325852096,"109":0.1063599735893707,"110":0.07941126683467696,"111":0.040244353884797,"112":0.04567954528963279,"113":0.11417367351526474,"114":0.016830820449325122,"115":0.046634942652364945,"116":0.052848560815843375,"117":0.027038925365568525,"118":0.03221182173125685,"119":0.08439821589417074,"120":0.043532353616486996,"121":0.04123317433296298,"122":0.12842273146563563,"123":0.01851661386312426,"124":0.009246950979375154,"125":0.05630014173004694,"126":0.05630014173004694,"127":0.09163700782694424,"128":0.0765523645915362,"129":0.07699505338066064,"130":0.05630014173004694,"131":0.05630014173004694,"132":0.10962737372362856,"133":0.0972870082513197,"134":0.1196105619468016,"135":0.15748822015715577,"136":0.1100149854880962,"137":0.11803469616214653,"138":0.3238374156400554,"139":0.10442239554089058,"140":0.4124813740466999,"141":0.3167048213102381,"142":0.03177207739460601,"143":0.20224895909448537,"144":0.13039939482368362,"145":0.19141000329761299,"146":0.3066071367433367,"147":0.23132962100881937,"148":0.1408751693227454,"149":0.08645237225429324,"150":0.29004371545263696,"151":0.07973545432322113,"152":0.1316755200895131,"153":0.13361143216372406,"154":0.19318490997789728,"155":0.1439934522152093,"156":0.1769117037957677,"157":0.34675688854654285,"158":0.24459113071509728,"159":0.15442527963984207,"160":0.09708093253454933,"161":0.08302808137284695,"162":0.08938098267860224,"163":-0.017321657193757722,"164":0.2565967645944046,"165":0.16834638543956432,"166":0.22296064297403762,"167":0.09871025751829296,"168":0.15527375506208144,"169":0.12929413160076536,"170":0.019707265318137948,"171":0.06148373945553554,"172":0.1397390980573389,"173":0.2770712979244201,"174":0.21621247229055818,"175":0.22945465375702975,"176":0.2046814535067593,"177":0.1905384904526078,"178":0.12838422156635934,"179":0.1839446292789046,"180":0.11594539632312144,"181":0.18360476512384927,"182":0.15131516426966007,"183":0.27246485341059534,"184":0.22232991425133425,"185":0.1456790554304878,"186":0.08991233939237697,"187":0.22252709775476265,"188":0.23136144025214792,"189":0.1912671999683636,"190":0.13094685050177357,"191":0.19820662575832687,"192":0.2210335965193389,"193":0.35669454523625094,"194":0.24333296845737673,"195":0.22201509063465993,"196":0.06374128464239301,"197":0.3385825792064526,"198":0.07108952319571507,"199":0.1751664118048008,"200":0.13424008783952285,"201":0.13963404901879137,"202":0.13963404901879137,"203":0.1351371946553422,"204":0.10780323210389386,"205":0.3532117405789098,"206":0.15060226739042343,"207":0.17028890998812654,"208":0.14053613279801436,"209":0.08729019690103784,"210":0.10930517931359006,"211":0.16131917302821272,"212":0.04855833188448492,"213":0.11830746022399675,"214":0.08362017277159509,"215":0.0850557091552341,"216":0.18954225017001877,"217":0.099465071473365,"218":0.06592123128587184,"219":0.09856232786417096,"220":0.15102487519180263,"221":0.06744227261396198,"222":0.13690192139133375,"223":0.15804966737506695,"224":0.1306203854958134,"225":0.12473479620889949,"226":0.07239974526516087,"227":0.09480724180343253,"228":0.2749767860407153,"229":0.24221905912602587,"230":0.2554101607972639,"231":0.19475891547830954,"232":0.06704742861029857,"233":0.0917871295118318,"234":0.12589407301356056,"235":0.1611537373167806,"236":0.3040410116420918,"237":0.29317226825945786,"238":0.11247796022234963,"239":0.08823450842476804,"240":0.08823450842476804,"241":-0.11010658310345775,"242":-0.02401730885496392,"243":-0.32250455945081724,"244":-0.4666965494947738,"245":0.0745869142805482,"246":-0.15362601021587932,"247":-0.025623684966124133,"248":-0.6854356987340253,"249":-0.2511430521249345,"250":-0.10987132265283936,"251":-0.4606861544083971,"252":-0.1115484148201156,"253":-0.08162260383755617,"254":-0.09888936993694687,"255":-0.064528097522778,"256":-0.064528097522778,"257":-0.11771076592764312,"258":-0.11771076592764312,"259":0.041741705076843966,"260":0.041741705076843966,"261":-0.07979362777235674,"262":-0.10804473375784518,"263":-0.26521776161643956,"264":-0.19868464509221198,"265":-0.0883262229918074,"266":0.039634530528164034,"267":0.049067241509161155,"268":0.049067241509161155,"269":0.049067241509161155,"270":-0.17426074500878055,"271":-0.17426074500878055,"272":0.1240844458973143,"273":0.24776524058591354,"274":0.15057240435057107,"275":0.1343655567143818,"276":0.1374330077645355,"277":0.08817120931316824,"278":-0.0021495890536616935,"279":0.21559426456685313,"280":0.07134338297678451,"281":-0.033656383552343135,"282":0.033409793386804054,"283":-0.025246784191256977,"284":-0.042234151206531276,"285":0.10028254621583045,"286":-0.021393492540967313,"287":-0.01649156717447693,"288":0.04784094794981199,"289":-0.09351021978686298,"290":-0.06696085706574886,"291":-0.02390349369438991,"292":-0.08252485989075285,"293":0.07882532297308434,"294":-0.06019286177808039,"295":-0.10811325487884911,"296":0.14986965990929446,"297":-0.05877462428848419,"298":-0.12328952528433904,"299":0.0659679756728549,"300":-0.05280897392789255,"301":-0.011325646903874706,"302":-0.09521357759348642,"303":-0.16269508959572201,"304":-0.046573299755985786,"305":-0.06117233876963439,"306":-0.046573299755985786,"307":-0.20340299238237453,"308":-0.275328522589507,"309":-0.10326768307765398,"310":-0.10496708671838964,