{"1":-0.035313572035216345,"2":0.04254096893903031,"3":-1.2261580381471389,"4":-0.451389378575693,"5":-0.19408257119705155,"6":-0.2898740131641714,"7":0.023858950708815163,"8":-0.21671094594433576,"9":-0.21671094594433576,"10":-0.15494811368369454,"11":-0.15494811368369454,"12":-0.05490991886156578,"13":-0.05490991886156578,"14":-0.0387330331923349,"15":-0.0387330331923349,"16":0.49851227448244884,"17":0.49851227448244884,"18":0.49851227448244884,"19":0.28595981824580785,"20":0.28595981824580785,"21":-0.023011692197915767,"22":-0.023011692197915767,"23":-0.0426118807775855,"24":-0.0006129895494426663,"25":0.45248868778280543,"26":0.09597172746230848,"27":-0.18734894742413782,"28":-0.46472390692937365,"29":0.9328963627572127,"30":-0.2615379154634525,"31":-0.3242035338868419,"32":0.09920919302173117,"33":-0.15481147688844282,"34":1.4780438445048325,"35":0.4699037012566638,"36":-0.4018167228059508,"37":-1.9192144979698007,"38":2.314888618331245,"39":0.7198814280490948,"40":2.209374663674649,"41":-0.180472478945771,"42":1.6812456681414734,"43":0.40135851778790754,"44":2.2975428519852823,"45":0.6680252064735548,"46":-0.37938315067584416,"47":0.4464677646154065,"48":0.3786881800524049,"49":0.7139745756151135,"50":0.7139745756151135,"51":0.3786881800524049,"52":0.3786881800524049,"53":2.6658453559266944,"54":2.6658453559266944,"55":-1.3494977435677433,"56":0.5135252662538129,"57":1.7168392141722633,"58":-1.239268295650321,"59":-0.43806272069773755,"60":-0.4673546648146445,"61":0.6178534543124051,"62":0.9037824107059882,"63":-0.5372954067481484,"64":-0.4421443367079979,"65":0.9817280064509392,"66":-0.09186478921788366,"67":0.4793955617210959,"68":2.3765595541594644,"69":0.16067335784543957,"70":-7.421671808771373,"71":0.1413337620234174,"72":2.250887022939734,"73":1.222678453351849,"74":0.14401630082753125,"75":1.367621925766282,"76":0.48637289227547964,"77":0.5909452934463734,"78":0.5437704798628402,"79":0.20784969081780225,"80":0.6103530411701515,"81":0.4451436294237917,"82":0.6942984632327347,"83":1.0779465631494864,"84":0.5171005631554209,"85":0.4932112914584421,"86":1.2346533569445786,"87":1.2346533569445786,"88":0.44879526198978026,"89":0.44879526198978026,"90":-0.13440682937332404,"91":-1.5890227020218526,"92":-0.19659726714111025,"93":-0.19344579303212583,"94":1.485022953813377,"95":0.27331261579113786,"96":-0.7660657000260764,"97":-1.6334632354588012,"98":-1.4167046396796819,"99":-0.04127508989087303,"100":1.0088639214830035,"101":0.2906750296598394,"102":0.8321062761723456,"103":0.7500390204170585,"104":0.30116248368765286,"105":0.2371885521674567,"106":0.13905679527259412,"107":0.23848122767147362,"108":0.39050168085542,"109":0.41008459524814656,"110":0.6462038032481126,"111":1.2971394555258944,"112":0.6633970815453626,"113":0.29294274180906343,"114":0.517439224166394,"115":0.1697700538987465,"116":0.3071829794550849,"117":0.05927802600630694,"118":0.44244911928576336,"119":0.6033065786334301,"120":0.13172000431747,"121":0.06453753856567543,"122":0.5119489987903938,"123":0.23087858790467242,"124":-0.10277446405845247,"125":0.1559721037904438,"126":0.1559721037904438,"127":0.9166286437085687,"128":0.11802897030195486,"129":0.31647558137948156,"130":0.1559721037904438,"131":0.1559721037904438,"132":0.9542767356035202,"133":1.0676786201916235,"134":0.7999253850078318,"135":0.5598634714602785,"136":0.05874242992603129,"137":-0.01579034406235058,"138":0.31118788200903547,"139":1.8327267581590658,"140":-0.27192394358232086,"141":-0.3615383230741772,"142":0.5206157413858388,"143":0.24195922021299676,"144":0.18260867115606805,"145":1.0307213042145777,"146":-0.31738949274868444,"147":0.20634193496667103,"148":-0.014904858119812903,"149":0.18019986648635256,"150":0.14882253084979102,"151":-0.06773405495673657,"152":-0.20055737065534163,"153":0.10656871352735864,"154":0.02067536785311691,"155":-0.05918857443507164,"156":0.00876016438888877,"157":-0.6416654509290416,"158":0.1498740283962977,"159":-0.23079997540492447,"160":0.121313816028228,"161":-0.5513195752744318,"162":0.09564233652571613,"163":0.120719439248833,"164":0.002551744296877878,"165":0.25965144992557143,"166":-0.2719017476257659,"167":0.28632192998418277,"168":0.8633682581857266,"169":0.6591216967708299,"170":0.46607824443638224,"171":0.4639257996752291,"172":0.11476421777725099,"173":0.02389809198321971,"174":0.1950009932913509,"175":-0.008240213758868298,"176":0.13167149697929625,"177":0.06790817884177303,"178":0.19272185301545913,"179":0.008495414436341997,"180":0.04455383539280888,"181":0.10972161788006718,"182":0.2272726933574029,"183":-0.05627705627705629,"184":0.11157189355879141,"185":0.11395363618089648,"186":0.21627622332385776,"187":0.045007892447191195,"188":-0.19648818687504943,"189":0.07195023486928123,"190":0.21518740954353144,"191":-0.08857980899571205,"192":0.030912213000188538,"193":-0.06458366465942905,"194":-0.0005195635617205596,"195":-0.005851469906446527,"196":0.03674385091106941,"197":0.18132454925899655,"198":0.5755029908440508,"199":0.1891909028069862,"200":0.11445642465066419,"201":-0.26350321171450664,"202":-0.26350321171450664,"203":0.08164754301921015,"204":0.14113652752005806,"205":0.2169751116783663,"206":-0.04750622332575516,"207":-0.04510225495984091,"208":0.00841168209140472,"209":0.09313938837285128,"210":-0.055898073018655015,"211":0.12017710350871186,"212":0.4113505530395727,"213":0.07376045280776983,"214":0.05029640729434609,"215":0.40221043611702467,"216":-0.017637332762177327,"217":0.028403420708998428,"218":0.1720095527895052,"219":0.11996938802782375,"220":0.4667438046699819,"221":0.11912901990766428,"222":0.45045452966360844,"223":0.06376373436473701,"224":0.558718940051982,"225":0.1340850693700536,"226":0.2388995749493137,"227":0.031222342631322564,"228":0.13599269251793986,"229":0.38853779381709236,"230":0.028969929847633358,"231":0.2683688370178058,"232":0.1979191456515122,"233":-0.03895053181389113,"234":-0.09617642811175181,"235":0.47046651274853246,"236":0.3441522333642809,"237":0.04741333196623937,"238":0.22544427056020988,"239":0.3231530142086886,"240":0.3231530142086886,"241":0.7212316286040293,"242":-0.5114927981444783,"243":0.3767632854000568,"244":0.13542262574700603,"245":3.920272895537913,"246":-0.8803056471450255,"247":-0.008759178500875917,"248":-0.49973198637583405,"249":-1.0064909206753743,"250":0.05358406632291984,"251":0.23192107268645343,"252":0.26143790849673204,"253":0.006224882465096393,"254":0.1285784091855875,"255":-0.003142336571233889,"256":-0.003142336571233889,"257":1.7130620985010705,"258":1.7130620985010705,"259":0.120921553719118,"260":0.120921553719118,"261":0.035947795978960764,"262":0.448844805546022,"263":-0.035907166836958104,"264":-0.18165304268846502,"265":0.028211748211312893,"266":0.15715979426971866,"267":0.06310385594865703,"268":0.06310385594865703,"269":0.06310385594865703,"270":0.19827581741356154,"271":0.19827581741356154,"272":0.017467248908296942,"273":0.02987750224081267,"274":0.22177866489243736,"275":1.0949488491048593,"276":1.1473306140185897,"277":1.1223872999713678,"278":1.7463099755682827,"279":0,"280":0.03849114703618168,"281":0.28965551461923017,"282":0.23988641178019765,"283":3.0181090228738374,"284":0.04238554924367516,"285":0.43040027979787016,"286":-0.020707146942081638,"287":0.2288329519450801,"288":0.38461538461538464,"289":1.8497034246676969,"290":1.8706471201957886,"291":3.064084686179428,"292":1.2418399269714757,"293":0.9388629490889508,"294":-0.017291906882178937,"295":0.3963011889035667,"296":0.2904765160616746,"297":0.4317750923885568,"298":0.8923325527097494,"299":0.6719159339766845,"300":1.54904560744502,"301":1.2919095901660773,"302":1.4650293594831314,"303":0.906608594184511,"304":0.8871391696696871,"305":0.9156610961101811,"306":0.8871391696696871,"307":0.6800091475070381,"308":0.21150965012778708,"309":0.8614635005337146,"310":1.2200123335879194,"311":0.829513057022728,"312":0.9988079910233676,"313":0.9506525189107591,"314":-0.031246010371152086,"315":-0.5867014341590613,