{"1":0.08090178523272747,"2":0.05039193729003359,"3":0.10966014315841288,"4":0.1976284584980237,"5":0.012428535918468804,"6":0.05939249957576786,"7":0.015214869587980906,"8":0.016530461173043062,"9":0.016530461173043062,"10":0.051519958280459535,"11":0.051519958280459535,"12":-0.007448731488520235,"13":-0.007448731488520235,"14":0.021415610783838263,"15":0.021415610783838263,"16":0.1150413234835125,"17":0.1150413234835125,"18":0.1150413234835125,"19":-0.031851077358450934,"20":-0.031851077358450934,"21":-0.038515983224764294,"22":-0.038515983224764294,"23":0.3476791249878318,"24":1.237817823567382,"25":-0.3689655172413794,"26":0.03312458810217317,"27":1.0190388819073952,"28":0.41472065379393674,"29":0.7102272727272727,"30":0.20880370397713643,"31":0.18846866461709272,"32":0.03135766575969257,"33":0.03752798299949073,"34":0.03269240721375971,"35":0.17734869416061982,"36":0.2259413403956591,"37":0.15571352962319834,"38":0.5047206683181924,"39":0.2815599404474629,"40":0.23169383364761373,"41":0.10172559691104571,"42":0.1998275003393718,"43":0.3935030604663852,"44":0.6638990363221042,"45":0.14011851339562886,"46":0.2303183839212849,"47":0.07486302188244622,"48":0.3190397631675339,"49":0.2358331938542892,"50":0.2358331938542892,"51":0.3190397631675339,"52":0.3190397631675339,"53":0.30909028915611836,"54":0.30909028915611836,"55":0.011879925442732975,"56":0.10278079141209387,"57":0.2254111940868893,"58":-0.022406642887328715,"59":0.12633324114707956,"60":0.14697517496409016,"61":0.15152024476427967,"62":0.14072265220810398,"63":0.018543376759799807,"64":0.03514809576166418,"65":0.07277731003436344,"66":0.10328693821528181,"67":0.048406476313769986,"68":0.18870470725834346,"69":0.08472806354898821,"70":-0.022129748136386296,"71":0.08546517194184652,"72":0.11748970479539189,"73":0.13761789855087367,"74":0.15931430272883645,"75":0.15136199150139104,"76":0.15342643890657334,"77":-0.04277434673798605,"78":0.30952258065994154,"79":0.034298760111445725,"80":0.0843053875911976,"81":-0.033966423550126884,"82":0.10526044109840094,"83":-0.006500996564225842,"84":0.3394681664837397,"85":0.19228402030152847,"86":0.14244996799617948,"87":0.14244996799617948,"88":0.15668520372575911,"89":0.15668520372575911,"90":0.13164203239492078,"91":0.11868679766473095,"92":0.00450683779473704,"93":-0.041558973467475946,"94":0.33524427216337127,"95":0.05762612207365622,"96":0.07164359099781936,"97":-0.05475688829713932,"98":-0.22484343155601116,"99":2.1529804311551874,"100":1.6699599546968031,"101":0.27500152975328906,"102":0.31815173183147205,"103":0.4835885260188332,"104":0.4474289764293461,"105":0.18407075187412117,"106":0.48836548392309026,"107":0.2205039986739769,"108":0.5051372765757609,"109":0.4340721167065406,"110":1.192235639172115,"111":0.7897160648400755,"112":0.47530707101341774,"113":0.6342311863782457,"114":2.0968622284518568,"115":0.49214613832861465,"116":0.7175999556118171,"117":1.6204171929598294,"118":1.1822321496414798,"119":2.4363409017626,"120":0.2845235501725732,"121":0.8535087971956112,"122":1.0678646500374092,"123":1.5672050335829546,"124":6.578654371547089,"125":0.655853451784291,"126":0.655853451784291,"127":1.1300033274720978,"128":1.2415929357382087,"129":0.3273155629525174,"130":0.655853451784291,"131":0.655853451784291,"132":0.1732621387266718,"133":0.12396120792395131,"134":0.16668119594601188,"135":0.09728424519947834,"136":0.04539866925744711,"137":0.043694572828098244,"138":0.15816252128695468,"139":0.06342041902670816,"140":0.09896235822344346,"141":0.2114786409884619,"142":0.021114609359575556,"143":0.15410902009552876,"144":0.07705112019382433,"145":0.07166379849731166,"146":0.07395733024228995,"147":0.09024624694985495,"148":0.018762060650628055,"149":0.05075539191102908,"150":0.07413427667222768,"151":0.028069484723141927,"152":-0.0015104504367197402,"153":0.05059820661299048,"154":0.07274478303033824,"155":0.03662648086622029,"156":0.08836410404845657,"157":0.14209145988775385,"158":0.27761666135923835,"159":0.06398647813398646,"160":-0.013581901434190607,"161":-0.006652117043753583,"162":0.08921831376703174,"163":0.0933624027186623,"164":0.2038872113527789,"165":0.32209933210657476,"166":0.06757454251274309,"167":0.19682234557438485,"168":0.5063980339057897,"169":0.35807967922044176,"170":0.24604774106209498,"171":0.23116720430691473,"172":0.11874383736436234,"173":0.25029826532663335,"174":0.3823016897363044,"175":0.3327734281016474,"176":0.07110878165809015,"177":0.33362215606375645,"178":0.14557061244998531,"179":0.15444056889358393,"180":0.08275070494770254,"181":0.10184145986615123,"182":0.1499359404288585,"183":0.07012851038752163,"184":0.15232494678563602,"185":0.20207771033797273,"186":0.1894360654556788,"187":0.1304527375877155,"188":0.24652006949438993,"189":0.1360636368925781,"190":0.145269737834916,"191":0.09470289486850562,"192":0.1715949639666474,"193":0.1692060948875571,"194":0.11922063605229268,"195":0.0539373614606638,"196":0.32152501030329117,"197":0.22071541909798756,"198":0.692988557814889,"199":0.4991251572093583,"200":0.334125213322477,"201":-0.004976850600456453,"202":-0.004976850600456453,"203":0.08529452732359391,"204":0.07432858683307032,"205":0.12618111391513587,"206":0.09435412928539447,"207":0.0592254004768016,"208":0.07690547798261053,"209":0.04276483207376833,"210":0.05936215576731624,"211":0.12962460992842134,"212":0.13456997236919982,"213":0.0642030261053047,"214":0.07236217267423455,"215":0.07891131020321332,"216":0.1093868893541342,"217":0.05993138992221673,"218":0.1307150481657366,"219":0.06794538785107498,"220":0.046468663877275544,"221":0.07487707642287626,"222":0.28609807620361116,"223":0.1740482492337612,"224":0.1903219079460216,"225":0.10511486932018506,"226":0.22290521202642888,"227":-0.00098896552803808,"228":0.04878392712554792,"229":0.07328213811408159,"230":0.15856324085646173,"231":0.0993025651208312,"232":0.09852466919453698,"233":0.06305400075561031,"234":0.15939131093326453,"235":0.19558449586266927,"236":0.23600965789280418,"237":0.1369063098170127,"238":0.08817018865598744,"239":0.04732534759654554,"240":0.04732534759654554,"241":0.7538934832001991,"242":0.5017179740248945,"243":2.551209640418458,"244":0.9858648920654485,"245":1.868965671374933,"246":-0.09562807058396705,"247":0.0015386712035486139,"248":1.053189292151627,"249":0.2386634844868735,"250":0.059002054237313334,"251":0.1951775547571411,"252":-0.06676401318581107,"253":0.14254069377673448,"254":-0.052571276180693086,"255":-0.056846608744497096,"256":-0.056846608744497096,"257":0.1513769670958512,"258":0.1513769670958512,"259":0.08925841282634556,"260":0.08925841282634556,"261":0.062124663491406086,"262":0.06926511362400783,"263":0.1101684132664669,"264":-0.039108297875143264,"265":0.1717430161519968,"266":-0.19555442380903004,"267":0.033924707765741725,"268":0.033924707765741725,"269":0.033924707765741725,"270":0.22174558566682412,"271":0.22174558566682412,"272":0.03418219107844813,"273":0.9496094348292234,"274":0.8238415191189197,"275":0.013105411176089758,"276":0.040950877703334325,"277":0.7724871004422331,"278":0.44381111877485785,"279":0.09281218298380547,"280":-0.0646961015249941,"281":0.02434861999609427,"282":0.12405070057207643,"283":0.9328590527119939,"284":0.46643682822956806,"285":0.06896551724137931,"286":-0.00943482005333926,"287":0.4943502824858757,"288":0.07307135065959824,"289":2.5541571580675586,"290":4.366463087513806,"291":3.4142968002498346,"292":2.45550672435971,"293":0.664501050364875,"294":0.7609152867518449,"295":-0.037221524318641286,"296":0.2634748001940864,"297":0.36593947923997183,"298":0.5167535593523231,"299":1.306905372341391,"300":0.6593026073849412,"301":0.6316727486722178,"302":0.957594704459236,"303":0.4892361508735002,"304":0.49667955014150456,"305":0.3886561694711799,"306":0.49667955014150456,"307":0.09613125387346322,"308":0.08222868725515428,"309":0.36230524060394176,"310":0.6606698981536954,"311":0.5021829774842014,"312":0.4255553490459686,"313":0.28781598840384925,