{"1":-1.118771174408988,"2":-3.1314282775571183,"3":-1.5080896659368501,"4":-0.9063584307978467,"5":-0.8535563702291658,"6":0.09641231560602725,"7":-0.24214632632485739,"8":-1.0899408552740386,"9":-1.0899408552740386,"10":-1.1888601728067825,"11":-1.1888601728067825,"12":-1.550466262669916,"13":-1.550466262669916,"14":-2.142480987127528,"15":-2.142480987127528,"16":-0.3445527649432317,"17":-0.3445527649432317,"18":-0.3445527649432317,"19":-0.08826269686404142,"20":-0.08826269686404142,"21":-0.08481819926905826,"22":-0.08481819926905826,"23":0.03181432320604061,"24":-1.0358622679486076,"25":-0.11362463294226374,"26":-0.43032221822056316,"27":-0.1270565429706364,"28":-0.10424556074054264,"29":-0.2419016015831359,"30":0.06658146077888166,"31":0.6527617960621959,"32":0.33533634403959994,"33":-0.0912250933836024,"34":-0.08463719487894683,"35":-1.8639139032174177,"36":-0.8133344640156107,"37":-0.7427012629443608,"38":-0.7373197045088341,"39":-0.7765050434934256,"40":-0.4182982635691015,"41":-0.6953317811686812,"42":-3.1494964919208743,"43":-0.6199305261758129,"44":-0.6829306817341,"45":-1.4966270065077159,"46":-1.220582122456826,"47":-1.4397898912279739,"48":-0.799952258946133,"49":-1.0188391191807937,"50":-1.0188391191807937,"51":-0.799952258946133,"52":-0.799952258946133,"53":-1.3391533829329987,"54":-1.3391533829329987,"55":-0.19124356803726783,"56":-0.15961314619183697,"57":-0.44336111524073063,"58":-0.05719998800710491,"59":0.1710601866378346,"60":0.039406774415076784,"61":0.06916605142604049,"62":-0.25697769397248393,"63":-0.5649475743317565,"64":0.10758758505702848,"65":-0.37858482462114923,"66":-0.07145625490325946,"67":0.1573802397348587,"68":-0.49710202265080783,"69":0.04786520304904651,"70":-0.3012233323910751,"71":-0.35918752833863987,"72":-0.18193458392522288,"73":-0.46958908723143267,"74":-0.5463826998011838,"75":-2.1591148193244014,"76":-0.7856539282824808,"77":-0.412756747516406,"78":-0.6504751664499911,"79":-0.4071095044608226,"80":-1.0167592497620253,"81":-0.4436604911922921,"82":-0.7269074273093212,"83":-2.1379793403427167,"84":-0.645158511267422,"85":0.2602912543578073,"86":-1.0222275830114849,"87":-1.0222275830114849,"88":-0.5528930763270213,"89":-0.5528930763270213,"90":0.008956762470081259,"91":-0.29278748892607753,"92":-0.3166140615708899,"93":-0.3527269054295732,"94":-0.5317198220739212,"95":-0.6295823706876305,"96":-0.2643718053006229,"97":-0.24762791390145567,"98":-0.50398407678748,"99":0.5034069464097815,"100":0.47286825948338174,"101":-0.1868577587932836,"102":-0.16788412514215878,"103":-0.03144769558017857,"104":-0.06848937278973155,"105":0.24313761667872102,"106":-0.2184821280480902,"107":-0.18532720542270453,"108":-0.5798100704155863,"109":-0.03768959404205163,"110":-0.31842300672694424,"111":-0.5701197264271074,"112":-0.31009785381169275,"113":-0.14539227919137443,"114":0.007266584750038718,"115":-0.4467502577021565,"116":-0.21906246311111355,"117":-0.39426071354318726,"118":-0.6484860023386034,"119":-0.14947609259587402,"120":-0.3431156200033245,"121":-0.07118859942805189,"122":-0.1759457160306408,"123":-0.08663843558827322,"124":-0.38233020021802533,"125":-0.08589359340025049,"126":-0.08589359340025049,"127":-0.08196947118097664,"128":-0.2668808804709897,"129":-0.13091329201489688,"130":-0.08589359340025049,"131":-0.08589359340025049,"132":-0.19005504508453375,"133":-0.49118787421975174,"134":-0.5833491695746322,"135":-0.4655136464582508,"136":-0.06438242158095697,"137":-1.1840207266317604,"138":-0.6033956066410082,"139":0.4701048308558271,"140":-0.006606768042235478,"141":-0.23048869105224146,"142":-0.7601523662604046,"143":-0.6814221843836028,"144":-0.6107394963977679,"145":-0.6198542108465153,"146":-0.15029842646008407,"147":-0.04468571292124368,"148":-0.29846141642970164,"149":-0.16369198374974514,"150":0.39310473572324667,"151":-0.3150513319060345,"152":-0.11475878968167064,"153":-0.4628180733474318,"154":-0.5743773813212351,"155":-0.7672023476072108,"156":-0.8012814614570347,"157":-0.32674366105678154,"158":-0.6440997499837201,"159":0.13450260911933576,"160":-2.151029565275752,"161":-0.06566699412043886,"162":-0.7107989324908771,"163":-0.4092183352227551,"164":-0.19658285066593395,"165":-0.21344257568380842,"166":-0.7059881377481441,"167":-0.5731322084074361,"168":0.18303440590522624,"169":-0.07230613612270553,"170":-0.3185736834303933,"171":-0.13492351822568183,"172":0.22469644493069119,"173":-0.7752750628876593,"174":-0.44136877859630963,"175":-0.946886081225865,"176":-0.4160404252153962,"177":-0.512758033116206,"178":-0.7527897116100104,"179":-1.3671914744615545,"180":-0.25373408726419083,"181":-0.16885304433708298,"182":-0.1935537928334124,"183":-0.23304891802742772,"184":-0.3081148424192767,"185":-0.5528224593774274,"186":-0.29581040694578353,"187":-0.25862334491239003,"188":-0.518153292170047,"189":-0.32980964301095217,"190":-0.20677281988961538,"191":-0.732686911055429,"192":-1.7351792309087788,"193":-0.4456101659116183,"194":-1.2104979509724818,"195":-0.8436928126378653,"196":-0.6149774884877717,"197":-1.7960526493956535,"198":-1.2617539707386545,"199":-0.06728749634345244,"200":-0.09242920294087553,"201":-0.0393421236902014,"202":-0.0393421236902014,"203":-0.36096717419253793,"204":-0.3457698454939366,"205":-0.2307341176040516,"206":-0.4447391488323912,"207":-0.5724062636633808,"208":-0.3377898908323003,"209":-0.4246048102994236,"210":-0.6524829374664899,"211":-0.1909841200837652,"212":-0.45952954635465304,"213":-0.3928512020367996,"214":-0.46517867399758095,"215":-0.5942773626944555,"216":-0.3127394070714103,"217":-0.3801171837331138,"218":-0.40108923218052844,"219":-0.4981575442022229,"220":-0.44470795035501487,"221":-0.5048031286795485,"222":-0.9680755611805669,"223":-0.23815274112213725,"224":-1.0789198883504612,"225":-1.5727297752785447,"226":-0.3312404377297168,"227":-0.5096174963698966,"228":-0.5942733806262551,"229":-0.8082049478311254,"230":-0.260458139453824,"231":-0.371016921628854,"232":-0.07991251008696165,"233":-0.7982887986567159,"234":-0.4350935392265997,"235":-0.7588064202751315,"236":-0.5075520124484566,"237":-0.9027741101461242,"238":-3.6918715533209046,"239":-0.8160133733404955,"240":-0.8160133733404955,"241":-0.17416683348770656,"242":-0.07696710183769256,"243":-0.03900564692739106,"244":0.07691051619340761,"245":-0.34716272252284774,"246":-0.49160948764212825,"247":-0.2244589849854853,"248":-0.36814002754995057,"249":-0.06239063842169945,"250":-0.5040189509066758,"251":-0.9421263065616459,"252":0.41204534250392194,"253":-0.43179595462091785,"254":0.06443032649141334,"255":-0.16961278244637612,"256":-0.16961278244637612,"257":-0.09836300214662974,"258":-0.09836300214662974,"259":0.007664680069398078,"260":0.007664680069398078,"261":0.2202863014924863,"262":0.6899089637379716,"263":0.7475551546811694,"264":-0.49450743337276015,"265":0.8278652835152027,"266":-0.03155911726751781,"267":-0.18102149230154452,"268":-0.18102149230154452,"269":-0.18102149230154452,"270":-0.39310770940697104,"271":-0.39310770940697104,"272":-2.2848483603274907,"273":0.2178451667531529,"274":-1.7184771717251162,"275":-0.18575766518802794,"276":-2.5237482319198614,"277":-2.5732182552434573,"278":-0.8266771471734717,"279":-1.1188937311860285,"280":-0.9343375150154394,"281":-0.09505998693614853,"282":-0.20363455294260957,"283":-0.25660922580151646,"284":-0.27456162112699756,"285":-0.14193935038808636,"286":-0.43572293087827046,"287":-1.0505078610531304,"288":0.06509673557576201,"289":0.20067834404031148,"290":0.19078489349081862,"291":-0.41483921664508294,"292":-1.2179822420433934,"293":-1.2247892388258341,"294":-0.8678778424976715,"295":-0.5886640287684098,"296":-0.05748331017864877,"297":-0.19955736941753244,"298":-0.7433359378828628,"299":-0.3654032358999493,"300":-0.8123263930020589,"301":0.7397219253119119,"302":-1.1538909673896727,"303":-0.029805134137818268,"304":-0.3696567832248867,"305":-0.2014546806382207,"306":-0.3696567832248867,"307":-0.7100428410185219,"308":-1.0187945759860397,