{"1":0.09760691714094655,"2":0.1849921724399815,"3":-0.016466350446735223,"4":0.2786575227059766,"5":0.23775902289486703,"6":0.1909498748764591,"7":0.252354997144578,"8":0.3159713737720993,"9":0.3159713737720993,"10":0.528008494269014,"11":0.528008494269014,"12":0.21330034962045336,"13":0.21330034962045336,"14":0.24753385642007597,"15":0.24753385642007597,"16":-0.010490546228040548,"17":-0.010490546228040548,"18":-0.010490546228040548,"19":0.12670737281245223,"20":0.12670737281245223,"21":0.29501505293600494,"22":0.29501505293600494,"23":0.013804402982950825,"24":0.20020606469097485,"25":0.07383687852675276,"26":-0.030517788892658396,"27":0.025034011165848247,"28":0.10950558816666456,"29":0.06707671532593673,"30":-0.059438166955537663,"31":0.0069244518795562315,"32":-0.0037767324628406873,"33":0.04521472876824355,"34":-0.08337340656806942,"35":-0.08252685652091207,"36":0.003645808877466683,"37":0.12274360876259771,"38":0.13511016278637195,"39":0.2017753034543957,"40":0.025051902909945745,"41":0.0708161259004223,"42":-0.019719055260241924,"43":0.10101844506512558,"44":0.1922044621505302,"45":0.08243781537905454,"46":0.20260317100683867,"47":0.10216206396102773,"48":0.19344217871500907,"49":0.05334986931612756,"50":0.05334986931612756,"51":0.19344217871500907,"52":0.19344217871500907,"53":0.17749706279732724,"54":0.17749706279732724,"55":-0.07491038438490644,"56":0.04028757174390393,"57":0.020357799617812478,"58":0.14070099887826407,"59":0.08675970384299239,"60":-0.12827222172699548,"61":0.11224846806517796,"62":0.02629349413342774,"63":0.06355852364796336,"64":-0.007502598966010965,"65":-0.026891487157080007,"66":0.2041970751303302,"67":-0.0005940390447919386,"68":0.08975694362642794,"69":-0.004970419447827612,"70":-0.047329423343737353,"71":-0.02179679746116142,"72":-0.010194139160659643,"73":0.21909217452819446,"74":0.09259223856860294,"75":-0.05305755851106286,"76":0.10611991900036521,"77":0.04861838654950712,"78":0.001307384304336523,"79":0.0764849159854672,"80":0.05666750827441469,"81":-0.06230211176367395,"82":-0.02781750014069373,"83":0.10244268939300205,"84":0.15970152812043764,"85":0.01739076490121061,"86":-0.004161880205867385,"87":-0.004161880205867385,"88":-0.036239845649097546,"89":-0.036239845649097546,"90":-0.044784455681395274,"91":-0.05817081042301092,"92":-0.08949564248433828,"93":-0.013577363344330351,"94":-0.24514020051848126,"95":-0.034207376856970506,"96":-0.22209636589660964,"97":-0.09396726696241026,"98":0.08915307063227529,"99":-0.09488932542782064,"100":-0.024606205770897893,"101":-0.006166611767592645,"102":0.04443047969993519,"103":-0.05754818478171597,"104":-0.056157048613311944,"105":0.00910336383025312,"106":0.06886955044841603,"107":-0.02951112765281949,"108":-0.0009266373991669852,"109":0.05474361612853515,"110":-0.06596961911096821,"111":-0.0040982561359059755,"112":0.042981843422576715,"113":0.013293944049140027,"114":-0.004772758850202757,"115":0.16727008584818076,"116":0.15989463400324372,"117":-0.00023921652188724218,"118":0.021769010415881473,"119":0.05260196679314355,"120":0.06572302516334078,"121":0.011990974528477638,"122":0.03735033238160712,"123":-0.00664263285792821,"124":0.06894832544032714,"125":0.015162025412168822,"126":0.015162025412168822,"127":-0.1529523792946358,"128":-0.04133341574539967,"129":-0.026021096436019353,"130":0.015162025412168822,"131":0.015162025412168822,"132":0.1312767131391146,"133":0.07932667155053896,"134":0.13086111018382995,"135":0.205465973570029,"136":0.07397875523283087,"137":0.29721862527260084,"138":0.18147192812246415,"139":0.33711843030038746,"140":0.006973192710294951,"141":0.1327812830400441,"142":0.17894284882920242,"143":-0.008065898729262333,"144":-0.15240747276139122,"145":0.3456228054300329,"146":0.045352877198733155,"147":0.141655066472944,"148":0.00136000369647582,"149":-0.07909734014656056,"150":-0.044879623856066475,"151":-0.2698265205367206,"152":0.06628321164266127,"153":0.05903912606106693,"154":0.036030127429278025,"155":0.05580499806611561,"156":0.06854034591261171,"157":0.02812043785199647,"158":0.11380347585481049,"159":-0.03827244940692576,"160":0.06996838165775365,"161":-0.1020845713427273,"162":-0.055947845710173194,"163":0.07515866540788502,"164":0.09973710020148374,"165":-0.02232682647084694,"166":0.03189677582478401,"167":0.11958641781115817,"168":0.03462503368531933,"169":0.13612504176338328,"170":-0.015485886084835143,"171":-0.05491420987247875,"172":0.03238816460437588,"173":0.32497975150135155,"174":0.07306663916520484,"175":0.2458620041447086,"176":0.07507423307603628,"177":0.18736823799553848,"178":0.2140966655071156,"179":0.06292418327174032,"180":0.026492819373248155,"181":0.19337355756080876,"182":0.10412220514041437,"183":0.15101313335257277,"184":0.1906728143278441,"185":0.11726054815964132,"186":0.18783547867665568,"187":0.04557139959644779,"188":0.20225636331018182,"189":0.2851144685709563,"190":0.1573900188759817,"191":0.2229422024958691,"192":0.24212845471057043,"193":0.015715301273397264,"194":0.07210959927659244,"195":-0.04353867249876797,"196":0.21843184424826978,"197":0.17209258838394415,"198":0.1959476296841025,"199":0.15416786349379796,"200":-0.012454651055676391,"201":-0.03265480156878542,"202":-0.03265480156878542,"203":0.006855622000754402,"204":0.02632671350241983,"205":0.030257698399608873,"206":0.08742251126857686,"207":0.008042958430083846,"208":0.05053013140292087,"209":0.02782427207317742,"210":0.07996281639465622,"211":0.014584933764249797,"212":-0.026919667331367275,"213":0.005763075208717078,"214":0.06691850289916579,"215":-0.0208590963684121,"216":0.1276279946979194,"217":0.16238929450307116,"218":0.25274796840331637,"219":0.1721278211752707,"220":-0.030664253871179714,"221":0.012369656531902917,"222":0.07878573028999636,"223":0.10099895632241385,"224":0.09486755434731359,"225":0.07859946665612189,"226":-0.027085877052782203,"227":0.06465303227450825,"228":0.031163583427558372,"229":0.05188322061098155,"230":0.08061132861772546,"231":0.1257710148645908,"232":0.025469970859524516,"233":0.2068523965682636,"234":0.0667127542547038,"235":0.10691838319019581,"236":0.15291698480313543,"237":0.022592326615740843,"238":-0.1327664859309443,"239":-0.04968796663672226,"240":-0.04968796663672226,"241":0.10772939705950853,"242":0.056954893238245305,"243":0.00922404151161535,"244":-0.048645068930894875,"245":-0.07406305832498544,"246":0.06227974563328055,"247":0.044505885380355964,"248":0.41792111227078793,"249":0.01695649974864534,"250":0.06071582324089658,"251":0.09814017725080026,"252":-0.010397540627665194,"253":-0.0017196035428305168,"254":-0.020138905781657848,"255":0.06239676826716463,"256":0.06239676826716463,"257":-0.027688182417728968,"258":-0.027688182417728968,"259":0.050640337965431714,"260":0.050640337965431714,"261":-0.005441808193386494,"262":0.03350769355986327,"263":0.0363719627023556,"264":0.08547286727996717,"265":-0.198220573239689,"266":-0.011981809599828863,"267":0.06375406579043344,"268":0.06375406579043344,"269":0.06375406579043344,"270":0.31757724079776517,"271":0.31757724079776517,"272":0.002093342201192172,"273":0.039546525232366694,"274":-0.13634308929323452,"275":-0.04776739256531948,"276":0.07357195142139283,"277":0.19743494460504674,"278":0.1506349435957942,"279":-0.03375202500461261,"280":0.021100881182149075,"281":0.005276872783105208,"282":-0.14994246076295226,"283":-0.27313374170396143,"284":-0.04356394293825008,"285":-0.061673283681944635,"286":-0.14581726073106527,"287":0.0763925548311329,"288":0.42478469848893374,"289":0.0700936406749596,"290":0.04353001561412845,"291":-0.16950712833774606,"292":-0.06270427972058068,"293":0.15872663704833562,"294":-0.1338126354091061,"295":0.19076219754949852,"296":-0.03331439812392689,"297":-0.04022964521735581,"298":-0.1783300386573289,"299":0.12363491105579397,"300":0.04378520438080441,"301":0.025906146861712442,"302":0.10658977715108764,"303":0.2172793559526901,"304":0.04519155141372616,"305":0.31087769927028963,"306":0.04519155141372616,