{"1":0.06931175757746433,"2":0.1352480074377797,"3":-0.09918947175558152,"4":0.5530761029718425,"5":0.009028203924337619,"6":0.06866996162634592,"7":0.09521373825231899,"8":0.1299445679783185,"9":0.1299445679783185,"10":0.20292927877856415,"11":0.20292927877856415,"12":0.18385503150976212,"13":0.18385503150976212,"14":-0.16101212116121266,"15":-0.16101212116121266,"16":0.07036359942620313,"17":0.07036359942620313,"18":0.07036359942620313,"19":0.026922731495638452,"20":0.026922731495638452,"21":0.07730157901000581,"22":0.07730157901000581,"23":0.043476714492210466,"24":-0.014695593774688043,"25":0,"26":-0.11270718495200581,"27":-0.10560247176992249,"28":0.03730122882900899,"29":-0.2073300948947235,"30":-0.02254376141922554,"31":0.057635505698988315,"32":0.0366648923011941,"33":-0.06014056770012817,"34":-0.076810291069421,"35":-0.13027334451080802,"36":-0.025409680016282077,"37":0.005209914687919703,"38":-0.09065744034378476,"39":0.07296875317425408,"40":0.058514037668031066,"41":0.0024445699673706356,"42":-0.05952947312742696,"43":-0.027127264556836894,"44":0.02256491926397952,"45":-0.009016088516186863,"46":0.03400430802791596,"47":-0.052037128905543906,"48":0.042308323768827205,"49":0.017329589329936557,"50":0.017329589329936557,"51":0.042308323768827205,"52":0.042308323768827205,"53":0.03773538465100759,"54":0.03773538465100759,"55":-0.07094240647778909,"56":-0.043261283119952476,"57":-0.19354907144696187,"58":-0.03942385347313804,"59":0.034343868004180184,"60":-0.05606375473761027,"61":-0.22081450328319613,"62":-0.2538291421282019,"63":-0.07149962789700676,"64":-0.13440311216352444,"65":0.012929224588086125,"66":-0.0007791468831436499,"67":-0.1009581117286723,"68":-0.06153954022015018,"69":-0.04782880365442235,"70":-0.11277245699609686,"71":-0.003636192044666531,"72":-0.02589895206403095,"73":0.005198806290437008,"74":0.058474126375804625,"75":-0.08990069391518307,"76":-0.15197188038743353,"77":-0.022238481417217404,"78":-0.05948099976873619,"79":0.00011091601130355788,"80":-0.036748522812020096,"81":-0.04618870964779456,"82":-0.08481170180247027,"83":-0.15530256430805162,"84":0.03153530570224283,"85":-0.1630413545515656,"86":-0.0825655006278316,"87":-0.0825655006278316,"88":-0.016144305880483156,"89":-0.016144305880483156,"90":-0.039149314944135455,"91":-0.04733526076163144,"92":-0.04683324423215035,"93":-0.025255522061928784,"94":-0.08421052631578947,"95":0.05731923705449091,"96":-0.07193714074095053,"97":-0.03727879381430574,"98":-0.03686729200026616,"99":-0.021395667506803107,"100":0.016304048511557034,"101":0.009620982478574569,"102":0.02260200522003253,"103":-0.03637229249530857,"104":0.04839602229462606,"105":0.052940012430619576,"106":0.13349265723804093,"107":0.05914477562022702,"108":0.001476505538891948,"109":0.07341006789195537,"110":-0.00695971155433267,"111":0.11685771298316372,"112":-0.03821065677228053,"113":0.00146023312718091,"114":0.012643383092788868,"115":0.11141042619659006,"116":0.0315217568931109,"117":-0.002042615421141425,"118":-0.02873094524903247,"119":0.0020482594387644104,"120":-0.029385437492397914,"121":-0.006411131255958574,"122":0.055614541304898735,"123":0.04001033876160082,"124":0.11746640151737994,"125":0.02988523750452987,"126":0.02988523750452987,"127":-0.012494353770391153,"128":-0.020979748580305185,"129":0.034663526832752395,"130":0.02988523750452987,"131":0.02988523750452987,"132":0.04855276100956524,"133":-0.08283982880189017,"134":0.10319597048700913,"135":0.15187803199156352,"136":0.1053382516732429,"137":0.08440773010291064,"138":0.017811164087458642,"139":0.1129527577212397,"140":0.031370745725472826,"141":-0.02535333813410462,"142":-0.015444039520122355,"143":0.06026578243450942,"144":-0.05959599252623582,"145":0.051142507002389426,"146":-0.05137975633313974,"147":0.11111855041778818,"148":-0.04210527186878055,"149":0.03175673606970364,"150":0.25185589575226786,"151":-0.021565334279311676,"152":0.0356411415103188,"153":-0.003399617823237694,"154":0.08791004013596956,"155":0.04269108430035132,"156":0.04839253302863411,"157":0.22338004821589952,"158":0.1401083670712514,"159":0.10888497521105353,"160":-0.11227193851915451,"161":0.10720078143173417,"162":-0.013721002119174874,"163":0.039780285428872075,"164":0.05171193302767735,"165":0.04038913185303539,"166":0.1401768509616979,"167":0.016288784375437043,"168":0.27412154067490424,"169":0.04959284069787778,"170":0.12309097404536518,"171":-0.033126050085734216,"172":0.12489481249393797,"173":0.297649453591486,"174":0.26115551464727155,"175":0.1742907900264261,"176":0.09507016229281523,"177":0.24713218711836477,"178":0.19994902349148752,"179":0.2010895067234717,"180":0.08988948796345142,"181":0.14726017335252028,"182":0.1625307787364405,"183":0.18274399161534638,"184":0.21238417235831594,"185":0.1301703923685123,"186":0.3392793720282948,"187":0.1876482972224775,"188":0.29775446311348314,"189":0.3607336216353563,"190":0.14797362775189615,"191":0.22908045462101578,"192":0.47064014095619033,"193":0.09705752448267091,"194":0.1390329942312668,"195":0.08414218357814562,"196":0.5666517479811192,"197":0.3319095262865013,"198":0.4917178010776402,"199":0.4608769568156005,"200":0.24043498310725123,"201":-0.00864443495634501,"202":-0.00864443495634501,"203":0.08140708788730511,"204":0.10403017062654762,"205":0.17709869242353826,"206":0.09575039561620993,"207":0.07746826891283232,"208":0.12446204884187297,"209":0.10429623974144005,"210":0.032970469636995015,"211":0.10973353755993207,"212":0.057340346748839865,"213":0.09376686970392344,"214":0.17134548467469835,"215":0.06944394319877922,"216":0.18096444630117237,"217":0.24170096127190424,"218":0.2727131551269669,"219":0.16435600069742423,"220":0.04879443487779328,"221":0.15299759934946042,"222":0.35063667860494757,"223":0.2758070431115554,"224":0.2853990034756474,"225":0.2039434179550696,"226":0.2396089136229515,"227":0.2962263033214577,"228":0.11785440796294155,"229":0.01827413019371238,"230":0.1068810345004009,"231":0.10934583273217069,"232":0.12344499380368507,"233":0.23178401120132328,"234":0.10929194805392617,"235":0.1505795652500027,"236":0.20534282248727714,"237":0.15461297102165852,"238":0.15504768818281667,"239":0.053051579282513306,"240":0.053051579282513306,"241":-0.08091502112840254,"242":0.07334637380238929,"243":-0.004269396974673378,"244":0.10322923184690547,"245":-0.43426766679826295,"246":-0.12313017062679356,"247":-0.00821838794555764,"248":-0.14869268487247844,"249":-0.04391743522178305,"250":-0.11185563468332246,"251":-0.04885909860017229,"252":-0.005959566799636079,"253":-0.05960828700057809,"254":0.14372168473399743,"255":0.01567749765513289,"256":0.01567749765513289,"257":0.2416593463176544,"258":0.2416593463176544,"259":0.07681872843370785,"260":0.07681872843370785,"261":0.3133992933775347,"262":0.24092243299919042,"263":0.21352898039426443,"264":-0.09496521949581932,"265":0.17733418543908014,"266":0.3550736939879834,"267":0.09832068337137165,"268":0.09832068337137165,"269":0.09832068337137165,"270":0.28223071047415227,"271":0.28223071047415227,"272":-0.33598284541938916,"273":-0.27393911663003223,"274":-0.5810804715303549,"275":-0.22297661083084863,"276":-0.08290038471260203,"277":-0.06865849876295971,"278":-0.2934793928775535,"279":-0.6205738890425483,"280":-0.19505882133079178,"281":-0.3093995965986752,"282":-0.1999319246982431,"283":-0.3310244902856114,"284":-0.1994526264044702,"285":-0.3887475983858817,"286":-0.34904127095845117,"287":-0.11983054332535877,"288":0.08593661846962297,"289":-0.0014405019915124107,"290":0.08048353256395557,"291":0.0012856792804777362,"292":0.04366242599699971,"293":0.10051556592950764,"294":0.06693288023621925,"295":0.18289071667842682,"296":0.05447796710745832,"297":0.009501755801929246,"298":-0.052537365764133995,"299":0.26528052343737113,"300":0.0014917159579547201,"301":0.12708428301598507,"302":0.05140676094705959,"303":0.0689595235544905,"304":0.058041484082237416,"305":0.07353001547944413,"306":0.058041484082237416,"307":0.11443281260455862,