{"1":0.016203516163007373,"2":0.014778845138815581,"3":0.08218126965170175,"4":0.02120665889089174,"5":0,"6":0.0088386070355312,"7":-0.032132984541758995,"8":0.0007920840273568505,"9":0.0007920840273568505,"10":-0.004699649443422674,"11":-0.004699649443422674,"12":0.00004157018734088792,"13":0.00004157018734088792,"14":0.006221457486659412,"15":0.006221457486659412,"16":0.0068930250897515245,"17":0.0068930250897515245,"18":0.0068930250897515245,"19":-0.010004255349808585,"20":-0.010004255349808585,"21":-0.013802782215368424,"22":-0.013802782215368424,"23":0.0034782195816418036,"24":0.04263158836268435,"25":-0.40414518224224394,"26":0.010078901256673906,"27":0.03659557076387608,"28":0.043341610594956295,"29":0.06646395161424322,"30":0.015578793942676777,"31":0.046905743607968606,"32":0.009527212099559366,"33":-0.03054102920303885,"34":-0.018458074234120297,"35":0.05719123122655115,"36":0.06394510194172766,"37":0.028853912829273937,"38":0.054984414725233716,"39":0.021488432620108057,"40":0.004634977400692679,"41":0.028942350848744573,"42":0.03328293979059351,"43":0.03717952649430617,"44":0.02764837299226755,"45":0.06820316241541532,"46":0.026537767339419933,"47":0.02926846816838232,"48":0.05431334772920946,"49":0.06349574892047136,"50":0.06349574892047136,"51":0.05431334772920946,"52":0.05431334772920946,"53":0.048108986265095466,"54":0.048108986265095466,"55":-0.018144085017529482,"56":0.014057283429977157,"57":-0.007851295107979103,"58":0.026211338276042835,"59":0.027090126194683126,"60":0.03253252892246898,"61":0.016369313294962804,"62":0.015349194167306216,"63":-0.001809777461108655,"64":0.0026566906680450956,"65":0.059665871121718374,"66":0.03930115866760739,"67":0.011114372365201727,"68":0.046324077835922205,"69":0.03195441968235738,"70":-0.009377467095746092,"71":0.01904355881902757,"72":0.04633221564276082,"73":0.02767097010926016,"74":0.03971480061858852,"75":0.03689847267902866,"76":0.0503701482978417,"77":0.008632992494716357,"78":0.007107916523877739,"79":0.010303686139837124,"80":-0.03365812043374368,"81":-0.015211096946128377,"82":0.042691705309474276,"83":-0.02784732366800041,"84":0.030748492121768008,"85":0.03546757947871362,"86":0.03735657139223948,"87":0.03735657139223948,"88":0.04024630714807415,"89":0.04024630714807415,"90":0.045494776868427275,"91":0.027611650647767924,"92":-0.011161724657072221,"93":-0.010845491592682,"94":0.1260345370151837,"95":0.019094383299006375,"96":0.031876025534785295,"97":0.0072809840648503515,"98":-0.016457141622326643,"99":0.08315013070417976,"100":0.05732140125209638,"101":0.04879034334548696,"102":0.021149700127040556,"103":0.021809351869476013,"104":0.05946212257432373,"105":0.013196435239928875,"106":0.06912998616865787,"107":0.015846921417467755,"108":0.1059097521960311,"109":0.0670810409452837,"110":0.05186994650147354,"111":0.05238175132852337,"112":0.024725796240444534,"113":0.03156922260544949,"114":0.042814011892309004,"115":0.02110349916566444,"116":0.041041706015642346,"117":0.14870613138605668,"118":0.10221737519698987,"119":0.1337020011816311,"120":0.01804927574513511,"121":-0.004316914814678691,"122":0.063255136688982,"123":0.059121933616474026,"124":0.04567859512419923,"125":0.036555698283970164,"126":0.036555698283970164,"127":0.12530421451714183,"128":0.06208940773955003,"129":0.0762919943308111,"130":0.036555698283970164,"131":0.036555698283970164,"132":0.034998722698421025,"133":0.054635419384900685,"134":0.02926231989051655,"135":0.019800135259740757,"136":0.010509118542210124,"137":0.01843073829574292,"138":0.050271791420866095,"139":0.024333831364040454,"140":0.03836296005935652,"141":0.05873566996675322,"142":-0.0005583894745721761,"143":0.040427624293376485,"144":0.015252727909476061,"145":0.01860597324749652,"146":0.01389947571725808,"147":0.03665580871078464,"148":0.005292023271071738,"149":0.009578178108282764,"150":0.02375988940288043,"151":0.008722623198821191,"152":-0.008897517747495401,"153":0.01059105208672215,"154":0.012708390276632184,"155":0.009620020069134561,"156":0.02191135573148105,"157":0.029650367980349215,"158":0.0344883809219187,"159":0.017948735994507706,"160":-0.012900510567647211,"161":-0.004953479905127036,"162":0.027786219771632006,"163":0.02620100968828017,"164":0.04425261157512781,"165":0.05730496614142804,"166":0.05101086171571252,"167":0.0838075521825847,"168":0.08330381515373356,"169":0.1655565048381329,"170":0.016603919312084825,"171":0.10711406361164147,"172":0.02254720227803973,"173":0.02932855932021452,"174":0.08937932648703503,"175":0.05856403551422716,"176":0.022249095651818686,"177":0.04733734134064141,"178":0.012757691690294216,"179":0.012237134773367629,"180":0.0188366612217494,"181":0.024756458341069727,"182":0.019004711644994725,"183":0.015061536988632523,"184":0.020903833932045195,"185":0.022432109845867874,"186":0.025785699672958653,"187":0.011388138842317368,"188":0.04915771683077306,"189":0.024003782591899194,"190":0.015581194670999922,"191":0.006798289269559899,"192":0.016557290861332567,"193":0.023046965306088872,"194":0.013640439076816965,"195":0.00663051157506998,"196":0.04831381568107393,"197":0.032801753447535206,"198":0.06802620249438636,"199":0.07679637181995275,"200":0.07856792835242696,"201":0.003916947074122242,"202":0.003916947074122242,"203":0.020179001791315286,"204":0.021717059861419478,"205":0.04657161281077595,"206":0.02261046032723075,"207":0.020091246421129656,"208":0.02106216135064051,"209":0.008276339997958963,"210":0.024378277161118077,"211":0.037853612767122326,"212":0.03458991987882314,"213":0.01896348738533016,"214":0.027852936495304792,"215":0.024592705988495223,"216":0.024644984054207585,"217":0.01099015250354777,"218":0.015202539054083678,"219":0.009576482623149682,"220":0.008239335022457436,"221":0.017772503804349957,"222":0.06632029804134143,"223":0.047841674759166584,"224":0.03419029313033671,"225":0.017736111990878572,"226":0.05362859463969459,"227":-0.016714587101433948,"228":0.018544259141690486,"229":0.023350481748900725,"230":0.047748539960424385,"231":0.020519190444503788,"232":0.029641887249701616,"233":0.010923253666885197,"234":0.016590493981072936,"235":0.051265186801148485,"236":0.05300111017491933,"237":0.039132657653594825,"238":0.03471228233773954,"239":0.013661452035264029,"240":0.013661452035264029,"241":0.07500609524336788,"242":-0.03746253120415853,"243":0.23987234563984877,"244":0.26259671766779513,"245":0.8577594955625294,"246":-0.13844362966329066,"247":-0.01643677589111528,"248":0.13780027591870064,"249":0.14030164854437038,"250":0.030843535998175173,"251":0.05204198783534711,"252":-0.04445071383581775,"253":0.04830038234674075,"254":-0.05618517969445593,"255":-0.029724175151887022,"256":-0.029724175151887022,"257":0.041699640695733314,"258":0.041699640695733314,"259":0.08844008246965515,"260":0.08844008246965515,"261":0.03900764549851771,"262":0.012073156943847738,"263":0.016039637946607357,"264":-0.04411776186870067,"265":0.06391232382598845,"266":-0.17697373354530932,"267":0.014923818760544987,"268":0.014923818760544987,"269":0.014923818760544987,"270":0.1413168680258853,"271":0.1413168680258853,"272":0.008898380494749955,"273":0.3021148036253776,"274":0.04167736139402402,"275":-0.002832057855894512,"276":-0.016156275715499897,"277":0.06372447635829268,"278":0.12165550981331764,"279":-0.07933866915594892,"280":-0.0787243386688345,"281":-0.007676917842933742,"282":0.07593014426727411,"283":0.338938374331628,"284":0.15224265136432838,"285":0.042435815828559306,"286":-0.012857140652179612,"287":0.22304832713754646,"288":-0.0013768664936516378,"289":0.2668601496280594,"290":0.19223191140553514,"291":0.5115391795088957,"292":0.36042457319129007,"293":0.21711716211257645,"294":0.12930842369062046,"295":-0.04227013012974798,"296":0.07181367511654879,"297":0.16465422612513722,"298":0.13835268008363602,"299":0.43782448561326986,"300":0.2410769065522243,"301":0.18961264258488922,"302":0.279923759232465,"303":0.12246508015940558,"304":0.1576735702616838,"305":0.10130123837135797,