{"1":-1.5488140786593738,"2":-2.092549841946415,"3":-1.5743026276655983,"4":-0.001968410941215387,"5":-0.08082460035569172,"6":-0.055221813867776526,"7":-0.2337803217677177,"8":-0.30088627029320586,"9":-0.30088627029320586,"10":-1.1195883882438278,"11":-1.1195883882438278,"12":-1.2129062788267249,"13":-1.2129062788267249,"14":-1.6765821036375295,"15":-1.6765821036375295,"16":-0.27051609611470656,"17":-0.27051609611470656,"18":-0.27051609611470656,"19":0.015127723901358248,"20":0.015127723901358248,"21":-0.385335524628061,"22":-0.385335524628061,"23":0.2529948377796689,"24":-0.4815811794409047,"25":0,"26":-0.13350934992321126,"27":-0.06681035900067703,"28":0.05095317287233159,"29":-0.27119390243240893,"30":0.11310290543516148,"31":0.11902359985527927,"32":0.362738611784627,"33":-0.017049632265823268,"34":-0.47124628807071023,"35":-0.7669013194224886,"36":-0.29660779026586687,"37":-0.5842466149684258,"38":-0.4049454742124061,"39":-0.016363656899864243,"40":-0.43293202382422913,"41":-0.5730019864806162,"42":-1.2805456365287358,"43":-0.5201073679220188,"44":0.016436914584510937,"45":-0.9314482263595377,"46":-1.0077341504503592,"47":-0.8186795671060878,"48":-0.19024156085005445,"49":-0.6535168958091656,"50":-0.6535168958091656,"51":-0.19024156085005445,"52":-0.19024156085005445,"53":-0.8215748916053236,"54":-0.8215748916053236,"55":-0.13936051092903443,"56":-0.26474874952882654,"57":-0.13857855272101105,"58":-0.02907153225016529,"59":0.10668314966361439,"60":-0.0476465011470506,"61":0.10123300893661097,"62":-0.1453168883910445,"63":-0.11528520299902084,"64":0.05272183704175515,"65":-0.05556535995355272,"66":-0.024810479321242418,"67":-0.06134051436556043,"68":-0.5434634166613834,"69":-0.47451192066309267,"70":-0.17824444482711974,"71":-0.5565827371521286,"72":-0.25752522441478487,"73":-0.14386702980144767,"74":-0.20971286530577576,"75":-1.786580463202823,"76":-0.1054690162628591,"77":-0.21374692083360547,"78":-0.5654666337387795,"79":-0.5440957141494442,"80":-0.44447651281151257,"81":-0.23209260659116526,"82":-0.18489296437688746,"83":-0.5859284845842379,"84":-0.12002066734338224,"85":0.26888270178215334,"86":-0.4765831215613148,"87":-0.4765831215613148,"88":-0.3859487451988424,"89":-0.3859487451988424,"90":-0.11844705709047954,"91":-0.4496201367785592,"92":-0.3541658727915441,"93":-0.14593039434540292,"94":0.0011619676694115677,"95":-0.2376149300877251,"96":-0.30045751412614374,"97":-0.2174737982217534,"98":-0.08940297661389007,"99":-0.29357320616469246,"100":0.18231684060519554,"101":-0.30354370196839775,"102":-0.15717646056167675,"103":-0.09615987809891963,"104":0.023422236724742085,"105":0.13504148465517624,"106":0.08074421298099332,"107":-0.15171311563232892,"108":0.041203190558552594,"109":0.06726354308414967,"110":-0.4132495815564724,"111":-0.14262735864799497,"112":-0.062174751800125716,"113":-0.23245668773392014,"114":0.044907525594779285,"115":-0.27216650555151833,"116":-0.08375413056701791,"117":-0.12132121987392475,"118":-0.5522909450732979,"119":-0.33684256392452294,"120":-0.30382968472011607,"121":-0.4219013450554596,"122":-0.11566709214591647,"123":-0.2437736947239798,"124":-0.23194615003712332,"125":-0.12694838524970076,"126":-0.12694838524970076,"127":-0.18331730604204732,"128":-0.1805072036151898,"129":-0.11653942624833719,"130":-0.12694838524970076,"131":-0.12694838524970076,"132":-0.032123272231649846,"133":-0.3506798039468086,"134":-0.4865937005054266,"135":-0.23171005299491,"136":0.018727719736849502,"137":-0.3536863501441896,"138":-0.5652983744288815,"139":-0.02069896245618086,"140":-0.10907720198555237,"141":-0.15593946850100315,"142":-0.6463929455505008,"143":-0.844387374506503,"144":-0.8601842860221147,"145":-0.45837504578687105,"146":-0.2363347009651553,"147":-0.3551682053493984,"148":-0.18362749309956344,"149":-0.16016654259166374,"150":-0.02417386347693906,"151":-0.635960827471827,"152":-0.14036102373026732,"153":-0.3852265840093506,"154":-0.26168753971518777,"155":-0.5384998886653003,"156":-0.42641100675078264,"157":-0.3420984018463782,"158":-0.21975717972938408,"159":-0.14671882306358142,"160":-1.3179860173610973,"161":0.022598092351865495,"162":-0.47715047440600633,"163":-0.05145606267481945,"164":-0.26595135091492017,"165":-0.301037650851741,"166":-0.32422583471230093,"167":-0.08482313409432518,"168":0.2485804673343422,"169":-0.02730155311224275,"170":-0.15896070565914588,"171":0.001571100166311401,"172":0.24434827224025157,"173":-0.23142858671691952,"174":-0.0991299209253308,"175":-0.4034285548750949,"176":-0.23928964855986395,"177":-0.16272265312570622,"178":-0.06650025192266934,"179":-0.3270508765328266,"180":-0.10925058431670095,"181":0.037060112780245125,"182":0.10119104686754127,"183":-0.07844342965953452,"184":-0.16887640401480425,"185":-0.13751871661748685,"186":-0.10391400682066504,"187":-0.005116949617652744,"188":-0.3308077640357452,"189":-0.09511142493008667,"190":-0.08790873265080662,"191":-0.18128526506096415,"192":-0.5213118406210031,"193":-0.15084441141053856,"194":-0.5237342462482415,"195":-0.2650710158021895,"196":0.11813613577795279,"197":-0.7950450714562025,"198":-1.2570667497577666,"199":0.1425363699584835,"200":0.12614094408542426,"201":-0.1741240391636522,"202":-0.1741240391636522,"203":-0.06857378616623913,"204":-0.15343253928583506,"205":-0.07900594842631758,"206":-0.3033546969276775,"207":-0.434249665595441,"208":-0.10424257892247216,"209":-0.18663491955341105,"210":-0.2583986774696553,"211":-0.051373786168660174,"212":-0.30403157392036,"213":-0.10546607704865787,"214":-0.11378971418943096,"215":-0.3066164171519484,"216":-0.05596420310381506,"217":-0.11875148833878588,"218":-0.1523301661932536,"219":-0.10926905269677567,"220":-0.29233884158886747,"221":-0.25464441442239427,"222":-0.31369910009584046,"223":-0.1059280058147638,"224":-0.682851110275358,"225":-0.6724106037337463,"226":-0.14989053385084372,"227":-0.0980960339853652,"228":-0.30667627990103036,"229":-0.4033760882667289,"230":-0.2151586728163643,"231":-0.10402218610037622,"232":0.18165263454103175,"233":-0.4180427868959513,"234":-0.34972275837459904,"235":-0.27555044216544977,"236":-0.370003998746021,"237":-0.2927252124015617,"238":-2.1792722302769842,"239":-0.564405894677874,"240":-0.564405894677874,"241":-0.09587832095216903,"242":0.1363351612299854,"243":0.04372442540088278,"244":-0.4398514398014756,"245":-0.0023945748512170795,"246":-0.3634581955521523,"247":-0.02406921382693905,"248":0.08822287445385474,"249":-0.04085098906247711,"250":-0.29779630732578916,"251":-0.06492119417739786,"252":-0.007697267763483839,"253":-0.0541858574911948,"254":0.06370779358674877,"255":-0.06279937862456894,"256":-0.06279937862456894,"257":0.1875,"258":0.1875,"259":-0.08270101259692492,"260":-0.08270101259692492,"261":0.20657483790670444,"262":0.34874228688702835,"263":-0.05277538464192638,"264":-0.193565491167288,"265":0.45244718122593763,"266":-0.011054946731345383,"267":-0.07999433060611083,"268":-0.07999433060611083,"269":-0.07999433060611083,"270":-0.03574087527599068,"271":-0.03574087527599068,"272":-0.7993495766064371,"273":-0.13172204523633588,"274":-0.11202912644768248,"275":0.6559217054346349,"276":-0.5162871924239734,"277":-1.1744702595499574,"278":-0.9889710269203524,"279":-1.3643036868890903,"280":-0.5418171148187695,"281":-0.449034575662326,"282":-0.2717327853102815,"283":-0.18030939648586708,"284":-0.13787977780722166,"285":-0.18640679660169918,"286":-0.22326412145568209,"287":-1.0243657853359425,"288":0.10360615735537407,"289":-0.16682530544475438,"290":-0.3600609805788614,"291":-0.25460466538082804,"292":-0.9209181148808764,"293":-0.29433276044201145,"294":-0.5944266422299657,"295":-0.32249395323837676,"296":0.12031964304811565,"297":-0.48818872683627834,"298":-0.4433655234554471,"299":-0.10095581913667392,"300":-0.5913003768719783,"301":0.6796271298361355,"302":-0.10476175494866935,"303":0.1193344947255861,"304":-0.28859433363868614,"305":-0.22278997970909242,"306":-0.28859433363868614,"307":-0.0009266775793727033,