{"1":-1.0589469966736513,"2":-3.3506271352932107,"3":-1.528633449201108,"4":-0.756194275342021,"5":-0.35629673541324364,"6":0.14667612947012398,"7":-0.10633125019047296,"8":-0.672278210152168,"9":-0.672278210152168,"10":-1.744640423314566,"11":-1.744640423314566,"12":-2.0385073486872556,"13":-2.0385073486872556,"14":-2.53568009367084,"15":-2.53568009367084,"16":-0.1287437681359459,"17":-0.1287437681359459,"18":-0.1287437681359459,"19":-0.13073590050760076,"20":-0.13073590050760076,"21":-0.20099826244546076,"22":-0.20099826244546076,"23":-0.04768909070285876,"24":-0.9985388345456343,"25":-0.02052578019752175,"26":-0.28319562475171517,"27":-0.06841300491947572,"28":0.020389791629601722,"29":-0.4000806996816956,"30":0.11915083754192142,"31":0.11951082045536165,"32":0.11072255161106145,"33":-0.036771770341115326,"34":-0.08162235327990477,"35":-2.176094879940134,"36":-0.4105656206749835,"37":-0.6664613103217338,"38":-0.5371126993489412,"39":-0.03645517135254628,"40":-0.4550801034646451,"41":-0.5511194347012703,"42":-1.8471806828590662,"43":-0.46593296259997996,"44":-0.3764014646039899,"45":-1.1725264519723952,"46":-0.8882661648912697,"47":-1.0019992007029335,"48":-0.475480420125534,"49":-0.9399593186623566,"50":-0.9399593186623566,"51":-0.475480420125534,"52":-0.475480420125534,"53":-0.9313532169133741,"54":-0.9313532169133741,"55":-0.09292970655677324,"56":-0.1830211277586723,"57":-0.05547690546925582,"58":0.047937499984464726,"59":0.13451740110556465,"60":-0.13007266201038348,"61":0.11069136764304804,"62":-0.19442672917847137,"63":-0.021856393947060626,"64":0.04593929533237928,"65":0.1595460382987977,"66":-0.10547890135907872,"67":-0.304205280329102,"68":-0.7279112784146002,"69":-0.1965216530739029,"70":-0.2937632005028647,"71":-0.44180726416114563,"72":-0.42627795863522033,"73":-0.23701298464559728,"74":-0.37291717607617947,"75":-2.1858801842565563,"76":-0.42779847264589754,"77":-0.2064935239682959,"78":-0.5796640596271676,"79":-0.38992659095348553,"80":-0.570332207395243,"81":-0.09097186869423557,"82":-0.44786045487470816,"83":-0.7635491024178044,"84":-0.5495472855878891,"85":0.04529875384363613,"86":-0.4780053168666755,"87":-0.4780053168666755,"88":-0.3433808445961807,"89":-0.3433808445961807,"90":-0.15340075891254262,"91":-0.16528015084680736,"92":-0.36818204346089345,"93":-0.05882773379676612,"94":-0.07947740323965671,"95":-0.21120204014649147,"96":-0.18692851442690556,"97":-0.09326457463592386,"98":-0.1118864211064953,"99":-0.0025394637134931175,"100":0.13416103272300733,"101":-0.3831043384858467,"102":-0.23674398664854834,"103":-0.24592932791517375,"104":-0.07081553665026097,"105":0.1764041774232059,"106":-0.17817145843729665,"107":-0.26295621719861306,"108":-0.20032609003275392,"109":0.007390191041014349,"110":-0.22468363317240703,"111":-0.3688330051180072,"112":-0.11545149264146282,"113":-0.17492398742343906,"114":0.04496502599264163,"115":-0.39286821611527345,"116":-0.12298636749562986,"117":-0.33588545517646917,"118":-0.6266897891802292,"119":-0.2827724942211929,"120":-0.3811000946897338,"121":-0.1407026372479332,"122":-0.13799715175377691,"123":-0.2612675459436592,"124":-0.25206171143446066,"125":-0.10451395432713606,"126":-0.10451395432713606,"127":-0.28315917373142596,"128":-0.2072553142762774,"129":-0.08915844332946943,"130":-0.10451395432713606,"131":-0.10451395432713606,"132":-0.20529525413018884,"133":-0.6096009702144319,"134":-0.8212387338943796,"135":-0.28981718855411,"136":-0.15688535305509932,"137":-1.0853090311207505,"138":-0.6615675095271173,"139":0.25212909964929464,"140":-0.15156684591679048,"141":-0.4392353374087801,"142":-0.9819237951526303,"143":-1.0728937114452113,"144":-1.1158435035640923,"145":-0.4520029662265719,"146":-0.23257539017518902,"147":-0.6045387802139008,"148":-0.20788221515806204,"149":-0.19081329059764707,"150":0.12309126895491973,"151":-0.5075804470532241,"152":-0.0853576458259635,"153":-0.37210030591880755,"154":-0.540282157178919,"155":-1.0867676635545789,"156":-0.8210629836976331,"157":-0.33201846230821597,"158":-0.4996007870406497,"159":-0.6414580198507851,"160":-3.6754932077617943,"161":-0.02426367815549102,"162":-0.7995753210604468,"163":-0.21548367852185502,"164":-0.2566337088412243,"165":-0.24046478240640912,"166":-0.48634861032087406,"167":-0.36223295342580986,"168":0.08567510349628926,"169":-0.057822011613757385,"170":-0.182471660695806,"171":-0.06269688455947575,"172":0.3458684631957072,"173":-0.3974895482373332,"174":-0.3843169472305781,"175":-0.9337481049031409,"176":-0.3656942935295181,"177":-0.24128929120039566,"178":-0.5250327846043151,"179":-0.9071776648900449,"180":-0.20884002649428302,"181":-0.0934872759148086,"182":-0.02530656021185257,"183":-0.22222760589567253,"184":-0.19303532739079482,"185":-0.3858449797716268,"186":-0.14667226316255155,"187":-0.0988323881867893,"188":-0.4536317217708044,"189":-0.20116847507297736,"190":-0.08686933357408433,"191":-0.4346100287923609,"192":-1.185854214145383,"193":-0.4432409552804437,"194":-1.0016260900170733,"195":-0.6159368651600471,"196":-0.31895682431123906,"197":-1.620849888501071,"198":-1.9576291595056539,"199":-0.002419730569793277,"200":0.12306173067661663,"201":-0.4581052911468626,"202":-0.4581052911468626,"203":-0.24681922151573085,"204":-0.297948379448267,"205":-0.20756043408133762,"206":-0.5394157833414317,"207":-0.533091385874587,"208":-0.17886645135510398,"209":-0.30156334880094493,"210":-0.6861399745570441,"211":-0.13633118985284207,"212":-0.352787760206101,"213":-0.14779449237486025,"214":-0.1751160614602691,"215":-0.5384354429729883,"216":-0.270601500786172,"217":-0.24849343065069596,"218":-0.33498200466891564,"219":-0.3750235963446816,"220":-0.5183021336106293,"221":-0.5188983848511182,"222":-0.775437730867446,"223":-0.18960516795859844,"224":-0.983152542682574,"225":-1.1970368464270222,"226":-0.2647313104554945,"227":-0.19280204565090042,"228":-0.319735617029399,"229":-0.4535106285160493,"230":-0.25475950663847846,"231":-0.2463999107676808,"232":-0.0070996897959486605,"233":-0.7972583602643901,"234":-0.36126772337494273,"235":-0.5584488900852385,"236":-0.35208090099318345,"237":-0.5474737154528764,"238":-3.9460595295845122,"239":-0.802186447084987,"240":-0.802186447084987,"241":-0.02383229866199671,"242":0.015397567542252827,"243":0.05569073125382168,"244":-0.07787601980161546,"245":-0.0849685280429908,"246":-0.35830274469358064,"247":-0.14193145685651032,"248":-0.12769195550680265,"249":-0.019515695713798367,"250":-0.2571198963267415,"251":-0.2931643695652649,"252":0.22584329863202435,"253":-0.1729897093995413,"254":-0.04190735367978232,"255":0.012144883197549333,"256":0.012144883197549333,"257":0.06748247472898013,"258":0.06748247472898013,"259":-0.03633124238066279,"260":-0.03633124238066279,"261":0.3922157343668351,"262":0.3675404096436201,"263":0.5535866992578333,"264":-0.18885820117548713,"265":0.35295312824210856,"266":-0.1194552551175333,"267":0.12504698368237543,"268":0.12504698368237543,"269":0.12504698368237543,"270":-0.0654765516008583,"271":-0.0654765516008583,"272":-2.0226160660392396,"273":0.17710867123654572,"274":-1.0435359803435722,"275":-1.453801679563882,"276":-1.7467356298778771,"277":-3.116382446073054,"278":-2.9385160772953673,"279":-0.5346083051613502,"280":-0.6937187417896566,"281":-0.018703878664043605,"282":-0.1180871941790661,"283":-0.28943538468920066,"284":-0.07524263059845415,"285":0.08524466930117008,"286":-0.19196375224639423,"287":-0.9986368731572854,"288":0.2127371521463594,"289":0.3131057263774837,"290":0.14659515983670401,"291":-0.31474973358964353,"292":-1.1239324685187455,"293":-0.44052698710876204,"294":-0.5185862312713514,"295":-0.553859990670973,"296":0.019646367449893398,"297":-0.27700688675183205,"298":-0.35557904032692667,"299":-0.19596874939018807,"300":-0.5749765744727968,"301":0.7828770012777131,"302":-1.109245511842527,"303":0.30608322108273,"304":-0.47546839336295577,"305":-0.12035444459819744,"306":-0.47546839336295577,"307":-0.20490303563785528,"308":-0.9551450820174325,