{"1":0.169156059304215,"2":-0.0067956309697253525,"3":0.8829626405845568,"4":-0.24164884889090654,"5":-0.047225672521933576,"6":0.14916008559020355,"7":0.1301341882959943,"8":-0.14411809083568766,"9":-0.14411809083568766,"10":0.1520950434876206,"11":0.1520950434876206,"12":-0.29636546200892844,"13":-0.29636546200892844,"14":-0.09726619591433383,"15":-0.09726619591433383,"16":-0.001537328915440228,"17":-0.001537328915440228,"18":-0.001537328915440228,"19":-0.03193898507450027,"20":-0.03193898507450027,"21":0.011162673046137772,"22":0.011162673046137772,"23":0.0934722909922398,"24":0.15328362383833388,"25":0.19832932935515804,"26":0.17421923547499635,"27":0.05540738624629658,"28":0.2614927383686274,"29":0.015060997189943762,"30":0.11378319020479197,"31":0.6513671348050643,"32":0.2240469274374268,"33":0.2472945282466277,"34":0.3853196403115554,"35":0.492469157339226,"36":0.4163609143516756,"37":0.45547160776404993,"38":0.18722019634672593,"39":0.1364609464122959,"40":0.34554735286092253,"41":0.5874943499240545,"42":0.6648120134606834,"43":0.23718966046526233,"44":0.24904999759465346,"45":0.3246021470027864,"46":0.2548803802658477,"47":0.3078091929037452,"48":0.42026142258353427,"49":0.4863323717584812,"50":0.4863323717584812,"51":0.42026142258353427,"52":0.42026142258353427,"53":0.23323854948936634,"54":0.23323854948936634,"55":0.6503268161617544,"56":0.4080619463494704,"57":0.29098701536503213,"58":0.17594355975344875,"59":0.18374657440136832,"60":0.4267677705217481,"61":0.19522064634913266,"62":0.20062853093279995,"63":0.05509296841463979,"64":0.23527441672312852,"65":0.10665565596005895,"66":0.4372098273374963,"67":0.3526715742719405,"68":0.27396534979199294,"69":0.565424363043877,"70":0.3063633715651307,"71":0.18993747485733856,"72":0.2282946671403846,"73":0.09331905286944331,"74":0.47339560575802603,"75":0.3483369886356111,"76":0.34367629041531556,"77":0.19771619092957798,"78":0.02091018243541029,"79":0.22740080399864349,"80":0.2553013811442866,"81":0.12685192884743518,"82":0.19225815519459605,"83":0.2728237606637919,"84":0.05446080357572224,"85":0.10311427499301078,"86":0.3147924856466833,"87":0.3147924856466833,"88":0.40339038945213657,"89":0.40339038945213657,"90":0.19112347772967525,"91":0.9124067869262181,"92":0.3347325422915872,"93":0.10169414486228029,"94":0.563384961093731,"95":0.3142817906754728,"96":0.10202101374362083,"97":0.21404603935278094,"98":0.08474434899820932,"99":0.2134181360993498,"100":0.24168170002040595,"101":0.1310893731423108,"102":0.1104823957331112,"103":0.057937892075648256,"104":0.08945881100867588,"105":0.08973496213159839,"106":0.09194293945774695,"107":0.1495203837587093,"108":0.16995183027952723,"109":0.21639659434101322,"110":0.2169192025687522,"111":0.08920043128960399,"112":0.11644913233039146,"113":0.3029466899497365,"114":0.07107153485534626,"115":0.11074813356572133,"116":0.1583312506382759,"117":0.08438952117829743,"118":0.09039240456606529,"119":0.20124372269978863,"120":0.12430424514912553,"121":0.11750935441636871,"122":0.27658265820855765,"123":0.09971956666440021,"124":-0.05275095121440039,"125":0.12009742615049054,"126":0.12009742615049054,"127":0.2805529508561785,"128":0.18980018314342553,"129":0.14540958640706447,"130":0.12009742615049054,"131":0.12009742615049054,"132":0.2928095613566653,"133":0.2890702394977045,"134":0.33525143217027337,"135":0.3780552578528821,"136":0.2887938262808064,"137":0.2997874577905997,"138":0.8192344095262956,"139":0.42953473060163305,"140":1.349912851266509,"141":0.8537836999827526,"142":0.1255890907632658,"143":0.4868710768936941,"144":0.28186415471540976,"145":0.4861079356235051,"146":0.6951301106850106,"147":0.5423263999807534,"148":0.3243257046160143,"149":0.21257237488351732,"150":0.6685719566330797,"151":0.17355654405031273,"152":0.3140374416427691,"153":0.2799743390915169,"154":0.36763488627693464,"155":0.335985522373185,"156":0.4368323328842493,"157":0.7912557985487778,"158":0.5486287988406183,"159":0.29774892317973856,"160":0.20208937079305028,"161":0.2392307376662423,"162":0.19563570379897802,"163":0.01312251259357708,"164":0.6035888034795494,"165":0.4012460812581986,"166":0.5203428528769882,"167":0.20211454303380272,"168":0.29852646772477676,"169":0.2328418543023374,"170":0.058748811022089065,"171":0.10198297302176274,"172":0.2769124716299386,"173":0.6211763370284618,"174":0.48453122661579995,"175":0.5334066589458224,"176":0.4840908044635551,"177":0.41405776008102657,"178":0.3282004112793877,"179":0.40645472987714704,"180":0.2521408184349364,"181":0.41246472826748803,"182":0.28292603434994973,"183":0.5449868335956201,"184":0.4603037673569159,"185":0.30202763776345826,"186":0.17384115270153405,"187":0.46440989532062305,"188":0.5374750898342442,"189":0.3861738745456212,"190":0.286367715448951,"191":0.3990153107011548,"192":0.40487092064841396,"193":0.7885492456731148,"194":0.4794078721035508,"195":0.47239187559575324,"196":0.1963278103749434,"197":0.7988835087216257,"198":0.15529119806579994,"199":0.45555700952155403,"200":0.2561632136165236,"201":0.3367499973514277,"202":0.3367499973514277,"203":0.2794123943025934,"204":0.2278100909038967,"205":0.7091888634504433,"206":0.29905942499640825,"207":0.3364234929254114,"208":0.2603475150358186,"209":0.12482328945460149,"210":0.19004304319610132,"211":0.31313927670205305,"212":0.09438934694878634,"213":0.21288492147669463,"214":0.13397647152538003,"215":0.16559996156800194,"216":0.34017663561496736,"217":0.21332280172677523,"218":0.16339540170993103,"219":0.2015259923941472,"220":0.32026346934508887,"221":0.10182291024387927,"222":0.2955789766639623,"223":0.284881298690594,"224":0.2549812709842816,"225":0.2564604855856801,"226":0.16434056476102676,"227":0.1651392974317708,"228":0.526716245433375,"229":0.4809667759033095,"230":0.5366396115142341,"231":0.45857518164309397,"232":0.17588642023951379,"233":0.19761475301180637,"234":0.264916406045143,"235":0.2984426072053378,"236":0.6616263507580173,"237":0.6086479486215173,"238":0.22008927474891138,"239":0.20474063664630202,"240":0.20474063664630202,"241":-0.25247723643298653,"242":-0.04614321638379143,"243":-0.47091339052782166,"244":-0.775060001532552,"245":0.9008753840384363,"246":-0.2634188058133816,"247":0.016917795539183156,"248":-0.6751545616675079,"249":-0.2927796695166345,"250":-0.08038251541480873,"251":-0.47637848928650994,"252":-0.021245333158015578,"253":-0.12429808666336223,"254":-0.08902536667260297,"255":0.1250692678586417,"256":0.1250692678586417,"257":-0.03431373322915432,"258":-0.03431373322915432,"259":0.1596568833233762,"260":0.1596568833233762,"261":-0.1309756345409796,"262":-0.1423897495443711,"263":-0.5018107030417045,"264":-0.32486570836312084,"265":-0.03255780645143991,"266":0.06762708256814999,"267":0.10233107516213824,"268":0.10233107516213824,"269":0.10233107516213824,"270":-0.17603005696240775,"271":-0.17603005696240775,"272":0.22895868724265622,"273":0.4773697954243333,"274":0.41453852494555665,"275":0.17220747705477635,"276":0.1004980992256708,"277":0.15072590473939085,"278":0.05251062752911406,"279":0.6418325740172186,"280":0.2037391147970108,"281":-0.06355357463216517,"282":-0.0060822518597582476,"283":0.014582468167137819,"284":-0.048739200013328085,"285":0.10553699145508892,"286":-0.03323944090820999,"287":0.01642508610364074,"288":0.09437781746322889,"289":-0.055298723031582814,"290":-0.02897106180384315,"291":0.021510472702578554,"292":-0.005482084338521459,"293":0.24092274979138056,"294":-0.045234119522788,"295":-0.0779386847438433,"296":0.3788908445018272,"297":-0.10361740272789186,"298":-0.12921765545659997,"299":0.1417630052708143,"300":-0.06144386083008807,"301":0.023541837282355427,"302":-0.12836182701617477,"303":-0.18646778350560456,"304":-0.04157415379476559,"305":-0.045839982471721774,"306":-0.04157415379476559,"307":-0.38921541661440884,"308":-0.4506959869073688,"309":-0.11170412807615054,"310":-0.1418742541087561,"311":-0.16772811748995392,"312":0.09895327521948505,"313":-0.030048477263519113,"314":0.008777870582754643,