{"1":-0.1908708558928126,"2":-0.20417066927541616,"3":-0.3078491605266749,"4":-0.3190296878208676,"5":-0.2194295724563562,"6":-0.1128033887807216,"7":0.24032983140315411,"8":-0.1693894133315128,"9":-0.1693894133315128,"10":0.33523411073719966,"11":0.33523411073719966,"12":0.04944484093359014,"13":0.04944484093359014,"14":0.2120956105937295,"15":0.2120956105937295,"16":0.0026776001811094075,"17":0.0026776001811094075,"18":0.0026776001811094075,"19":0.2350392993323902,"20":0.2350392993323902,"21":0.23529819285431586,"22":0.23529819285431586,"23":0.13433506403407103,"24":0.2318109903713126,"25":0.401558780522837,"26":0.1460117600558688,"27":0.11567284278597989,"28":-0.019646802539239783,"29":0.18335586472031729,"30":0.26941350011502574,"31":0.04144417307154025,"32":-0.0405626522926974,"33":-0.05350220576571307,"34":-0.452097009110483,"35":-0.30470960732850205,"36":-0.25537671638141424,"37":-0.1340720791300556,"38":-0.3783484509769295,"39":-0.4918313272790975,"40":-0.2182393682462469,"41":-0.22404147620275427,"42":-0.14774461840273911,"43":-0.13063764042129922,"44":0.11330764987927155,"45":-0.2380418552311827,"46":-0.25708975446655735,"47":-0.1850197383757095,"48":-0.2939542172069536,"49":-0.18240966432425942,"50":-0.18240966432425942,"51":-0.2939542172069536,"52":-0.2939542172069536,"53":-0.01679422232651584,"54":-0.01679422232651584,"55":-0.6526515098268879,"56":0.2580587548928628,"57":0.229486195645634,"58":-0.107056745819748,"59":-0.018579030864486645,"60":0.6416092811751848,"61":0.3444695232842019,"62":0.3811322589436761,"63":0.15367304947630966,"64":0.2146833079188848,"65":0.2768769388451564,"66":0.5678051166708942,"67":0.24586692023042467,"68":0.4891006103897717,"69":-0.3983746867090803,"70":-0.36293834373161227,"71":-0.09921321086160839,"72":-0.08309702768810512,"73":-0.1866544458229744,"74":-0.2525084169504588,"75":-0.2563073692232054,"76":-0.2766804161234462,"77":-0.10802904243634925,"78":-0.07178943083246248,"79":-0.15436910133650095,"80":-0.5237485140959479,"81":-0.1758953411750468,"82":0.008444701671901811,"83":-0.12489163284653904,"84":0.0016532159285018722,"85":0.43824519326024136,"86":-0.2013400122057516,"87":-0.2013400122057516,"88":-1.027714069754202,"89":-1.027714069754202,"90":0.12503675587381036,"91":-0.6559631514719335,"92":-0.012856771044946314,"93":0.11666223327821612,"94":-0.48839063375827885,"95":0.501065122999691,"96":-0.12171883398852312,"97":0.04111778947107059,"98":0.4366482864428196,"99":0.017631654576084177,"100":0.025520779390845405,"101":0.2663088435622285,"102":-0.19088048567953297,"103":0.015411085662005997,"104":-0.009558880641846734,"105":-0.15973669731272322,"106":-0.1587729103917217,"107":-0.0467631640348658,"108":-0.1820500756560559,"109":-0.06921682993250355,"110":0.28899182539097135,"111":-0.0743075931947903,"112":0.042691546097252564,"113":-0.1148608630888237,"114":-0.3615202626056029,"115":0.08941583693175481,"116":0.4021636370711017,"117":0.1588649654344203,"118":0.09742317859909155,"119":0.00017120772973067133,"120":-0.0061884970912300385,"121":-0.005180309030678787,"122":-0.10853886888457565,"123":0.27723809237893837,"124":-0.17612623639193048,"125":-0.0908284810444091,"126":-0.0908284810444091,"127":0.2859382258856331,"128":0.026638708561543822,"129":-0.06951153063090887,"130":-0.0908284810444091,"131":-0.0908284810444091,"132":0.0938062934822006,"133":0.17471090317455218,"134":-0.1451714881120738,"135":-0.3369955130282509,"136":-0.04798404438630843,"137":-0.20906429838061058,"138":-0.3341794060520491,"139":0.4849752151251785,"140":-0.2245295996871941,"141":-0.2729647282177998,"142":0.13807179749054832,"143":-0.10714439741378179,"144":-0.12746167161448096,"145":-0.20204635378907487,"146":-0.5645856063841976,"147":-0.08544076327219718,"148":-0.24540464218669744,"149":-0.26785941000534663,"150":-0.4793175245852723,"151":-0.20277539303199799,"152":-0.22250010919946295,"153":-0.3313352403365487,"154":-0.2828711913809978,"155":-0.2994452452396109,"156":-0.2476242293827886,"157":-0.2612378569599292,"158":-0.23758044922810562,"159":-0.14883081237349738,"160":-0.16266062643739898,"161":-0.4687792943161502,"162":-0.3717790842496753,"163":-0.09185184632851007,"164":-0.6045910219331945,"165":-0.2657502367898268,"166":-0.348604368346078,"167":-0.2434911456872786,"168":-0.3987759826673978,"169":-0.39219401724683634,"170":-0.21549935340623305,"171":-0.1291970734553438,"172":-0.13686201400601128,"173":-0.24867790641011678,"174":-0.25476361826935134,"175":-0.26238382614033395,"176":-0.18705093748372603,"177":-0.23712699333377785,"178":-0.23751478060198739,"179":-0.09553391734088779,"180":-0.38474002157914755,"181":-0.33639355398659193,"182":-0.33048043630062984,"183":-0.26164901579326383,"184":-0.23095945603524015,"185":-0.14047169853556707,"186":-0.24097518673227047,"187":-0.29809072384139934,"188":-0.29185511667688835,"189":-0.29137119550499124,"190":-0.1511824411462508,"191":-0.14259807118782009,"192":-0.2664134083354728,"193":-0.33041333519850424,"194":-0.16641525319689032,"195":-0.2720133312536823,"196":-0.2702246449245571,"197":-0.08808801880329353,"198":0.19968108737804724,"199":-0.2259833651287637,"200":-0.26356604299460995,"201":-0.24901334240048079,"202":-0.24901334240048079,"203":-0.3954954976061358,"204":-0.3722078899449869,"205":-0.2075075445091708,"206":-0.3063286662213456,"207":-0.27913079802238594,"208":-0.3290112918123389,"209":-0.365120367030739,"210":-0.40219469808658914,"211":-0.4903854606257583,"212":-0.5250401795637026,"213":-0.32766856084258866,"214":-0.23549997303193126,"215":-0.2581031216631322,"216":-0.5752837317315711,"217":-0.31800919172252484,"218":-0.27570205454563257,"219":-0.4132670760899393,"220":-0.4409071239653253,"221":-0.45596961496525923,"222":-0.4416640191062562,"223":-0.43456718059430666,"224":-0.3808383497936956,"225":-0.20853817462146224,"226":-0.18476721419042108,"227":-0.49025359637693366,"228":-0.5050075071684648,"229":-0.310964393355734,"230":-0.5267821546247906,"231":-0.37370256833942395,"232":-0.2546176643019402,"233":-0.2910487144298721,"234":-0.48443500863797806,"235":-0.3189288139874086,"236":-0.413052765923823,"237":-0.4066999517348582,"238":-0.35330732385496466,"239":-0.3176728916620323,"240":-0.3176728916620323,"241":-0.07891315766510587,"242":-0.09890650194962047,"243":-0.05983500562435218,"244":-0.16213879013096966,"245":-0.21349390136789004,"246":-0.02554318858245086,"247":-0.0942843351669026,"248":-0.4632188778541342,"249":-0.3847074149022295,"250":-0.18235616714272873,"251":-0.5014899679532663,"252":-0.32308603779782086,"253":0.10297543186510028,"254":-0.11504825147447328,"255":-0.09870846716613935,"256":-0.09870846716613935,"257":-0.02531443885093787,"258":-0.02531443885093787,"259":-0.02004759056358152,"260":-0.02004759056358152,"261":0.009293589581434059,"262":0.3433491194635848,"263":0.05136319661830335,"264":0.25364726190560316,"265":0.12041320473101225,"266":0.04225785316990882,"267":-0.017714972570733123,"268":-0.017714972570733123,"269":-0.017714972570733123,"270":0.3368062249422188,"271":0.3368062249422188,"272":-0.0046564053698621155,"273":0.0010004051760204302,"274":0.15637597017447225,"275":0.18101245241154496,"276":0.2695041055390752,"277":0.9047298481766206,"278":0.5943146370228127,"279":0.13792336288457713,"280":-0.14334243985826223,"281":-0.036336035250929155,"282":-0.23838321368196658,"283":-0.09140312571734865,"284":-0.18807726600431973,"285":-0.2762019101013687,"286":-0.44358670349318274,"287":0.05488319463249414,"288":0.11151334351869091,"289":0.1041011904823681,"290":0.15935868902839823,"291":-0.10021389715721729,"292":0.029673056003564735,"293":-0.03925985306362989,"294":-0.13117138324078503,"295":-0.060658236622145756,"296":-0.010441351406489885,"297":-0.35387400616839126,"298":-0.024954362372835437,"299":0.11829662009628439,"300":-0.06824465640051325,"301":-0.10262776051050104,"302":-0.0530211560720919,"303":-0.0019695662365375455,"304":-0.2592445740611129,"305":0.07024667520613948,"306":-0.2592445740611129,"307":0.049070346023929456,