{"1":0.009912172632934448,"2":-0.007893358554503044,"3":-0.001039374747496269,"4":-0.06589758187674924,"5":0.0023394775902096966,"6":0.02976551208836542,"7":-0.07358507617843857,"8":0.016167015511618425,"9":0.016167015511618425,"10":0.06356791268042924,"11":0.06356791268042924,"12":0.006043490890076279,"13":0.006043490890076279,"14":0.011676854187190683,"15":0.011676854187190683,"16":0.04973404994632737,"17":0.04973404994632737,"18":0.04973404994632737,"19":0.057193692696994286,"20":0.057193692696994286,"21":-0.40965051056453533,"22":-0.40965051056453533,"23":0.20946275574641526,"24":0.15854559257107345,"25":0.33693411432410025,"26":0.217119062380371,"27":0.1838157921858281,"28":0.07780631297458146,"29":0.39868383721497624,"30":0.023238249291602744,"31":-0.040096092140324724,"32":0.06556730246206413,"33":0.15031177648433458,"34":1.0028232088389628,"35":0.11779762639156305,"36":0.19385050063724588,"37":0.19485353085187201,"38":0.3094994967863606,"39":0.18421996833677784,"40":0.061234601192360044,"41":0.13296352505856282,"42":0.12994640856519163,"43":0.10438743508391796,"44":0.0987693043922052,"45":0.05456800071085571,"46":0.04812807426559634,"47":0.05103258176482567,"48":0.21562293320207032,"49":0.1821187524888307,"50":0.1821187524888307,"51":0.21562293320207032,"52":0.21562293320207032,"53":0.18271573088449694,"54":0.18271573088449694,"55":-0.024758971162160692,"56":-0.06525015317176643,"57":0.09794305985495264,"58":-0.05256561722664965,"59":0.07424082182846295,"60":0.15381606349361462,"61":0.054105510709144544,"62":0.0029514022591862477,"63":0.061727161683515684,"64":0.04325356597263468,"65":0.11012506697602986,"66":0.10899115940381977,"67":0.12182240807846328,"68":0.07731386757969944,"69":0.3363643399692199,"70":-0.0889731287819901,"71":0.08669580739286636,"72":0.16643699523774083,"73":0.05571166775953948,"74":0.1379006596829309,"75":0.15446231211125414,"76":0.08412874500412432,"77":0.08637882658401783,"78":0.08005844084999231,"79":0.005426592143282061,"80":-0.014963949037939905,"81":-0.03656152958604886,"82":0.11257673655031047,"83":-0.06109880464734399,"84":0.07469952813979687,"85":0.2258355949831983,"86":0.18616252335986716,"87":0.18616252335986716,"88":0.08978479860438932,"89":0.08978479860438932,"90":0.009112532968872045,"91":-0.03909909208093412,"92":-0.02618899920989079,"93":-0.023194074462023873,"94":0.17401409326331763,"95":0.02620312530406113,"96":0.04317222300527829,"97":-0.2248999413187689,"98":-0.11815177070081939,"99":0.07141295666577788,"100":0.12026899077220918,"101":0.13401347411218595,"102":0.07774001660133616,"103":0.14697461782064677,"104":0.135472233404708,"105":0.07386018973183463,"106":0.058509274292794615,"107":0.20976854325322242,"108":0.28914782570218656,"109":0.19213053162620514,"110":0.2622407915553051,"111":0.1911674195114989,"112":0.13220729792210778,"113":0.13664284590613376,"114":0.0776375076858965,"115":0.09693481615038296,"116":0.30872664914567877,"117":0.30342189485436066,"118":0.48545689660220426,"119":0.5072536747961455,"120":0.08228617385061415,"121":0.057331309684561405,"122":0.2505097047917572,"123":0.18353388417916827,"124":0.062177596975647675,"125":0.11282765241497417,"126":0.11282765241497417,"127":0.2508173426306982,"128":0.22924461259371537,"129":0.16105515655008013,"130":0.11282765241497417,"131":0.11282765241497417,"132":0.07799900631719822,"133":0.06535948522878995,"134":0.07403280707622234,"135":0.05496980245513773,"136":0.03453022176869375,"137":0.020530080470246494,"138":0.09280768568826181,"139":0.10676079870234548,"140":0.1119147444431279,"141":0.2218776816991906,"142":0.013572276820616153,"143":0.07795437601603437,"144":0.00691609228445704,"145":0.04412516700189345,"146":0.08231010981125514,"147":0.05461255765446377,"148":0.007681081038987573,"149":0.023538451800993176,"150":0.042085367901218314,"151":-0.00022031380849257126,"152":0.0018459194090877443,"153":0.020735912134575034,"154":0.016198857615719264,"155":0.018719949393425035,"156":0.03524489211205388,"157":0.020228464932487533,"158":0.06816462610887687,"159":0.025318467072004937,"160":0.015822930640130652,"161":0.012755597268778986,"162":0.06473913633482134,"163":0.028310280775381218,"164":0.06121952331471192,"165":0.19874716778956864,"166":0.1824058367666688,"167":0.13656093209902326,"168":0.3595356184724725,"169":0.3812057931073204,"170":0.1769338568943953,"171":0.2201727076791654,"172":0.0577660845253093,"173":0.10560163511537916,"174":0.11947843796697981,"175":0.10472282465331648,"176":0.023155863919695846,"177":0.05679999104628189,"178":0.009567935677327867,"179":0.0292661796218116,"180":0.04103627835358397,"181":0.022312502836233983,"182":0.054462687174648326,"183":0.012897444665074864,"184":0.03717272050216704,"185":0.03354557820088319,"186":0.03970321911857051,"187":0.036078093585130526,"188":0.08502989029401306,"189":0.030528331057570298,"190":0.05477198836007632,"191":0.03012962445444233,"192":0.0557862729164743,"193":0.052899731505374845,"194":0.03271533512506932,"195":0.06763156676948133,"196":0.0705168058640718,"197":0.09868942185712457,"198":0.172124076603381,"199":0.1345266442447487,"200":0.2134771234769641,"201":0.005582269133997786,"202":0.005582269133997786,"203":0.02461737005804052,"204":0.03686218152893216,"205":0.037576273532528195,"206":0.03408189341326577,"207":0.03192212266980063,"208":0.03595247507960094,"209":0.017928506111323073,"210":0.022002025198304437,"211":0.023384845763405417,"212":0.04219193981907714,"213":0.030243766992967002,"214":0.031090862344502847,"215":0.04384647750951609,"216":0.06040223593816722,"217":0.022398839896801522,"218":0.03469337214909099,"219":0.03207398451584888,"220":0.024763170067876695,"221":0.03284611657799635,"222":0.14093466727605752,"223":0.05517564365653299,"224":0.06724140968452808,"225":0.047728521569901566,"226":0.02021721287295876,"227":0.04513433641161797,"228":-0.004064410242135982,"229":0.02693426477475054,"230":0.12833246615454225,"231":0.05689774710204709,"232":0.06027145303290987,"233":0.015348691325989192,"234":0.046701581478347576,"235":0.12011684925618647,"236":0.12034594588442118,"237":0.07775214727140767,"238":0.06821208570240651,"239":0.021185838076383398,"240":0.021185838076383398,"241":-0.22356332097462062,"242":0.2489125790758847,"243":0.6459554208239613,"244":0.6610785582889704,"245":2.126694660099314,"246":0.45313768512085595,"247":-0.4140351038380005,"248":-0.2975952884802795,"249":0.023199552987809735,"250":0.0752161476121398,"251":-0.24324391022291714,"252":-0.3101352144339531,"253":0.1370030434953734,"254":-0.12400706957835492,"255":0.25641150506896637,"256":0.25641150506896637,"257":0.7915692250237807,"258":0.7915692250237807,"259":0.08566545863312902,"260":0.08566545863312902,"261":0.027202252969880082,"262":0.1020160922239807,"263":-0.04360474596085309,"264":-0.06281937444481053,"265":0.1598802954871597,"266":-0.08701218667633603,"267":0.04904048328141035,"268":0.04904048328141035,"269":0.04904048328141035,"270":0.1029240084303299,"271":0.1029240084303299,"272":0.0334117223742884,"273":0.24804035167660754,"274":0.20996033289024024,"275":0.04824203199389314,"276":0.09175503870399515,"277":0.11758152465786192,"278":0.14102234557469842,"279":0.01753312370263263,"280":-0.02677253704232354,"281":-0.010432383766799683,"282":0.11668096222434207,"283":0.47264484291219305,"284":0.2868446481312621,"285":0.2194072222993495,"286":0.0597663213466873,"287":0.3913177247351539,"288":0.11801996956101168,"289":0.63639942882652,"290":0.5450210624622082,"291":0.7742599369195218,"292":0.7615977979084296,"293":0.2486225695777053,"294":0.2588613948156624,"295":-0.037089107604221516,"296":0.20170156510755138,"297":0.1673527908824813,"298":0.4301263068693001,"299":0.6837221544401202,"300":0.32094466398723287,"301":0.2722513143296962,"302":0.3420845983020062,"303":0.22583913348368606,"304":0.2766992956225999,"305":0.196407661808734,"306":0.2766992956225999,"307":0.09874679592963548,"308":0.0891289055398894,"309":0.2040363885865973,"310":0.35670380669066637,