{"1":1.0487114838740863,"2":-0.013256214051852844,"3":1.1805218128569288,"4":0.16637453511758338,"5":0.058054233551144696,"6":0.13919201075629184,"7":1.6206919886332525,"8":-1.0469217787022096,"9":-1.0469217787022096,"10":-1.054200341847828,"11":-1.054200341847828,"12":-1.3357375439598944,"13":-1.3357375439598944,"14":0.0009359556434942462,"15":0.0009359556434942462,"16":0.08174030567597823,"17":0.08174030567597823,"18":0.08174030567597823,"19":0.4884498915443709,"20":0.4884498915443709,"21":1.882547361508312,"22":1.882547361508312,"23":0.2482609188008642,"24":-0.13880186293025387,"25":-0.10122858302427062,"26":-0.29365908329785273,"27":-0.2158144849852539,"28":-0.3115343110301805,"29":0.2899574416082151,"30":0.33986949880452677,"31":0.44614256928465146,"32":-0.4102146363482122,"33":-0.4085396292332142,"34":0.26863059587583027,"35":-0.4563825495248146,"36":0.8227834735057762,"37":0.566824305170865,"38":0.9876521997046606,"39":0.8435727022584469,"40":-0.22090795079357406,"41":-0.08630194253368195,"42":-0.3044636282396862,"43":-1.0501306987534864,"44":0.2554004879338949,"45":-2.645551502505443,"46":-1.0678704127268173,"47":-2.103308096779835,"48":0.04538551164005966,"49":-0.492773834741417,"50":-0.492773834741417,"51":0.04538551164005966,"52":0.04538551164005966,"53":0.3687452363664834,"54":0.3687452363664834,"55":-1.1730858999505038,"56":0.39523577367893614,"57":-0.46454124644716743,"58":-0.04291606928805236,"59":-0.6681263183557771,"60":-0.07770426872737701,"61":-0.15740575619189467,"62":0.05423629848179168,"63":-0.2508943956069998,"64":-0.41645017759835623,"65":0.4497412029205812,"66":0.3735112007346384,"67":-0.3915306491870032,"68":1.3783377299401032,"69":-0.6879394984097225,"70":-2.2057965314994608,"71":-0.7404836685303477,"72":-0.5178094508599758,"73":-0.35811396911526483,"74":-1.1356256348994407,"75":-0.5716196088749896,"76":-0.6475191549350114,"77":-0.5682574596792564,"78":-0.21481080205566006,"79":-0.41590814797761944,"80":-0.7312342278356105,"81":0.04819947110050915,"82":1.3788529351924534,"83":0.4155568483769123,"84":1.1930989612037854,"85":1.2670679086809944,"86":0.8686358955576257,"87":0.8686358955576257,"88":-1.01646190091064,"89":-1.01646190091064,"90":-0.9212375159734876,"91":-4.2852793798069975,"92":-1.9561834983241653,"93":-1.761388736922541,"94":-0.7472489773230624,"95":1.0401817267242741,"96":-2.0639769484028463,"97":-1.546383203672498,"98":-0.25353424530434054,"99":-1.1871840295037686,"100":-0.846769014974706,"101":0.44753799373558856,"102":-0.0546173745739611,"103":0.05663029084749471,"104":-0.19862531311034903,"105":-0.40717007515099946,"106":-0.6735265791084668,"107":-1.0248564778316727,"108":-1.3520133763330806,"109":-0.36859687690741083,"110":-0.10864603275759244,"111":-0.22909615331749666,"112":-1.057327184877333,"113":-0.52645567369873,"114":-1.3451444897859557,"115":-0.5372010815474189,"116":-0.5670192191455841,"117":-0.8490341810295083,"118":-0.3834196626818933,"119":-1.27354768263878,"120":-0.37053547386913666,"121":-0.4232690087236941,"122":-0.5991440288930123,"123":-1.5229723224350202,"124":-0.6150778147266167,"125":-0.7557642352596972,"126":-0.7557642352596972,"127":-0.17460489296898984,"128":-0.46640115406919636,"129":-0.6236339864904328,"130":-0.7557642352596972,"131":-0.7557642352596972,"132":0.5000613760221553,"133":0.6129841906159932,"134":-0.3465420807559898,"135":-0.6088849740867959,"136":-0.5351228538801829,"137":-0.3697517988772141,"138":-0.7219204488901525,"139":1.2205441729595679,"140":-0.7324503411628083,"141":-0.5811851618200068,"142":0.6527402269470137,"143":-0.3287953946790241,"144":0.03168394664178731,"145":-0.347773982960188,"146":-2.311861959529291,"147":-1.1472947923781271,"148":-0.842116690464958,"149":-0.8955048879199508,"150":-1.5735884405000986,"151":-0.635886777702781,"152":-0.716473526329167,"153":-0.5385331531653104,"154":-0.4466804718319861,"155":-0.586464667053497,"156":-0.5238035536003358,"157":-2.016318163039249,"158":-0.6201186055350589,"159":-0.11089047802668972,"160":-0.009327564558668566,"161":-1.1283381160814967,"162":-0.843783797322192,"163":-0.47763024091696415,"164":-3.115578932875664,"165":-0.9541632355505296,"166":-1.4658514644925877,"167":-0.9380405876408955,"168":-0.7736693075552052,"169":-0.6203563225996405,"170":-0.423958856308182,"171":-0.5103573650647486,"172":-0.3352418668967041,"173":-0.4318745546412277,"174":-0.9005860547544788,"175":-1.0491895304172294,"176":-0.2909894865466238,"177":-0.5418136199780847,"178":-0.44643791212106865,"179":-0.11190648477375431,"180":-0.8786290877037812,"181":-0.5378440335618695,"182":-0.35194564235531733,"183":-0.6197005703358278,"184":-0.42042510548077305,"185":-0.1580092521356482,"186":-0.10588097954587417,"187":-0.31277378350127516,"188":-0.6657591759059933,"189":-0.30293608678420103,"190":-0.11229075287984758,"191":-0.3458740528048758,"192":-0.6514860417675568,"193":-1.050690831338628,"194":-0.7986941534438596,"195":-0.8693498910817605,"196":-1.080777500319003,"197":-1.1855042652668946,"198":0.1820574874078984,"199":-0.765570199776533,"200":-0.4481070749265448,"201":-0.5231396884194917,"202":-0.5231396884194917,"203":-0.8131905304071503,"204":-0.9885018957076563,"205":-0.9115094292275231,"206":-0.8573236190661244,"207":-0.7021048581029832,"208":-0.8450122968326228,"209":-0.988248217509206,"210":-0.590749076121373,"211":-1.087007626176556,"212":-1.4734385900698732,"213":-0.7995114678282227,"214":0.08956419209006494,"215":-0.907104599911162,"216":-1.4695726268026852,"217":-0.5424175741368003,"218":-0.5272139581015076,"219":-0.9915882573446515,"220":-1.1096407141748403,"221":-0.9515235264657811,"222":-1.4394204353372086,"223":-1.502885338961494,"224":-1.4523440186403747,"225":-0.5220524490453096,"226":-1.2549615756770898,"227":-1.557060379137257,"228":-1.6500694816883987,"229":-1.316703668368982,"230":-2.4559212985357846,"231":-1.5891662035404726,"232":-0.9705746223185385,"233":-0.5877965232569486,"234":-1.300326193648972,"235":-1.0990936016100854,"236":-1.2526114401248192,"237":-1.1382116225428374,"238":-0.7255488189708661,"239":-0.7144196209504448,"240":-0.7144196209504448,"241":-1.0090859259505338,"242":-1.0835672918652148,"243":0.36441531337820976,"244":-0.2075443701800106,"245":0.45469378513013126,"246":0.4058290138180074,"247":0.2141211770315118,"248":-0.9620149923678825,"249":0.4315200528300237,"250":0.111547177625829,"251":-1.151202153593752,"252":0.03021093334012881,"253":2.1208980527115044,"254":-0.10045945268148054,"255":0.033439094189374186,"256":0.033439094189374186,"257":0.9069598705140369,"258":0.9069598705140369,"259":0.6551425830285966,"260":0.6551425830285966,"261":-0.0980653691034129,"262":-0.5298465056349242,"263":-0.32249151676538357,"264":-0.26593345952745473,"265":-1.9197356680192526,"266":-0.4623026639651484,"267":-0.255048331706872,"268":-0.255048331706872,"269":-0.255048331706872,"270":-0.1409332936295029,"271":-0.1409332936295029,"272":-0.4596832545731985,"273":-0.16025422379880394,"274":0.2599830043840031,"275":-0.3042744967927451,"276":-0.16253529580254011,"277":0.8843321144890597,"278":0.4406885575403088,"279":-0.002155387229924588,"280":-1.0837863912657437,"281":-0.06780400646199447,"282":-0.7744877346544203,"283":-0.10545354655275574,"284":-0.47517790658624015,"285":-0.18576302289086888,"286":-1.4182564556266277,"287":0.6165210923526947,"288":0.3467580143647282,"289":-1.5198711690450324,"290":-0.7246856033733406,"291":-0.9222698610160904,"292":-1.309230392455703,"293":-0.26755507203428675,"294":-0.8194249136142786,"295":1.5715481010793955,"296":-0.23857460428309274,"297":-0.4157850039611177,"298":-0.1190528164833804,"299":0.6959915478034202,"300":-1.391959373095693,"301":-1.3198245313148087,"302":-1.147305577645942,"303":-1.680932462417644,"304":-1.5263089673202508,"305":-1.0764024572293334,"306":-1.5263089673202508,"307":0.45710680602248477,"308":-0.6217547790135542,"309":-1.4614922332800724,"310":-1.372391857752012,"311":-0.13885586765104563,"312":-1.4765590423225579,"313":-0.3224458837657931,