{"1":-0.2286608745912765,"2":-0.8862632874690892,"3":-0.23589662409091944,"4":-0.04748125742850806,"5":-0.25964429159528213,"6":-0.0020370153616620507,"7":-0.08815423561158993,"8":-0.7362567702971441,"9":-0.7362567702971441,"10":-0.2657250181236044,"11":-0.2657250181236044,"12":-0.1826790919503496,"13":-0.1826790919503496,"14":-0.3872386122684047,"15":-0.3872386122684047,"16":-0.10768938757107363,"17":-0.10768938757107363,"18":-0.10768938757107363,"19":0.02732948352642224,"20":0.02732948352642224,"21":0.027041794289045712,"22":0.027041794289045712,"23":0.033220151398048334,"24":-0.11855837820731066,"25":-0.15208113508264526,"26":-0.11187515977540352,"27":-0.023717812703610036,"28":-0.054908987652448865,"29":0.05919866228942833,"30":-0.02088506267833648,"31":0.35236919148991097,"32":0.1497764669518888,"33":-0.030567047923133056,"34":0.01608517284237987,"35":-0.3397669680632417,"36":-0.3121773851387558,"37":-0.16703433429495818,"38":-0.18173412754940443,"39":-0.3759457736820527,"40":-0.010501276020850325,"41":-0.15621758993343315,"42":-0.9509400875560499,"43":-0.16008727838871079,"44":-0.23599849418002827,"45":-0.3955882818024071,"46":-0.2695095187148414,"47":-0.4136156476169982,"48":-0.26506602270189616,"49":-0.2426980346445649,"50":-0.2426980346445649,"51":-0.26506602270189616,"52":-0.26506602270189616,"53":-0.40156461028585266,"54":-0.40156461028585266,"55":-0.07393573617867455,"56":0.018307935964571323,"57":-0.12269021528153087,"58":-0.014937262170783214,"59":0.027253799836942205,"60":0.10188328537800045,"61":0.011544283733921246,"62":-0.0013841148689390237,"63":-0.2650064033306374,"64":0.03922239451164229,"65":-0.27076673463613266,"66":0.03380314974640036,"67":0.2335754672089363,"68":-0.0016882018743853977,"69":0.112283221351687,"70":-0.0806779156307395,"71":0.015716717533496294,"72":0.11202643437829474,"73":-0.11061041293992724,"74":-0.07768043372891165,"75":-0.10097107273568784,"76":-0.1898228484729761,"77":-0.11182853262953296,"78":-0.07335016846086778,"79":-0.0348418673410405,"80":-0.27438637149943823,"81":-0.1249421103489913,"82":-0.21841270347560043,"83":-0.8651832169234858,"84":-0.04053788162467653,"85":0.1918350299175467,"86":-0.2998279226360316,"87":-0.2998279226360316,"88":-0.12923241288427556,"89":-0.12923241288427556,"90":0.08519897319645525,"91":-0.08860925178856122,"92":0.0007863184986841576,"93":-0.1401423316274198,"94":-0.27460004816188244,"95":-0.2789359575020419,"96":-0.07549222893141772,"97":-0.09442107015445389,"98":-0.22531958951294134,"99":0.3314137425760104,"100":0.23581055835370404,"101":0.05488234607656978,"102":0.04088442740281015,"103":0.15191823950056632,"104":-0.004942659778395142,"105":0.05165219279614491,"106":-0.006116550468756143,"107":0.02954820486529222,"108":-0.22739670830157369,"109":0.001779232830106503,"110":-0.0346520780827656,"111":-0.1175643452875792,"112":-0.10823635111319613,"113":0.005960373254800366,"114":-0.04403926798223701,"115":-0.04842929694589343,"116":-0.019901069954776585,"117":-0.07725152789840678,"118":-0.06369342188708765,"119":0.034697882999948804,"120":0.016115817816061973,"121":0.04194444949624859,"122":-0.07235763963707387,"123":0.04022393646704581,"124":-0.1231523877801741,"125":-0.011938979009685158,"126":-0.011938979009685158,"127":0.11717195030829652,"128":-0.010072032344082715,"129":-0.026134934099356466,"130":-0.011938979009685158,"131":-0.011938979009685158,"132":-0.013141871488090345,"133":-0.003215970364795262,"134":-0.027190675286115906,"135":-0.09384402961202709,"136":0.2149938403428961,"137":-0.3060097800503524,"138":-0.05089007597964823,"139":0.23049784371003773,"140":0.0864517098369657,"141":0.023438856532059515,"142":0.12867675942176449,"143":0.008400253107176958,"144":0.019823287939359585,"145":-0.10148920685821175,"146":-0.009644307787949391,"147":0.23994290457942957,"148":-0.09589581800434022,"149":0.002368631297398338,"150":0.5046910498284279,"151":0.10962801124251745,"152":-0.03734096104390858,"153":-0.12891474005275563,"154":-0.13821598030901966,"155":-0.048101423942138594,"156":-0.14820451750052663,"157":-0.06456522914010598,"158":-0.156292647415326,"159":0.2611013160345267,"160":0.1527344948169418,"161":-0.0205318427814678,"162":-0.08373096691881357,"163":-0.11506373841789233,"164":-0.030545406435735667,"165":-0.05128322541509811,"166":-0.14732286317299942,"167":-0.11740657404018023,"168":0.08597238634915502,"169":0.009450340698513582,"170":-0.07729751444791039,"171":-0.029957314020128634,"172":-0.03750336193660703,"173":-0.2270995870931011,"174":-0.07346490391877258,"175":-0.1845999652746413,"176":-0.08614298002442233,"177":-0.15345673119516418,"178":-0.1794745810767285,"179":-0.38128207168917483,"180":-0.06282095457586667,"181":-0.05553892603471481,"182":-0.07125386283576178,"183":-0.05883457263922327,"184":-0.06669850732492728,"185":-0.13117337760285436,"186":-0.06924759199384947,"187":-0.08715816590732252,"188":-0.10320099123999975,"189":-0.0768203860706676,"190":-0.058833477949639015,"191":-0.19502162155381286,"192":-0.3816082888346046,"193":-0.07851547454103086,"194":-0.23701566176380745,"195":-0.19516702509737843,"196":-0.18736064487712017,"197":-0.34589679093165504,"198":-0.05021757838591867,"199":-0.008524354963875602,"200":-0.09830243476861669,"201":0.11898965331736303,"202":0.11898965331736303,"203":-0.1068352248609484,"204":-0.09420601321512852,"205":-0.054491736907599106,"206":-0.06940531308464852,"207":-0.11102635455940538,"208":-0.09111693442031712,"209":-0.11776846119638494,"210":-0.14784558866568215,"211":-0.04886590929191198,"212":-0.10484146060700808,"213":-0.15678155741740918,"214":-0.14988724377126358,"215":-0.15178122917372458,"216":-0.07452274319797383,"217":-0.09664474980527638,"218":-0.09341750166174995,"219":-0.13348201426586087,"220":-0.07901817025074849,"221":-0.09072188289450933,"222":-0.2813374916322199,"223":-0.06060209129326154,"224":-0.2122659518863385,"225":-0.35377640029211266,"226":-0.08403771146464925,"227":-0.1619102926263007,"228":-0.17668266745991384,"229":-0.2896612943608464,"230":-0.06309108548240705,"231":-0.11081393486379348,"232":-0.046384874524089265,"233":-0.1326370420060363,"234":-0.1136712186635616,"235":-0.21464176134495183,"236":-0.16972067133348628,"237":-0.231652492463571,"238":-0.5863466684649703,"239":-0.09822806123429129,"240":-0.09822806123429129,"241":-0.15703713524181906,"242":-0.07619530543516544,"243":-0.045562139789537104,"244":0.21192988255210676,"245":-0.14925563734860117,"246":-0.15330919247606165,"247":-0.08447397204264873,"248":-0.16893151951198818,"249":-0.03825893738827378,"250":-0.12340713719763033,"251":-0.3229437292009297,"252":0.08645632114484925,"253":-0.15731505820963815,"254":0.05008753846919857,"255":-0.2232472580465157,"256":-0.2232472580465157,"257":-0.08268445724150898,"258":-0.08268445724150898,"259":0.002186722961936449,"260":0.002186722961936449,"261":-0.15169531913870946,"262":0.3040165944355887,"263":0.07039818308348916,"264":-0.1297316918343982,"265":0.25273580436717247,"266":0.04778489047609774,"267":-0.19302889237539209,"268":-0.19302889237539209,"269":-0.19302889237539209,"270":-0.18976823655470687,"271":-0.18976823655470687,"272":-0.3351237456023586,"273":0.01636406734453119,"274":-0.3765411021594519,"275":0.9151268302210931,"276":-0.16079725042338788,"277":0.17633103580414122,"278":0.9979092987149873,"279":-0.3297953259067769,"280":-0.2642074655888805,"281":-0.03348323880610783,"282":-0.024485109428117435,"283":0.09586531016637001,"284":-0.07417374850496544,"285":-0.15745715549589512,"286":-0.11651709974381158,"287":-0.10922323838513978,"288":-0.0035007997540039415,"289":0.059383853186715574,"290":0.11325048879677546,"291":-0.09271979223909366,"292":-0.32944401206933116,"293":-0.43230822287956383,"294":-0.1989045963721005,"295":-0.0488256523811668,"296":-0.05896707907942898,"297":0.010605116168679846,"298":-0.24153549170960997,"299":-0.09284553596339701,"300":-0.20795379529324964,"301":0.11512006562734778,"302":-0.19440120397510297,"303":-0.09648930106099751,