{"1":-0.7177135121116667,"2":-2.347584221494486,"3":-1.1590295854051145,"4":-0.23384473912482417,"5":-0.4571641026476049,"6":-0.624798035650451,"7":-0.03436984596464576,"8":-3.5760540628578195,"9":-3.5760540628578195,"10":-5.896428098643146,"11":-5.896428098643146,"12":-1.0392773784708602,"13":-1.0392773784708602,"14":-1.589642251579185,"15":-1.589642251579185,"16":-0.35773633593367893,"17":-0.35773633593367893,"18":-0.35773633593367893,"19":0.10077154402579924,"20":0.10077154402579924,"21":0.4400425641030985,"22":0.4400425641030985,"23":-0.20603156603754713,"24":-0.7055450841320989,"25":-0.03072849998730315,"26":-0.4825590081477169,"27":-0.5433506360127773,"28":-0.6223576440814771,"29":3.3301326222466283,"30":0.5516181710079833,"31":1.4982651856480391,"32":0.022600159651128493,"33":-0.3011278265505428,"34":0.05455183574192701,"35":-0.6159803957061047,"36":-3.139918500208646,"37":-1.0911401513864085,"38":-0.49725610179626756,"39":1.6228175104711262,"40":4.532084499516875,"41":-2.0199936096221442,"42":0.8361401370193366,"43":-0.2908030874174905,"44":0.41483470484279383,"45":0.332726329579093,"46":2.6505058881635692,"47":-0.35626786649742304,"48":-0.0013053578078476846,"49":-1.405242151607517,"50":-1.405242151607517,"51":-0.0013053578078476846,"52":-0.0013053578078476846,"53":2.3823412390409118,"54":2.3823412390409118,"55":-3.1549578057297936,"56":-0.5683680185838074,"57":-0.671530564118918,"58":-0.7980591920155553,"59":-1.5909709406143477,"60":-2.62237223270518,"61":-0.7113908546006682,"62":-0.8363321119283806,"63":-1.4273890243309715,"64":-0.49298161792440975,"65":-0.482117113479851,"66":-1.4156988369345447,"67":-0.004920638631313423,"68":-1.2473634237118976,"69":-1.962699010932491,"70":-1.3114732574663641,"71":1.3669437926820756,"72":-0.03523527354182132,"73":-0.24778686486246215,"74":-0.5340790750193953,"75":1.5733713654946335,"76":-0.692163465286785,"77":-0.866936321044891,"78":-0.4515452347106468,"79":-0.007596422674073899,"80":-1.0329167278502434,"81":-0.43964488746355546,"82":0.01930575182281835,"83":-2.6331528024581896,"84":0.06260853344053796,"85":0.25471825099504564,"86":-1.4679474228712603,"87":-1.4679474228712603,"88":-4.737205090960892,"89":-4.737205090960892,"90":-5.826638838634015,"91":-4.996626459006677,"92":-5.487696103554153,"93":-8.350237901495746,"94":-3.1361235182136418,"95":-7.839966656206403,"96":-7.289311977782855,"97":-6.413983024071674,"98":-10.393202864214686,"99":0.019370316792946873,"100":-0.6212050075711946,"101":-0.04044525065872051,"102":-0.342788063827955,"103":-0.5846479201232855,"104":-1.109076803199291,"105":-0.7755097772275508,"106":-0.5058877898008656,"107":-0.6597762670499034,"108":-1.3152260845424077,"109":-1.0925532405410756,"110":-3.048387349489772,"111":-0.8526987779647115,"112":-1.1179635940803623,"113":-1.4095035418321515,"114":-0.2780489659608767,"115":-0.41993751129490153,"116":-0.7409964447355795,"117":-1.0229707976071811,"118":-0.7442126504144273,"119":-0.27532655349621926,"120":-1.4357901031387867,"121":-0.6125910537862054,"122":-1.04084648654446,"123":-1.6963150816920542,"124":-1.2740382159585324,"125":-0.6521729775010741,"126":-0.6521729775010741,"127":-1.5962583618672168,"128":-1.0319169249816826,"129":-0.7927111659174502,"130":-0.6521729775010741,"131":-0.6521729775010741,"132":-1.0333077267358668,"133":0.023620592471017332,"134":-1.1155649639640544,"135":-0.7797854135331157,"136":0.5483787909388109,"137":-1.9658880379446275,"138":-3.002635675828971,"139":0.267796882325408,"140":-4.97175578225224,"141":-2.468409542943503,"142":0.19359479114586886,"143":-0.36245594565708394,"144":-2.043515270428351,"145":-1.47051449926819,"146":-2.7715820259626334,"147":-7.053732315523888,"148":-1.7765341828995385,"149":-0.8603181422163804,"150":-0.1814569052523769,"151":-1.6012030408242217,"152":-2.129869167407872,"153":-1.5680394186698456,"154":-1.7657354543700499,"155":-1.493244067458348,"156":-1.5297558026554192,"157":-1.57757172826053,"158":-0.8330739409207868,"159":-1.2735933606476406,"160":-2.0789513863896794,"161":-2.425102116480753,"162":-0.7796054365674712,"163":-1.0396823863008233,"164":-3.271126769437309,"165":-1.0322695980851178,"166":-1.7295523936928179,"167":-0.9011145611318172,"168":-0.908343675184871,"169":-0.8416209424009806,"170":-0.866187047516191,"171":-0.5256531182317361,"172":-0.7424253184817147,"173":-1.3478959887600346,"174":-1.1279810874842475,"175":-3.038720442142509,"176":-0.7005683022886044,"177":-0.2790198804928319,"178":-1.6815110249668557,"179":-2.0349997959214416,"180":-1.062414130838342,"181":-0.6754797380587236,"182":-0.40810131742995415,"183":-0.6520712093370529,"184":-0.6200563974432907,"185":-0.7508669548310705,"186":-0.35954788346580013,"187":-0.759522283663582,"188":-1.3016158402167735,"189":-1.0335325692235577,"190":-0.9185508589931892,"191":-2.3057544298040478,"192":-2.919603603311172,"193":-1.3690870709861276,"194":-3.453216322766014,"195":-2.293839398882449,"196":-2.5486479779331974,"197":-9.447297267892981,"198":-13.759455039041761,"199":-6.030910304782129,"200":-2.2283262389649297,"201":-1.840485990272093,"202":-1.840485990272093,"203":-1.648549906230302,"204":-1.7405231964954555,"205":-0.8405835668305157,"206":-1.6034811621160343,"207":-1.6393857184774299,"208":-0.8781690172521872,"209":-0.6304358591449295,"210":-1.27426047320809,"211":-0.896217350132599,"212":-1.334054004059504,"213":-0.6500198636454857,"214":-0.8407460943591014,"215":-1.211972633443998,"216":-1.7307586705118325,"217":-1.3551240680858063,"218":-1.527890032969362,"219":-2.1957008230201804,"220":-1.6059208526381452,"221":-2.1967695040807222,"222":-2.510304316370167,"223":-0.9026813761087809,"224":-1.4743700867911134,"225":-1.9576795534091351,"226":-2.7621782874050496,"227":-1.0704561386940417,"228":-1.013362115774727,"229":-1.219758578462324,"230":-1.3389835002465,"231":-1.0669413257282527,"232":-1.0197111140420954,"233":-1.1889196291368163,"234":-1.2048610014615164,"235":-1.3025274420425856,"236":-1.300770758539032,"237":-1.4122090000785565,"238":-2.7279254037434506,"239":-0.3615399983214931,"240":-0.3615399983214931,"241":-0.46148512475524295,"242":-0.9735959598431063,"243":-0.3298278916422306,"244":0.35486014072639227,"245":0.9624689717966161,"246":-1.0696602346381028,"247":-0.5650306577960957,"248":-0.7445309979250276,"249":-0.5246605095431215,"250":-0.6576273700401417,"251":-1.3101421930541794,"252":0.33085674824842615,"253":-0.383298652045885,"254":-0.2555704865513375,"255":-0.6119227833576738,"256":-0.6119227833576738,"257":-0.8239059175616628,"258":-0.8239059175616628,"259":-0.2700908853857358,"260":-0.2700908853857358,"261":-1.151580213884623,"262":-0.23044355058713606,"263":-0.11296946858187662,"264":-0.2291230060785403,"265":-0.9304998378697471,"266":0.2276120370775816,"267":-0.49388776805176837,"268":-0.49388776805176837,"269":-0.49388776805176837,"270":-0.08673877695049748,"271":-0.08673877695049748,"272":-0.7984727234367502,"273":0.09800854311988816,"274":0.40319329077479793,"275":-0.5764981774502536,"276":-1.0657255754186394,"277":-1.006522829556701,"278":-1.2538936560227643,"279":-0.5858788961071639,"280":-1.0184135674547372,"281":0.039478046819054424,"282":0.10356787806588819,"283":-0.27489259538435906,"284":-0.04241691897278632,"285":0.32191550733275487,"286":-0.6483292985836261,"287":-0.19964016430951137,"288":0.39513428062314127,"289":-0.7581930548093077,"290":0.055955280483543035,"291":-0.10318945520886036,"292":-1.1810992507261453,"293":-0.7059840909798736,"294":-0.29147119319681325,"295":-0.7683624943181199,"296":0.1525776686885516,"297":-0.6971560992257342,"298":-1.1915370583468734,"299":0.1242288312157771,"300":-0.5200758305967774,"301":-0.7746481283234319,"302":-0.6591322460436957,"303":-0.9456834755810712,"304":-0.7112935449934361,"305":-0.17800488716680896,"306":-0.7112935449934361,"307":0.07455792441218545,"308":-0.35125583920892667,"309":-1.828589197047854,"310":-0.7826716318560107,"311":-0.8773592058381618,"312":-0.6211548730413998,"313":-0.8090291542051409,