{"1":0.2971059205415545,"2":0.3616887034070329,"3":-0.09186540191149534,"4":0.4778597993280974,"5":0.19583292467476487,"6":0.047349885383910884,"7":0.08625244097034934,"8":0.44971216353117116,"9":0.44971216353117116,"10":0.8479459947531945,"11":0.8479459947531945,"12":0.21815830615926513,"13":0.21815830615926513,"14":0.009599109068248957,"15":0.009599109068248957,"16":-0.09027171295167108,"17":-0.09027171295167108,"18":-0.09027171295167108,"19":0.15116776592850972,"20":0.15116776592850972,"21":0.2646371275829701,"22":0.2646371275829701,"23":0.08803555379102351,"24":0.2106147298673125,"25":0.04355400696864112,"26":0.006579780225055676,"27":0.010527853323571451,"28":0.009108458877181536,"29":0.028447822869974604,"30":0.09662331829186283,"31":0.0660450644637143,"32":-0.39528046416737733,"33":0.09538873011143302,"34":-0.03376749821354874,"35":0.009363812328543664,"36":0.37007420063433855,"37":0.04357771016778106,"38":0.03333182590198741,"39":0.25538457256316555,"40":-0.19504590606895406,"41":0.09190186919455123,"42":-0.0924951751692002,"43":0.08787456180727937,"44":-0.06134611578913632,"45":-0.06161432429280955,"46":0.14566040584134182,"47":0.10713418685297593,"48":0.1873865987882697,"49":0.13991924128023492,"50":0.13991924128023492,"51":0.1873865987882697,"52":0.1873865987882697,"53":0.14035245869010887,"54":0.14035245869010887,"55":-0.3634826088600974,"56":-0.06853436101018778,"57":0.10222635515360878,"58":-0.16401694309892711,"59":-0.01953963767073913,"60":-0.13257401003677116,"61":0.0004343450403155036,"62":-0.004110118294421483,"63":-0.03593616666194341,"64":-0.05565063194564082,"65":-0.3157765154374759,"66":0.13124731325015643,"67":0.21496848588357292,"68":0.22935343937668928,"69":-0.14997502845803373,"70":-0.03922133297508312,"71":0.03502580501568581,"72":-0.06785510994902227,"73":0.23721502386797017,"74":-0.03873952226336125,"75":-0.10672061145971468,"76":0.10822172079778086,"77":-0.04254938197156166,"78":-0.009550598740573457,"79":0.053558751751863753,"80":0.06103085964437427,"81":-0.23527654284363564,"82":0.06309106837833611,"83":0.09615564922185849,"84":-0.010338560957961929,"85":0.03451564581291933,"86":0.0152718895688298,"87":0.0152718895688298,"88":-0.07876647252591851,"89":-0.07876647252591851,"90":-0.10877851246763415,"91":0.027064860604429364,"92":-0.08425984529233355,"93":-0.10339764625131898,"94":0.26272592258053307,"95":0.30001057295821765,"96":-0.20762971011812137,"97":-0.0869101615150274,"98":0.3271294547690522,"99":-0.009915520604257544,"100":0.15240071438498903,"101":0.036099506736049114,"102":-0.045953992420941975,"103":-0.03369613858635559,"104":-0.130227262728014,"105":0.08347064460299722,"106":-0.07323214454306873,"107":-0.03110147491950299,"108":0.03474958324045846,"109":0.15099041585458797,"110":-0.1440001336202405,"111":0.05638632405284105,"112":0.05017130454406152,"113":-0.16265334262378098,"114":0.04285203842600263,"115":-0.030149632231696838,"116":0.10108985867656642,"117":-0.32190765871383636,"118":-0.17719404597310875,"119":0.0357648468773879,"120":0.09560469077731762,"121":0.03562018896139743,"122":-0.037075052131979425,"123":-0.1713607741810512,"124":-0.0296492064657915,"125":-0.03285938228408258,"126":-0.03285938228408258,"127":-0.20239260547542243,"128":-0.12092348357822616,"129":0.06179649047677804,"130":-0.03285938228408258,"131":-0.03285938228408258,"132":0.18911708635978325,"133":0.01735784670794066,"134":0.1118751288779043,"135":0.2236258974445411,"136":-0.009004477750350959,"137":0.22061270379883371,"138":0.21730721886690674,"139":0.2358253392541847,"140":0.022304810139938125,"141":0.30273416680298726,"142":0.17260095090717265,"143":0.07975211398458693,"144":-0.027593549088746228,"145":0.3942368395671011,"146":0.25185817544695965,"147":0.2930816317864448,"148":0.02041182054061208,"149":0.02289429393000958,"150":0.3292126081981445,"151":-0.1664448839708706,"152":0.13778384613184275,"153":0.04825182376198567,"154":0.06254651744303305,"155":0.0047845120908127925,"156":0.0957063127412931,"157":0.12107978615306536,"158":0.16328109550552106,"159":-0.1089708064364659,"160":0.09104705536170357,"161":0.02991347501136199,"162":0.02564550986922448,"163":-0.045021801449230126,"164":0.21012818384065524,"165":-0.014544506370004567,"166":-0.0951715773570847,"167":0.17422110078400893,"168":0.008843128310496717,"169":-0.005881926128342874,"170":-0.15342406883398663,"171":0.04762064658560372,"172":0.061855289689497106,"173":0.4020901759954549,"174":0.09104211724694308,"175":0.22959582549966856,"176":0.10569313102204536,"177":0.2138554146746099,"178":0.13942682238059542,"179":0.11209078819463753,"180":0.046575419695585485,"181":0.09890804813396822,"182":0.1477645247955207,"183":0.11755280366696028,"184":0.21290012753126364,"185":0.09012209332577875,"186":0.17760388409828087,"187":0.06251131234042828,"188":0.23065162865573985,"189":0.24618092675947048,"190":0.1913084675490258,"191":0.16385342306259942,"192":0.2172078229172157,"193":0.09571171803735845,"194":-0.005333227096595006,"195":0.018312938517281996,"196":0.18690361949229306,"197":0.25294325012213603,"198":0.21682059168217344,"199":0.12083903619923397,"200":0.037005401870664284,"201":0.03208284060339611,"202":0.03208284060339611,"203":0.05701605310907354,"204":0.039806890763129515,"205":0.10849544302752197,"206":0.05679563808706897,"207":-0.011418487317983839,"208":0.026203911740735913,"209":-0.02050102224773423,"210":0.19414311169063908,"211":0.021292132653387558,"212":0.011988874992665488,"213":0.029285205991419372,"214":0.0925855149056205,"215":0.021432414048626225,"216":0.15318131423501669,"217":0.22701171245331267,"218":0.3779220716058797,"219":0.3048726718076144,"220":0.09218911443231159,"221":-0.016186286028375574,"222":0.10149003964496156,"223":0.21652116221931422,"224":0.19126402904826734,"225":0.07577692699495936,"226":0.052022273329043855,"227":0.19244610792115813,"228":0.10755060858808715,"229":-0.019636871085017105,"230":0.16488640220203332,"231":0.12953283751925831,"232":0.056408915647702895,"233":0.23268157910794843,"234":0.017516210240616392,"235":0.17112377190042644,"236":0.17945862261449014,"237":0.080465779185873,"238":-0.31131413322296814,"239":-0.026646194106638127,"240":-0.026646194106638127,"241":-0.18306119850062844,"242":0.11220946324207613,"243":0.2823648127679834,"244":-0.31195774925918995,"245":0.12919896640826872,"246":0.44638693085666314,"247":0.027239489971546946,"248":0.8612682059284139,"249":0,"250":0.0341080293520475,"251":0.0330763479354516,"252":0,"253":-0.05858416537134419,"254":-0.03677087736400464,"255":-0.034722222222222224,"256":-0.034722222222222224,"257":-0.2256702200889286,"258":-0.2256702200889286,"259":-0.041440998114449706,"260":-0.041440998114449706,"261":-0.007780138420648203,"262":-0.012555977548573655,"263":-0.09565768394667822,"264":-0.07545516844723632,"265":-0.28042121744973275,"266":0.048587585739036945,"267":-0.029675844640968757,"268":-0.029675844640968757,"269":-0.029675844640968757,"270":0.09430440556975528,"271":0.09430440556975528,"272":-0.060686496500521575,"273":-0.06732212292789413,"274":-0.05186074533144927,"275":-0.35279805352798055,"276":-0.01663806402197314,"277":0.038876208198566076,"278":0.15122122310747788,"279":0.0654950332933086,"280":0.1808764299622626,"281":-0.38192874173143143,"282":-0.5749674035933297,"283":-0.4495160719844613,"284":-0.009206566214631909,"285":-0.06779512909110108,"286":-0.4148224185271804,"287":0.04735846379804218,"288":-0.041806034127580716,"289":-0.0257159999046625,"290":0.24172440295904232,"291":-0.2893808617862537,"292":-0.17660866391440172,"293":-0.16259834262835365,"294":-0.12628876798369845,"295":-0.37671405875024633,"296":0.06480910742137094,"297":0.04860006557737623,"298":-0.1835393887196635,"299":0.15015679544387017,"300":-0.02148698239822225,"301":0.12646740393060735,"302":0.2178222700703049,"303":0.002127162708824515,"304":-0.003865179233579208,"305":0.022851956425305464,"306":-0.003865179233579208,"307":0.05896556448947868,"308":-0.05241001087994783,