{"1":-0.5413210693678716,"2":-2.0570655930034762,"3":-2.002276812450987,"4":-0.34452349162932205,"5":-0.17801147117231386,"6":0.48752335576919636,"7":0.35917864505452735,"8":0.2442085877928042,"9":0.2442085877928042,"10":-1.3384063389723848,"11":-1.3384063389723848,"12":-1.929976601687486,"13":-1.929976601687486,"14":-2.747637171773463,"15":-2.747637171773463,"16":0.019997713978976206,"17":0.019997713978976206,"18":0.019997713978976206,"19":-0.02890511737491397,"20":-0.02890511737491397,"21":0.19573873088950344,"22":0.19573873088950344,"23":0.1894784715467076,"24":-0.7321035995292888,"25":-0.082103120790087,"26":-0.330253627156499,"27":0.0377879016971403,"28":0.3304724938992625,"29":-0.2665423363652597,"30":0.2658896497407115,"31":0.2458188308102922,"32":0.4142323648313606,"33":-0.027711721258316724,"34":-0.018749833326413445,"35":-1.895673728788644,"36":-0.23176049334644067,"37":-0.5462968716853818,"38":-0.1161968502087769,"39":0.8179471406506105,"40":-0.12738530538370174,"41":-0.17654496635149264,"42":-1.9713344890063536,"43":-0.4245003901311849,"44":-0.33881130580746865,"45":-1.0447418721374395,"46":-0.15159886890090846,"47":-0.6943246976685893,"48":0.0019715030055280636,"49":-0.7781456221083671,"50":-0.7781456221083671,"51":0.0019715030055280636,"52":0.0019715030055280636,"53":-0.48954358578260826,"54":-0.48954358578260826,"55":-0.06904823581715513,"56":-0.18289978260408635,"57":-0.25580036700973774,"58":0.03375149363417185,"59":0.17061435366757038,"60":-0.43237789265302295,"61":0.14007731653453304,"62":-0.34090856605738895,"63":-0.1770386856002546,"64":-0.0526628590241463,"65":0.2730241228945308,"66":-0.3100258339067662,"67":-0.8115975662467354,"68":-0.81427116771288,"69":-0.15545184082098262,"70":-0.619086423993833,"71":-1.1655391264329045,"72":-0.2024463145382065,"73":0.07314580036147178,"74":-0.034917185111710936,"75":-2.103067742074485,"76":-0.5492271461870941,"77":-0.05123418393177048,"78":-0.6715625529889933,"79":-0.3034527498991101,"80":-0.5672864613556314,"81":0.2364965964821848,"82":-0.6508193634036616,"83":-1.4416234083026127,"84":-0.1732939732813581,"85":0.14726971134334277,"86":-0.509075645349227,"87":-0.509075645349227,"88":-0.06678727113283145,"89":-0.06678727113283145,"90":-0.29068230214184576,"91":-0.26113217098588015,"92":-0.4739085959794549,"93":-0.1320457893152538,"94":-0.15786746791726608,"95":-0.43414708379228295,"96":-0.47560698945109026,"97":-0.28986069459827574,"98":-0.4200307900370813,"99":-0.08096411807811466,"100":0.18932538940865662,"101":-0.3367294598416024,"102":-0.1516857478329342,"103":-0.28927371271314883,"104":-0.0012760752330140956,"105":0.3612178461794332,"106":0.08198156185479144,"107":-0.2852322389560419,"108":-0.165044175884268,"109":0.17667538915596426,"110":-0.34259408388765866,"111":-0.15810681123875092,"112":-0.014127007058936325,"113":-0.1552770497286281,"114":0.14523266332913676,"115":-0.09486600919893262,"116":-0.06433861941402919,"117":-0.1637598239554643,"118":-0.5981492778304747,"119":-0.15621889025260183,"120":-0.36685888569494907,"121":-0.023395524456681027,"122":0.13477275322491167,"123":-0.4103008813346505,"124":-0.07524747244394758,"125":-0.02171795484217931,"126":-0.02171795484217931,"127":-0.3680339593363058,"128":-0.31195308812494615,"129":-0.07236294122931297,"130":-0.02171795484217931,"131":-0.02171795484217931,"132":-0.12972453243336668,"133":-0.7202366095530821,"134":-0.46313864320015785,"135":0.30082423230329214,"136":0.07340898523492978,"137":-0.7989059605769784,"138":-0.5770111758389622,"139":0.7900730595034329,"140":-0.010719008087806792,"141":-0.7573309333737608,"142":-0.6178664462426204,"143":-0.7607652719996758,"144":-1.5481103928867062,"145":-0.12304144261894034,"146":-0.5833374645712435,"147":-0.529560637402315,"148":-0.4038174594843045,"149":-0.15064745615706743,"150":0.710856705714142,"151":-0.954491410270514,"152":-0.08465755851383516,"153":-0.2541092512884119,"154":-0.3523739647181823,"155":-0.82987615978328,"156":-0.5712726358276239,"157":0.19549928119244875,"158":0.25741102268771376,"159":-0.4609150799794346,"160":-3.916530899191496,"161":0.01901811065177128,"162":-0.8574159755434425,"163":-0.09521810756972582,"164":0.006605734015710407,"165":-0.12775963453619132,"166":-0.30170592748342506,"167":-0.30789759160283103,"168":0.461148425087859,"169":0.2688429041766325,"170":0.014253352800253305,"171":-0.003437218343393944,"172":0.6236684005911952,"173":0.6869599483745854,"174":0.07696096072991176,"175":-0.6035401636281903,"176":-0.014880814362436823,"177":0.376524444301805,"178":0.2219905675374534,"179":-0.3457677536887038,"180":0.024351199347313,"181":0.23375815328226035,"182":0.41052145485447966,"183":0.19692648564390258,"184":0.22629102886762276,"185":0.029453514695613636,"186":0.751463544405486,"187":0.5413726881841734,"188":0.32000050751139586,"189":0.8715623913460697,"190":0.49103946937250464,"191":0.25308942044683924,"192":0.09285416044939332,"193":-0.1357181786272048,"194":-0.6544190647890553,"195":-0.5338232308625086,"196":0.6223135713463197,"197":-1.0666348874096676,"198":-1.1687407311253128,"199":0.9686497943511161,"200":0.6948616556555357,"201":-0.42508261527667957,"202":-0.42508261527667957,"203":0.11153669746991002,"204":-0.09727285287272147,"205":0.24865195532828488,"206":-0.15348295917622123,"207":-0.37940090223446343,"208":0.1793807430150114,"209":-0.12459144594242966,"210":-0.5083550690363481,"211":0.10572095043484858,"212":-0.17882427190529515,"213":0.05046348539277645,"214":0.19903774448943434,"215":-0.09725049267252261,"216":0.16507846441667096,"217":0.5203798884656705,"218":0.550537156422432,"219":0.33916866822037917,"220":-0.2731601843104121,"221":-0.27662565393394,"222":-0.21546521315250677,"223":0.21373020670885345,"224":-0.33275723798310386,"225":-0.7269382143581189,"226":0.02487063334248729,"227":0.4171754733072852,"228":0.12618175490610017,"229":-0.10621972034284388,"230":0.08477607537456677,"231":0.26294656792645066,"232":0.1909709799038466,"233":-0.08382980779017224,"234":0.1191174495143077,"235":0.0243706847157803,"236":0.17187250776821172,"237":0.006914075185864066,"238":-3.960712097421032,"239":-0.4767495851655761,"240":-0.4767495851655761,"241":0.12559635497315008,"242":0.18171677219177124,"243":0.4443181483069121,"244":0.04357478913401036,"245":-0.10147786950452165,"246":-0.4010793547200901,"247":-0.10000567395825591,"248":0.053478170842167216,"249":-0.01668891761077082,"250":-0.3102257558499244,"251":-0.01565547281903823,"252":0.32631429979124815,"253":-0.17150411405704968,"254":-0.019326418571875448,"255":0.14406916970451925,"256":0.14406916970451925,"257":0.1290349515702404,"258":0.1290349515702404,"259":-0.015123036063595663,"260":-0.015123036063595663,"261":0.4757865685196142,"262":0.4364635437952604,"263":0.7558637961160526,"264":-0.20309926259500677,"265":0.5263291023607335,"266":-0.08359501274678305,"267":0.13040605998924237,"268":0.13040605998924237,"269":0.13040605998924237,"270":0.010252865642749631,"271":0.010252865642749631,"272":-2.230706826110706,"273":0.23755044867490127,"274":-1.2659869430990338,"275":-2.0103399890038656,"276":-1.5474924211464023,"277":-3.314462563676364,"278":-3.165010827060904,"279":-0.9202941009971592,"280":-1.097478048225572,"281":0.012149687799874645,"282":-0.04701506610801143,"283":-0.33561670551010625,"284":0.0021279782082334053,"285":0.14778613251919176,"286":-0.2650564104041665,"287":-0.9224832547412145,"288":0.531033467980875,"289":0.5588762426656857,"290":0.6431190101857551,"291":-0.15337484628242914,"292":-0.7666433099348824,"293":-0.2555380593648775,"294":-0.46972649345608963,"295":-0.4680128993949439,"296":0.08140021024241967,"297":-0.4329109795186526,"298":-0.44804993037559027,"299":-0.06869917176854184,"300":-0.3761858960859711,"301":1.2005982530198218,"302":-0.7871004012746912,"303":0.49740483564773097,"304":-0.275101881846636,"305":0.1957311624715905,"306":-0.275101881846636,"307":-0.1009481800719001,"308":-0.9573831705678886,"309":-0.2738497124117447,"310":-0.0279348063704834,