{"1":0.011386280177985784,"2":-0.010130983674560879,"3":-0.17296052179490118,"4":-0.0037220835293725954,"5":-0.05356355414755132,"6":-0.005072176626412676,"7":-0.02860872259697482,"8":-0.0010095978772713052,"9":-0.0010095978772713052,"10":0.04175208015059173,"11":0.04175208015059173,"12":-0.0019761373558079692,"13":-0.0019761373558079692,"14":-0.024629225297882053,"15":-0.024629225297882053,"16":-0.03244909778585514,"17":-0.03244909778585514,"18":-0.03244909778585514,"19":0.020876806488391603,"20":0.020876806488391603,"21":-0.045106477959559105,"22":-0.045106477959559105,"23":0.024083175442784138,"24":0.004710821424078131,"25":-0.07564327338456797,"26":-0.010308108865586176,"27":-0.004532619644730673,"28":-0.05932440234016784,"29":0.023231686087782873,"30":-0.06497107252147294,"31":-0.07663471565416888,"32":0.026565459394727035,"33":-0.017655394428240045,"34":0.21228709244352456,"35":0.050181344411999715,"36":0.04276195348954247,"37":0.001000472432405669,"38":0.09352851848901489,"39":0.002373114051056349,"40":0.05599396615586745,"41":0.034574328579336,"42":0.11968990942263028,"43":-0.000032245708995432,"44":0.08563024536628697,"45":0.01995433620642166,"46":-0.012342338095368152,"47":0.015149569151320222,"48":0.04769456622647754,"49":0.06533177466634328,"50":0.06533177466634328,"51":0.04769456622647754,"52":0.04769456622647754,"53":0.07873303030129564,"54":0.07873303030129564,"55":-0.01940667187350885,"56":0.02358309992499269,"57":0.03524536471068518,"58":-0.03557643501120612,"59":-0.02194110679968747,"60":0.0078118070750065605,"61":0.00795967770291095,"62":0.05086708519241187,"63":-0.04705365788646192,"64":-0.046299448593219245,"65":0.0068899487854857736,"66":0.04594123956267983,"67":0.05715166082805613,"68":0.039605601654580685,"69":-0.023764412380839317,"70":-0.20094611227728948,"71":-0.015110383866820357,"72":0.04905743722192653,"73":-0.004094914717069978,"74":0.012416324760375297,"75":0.022625312097501057,"76":-0.01959039325637499,"77":0.005796393730020874,"78":-0.10770626685498177,"79":-0.04562018197849389,"80":-0.0001614986097122073,"81":-0.02480217040295596,"82":-0.045422116167830685,"83":0.003474506281414075,"84":-0.018468971014162623,"85":-0.06370668392698361,"86":-0.0467631914399954,"87":-0.0467631914399954,"88":-0.016178438163444817,"89":-0.016178438163444817,"90":-0.02204548327890328,"91":-0.02459176580517157,"92":-0.028099026172706373,"93":-0.027309672883058606,"94":0.020153001710536744,"95":-0.016764353694529728,"96":-0.04241723595127133,"97":-0.023464341152888174,"98":-0.03567403700738292,"99":0.009382993581446883,"100":0.05400518716354258,"101":-0.004068111664340901,"102":0.02008617305018598,"103":0.02814523432812642,"104":-0.008709403577100788,"105":0.0013679080210965353,"106":0.011154589344018306,"107":0.013393396792133028,"108":0.010130616971087032,"109":-0.0035670929786816435,"110":0.0020594773865923455,"111":0.02168775822839361,"112":0.003094182038750601,"113":-0.011211474375320371,"114":-0.0780804881271335,"115":0.029257204285313254,"116":0.020754561830303442,"117":-0.0813323970671894,"118":-0.06274480488384249,"119":0.026262194234786526,"120":-0.004520094815670311,"121":-0.032304047721543404,"122":0.016532580564477664,"123":0.03441689994581959,"124":-0.1028220004979703,"125":0.034001227879141754,"126":0.034001227879141754,"127":0.015572805260351305,"128":0.02127374025919669,"129":0.026742959240959326,"130":0.034001227879141754,"131":0.034001227879141754,"132":0.024022445257907213,"133":-0.005453729616783573,"134":0.021600324804463986,"135":0.020118596285764234,"136":0.017180308779895254,"137":0.0034393203655497667,"138":0.057447328892720764,"139":0.06904193967524516,"140":0.10805886066536399,"141":0.04588060076707468,"142":-0.047422871023819466,"143":0.028196371461219658,"144":0.015681329728892315,"145":0.037520634646426826,"146":0.019761842632988733,"147":0.014842067050054513,"148":0.0012841251569620689,"149":0.010129636655933756,"150":0.02084367934439335,"151":-0.01688614905481533,"152":0.0019557410041591075,"153":0.011092161113640978,"154":0.010625069353107572,"155":-0.0015209075896749288,"156":0.014438703510361361,"157":-0.006001972179123197,"158":0.03710459392915951,"159":-0.008663918481158918,"160":-0.002104858120025758,"161":0.0054132473905902714,"162":0.0012443614237746398,"163":0.016175462083322906,"164":0.01906787329433672,"165":0.03482991378986691,"166":0.029482626180275834,"167":0.01684968766095134,"168":0.023475464620151203,"169":0.045450425044793,"170":0.016936413542289197,"171":0.03168534576717204,"172":0.04876723396422123,"173":0.012145212645020496,"174":0.03740798800461143,"175":0.039066415181260195,"176":0.014643527100077536,"177":0.002429011559924338,"178":0.01960613486986918,"179":0.011448879587222172,"180":0.010769347861117738,"181":0.027609261193191674,"182":0.031459958666041635,"183":0.001382556285500977,"184":0.021624196004542604,"185":0.010440672321131642,"186":0.02380804654850692,"187":0.014772706804539818,"188":0.026380771553133196,"189":0.020370714334029764,"190":0.0264303747192889,"191":-0.0003326760213894428,"192":0.020209236785070216,"193":0.024177750209395825,"194":-0.003867652660632666,"195":0.01053804197318256,"196":0.027938955459475178,"197":0.017575865902300647,"198":0.04069454677824715,"199":0.04564305957265898,"200":0.05254788275660187,"201":-0.00009602093351401136,"202":-0.00009602093351401136,"203":0.008692331844154695,"204":0.011254293278671256,"205":0.019343995422938583,"206":0.0034989426373662792,"207":0.001574265914308065,"208":0.004097504111676352,"209":-0.0004208497727237956,"210":-0.017709030495460673,"211":0.008388221745823177,"212":0.013826990692794442,"213":0.009505999672491171,"214":-0.003431121917672326,"215":0.013549173044150301,"216":0.007373880506661153,"217":0.008094082113256802,"218":0.020159601065030754,"219":0.009983297469822499,"220":0.015966476908034054,"221":0.005700298794795774,"222":0.03591295159573714,"223":-0.0007452819976227452,"224":0.024556592941555978,"225":0.01876848198490639,"226":-0.014930602732419578,"227":-0.0000318485286844028,"228":0.013994553370843835,"229":0.0259988834325866,"230":0.030590738778016706,"231":0.03234564160854425,"232":0.015009005762642434,"233":-0.008424662369398407,"234":0.014678562563606883,"235":0.04027440141732752,"236":0.07267601421942153,"237":0.02096105294809289,"238":0.0034869200472317577,"239":-0.01103205446772251,"240":-0.01103205446772251,"241":-0.05636403287856645,"242":-0.00477768678281891,"243":0.0006341991720441864,"244":-0.028258000767840505,"245":0.3878740100737008,"246":0.04409643593516696,"247":-0.023509527018353196,"248":-0.051247545426198894,"249":-0.026465873222947675,"250":0.012641002924354237,"251":0.005102159311975291,"252":0.01029214041273719,"253":0.025280946771208682,"254":-0.0007451431868295295,"255":-0.005948707306930451,"256":-0.005948707306930451,"257":0.0705817216485126,"258":0.0705817216485126,"259":0.028277565405979407,"260":0.028277565405979407,"261":0.03335935844003876,"262":0.08238262918938447,"263":0.04436378235781199,"264":0.01132145574242192,"265":0.09105118314250721,"266":0.02330839266897813,"267":0.10017071160615203,"268":0.10017071160615203,"269":0.10017071160615203,"270":0.06046837589457907,"271":0.06046837589457907,"272":-0.00392153268065641,"273":0.01564602434521388,"274":0.07776721679771882,"275":0.032007499459374346,"276":0.04261805875745115,"277":0.04413120826997744,"278":0.08739447930532,"279":0.007102777185879679,"280":0.003012838988362531,"281":-0.0024826151549678394,"282":0.003754239940884578,"283":-0.04637312909518197,"284":-0.005377303204172443,"285":-0.0076121199039242225,"286":0.051508585381578424,"287":0.02674243690456293,"288":0.06714413607878246,"289":0.06015620245334274,"290":0.09405995850759279,"291":0.12249543886747805,"292":0.07363306663641124,"293":0.0955716912238365,"294":-0.00010566624021169854,"295":0.0002339755488178566,"296":0.051553656062504526,"297":0.051988050052915895,"298":0.06392149332527212,"299":0.06036987626884376,"300":0.1712574855630729,