{"1":-0.08553628804363426,"2":0.05212948408229834,"3":-0.0755287009063444,"4":0.07366482504604052,"5":-0.030222771185779845,"6":0.015583661430378343,"7":-0.209412542709137,"8":-0.2242072938912292,"9":-0.2242072938912292,"10":-0.20469651714123668,"11":-0.20469651714123668,"12":-0.22261215426907283,"13":-0.22261215426907283,"14":-0.13433276396708188,"15":-0.13433276396708188,"16":-0.07904087449974892,"17":-0.07904087449974892,"18":-0.07904087449974892,"19":0.0363570745683024,"20":0.0363570745683024,"21":-0.10803272096199473,"22":-0.10803272096199473,"23":-0.009540254922920608,"24":-0.07916550246810096,"25":0,"26":-0.0686106346483705,"27":-0.052289952296468156,"28":-0.07353842382644932,"29":-0.0719527989638797,"30":-0.1951866902972322,"31":-0.399549698535624,"32":0.03929289734472485,"33":-0.06931558924418091,"34":0,"35":-0.7053690311199063,"36":-0.8429814921638938,"37":-0.5666101452602912,"38":0.06852677953867581,"39":0.4026188065742614,"40":-0.9753361183574438,"41":-0.9574055609151584,"42":-0.2515931987230732,"43":-0.22586319432140178,"44":0.3703507776475915,"45":-0.883750231495293,"46":-0.42354995997380096,"47":-0.15371565778713486,"48":-0.7485446121166811,"49":-0.6153365967166737,"50":-0.6153365967166737,"51":-0.7485446121166811,"52":-0.7485446121166811,"53":-0.018754419519730225,"54":-0.018754419519730225,"55":-0.836566312136005,"56":0.1310329766324525,"57":0.4231311706629055,"58":0.04557885141294439,"59":0.02345689070363413,"60":-0.959016408910708,"61":-0.09925888430936572,"62":-0.11827319172377193,"63":0.0726480203414457,"64":0.1414275009749699,"65":0.12472565112638623,"66":0.15030078758870147,"67":-0.09822317194455887,"68":-0.7961773272976592,"69":-0.943471724475929,"70":-0.14077720859063003,"71":-0.859594033468905,"72":0.07419356171487701,"73":-0.4026426972627373,"74":-0.7315168770624536,"75":-0.9247249331016167,"76":-0.016704541435688613,"77":-0.09060121508922825,"78":-0.11106111736032992,"79":0.3420729962016601,"80":-0.12488230681501666,"81":-0.2614564175486582,"82":0.07682058830450866,"83":-0.15324614945620996,"84":-0.39481556008516705,"85":0.25255149379958275,"86":-0.41742773440464687,"87":-0.41742773440464687,"88":-0.6763940457346771,"89":-0.6763940457346771,"90":-1.6294812442579907,"91":-1.1280108707404912,"92":-1.9648572407178,"93":-2.2167646156167224,"94":0.475386796702601,"95":-2.404755215324724,"96":-1.527766789502827,"97":-1.475044525105265,"98":-1.3963344298039906,"99":-0.1438138988338873,"100":-0.07542908666351589,"101":-0.20353992070933646,"102":0.052178433324900964,"103":-0.09960641869486725,"104":-0.15143932935703003,"105":0.028557935521153432,"106":-0.262310286917785,"107":-0.38100279725364083,"108":0.1761846575656772,"109":-0.23591213955892773,"110":-0.5008885878730804,"111":-0.11937138991117754,"112":0.022013346079790913,"113":-0.25778416973144413,"114":-0.3525253750872345,"115":0.13128594752968167,"116":0.1311030008198362,"117":-0.3980114272160662,"118":-0.13425103875958622,"119":0.06933571697102281,"120":0.1266389514790047,"121":-0.14035087719298245,"122":-0.2385574376080638,"123":0.00014859312541248837,"124":0.019325139793993307,"125":-0.06975416125229703,"126":-0.06975416125229703,"127":-0.7129158272444517,"128":-0.1624374005988351,"129":-0.008306302647359515,"130":-0.06975416125229703,"131":-0.06975416125229703,"132":-0.3674639359549664,"133":-0.778456865993076,"134":-0.32793945589697865,"135":-0.5367277582232093,"136":-0.34643255558994035,"137":0.0957160074047213,"138":-0.9894505131799222,"139":-0.09121990505664612,"140":-0.9120750636638694,"141":-1.0755327182058556,"142":-0.36186302899302114,"143":-0.7706779561086692,"144":-0.5970407545210694,"145":-0.30371179806598037,"146":-0.8677941513560943,"147":-0.762057119854858,"148":-0.36105396744841883,"149":-0.3385553187653626,"150":-0.7625129678382678,"151":-0.7839319800078572,"152":-0.5177661318367321,"153":-0.5048831577388472,"154":-0.4588109477615005,"155":-0.4273254820682355,"156":-0.34275139338024424,"157":-0.7595625278720004,"158":-0.2733752702176329,"159":-0.21706767418486897,"160":0.07237889382909035,"161":-0.5819867074487104,"162":-0.6177953147900832,"163":-0.2769709132340339,"164":-0.7500392408014545,"165":-0.855426947338732,"166":-0.31305638573701355,"167":-0.12649464803900473,"168":-0.4442612566444493,"169":-0.4033001308107925,"170":-0.23264130608112488,"171":-0.11842989498828438,"172":-0.26245641830374455,"173":-0.07431289084847259,"174":-0.7388346525422332,"175":-0.32734782836590537,"176":-0.3151277979768864,"177":-0.2317478408387747,"178":-0.21115976864337033,"179":-1.1891234273828772,"180":-0.32561513289462274,"181":-0.005635915424854851,"182":-0.20154863000522164,"183":-0.43205400795238735,"184":-0.275119391967218,"185":-0.3953856557178905,"186":-0.40875265841283065,"187":-0.37261578887413904,"188":-0.365904906705669,"189":-0.1461236482928841,"190":-0.09621228912613333,"191":-0.18183071120684938,"192":-0.42336786791327896,"193":-0.4292002114800377,"194":-0.36977179590319464,"195":-0.5965069387791913,"196":-0.2686989046272794,"197":-0.5239685202174713,"198":-0.11512720685964314,"199":-0.41616947775976154,"200":-0.0744230006509892,"201":-0.6377349496923946,"202":-0.6377349496923946,"203":-0.4599777783346744,"204":-0.2896611746757226,"205":-0.3777879386434999,"206":-0.3513077283279866,"207":-0.3545056029273117,"208":-0.16273917212826322,"209":-0.11037542461800617,"210":-0.2804665283846189,"211":-0.11505575039418507,"212":-0.20138122392191526,"213":-0.15373587290644897,"214":-0.06668621759006488,"215":-0.546361005135345,"216":-0.41235450773958293,"217":-0.41668357070521433,"218":-0.43483559247618575,"219":-0.4058644460189831,"220":-0.28744339508281264,"221":-0.1957829446785236,"222":-0.6611758369438882,"223":-0.4084509314176988,"224":-0.3820952119032766,"225":-0.022107249859550995,"226":-0.49955406837084976,"227":-0.7456934105641937,"228":-0.4846307414693318,"229":-0.1873891964787835,"230":-0.6618164993370559,"231":-0.6347959100713374,"232":-0.7211495192669869,"233":-0.1957614439306292,"234":-0.4159776205453593,"235":-0.393539641449974,"236":-0.40601358845041247,"237":-0.39224395189008493,"238":-0.17492480105690333,"239":-0.6010792551579405,"240":-0.6010792551579405,"241":0.2169874470693533,"242":-0.14908684308609765,"243":-0.16002560409665548,"244":0.3400526863203123,"245":-0.21299254526091588,"246":-0.20182480575168454,"247":0.10198878123406425,"248":-0.7884721612584794,"249":-0.16583747927031509,"250":-0.49114581029474647,"251":-0.6172839506172839,"252":-0.11471617757216285,"253":-0.2041411490230388,"254":0.07707623350118287,"255":-0.15335399062768273,"256":-0.15335399062768273,"257":-0.6505544005544006,"258":-0.6505544005544006,"259":-0.3218560703889044,"260":-0.3218560703889044,"261":-0.10588257050716084,"262":0.4248249542673311,"263":0.08612082041090584,"264":-0.09659494779236488,"265":0.17048150011648078,"266":-0.007683489743547101,"267":-0.12792088423016973,"268":-0.12792088423016973,"269":-0.12792088423016973,"270":2.988266853702439,"271":2.988266853702439,"272":-0.08439096030336907,"273":0.05638037962788949,"274":-0.21226915729144555,"275":-0.4789935143386428,"276":-0.15479364241138305,"277":-0.489478598048761,"278":-0.49498372686243103,"279":-0.07871938006305206,"280":0.045819014891179836,"281":-0.4577822990844354,"282":-1.4447236180904524,"283":-1.5617584303627392,"284":-0.6906272022551092,"285":-0.15946885406515293,"286":-0.6913428874218598,"287":-0.23054755043227665,"288":1.3675213675213675,"289":-0.12750665374068137,"290":-0.3081763299793694,"291":-0.22544283413848631,"292":-0.3757672436872613,"293":-0.6943097869674899,"294":-0.7374300714650528,"295":-1.6384289665547018,"296":-0.11305822498586772,"297":-0.19589621699389068,"298":-0.5907323716944742,"299":-0.09240574491186128,"300":-0.23283241884785327,"301":-0.4897034339940028,"302":-0.24223395035469586,"303":-0.28486083933497114,"304":-0.19670979765166358,"305":-0.22693941230894998,"306":-0.19670979765166358,"307":-0.01492713356494102,"308":-0.4050934430552732,"309":-0.03689225735284912,