{"1":-0.39800663784082113,"2":-0.35880698921801946,"3":-0.8927831000739821,"4":-0.5506259176321948,"5":-0.22299744376073827,"6":-0.33561194561328245,"7":0.7080668090821183,"8":-0.7992180397881743,"9":-0.7992180397881743,"10":-0.3156316950007412,"11":-0.3156316950007412,"12":-0.010517675677405691,"13":-0.010517675677405691,"14":0.28667357359708356,"15":0.28667357359708356,"16":0.20683358399696394,"17":0.20683358399696394,"18":0.20683358399696394,"19":0.6767489845191714,"20":0.6767489845191714,"21":0.5022393027505148,"22":0.5022393027505148,"23":0.023460558259359,"24":0.35683136490704914,"25":0.6922511660821652,"26":0.014788704567143984,"27":-0.04857477958368728,"28":-0.16901089547386272,"29":0.38043053017403494,"30":0.18521947913029635,"31":-0.04210533790889759,"32":-0.18698603106879608,"33":-0.14763019489627105,"34":-1.0520341108746858,"35":-1.0125301196167165,"36":-0.7270860163481139,"37":-0.5529467174553933,"38":-0.8120022831594751,"39":-0.03310574752773299,"40":-0.42697353748885725,"41":-0.11124097644278486,"42":0.06800499071052002,"43":-0.6810371023529544,"44":0.5584603211827597,"45":-0.4608583097253742,"46":-0.29335773961672196,"47":-0.8175559695677679,"48":-0.4485431056984126,"49":-0.7192573489793261,"50":-0.7192573489793261,"51":-0.4485431056984126,"52":-0.4485431056984126,"53":0.6146166234543919,"54":0.6146166234543919,"55":-1.6054088402359827,"56":0.4653082940428881,"57":0.44839605968528895,"58":-0.3437649139524428,"59":-0.07716335848224087,"60":1.378185793283059,"61":0.7314264202092806,"62":0.6748097886561086,"63":0.3026311966621005,"64":0.46948629390612595,"65":0.591113227076455,"66":1.208546697073249,"67":-0.19647165737729555,"68":1.494700356911629,"69":-1.229483294475564,"70":-1.518444211620352,"71":-0.4159350745363053,"72":-0.4199363175290838,"73":-0.17780845280660618,"74":-0.7098630820092922,"75":0.29424242224160047,"76":-0.31361013296172047,"77":-0.03976399825606247,"78":0.1874833752167957,"79":-0.20287375565277532,"80":-1.0944458655908873,"81":-0.33619946024508973,"82":0.8102687270967488,"83":0.2936681322390209,"84":0.20146641427033352,"85":1.3915228134357474,"86":0.26526935450769873,"87":0.26526935450769873,"88":-2.2531845696076758,"89":-2.2531845696076758,"90":-0.008676905146163705,"91":-1.9158759530005263,"92":-1.0204974848847037,"93":-0.7139696054678524,"94":-1.484889244910852,"95":1.2291594676981816,"96":-0.5606518587898357,"97":-0.12811040930591666,"98":1.255994402089339,"99":-1.1015582708920189,"100":-0.6775839611081951,"101":0.29438180413079973,"102":-0.7768555160246375,"103":-0.430632428487435,"104":-0.179820315873092,"105":-0.6836552025613516,"106":-0.5844217825776239,"107":-0.432271011549779,"108":-0.672812727183139,"109":-0.40462213996679797,"110":0.181126856441022,"111":-0.42336224860408045,"112":-0.3031879165471034,"113":-0.6472106349309374,"114":-0.9549649446474566,"115":0.18180171187333727,"116":0.6232788763667036,"117":0.1561646454658474,"118":-0.16065696836171828,"119":-0.4162196381981058,"120":-0.35056655124416514,"121":-0.24029195466217113,"122":-0.4454745965399809,"123":-0.16542295895591064,"124":-0.4294030252853209,"125":-0.4608861457152651,"126":-0.4608861457152651,"127":-0.08481224421306521,"128":-0.2097183481021303,"129":-0.3123623916464022,"130":-0.4608861457152651,"131":-0.4608861457152651,"132":-0.5108250324235044,"133":0.7394614220584312,"134":-1.0370266680852334,"135":-1.009578333877954,"136":-0.8254718973182342,"137":-0.9590343742939744,"138":-1.5248288192116792,"139":1.3022118191078418,"140":-1.7739016188205596,"141":-1.6326231855843014,"142":1.2415884762189977,"143":-0.5689366398552078,"144":-0.7503794969865849,"145":-0.11905299546541404,"146":-2.8033293657741645,"147":-0.841731452754745,"148":-1.0802037906249136,"149":-0.9029982212183962,"150":-1.875091685869891,"151":-1.028836219989298,"152":-0.9106081979335987,"153":-1.127442789613208,"154":-1.0043102166572297,"155":-1.0086611685641031,"156":-0.9441891479834901,"157":-1.5456451505746909,"158":-0.7343175270284914,"159":-0.7957422915370258,"160":-0.5757046206427239,"161":-2.164058113844504,"162":-1.0969177717230103,"163":-0.537541609812954,"164":-2.809762040725367,"165":-0.8529193492013492,"166":-1.2304399975556355,"167":-0.4638773393837754,"168":-1.1424094763959745,"169":-0.8485101753338773,"170":-0.4775713673834834,"171":-0.19325294299774542,"172":-0.6009261660664906,"173":-0.8305488885875469,"174":-0.6650814873900686,"175":-0.8418950024005678,"176":-0.609106258947905,"177":-0.35716252155230066,"178":-0.8095033011469961,"179":-0.48854144122431853,"180":-0.9717847320825101,"181":-0.7837752528975346,"182":-0.5689885866056552,"183":-0.8702124147730474,"184":-0.4854655189886399,"185":-0.33396225498288956,"186":-0.6833345067512888,"187":-0.8034654783002513,"188":-1.0657362753991122,"189":-0.8458893778785932,"190":-0.7122751744198386,"191":-0.6328687712729248,"192":-0.9075824764120699,"193":-1.480425312586553,"194":-0.7847546877254943,"195":-1.1811317107797277,"196":-0.9929331375793247,"197":-0.8875685987020443,"198":0.27352126818609346,"199":-0.8829710171228391,"200":-0.9070425022924278,"201":-1.2310526373117026,"202":-1.2310526373117026,"203":-1.0614017238980038,"204":-1.291207004764312,"205":-0.7495226204659362,"206":-1.0687956053796865,"207":-0.9338073489845196,"208":-0.7616148011962296,"209":-0.9514845974654302,"210":-1.351087025516959,"211":-1.3253859125927003,"212":-1.3194613207840735,"213":-0.653342690905024,"214":-0.4972410766318567,"215":-0.8666459926619501,"216":-2.1504165749664494,"217":-1.1551048573194422,"218":-1.4087358438057058,"219":-1.6966748256277335,"220":-1.8226786620552664,"221":-1.558660073871458,"222":-1.4293542493423903,"223":-1.144803896466057,"224":-0.8855437217788076,"225":-0.5182312744528079,"226":-0.8932655262339559,"227":-1.2573367765426045,"228":-1.291595188704871,"229":-0.6542802789081668,"230":-1.8308088037461596,"231":-1.4068895961615713,"232":-1.1919806763932002,"233":-0.7250340468312788,"234":-1.7871856243089956,"235":-0.974427382237359,"236":-1.1848114943753019,"237":-1.0492603068335726,"238":-0.8665124259206005,"239":-0.5712804294885396,"240":-0.5712804294885396,"241":-0.12019643781454636,"242":-0.49237381755660725,"243":-0.27322443015615816,"244":-0.4920832253156915,"245":-0.6456704387152876,"246":-0.4078762260190385,"247":-0.13243903760078668,"248":-1.2290932123694875,"249":-1.0464078672596633,"250":-0.6636844037151972,"251":-1.458000920041064,"252":-0.6727221521756894,"253":0.20345121553121492,"254":-0.21874996334190677,"255":-0.10776679284962953,"256":-0.10776679284962953,"257":-0.21217712975665837,"258":-0.21217712975665837,"259":-0.25254752361271704,"260":-0.25254752361271704,"261":-0.0587163211175703,"262":0.5904576059469209,"263":-0.17694108966133815,"264":0.15005655924843087,"265":-0.86180271382465,"266":0.09354400800224516,"267":-0.037677945892382714,"268":-0.037677945892382714,"269":-0.037677945892382714,"270":0.539101052005277,"271":0.539101052005277,"272":-0.05926062194339998,"273":-0.030469784656080245,"274":0.3257541424160336,"275":0.30638615812367975,"276":0.5665439221712409,"277":1.9542630385772837,"278":0.972808227774665,"279":0.2573913813040075,"280":-0.5933894231056569,"281":0.03883435952916536,"282":-0.2748287303952337,"283":0.025905903884996917,"284":-0.21415768606883134,"285":-0.48000591895197975,"286":-0.8486485378431156,"287":0.2539173636556269,"288":0.6127029985443884,"289":-0.744788133881447,"290":-0.2006567586062964,"291":-0.4662221943435898,"292":-0.4917692600041361,"293":-0.20911385355457313,"294":-0.1409615753473783,"295":0.1435221607221875,"296":-0.018662790701482357,"297":-0.683862857579836,"298":-0.06648413749306492,"299":0.18098554322983018,"300":-0.25805751563914026,"301":-1.5544776484368965,"302":-0.9708575544374707,"303":-0.5509152773001675,"304":-1.5406270510303992,"305":-0.4687623117427213,"306":-1.5406270510303992,"307":0.5755506513406994,"308":-0.10439720359418825,"309":-0.42111572394300456,"310":-0.42761848898298727,"311":-0.10191024254892156,"312":-0.2720888801769208,