{"1":0.242492072374557,"2":0.06078801907591842,"3":-0.6282222060138889,"4":0.40515653775322286,"5":0.4338090774032183,"6":-0.0023769679025222035,"7":-0.1650248508171519,"8":0.1395260974914734,"9":0.1395260974914734,"10":0.08775457674608461,"11":0.08775457674608461,"12":0.04376937779320511,"13":0.04376937779320511,"14":-0.2699003898200453,"15":-0.2699003898200453,"16":0.34631008110099293,"17":0.34631008110099293,"18":0.34631008110099293,"19":0.2801494059684971,"20":0.2801494059684971,"21":0.11667634809229832,"22":0.11667634809229832,"23":0.08094790895788584,"24":0.01829351266488466,"25":1.2738853503184713,"26":-0.137221269296741,"27":-0.07478108183325388,"28":-0.18143381190557417,"29":0.7953371376167079,"30":-0.3010756785027707,"31":0.06634704018622864,"32":0.010795638562020943,"33":-0.1076585112545838,"34":0.10678056593699947,"35":-0.056609623955580224,"36":0.5516748173219357,"37":0.22824462143597868,"38":0.3882596052456575,"39":0.9139178059283414,"40":0.3363691920389661,"41":0.10124945430006593,"42":0.5388983238983339,"43":0.12558820799517856,"44":0.5579026788699348,"45":-0.5261949354383197,"46":0.2976195795993635,"47":-0.11419710124754234,"48":0.033850394789470495,"49":-0.09246453834422497,"50":-0.09246453834422497,"51":0.033850394789470495,"52":0.033850394789470495,"53":0.6293113420640865,"54":0.6293113420640865,"55":-0.07789962553481355,"56":-0.1168153568198518,"57":0.014513422752798988,"58":-0.2449638325515776,"59":-0.2633334435731911,"60":-0.16346180688615541,"61":-0.4834900454465461,"62":0.3299046679189086,"63":-0.3243593902043464,"64":-0.3713463353494249,"65":-0.4623531114122048,"66":0.09612620883678824,"67":0.31150297716926967,"68":0.01931747989839272,"69":-0.9783807448988122,"70":-1.4286317244653057,"71":-0.43674992571873916,"72":-0.0003282650529760067,"73":0.02083831241737316,"74":-0.027364956065145996,"75":-0.06165677335423703,"76":0.1318706412963016,"77":0.2758583969507572,"78":-0.09927028352225209,"79":0.03527098950234786,"80":0.5356531537259214,"81":-0.056987553168377836,"82":0.1668529423553306,"83":0.7179652802418728,"84":0.3744564707883553,"85":0.26809583496748735,"86":0.36455355471339157,"87":0.36455355471339157,"88":-0.08157495063853648,"89":-0.08157495063853648,"90":-0.3506719891229726,"91":-0.013468864103267864,"92":-0.8912181941509038,"93":-0.6504246191309659,"94":-2.731501952407346,"95":-0.016094290342385242,"96":-0.46317411415561377,"97":-0.8924673333100792,"98":-0.1774802658951572,"99":0.18249540210757853,"100":0.34292495492510605,"101":-0.06127993030876783,"102":0.15620379155265376,"103":0.03256627339926227,"104":0.18712913293235597,"105":0.09520752235356897,"106":0.11792690148575391,"107":0.3890783215213694,"108":0.22080236772635797,"109":0.29412657488001787,"110":0.19104901708166955,"111":0.47154757579078305,"112":0.11732127878527948,"113":0.09380416910401185,"114":-0.5371040300918273,"115":0.37153348109326945,"116":0.4978388573227825,"117":0.4093676659155956,"118":0.30698380726834507,"119":0.7785393278989969,"120":0.468847283745879,"121":-0.0017046665246111536,"122":0.28964009022090575,"123":-0.10041991734054778,"124":3.432959775135427,"125":0.5051471988637547,"126":0.5051471988637547,"127":-0.40690168754725553,"128":0.3443681567424408,"129":0.14785432354269,"130":0.5051471988637547,"131":0.5051471988637547,"132":0.08186130973236116,"133":0.1291625929864837,"134":-0.31345688691565454,"135":0.2231275056228889,"136":0.11131602451830316,"137":0.14530283956272066,"138":0.04755170348888027,"139":0.20690604803976143,"140":-0.06957740601207263,"141":0.10882058982600518,"142":0.2131120929598228,"143":0.12485666769466486,"144":0.20382067626162115,"145":0.49803645094525,"146":0.043651632159080245,"147":-0.08140022308481276,"148":-0.1833799712888757,"149":-0.004553296905462745,"150":0.07009632999604426,"151":-0.27945371001377994,"152":0.08667767506808652,"153":0.2409806500836066,"154":0.18263010392026402,"155":-0.026403573698852822,"156":-0.01648282929107836,"157":-0.47073168415565925,"158":0.40547535334695983,"159":-0.06930425767275594,"160":0.08347383906352354,"161":-0.014835760048420799,"162":0.1249209733413486,"163":0.4861715494019853,"164":0.13233885890300234,"165":0.4660798841441256,"166":0.10677446830864368,"167":0.33546215707112026,"168":-0.2194700990287759,"169":0.6081692648025336,"170":0.6883223220851847,"171":0.7345333976381114,"172":0.5162469888977907,"173":0.07371307967845456,"174":0.17120095099619304,"175":0.39285712902039954,"176":0.07299183081530802,"177":0.3273552499754496,"178":0.1331280173934926,"179":0.05448046888013641,"180":0.24229824679760198,"181":0.2923237089312923,"182":0.42590024302242946,"183":0.07484339477237936,"184":0.24783106304845434,"185":0.17215662422844605,"186":0.34697134833065957,"187":0.18967525213014153,"188":0.2416572285753959,"189":0.18514046378993188,"190":0.3079764263227973,"191":0.1664037540429046,"192":0.26907735776527064,"193":-0.052851993868182345,"194":-0.12739496814058934,"195":-0.0721882003421464,"196":0.23017271616997553,"197":-0.014459994700645185,"198":0.6728143120949435,"199":0.48761944316253114,"200":0.725385210704856,"201":0.028321809794304542,"202":0.028321809794304542,"203":0.07644943038780026,"204":0.1340969545618587,"205":0.1465305750011981,"206":0.081979691033117,"207":-0.005662673324228484,"208":0.13127317901188035,"209":0.05997760999365419,"210":0.06951153577764621,"211":0.16109664289301062,"212":0.22575562038333458,"213":0.17061094099737079,"214":0.12691972949450503,"215":0.14723289696949657,"216":0.12601864491170195,"217":0.12885094361322902,"218":0.29440244570588575,"219":0.1702567517775235,"220":0.061295224832428996,"221":0.2467334950911359,"222":0.46405850122320985,"223":0.13393503888668218,"224":0.3206149549276247,"225":0.24607632533063908,"226":-0.294314641320069,"227":0.3141451534352542,"228":0.129633184425352,"229":0.15818744725510775,"230":0.1910890466070389,"231":0.17783292951847787,"232":0.04086262092769144,"233":0.09458678847286489,"234":0.18335892353744765,"235":0.4436774610031141,"236":0.5175680021204501,"237":0.22423569155077772,"238":0.03082445990123958,"239":-0.22299868944868026,"240":-0.22299868944868026,"241":0.6484051234609686,"242":0.1437515400267444,"243":0.24331672646229555,"244":0.2823411784988282,"245":4.524533551824825,"246":0.26211432440274696,"247":-0.22695858718698841,"248":-0.14715685195879838,"249":-0.4975124378109453,"250":0.013196502558204676,"251":0.0391715150655125,"252":-0.32930845225027444,"253":-0.029163021289005542,"254":-0.014956890382076184,"255":0.1221239906821812,"256":0.1221239906821812,"257":0.4608454608454609,"258":0.4608454608454609,"259":-0.10826313031832938,"260":-0.10826313031832938,"261":0.07689547341979802,"262":0.6356315313610463,"263":0.08092485549132948,"264":0.19187719859290053,"265":0.8875529175294936,"266":0.08483563096500531,"267":0.4008450246465522,"268":0.4008450246465522,"269":0.4008450246465522,"270":0.1628977269612569,"271":0.1628977269612569,"272":-0.1106946362420815,"273":0.05638037962788949,"274":0.4554326610279766,"275":0,"276":0.3181336161187699,"277":0.17134481066706042,"278":0.5498621132806257,"279":0.07112375533428165,"280":-0.03939615340877755,"281":0,"282":0,"283":-0.24143234446340012,"284":0.6722924388102273,"285":-0.03215434083601286,"286":0.42025635637739023,"287":0.34812880765883375,"288":1.1965811965811965,"289":0.47474362081566973,"290":1.3178743203159313,"291":1.1977360621434194,"292":1.16616836078592,"293":0.3499397201765577,"294":0.05827313124033812,"295":-0.12488674669277935,"296":0.15485162649412965,"297":0.6659729448491155,"298":0.7188046434700077,"299":0.16602278625182795,"300":1.3453983008815475,"301":0.7879602041905882,"302":1.0852430440401366,"303":0.7326288448863694,"304":1.041477469864964,"305":0.7210408238017213,"306":1.041477469864964,"307":0.7086708300972909,"308":0.04953281830498042,"309":0.9279445820439558,"310":1.1758500276171164,"311":1.0830093196990487,"312":1.2109291667956583,"313":0.5745820913432849,"314":0.4171973004169782,"315":0.20797227036395147,