{"1":-0.004812905002999612,"2":-0.011621679469889233,"3":-0.07679180887372014,"4":-0.02510479972497967,"5":-0.0573166036678496,"6":-0.015665772319724693,"7":-0.014031606345564804,"8":-0.013447078303856696,"9":-0.013447078303856696,"10":0.011956065099692041,"11":0.011956065099692041,"12":-0.0030778624128554215,"13":-0.0030778624128554215,"14":-0.0021208005824301292,"15":-0.0021208005824301292,"16":-0.008427720332025823,"17":-0.008427720332025823,"18":-0.008427720332025823,"19":0.01065176607908324,"20":0.01065176607908324,"21":-0.021309101111248584,"22":-0.021309101111248584,"23":0.006049380160430658,"24":-0.0005418138917745417,"25":0.019569471624266144,"26":0.018068972355862717,"27":-0.008691110295102744,"28":-0.04013340401957087,"29":0.005505140962136702,"30":-0.009603284291653016,"31":-0.03686269983840851,"32":0.022844563775151407,"33":-0.005518871752596615,"34":0.1970199168710055,"35":0.04151700263025416,"36":0.023165363120490987,"37":-0.010856607509052651,"38":0.05844911863735609,"39":-0.02527019932598147,"40":0.049337719768094875,"41":0.02131877305267224,"42":0.08243382595702764,"43":-0.0008848748655147579,"44":0.061654614224665116,"45":0.03016997741206002,"46":-0.02296255453526161,"47":0.023980224727910504,"48":0.02620935797889383,"49":0.05363169662389268,"50":0.05363169662389268,"51":0.02620935797889383,"52":0.02620935797889383,"53":0.049364567257574286,"54":0.049364567257574286,"55":-0.015644102686368372,"56":0.027730751472257512,"57":0.040984857848669703,"58":-0.03109307047728673,"59":-0.014830788836318826,"60":0.004540837666408046,"61":0.020171150341757288,"62":0.03676255886078128,"63":-0.024709363132592005,"64":-0.026255430099310348,"65":0.022349368009974183,"66":0.02732936515212192,"67":0.03060070217666397,"68":0.04162892767072705,"69":0.007045865642877347,"70":-0.10592377303489356,"71":-0.0022483297294127944,"72":0.04202348003143733,"73":0.0059802998996818894,"74":0.00796299738548284,"75":0.029158437626145728,"76":-0.0047294514459524165,"77":0.009400804673745704,"78":-0.03279048398226224,"79":-0.033697142436844414,"80":-0.0017738909703202757,"81":-0.006491971387608604,"82":-0.02477883374719969,"83":0.004797066296705281,"84":-0.013608962620363863,"85":-0.021116933129234534,"86":-0.028855145858232054,"87":-0.028855145858232054,"88":-0.0015680026897448296,"89":-0.0015680026897448296,"90":-0.011566484606363656,"91":-0.021919496700515753,"92":-0.008103136821341918,"93":-0.015345515034212685,"94":0.067773491074897,"95":-0.008559336854013,"96":-0.02707655038332741,"97":-0.01381655203359032,"98":-0.024508170647496247,"99":-0.0025848459912315366,"100":0.03668042124419465,"101":0.002397194371178246,"102":0.023596163574301415,"103":0.026551455162337256,"104":0.00611711395822738,"105":-0.00021372212273506816,"106":0.004913113980346447,"107":-0.0003485305262748012,"108":0.003964040213627576,"109":-0.0018906946230341573,"110":0.0032481971848300276,"111":0.01254208475432493,"112":0.006322920971419448,"113":-0.0026844439153515393,"114":0.008921368526652346,"115":-0.0009047582476273963,"116":0.016936822529956378,"117":-0.021849419696665796,"118":-0.008975383382605187,"119":-0.00042943390446249785,"120":-0.01467828034926465,"121":-0.005654295715252736,"122":0.014655552383329731,"123":0.018099670619713445,"124":-0.07056717609126861,"125":0.004345935790378688,"126":0.004345935790378688,"127":0.0228268376713514,"128":0.0029157284268976104,"129":0.012036576119139723,"130":0.004345935790378688,"131":0.004345935790378688,"132":0.020921729423660967,"133":0.006393625883214307,"134":0.024181704644380665,"135":0.012249791869714623,"136":0.007075991339620724,"137":-0.0042874658926431095,"138":0.042550702249865145,"139":0.05354812252490051,"140":0.074432665405449,"141":0.014826081214868204,"142":-0.020662479091838375,"143":0.015245526429919068,"144":0.005790359926630472,"145":0.026113994363583574,"146":0.011436420408190151,"147":0.013467195356551033,"148":0.004009696562281335,"149":0.007786420922348781,"150":0.01104289332248944,"151":-0.0017616652487815118,"152":-0.0032755310777698443,"153":-0.0007290337304858494,"154":0.00030831406289407587,"155":-0.0019092829814950172,"156":0.006224359162357251,"157":0.005019202499946189,"158":0.009905548395053459,"159":-0.007592564877997924,"160":-0.003546799164509607,"161":-0.0017396941035337406,"162":-0.0016531658853145472,"163":-0.0003869998033553257,"164":0.010355746211124978,"165":0.010002910749027278,"166":0.008443453389460301,"167":0.004725545696326402,"168":0.02651095583683255,"169":0.021225491605992082,"170":0.0015884407019494604,"171":0.007007252025860208,"172":0.008079053399440449,"173":0.004199519275512589,"174":0.01418733625257188,"175":0.005905353478371185,"176":0.00800346166078423,"177":-0.003404245484192346,"178":0.009706969919687194,"179":0.00234533585838129,"180":-0.0027121232499680726,"181":0.004721486405578925,"182":0.007133167046860116,"183":-0.0032516123830313628,"184":0.005716394500903698,"185":0.0030718593136601705,"186":0.006913226563152369,"187":0.0017945475421623,"188":0.0025568847664158775,"189":0.005004287199847316,"190":0.00822788575383869,"191":-0.004749083503534063,"192":0.002726981778473421,"193":0.010127252554294768,"194":0.0013517836634784185,"195":0.005338511430640536,"196":0.004260949605476603,"197":0.015426555787908483,"198":0.01469223316178324,"199":0.013421692777522365,"200":0.0069525908926193515,"201":-0.004939385963327957,"202":-0.004939385963327957,"203":0.002970915231448039,"204":0.004063004989083187,"205":0.009164420485175202,"206":-0.0012832773342434604,"207":-0.0004185053751831879,"208":-0.002229135313818094,"209":-0.00036919539845882594,"210":-0.014861247303378539,"211":0.0016330345632451348,"212":0.008919351337690642,"213":0.0009848766687838607,"214":-0.004253561195244222,"215":0.009490371779164395,"216":0.000051413947175279334,"217":0.0003170592753683997,"218":0.0052046555020942575,"219":0.0022247821065923545,"220":0.012994916616739759,"221":-0.0013820356877387932,"222":0.012628074230265197,"223":-0.0023964565042248025,"224":0.012411284135915966,"225":0.0042629909266949225,"226":0.0020861384472222744,"227":-0.011006965939181736,"228":0.005729998571558429,"229":0.016438873040068032,"230":0.010958970690469447,"231":0.015999271413217067,"232":0.006766599597741393,"233":-0.00605968519848191,"234":-0.0014403345833390035,"235":0.018075682689853587,"236":0.024126370847811652,"237":0.0030817420184293433,"238":0.006636675702837788,"239":0.006290890630261689,"240":0.006290890630261689,"241":0.0006812405580274294,"242":-0.027345627755586924,"243":0.006263174531191053,"244":-0.018782150866617296,"245":0.1419876839879758,"246":-0.02503991374403971,"247":-0.0018243644741631829,"248":-0.019510868502186522,"249":-0.015001098072911265,"250":0.004336329162540975,"251":0.013062258122951332,"252":0.023239600278875203,"253":-0.009238744586349944,"254":0.003086953471777256,"255":-0.007107695253481759,"256":-0.007107695253481759,"257":0.02911840233403965,"258":0.02911840233403965,"259":0.003532259789582909,"260":0.003532259789582909,"261":0.010687048887439004,"262":0.02666457500496954,"263":0.02695651539392746,"264":-0.004370151862777232,"265":0.010070504904760209,"266":0.011655010857576465,"267":0.012150489524360923,"268":0.012150489524360923,"269":0.012150489524360923,"270":0.04153553707784714,"271":0.04153553707784714,"272":0.0017620369146733625,"273":0.003129204869042776,"274":0.017281603732826407,"275":0.032007499459374346,"276":0.023664106331871743,"277":0.030566974777209262,"278":0.043685926026061785,"279":0,"280":0.0034529194433893856,"281":-0.0024826151549678394,"282":-0.0016879369298637235,"283":0.011325008313795598,"284":-0.022255077001743347,"285":-0.00019647288872214584,"286":-0.0037095261590068887,"287":0.006685609226140732,"288":0.014920919128618322,"289":0.03357959072383641,"290":0.032962028471861915,"291":0.05939306245721246,"292":0.018524243444420795,"293":0.06118315174813739,"294":-0.004592754085339074,"295":0.024287564766839378,"296":0.024224550535327162,"297":0.007337717966071005,