{"1":-0.2817179024554586,"2":-0.254402645222652,"3":-0.7648031715847492,"4":-0.8505226073633372,"5":-0.4794955766239226,"6":-0.3179402215272362,"7":0.3424218472894367,"8":-0.30058322151304306,"9":-0.30058322151304306,"10":0.5182325087276771,"11":0.5182325087276771,"12":0.33154998752406417,"13":0.33154998752406417,"14":0.6733934628008966,"15":0.6733934628008966,"16":0.043270932208098634,"17":0.043270932208098634,"18":0.043270932208098634,"19":0.516452229640052,"20":0.516452229640052,"21":0.15875947139695334,"22":0.15875947139695334,"23":0.1175449761593379,"24":0.23328596770290888,"25":0.7499183555048301,"26":0.04128872889061741,"27":0.015775397689251403,"28":-0.27466767088162714,"29":0.13918565779261272,"30":0.32245417057635795,"31":-0.11706296778489111,"32":-0.16742962399076688,"33":-0.15909039044738993,"34":-0.9387500551172274,"35":-0.702134132538295,"36":-0.7395663736417903,"37":-0.540298962872499,"38":-0.8588057016736892,"39":-0.7233504033828746,"40":-0.26736680850915917,"41":-0.5398112886632882,"42":-0.26273304611019377,"43":-0.2640416127419778,"44":-0.0001503544284808811,"45":-0.47645771369937506,"46":-0.5291416203751389,"47":-0.2623795881864375,"48":-0.5731424862061374,"49":-0.6004638376157994,"50":-0.6004638376157994,"51":-0.5731424862061374,"52":-0.5731424862061374,"53":-0.013688702958686072,"54":-0.013688702958686072,"55":-0.9093727956007722,"56":0.49467778935334006,"57":0.30683899458738395,"58":-0.3532993454290758,"59":-0.19921103832768283,"60":0.8171440651718296,"61":0.4223654515059576,"62":0.6509364390209682,"63":0.33035625696040993,"64":0.43381159657009327,"65":0.5456984038395416,"66":0.7116193522038632,"67":0.31202240035622264,"68":0.8122370493174316,"69":-0.9113853307459641,"70":-0.90051678968692,"71":-0.45693501793257063,"72":-0.38997926798314086,"73":-0.5504081678873236,"74":-0.5847140002426778,"75":-0.4800568651766337,"76":-0.561406525434303,"77":-0.23562131728422742,"78":-0.043032547361329776,"79":-0.583502701584119,"80":-1.132951772178223,"81":-0.5524101230981082,"82":-0.1305185314036743,"83":-0.29891058340656684,"84":-0.2673859408492385,"85":0.5418979284145129,"86":-0.5854013901951474,"87":-0.5854013901951474,"88":-2.1291493939548056,"89":-2.1291493939548056,"90":0.001906108956909236,"91":-1.308571150191069,"92":-0.37463117109278343,"93":-0.04798149004383312,"94":-0.7689615367696807,"95":0.10054153963304202,"96":-0.4203150025630418,"97":0.003717985993773709,"98":0.8089547938645598,"99":-0.13618821737779996,"100":-0.18662194164545864,"101":0.492636241980442,"102":-0.658430717249149,"103":-0.2682904907585395,"104":0.015388644759194214,"105":-0.13266742509691198,"106":-0.261614949615113,"107":-0.06097875987425949,"108":-0.3392050033684453,"109":-0.11941117568946513,"110":0.37883232233776365,"111":-0.2842863237438049,"112":-0.007092552428340948,"113":-0.33380403373536893,"114":-0.48463849356040045,"115":0.21293227196391884,"116":0.39469786189357725,"117":0.14038820984810219,"118":0.028944326808222343,"119":-0.016961434844808387,"120":-0.000565351088829491,"121":0.033842391807799466,"122":-0.18628215998394415,"123":0.5529292879784462,"124":-0.3147984819588676,"125":-0.17539391467709597,"126":-0.17539391467709597,"127":0.23847878558903446,"128":0.074513297169859,"129":-0.19894216213943228,"130":-0.17539391467709597,"131":-0.17539391467709597,"132":0.04728822843740055,"133":0.27085789547396466,"134":-0.45616440994225416,"135":-0.6496082504394307,"136":-0.12056523874375369,"137":-0.42263758361514814,"138":-0.9652023881055749,"139":0.8473044657627709,"140":-1.0736700518463618,"141":-0.750286543185795,"142":0.3330650494358913,"143":-0.30532334767603064,"144":-0.32446054320463436,"145":-0.24290559861964223,"146":-1.4185391984116578,"147":-0.20284318743135854,"148":-0.4512114178837918,"149":-0.4226486428170064,"150":-0.9729574790323108,"151":-0.4785207143231234,"152":-0.30264523651265796,"153":-0.6107538021109524,"154":-0.510516258126116,"155":-0.5331987952792256,"156":-0.5471677010179117,"157":-0.6927241843315155,"158":-0.46965689986145276,"159":-0.33467326892346394,"160":-0.3750663631224618,"161":-1.0448846184632106,"162":-0.8575417301956816,"163":-0.2774569664304165,"164":-1.7067296669722447,"165":-0.5467173394591245,"166":-0.7181466714074358,"167":-0.39115846227540096,"168":-0.8882519451947188,"169":-0.7242583517514287,"170":-0.40030792347627964,"171":-0.19825977855219934,"172":-0.283292609470557,"173":-0.5960826812331854,"174":-0.49631172085756337,"175":-0.6753812186698998,"176":-0.29777532154281827,"177":-0.44997537454136083,"178":-0.5304079275743616,"179":-0.22447437911549795,"180":-0.6727944648783619,"181":-0.5700935299479672,"182":-0.5307294140392165,"183":-0.4787201677507895,"184":-0.3394302854970459,"185":-0.2074250120466603,"186":-0.5909335819320247,"187":-0.6524189765749944,"188":-0.7566994905843867,"189":-0.6700951628440786,"190":-0.4243800894883867,"191":-0.3942390673369478,"192":-0.6542852032870448,"193":-0.8032768189457093,"194":-0.4320588198903317,"195":-0.6814096724445351,"196":-0.5962190995265528,"197":-0.45791811173914265,"198":0.2777668161772495,"199":-0.4770252226728129,"200":-0.5146033920461996,"201":-0.45469315926455733,"202":-0.45469315926455733,"203":-0.6616097738269828,"204":-0.6012011382050331,"205":-0.34009883922435447,"206":-0.47852337057745253,"207":-0.5380607681590177,"208":-0.6134534488916505,"209":-0.7224320280496865,"210":-0.77270903858548,"211":-0.9001564742691084,"212":-1.0440588344462671,"213":-0.5839613999305218,"214":-0.47820357822832804,"215":-0.4997978114186421,"216":-1.149027167804439,"217":-0.6332447485774793,"218":-0.6527603654502347,"219":-0.8645010766371994,"220":-0.9408983728552323,"221":-0.870459499890623,"222":-0.8086214288681774,"223":-0.8667898603218975,"224":-0.6914363758061892,"225":-0.3943979767827839,"226":-0.4393063561580979,"227":-0.9717158508787644,"228":-0.9616109836642237,"229":-0.5490948580494903,"230":-1.0397232977482194,"231":-0.7821518064203179,"232":-0.442836187623612,"233":-0.5599196684754646,"234":-0.9844856690516437,"235":-0.6211664467822204,"236":-0.8196755713129646,"237":-0.7820893729649052,"238":-0.7300187840838539,"239":-0.5778193274448384,"240":-0.5778193274448384,"241":-0.17238821773562196,"242":-0.19716674817698254,"243":-0.31164837426502556,"244":-0.5148059318273024,"245":-0.3580182009534949,"246":-0.14513534221843027,"247":0.13870095031780405,"248":-0.4646527249922814,"249":-0.8577253373546398,"250":-0.462180989648838,"251":-1.229712209162606,"252":-0.4773079759140786,"253":0.06469488309257798,"254":-0.08559806807570514,"255":-0.1663776159763024,"256":-0.1663776159763024,"257":-0.04427619566097363,"258":-0.04427619566097363,"259":-0.11112738904533215,"260":-0.11112738904533215,"261":-0.0019036871653282939,"262":0.5320134381645909,"263":-0.004396315358514924,"264":0.26688043067116074,"265":-0.11005688725437146,"266":0.042095282918885424,"267":-0.03478548575006979,"268":-0.03478548575006979,"269":-0.03478548575006979,"270":0.4363585349920891,"271":0.4363585349920891,"272":0.0061527278524081686,"273":-0.06944170229501334,"274":0.21669868589322694,"275":0.245054386756558,"276":0.46970730434841745,"277":1.3100227653778158,"278":0.6989284471827868,"279":0.27568862579071063,"280":-0.40793036482390477,"281":-0.1160814895726422,"282":-0.46196442490389233,"283":-0.4318575889195788,"284":-0.4748033920428524,"285":-0.7047228901624318,"286":-0.903508864084994,"287":0.03684118089671706,"288":0.13405497430241775,"289":-0.22539153126534828,"290":0.12647724555168072,"291":-0.2804265152220542,"292":-0.06804754462094476,"293":-0.10910262591027209,"294":-0.29568636785179336,"295":0.12008882208769656,"296":0.0018825829196453814,"297":-0.7064785764516057,"298":-0.16612536388684074,"299":0.47706915161187435,"300":-0.2069266748357359,"301":-0.29626039763247025,"302":-0.3165537195705683,"303":-0.11137328397166169,"304":-0.7491827820807972,"305":-0.0133214008714031,"306":-0.7491827820807972,"307":-0.03992463843265304,"308":-0.11239038610674568,"309":-0.23966225674724573,