{"1":-1.638008364479604,"2":-6.062388240959813,"3":-1.6851201616091265,"4":-0.7650881978168103,"5":-0.9244117856349756,"6":0.06719838205121453,"7":-0.3382721434387657,"8":-2.642302495871912,"9":-2.642302495871912,"10":-2.3253323681509026,"11":-2.3253323681509026,"12":-2.480916111528735,"13":-2.480916111528735,"14":-3.2821303075600192,"15":-3.2821303075600192,"16":-0.6038011214736113,"17":-0.6038011214736113,"18":-0.6038011214736113,"19":-0.052262344445995756,"20":-0.052262344445995756,"21":-0.20256548479806558,"22":-0.20256548479806558,"23":-0.061916611041754166,"24":-1.2152782437406984,"25":-0.2844907929125309,"26":-0.4516736484708352,"27":-0.15812287386055457,"28":-0.08855772224512537,"29":-0.3627074528995371,"30":0.061263098062946664,"31":0.68740929547137,"32":0.4067579635733475,"33":-0.10068110365687138,"34":-0.12608784621023206,"35":-3.2514798624396453,"36":-1.2063420116080152,"37":-1.1167579116486028,"38":-1.0184715819985488,"39":-0.6882401585143278,"40":-0.4382209462777016,"41":-0.8322336045866905,"42":-3.9062739031903173,"43":-0.9685511212354316,"44":-0.8806931803019034,"45":-2.0850261197143074,"46":-1.583882520222262,"47":-2.22266620490499,"48":-1.0936062686530186,"49":-1.627301470368081,"50":-1.627301470368081,"51":-1.0936062686530186,"52":-1.0936062686530186,"53":-1.919608713838484,"54":-1.919608713838484,"55":-0.2594736352705269,"56":-0.18580047566141056,"57":-0.3344729821340082,"58":-0.02111778423744609,"59":0.19424522238327538,"60":0.12340624594786687,"61":0.10292429840628009,"62":-0.2582114182864177,"63":-0.6455204748582186,"64":0.10266901772267223,"65":-0.5275985309291921,"66":-0.006740630075686704,"67":0.3109547981737051,"68":-0.6994798320040101,"69":-0.16138395907457914,"70":-0.6216759612001186,"71":-0.4467725626161838,"72":-0.1764688362936273,"73":-0.5305408754774703,"74":-0.6808970752990533,"75":-2.0167626507450356,"76":-0.9030809896913805,"77":-0.4150436180562215,"78":-0.726860134991999,"79":-0.46663428597201984,"80":-1.2145205118721345,"81":-0.4319934934971885,"82":-0.9400507614596447,"83":-2.620717952262969,"84":-0.624543852329217,"85":0.5260670978111268,"86":-1.2220756410542053,"87":-1.2220756410542053,"88":-0.6255365081501036,"89":-0.6255365081501036,"90":0.04910653005438892,"91":-0.41292100124896924,"92":-0.46457340264927804,"93":-0.5174525503932528,"94":-0.7073685636929088,"95":-0.9166310047610682,"96":-0.4046596556333175,"97":-0.357552284490503,"98":-0.7276255418900315,"99":0.5235947129758525,"100":0.5366940060064623,"101":-0.3391941355709669,"102":-0.17909118456223916,"103":0.04105081070664762,"104":-0.06867602628343805,"105":0.29001196084226954,"106":-0.3580264689713999,"107":-0.22235878990013258,"108":-0.7812764707246271,"109":-0.008767224139937024,"110":-0.4215595808062691,"111":-0.7673817061046599,"112":-0.43416192010812216,"113":-0.22074503433435222,"114":-0.13842923764028303,"115":-0.5795720798624004,"116":-0.17309392395372813,"117":-0.5766434633759869,"118":-0.776551164257359,"119":-0.3199390362805987,"120":-0.5206479752159923,"121":-0.1395902092926764,"122":-0.352743391896573,"123":-0.2709653532714962,"124":-0.6392915787682728,"125":-0.1954349091505736,"126":-0.1954349091505736,"127":-0.13522263487708175,"128":-0.3760886080215735,"129":-0.170805162683216,"130":-0.1954349091505736,"131":-0.1954349091505736,"132":-0.2594390806456177,"133":-0.5886345010963872,"134":-0.9155027782673357,"135":-0.5284300273932749,"136":0.6856122526982182,"137":-2.3531128144182425,"138":-0.8422216331909556,"139":0.8641878782327663,"140":-0.0556439769237298,"141":-0.5699366827173193,"142":-0.6329911274678763,"143":-1.01881520204882,"144":-0.9571128011441619,"145":-0.7817074870329066,"146":-0.4090528208884203,"147":-0.0908302802612928,"148":-0.5256214532270278,"149":-0.041062301738234996,"150":2.0778785288642485,"151":0.15248589937406987,"152":-0.16471666423640952,"153":-0.868438406654273,"154":-1.0678705849719587,"155":-1.393857700559409,"156":-1.297132886182563,"157":-0.6824817899020119,"158":-0.9461615507919997,"159":0.08473647158869646,"160":-3.2632346127606544,"161":-0.18487906726788994,"162":-0.9048159034193272,"163":-0.6006602617179213,"164":-0.43269980818186626,"165":-0.40290212764898037,"166":-0.9593732941708819,"167":-0.6047153830667549,"168":0.23208831092334337,"169":0.008005469067828397,"170":-0.37215611355092326,"171":-0.09765964073043099,"172":0.1137386060252541,"173":-1.1305081898345053,"174":-0.6755699102766168,"175":-1.5305245541672092,"176":-0.7019615346219812,"177":-0.7125836209328589,"178":-1.1372642120505714,"179":-2.0892794736786953,"180":-0.34626790368359806,"181":-0.22820953806279998,"182":-0.1785443808460232,"183":-0.4319575330446219,"184":-0.3714674749781455,"185":-0.7546993586057125,"186":-0.46778874984188523,"187":-0.3669420634435999,"188":-0.8021883162463505,"189":-0.4732922659441503,"190":-0.3165410448795474,"191":-1.1756060522450438,"192":-2.5709860766057417,"193":-0.7767851011859733,"194":-1.8811116279568456,"195":-1.3719264156902737,"196":-1.0700476466598599,"197":-2.655068731853605,"198":-2.4633698126675148,"199":-0.20996875827837735,"200":-0.20722169246301259,"201":-0.12621480595362367,"202":-0.12621480595362367,"203":-0.5606012645984271,"204":-0.594332802489296,"205":-0.39058790403243415,"206":-0.7916890922265711,"207":-0.8947006096095701,"208":-0.4260124540808514,"209":-0.6183373862269511,"210":-1.1558683231077103,"211":-0.2611842148504608,"212":-0.7322677666457835,"213":-0.5190071034776567,"214":-0.5857370936998165,"215":-0.9943962063701762,"216":-0.5096956029517057,"217":-0.6405665791145205,"218":-0.6980368164749107,"219":-0.800933526307049,"220":-0.7685770129900581,"221":-0.8676434092243173,"222":-1.6814872736545314,"223":-0.3410389873004882,"224":-1.6248788824461997,"225":-2.0760009536062753,"226":-0.5943557540561116,"227":-0.6933677832840837,"228":-0.7827618026009578,"229":-1.198389660429406,"230":-0.48919875572755545,"231":-0.6357613546019255,"232":-0.24082718389686408,"233":-1.1798750581040933,"234":-0.7612510411230486,"235":-1.2629672237074487,"236":-0.9263867233843432,"237":-1.1746468795862963,"238":-5.739141499591717,"239":-1.059909204773466,"240":-1.059909204773466,"241":-0.3200560061785348,"242":-0.17178673657767252,"243":-0.016966580556810107,"244":0.27703406016223486,"245":-0.35888007391234134,"246":-0.6760692427414666,"247":-0.2812798893205063,"248":-0.6641865153676643,"249":-0.1862264000426839,"250":-0.6644598028964711,"251":-1.060084065786255,"252":0.3309428376552711,"253":-0.5664772824936934,"254":0.07319118304709471,"255":-0.5447083337718659,"256":-0.5447083337718659,"257":-0.17887467806130458,"258":-0.17887467806130458,"259":-0.07665879664574315,"260":-0.07665879664574315,"261":-0.03325523831714183,"262":0.8473380903250569,"263":0.5508632768636699,"264":-0.5927518089254382,"265":0.7903500730062776,"266":-0.23587313149617128,"267":-0.3791809271906028,"268":-0.3791809271906028,"269":-0.3791809271906028,"270":-0.5316324921728011,"271":-0.5316324921728011,"272":-2.8951741513734515,"273":0.05461041314097492,"274":-1.9900282996433458,"275":0.091817255151458,"276":-2.2199803658988486,"277":-1.9948950666925604,"278":-0.5060232842773598,"279":-1.7160359748811593,"280":-1.6952083632256363,"281":-0.20741902389075745,"282":-0.13838619031261729,"283":-0.14132060718748685,"284":-0.21027928677333196,"285":-0.3611071138407729,"286":-0.4915389803987416,"287":-1.3916532223647593,"288":0.31982968959550584,"289":0.18339047140788445,"290":0.2935597235233651,"291":-0.5044407174198338,"292":-1.754226189932861,"293":-1.501061665520637,"294":-1.0019140135456654,"295":-0.7345629878868463,"296":-0.11629406802470355,"297":-0.4289422041453457,"298":-0.9093660047137171,"299":-0.4955464141188246,"300":-1.1263777556923265,"301":0.7242724090754562,"302":-1.720369033217017,"303":-0.19670409663489563,"304":-0.6025288814179002,"305":-0.36759260393604887,"306":-0.6025288814179002,"307":-0.5697758917534324,"308":-1.2661470403492177,"309":-1.3283551189336436,"310":-1.0089149674457079,"311":-0.8496795791506109,