{"1":0.025895674401213785,"2":0.0010787303407545495,"3":0.02532113307322692,"4":0.34695092266285155,"5":0.17619307341894908,"6":0.06962313782071607,"7":-0.07448089935031615,"8":0.03730522302975323,"9":0.03730522302975323,"10":0.08212413390373267,"11":0.08212413390373267,"12":-0.011097063253378864,"13":-0.011097063253378864,"14":0.013057561535700639,"15":0.013057561535700639,"16":0.10577859134070826,"17":0.10577859134070826,"18":0.10577859134070826,"19":0.08207469984133078,"20":0.08207469984133078,"21":-0.4202348918715101,"22":-0.4202348918715101,"23":0.938807059584862,"24":1.7839805465182492,"25":1.0772815482665536,"26":0.1900274947485529,"27":1.332866071030201,"28":0.6942034574008842,"29":0.8975134913690246,"30":0.3189152393492328,"31":0.041521893007853194,"32":0.11299985376766478,"33":0.2338131881325906,"34":1.0719741362295085,"35":0.11313323175266526,"36":0.22149731422008834,"37":0.23079983966110218,"38":0.6203608247370873,"39":0.281094597317297,"40":0.1968664047488319,"41":0.1548426861256197,"42":0.29703973589636395,"43":0.2418230081441719,"44":0.5631736582794551,"45":0.0799889446784568,"46":0.12350738050379306,"47":0.09563321298379476,"48":0.25547707543875353,"49":0.1861977848173665,"50":0.1861977848173665,"51":0.25547707543875353,"52":0.25547707543875353,"53":0.31205815299247147,"54":0.31205815299247147,"55":-0.013065325916833015,"56":0.019512392521136207,"57":0.33821535044853085,"58":0.06729533600316004,"59":0.31633312305044825,"60":0.15813407870070886,"61":0.29109397244256047,"62":0.17326210744918671,"63":0.3859593441830039,"64":0.13824792425686924,"65":0.3472602781908971,"66":0.14395520967276662,"67":0.1939025067529493,"68":0.10920167153281794,"69":0.19817079362600898,"70":0.0025144599035137327,"71":0.08066232009583996,"72":0.2225010469707665,"73":0.13950051482396236,"74":0.19685466355365744,"75":0.12310861587701216,"76":0.12258481174585895,"77":0.12088285421131367,"78":0.14249220686113367,"79":0.05302459498295031,"80":0.046947507145746914,"81":-0.0900914831105859,"82":0.10453303350638149,"83":-0.08963194136909336,"84":0.37104117351674315,"85":0.32820910520246854,"86":0.0709455377023378,"87":0.0709455377023378,"88":0.03863105650392501,"89":0.03863105650392501,"90":-0.03679159003140242,"91":-0.060561207393756034,"92":-0.03559290534685755,"93":-0.07206282662347407,"94":0.07820438554233866,"95":0.011918627739056525,"96":-0.010499822528511504,"97":-0.2684597370126649,"98":-0.14111893494210892,"99":1.1220297986374566,"100":1.103068170623352,"101":0.39449795478587313,"102":0.33332006131261327,"103":0.464695822779466,"104":0.4317615257602697,"105":0.3414584758083177,"106":0.39095270028723295,"107":0.6594839547751009,"108":0.7069340379527529,"109":0.7877485202758443,"110":1.5427987260176477,"111":0.9482644245328096,"112":0.6980722069328383,"113":1.040100871382708,"114":2.2663115080867877,"115":1.1003790164685618,"116":1.1842169396675615,"117":2.0860878663173907,"118":1.9351457131220609,"119":2.965582683070516,"120":0.836940434292802,"121":0.9683984751251642,"122":1.7055245444350216,"123":2.354094153206709,"124":10.3699350333002,"125":1.2736995772051096,"126":1.2736995772051096,"127":1.063062872256112,"128":1.8633894729914489,"129":0.373372561454537,"130":1.2736995772051096,"131":1.2736995772051096,"132":0.1233274872959104,"133":0.057075404882015915,"134":0.14031191448201139,"135":0.0858774365473132,"136":0.05544735995495094,"137":0.032249403404581115,"138":0.12006325832148215,"139":0.0894299952281854,"140":0.15488006680136343,"141":0.2957068695156445,"142":0.017408281887794586,"143":0.11053143242413217,"144":0.0013428116262774598,"145":0.08523858711187476,"146":0.1408156655183359,"147":0.05532520937557055,"148":0.020159804820518733,"149":0.039157276676762005,"150":0.07813869189220132,"151":0.0017371875418898952,"152":0.019052446712061306,"153":0.03991614802482833,"154":0.04138331465876048,"155":0.022591249721579394,"156":0.07084516456938089,"157":0.02084343893775631,"158":0.34627782757078057,"159":0.005106116016947673,"160":0.03427893207433842,"161":0.04340365033372422,"162":0.12293344928759631,"163":0.1422137616073301,"164":0.11680934069714138,"165":0.399073459763693,"166":0.32899788046658207,"167":0.31984746885979654,"168":0.7784093139618409,"169":0.5331660172102034,"170":0.5446852411613747,"171":0.4416167994146744,"172":0.18216370577454336,"173":0.33607777225510904,"174":0.38011905888071007,"175":0.3667751284216557,"176":0.03859731878484008,"177":0.335629318727586,"178":0.16597712875043538,"179":0.17088981403374798,"180":0.06727142329206026,"181":0.07113289167555269,"182":0.20142835532167674,"183":0.059867306269395335,"184":0.14948198421997866,"185":0.22767270721285177,"186":0.1792065059044013,"187":0.1714614629633492,"188":0.1936171155256004,"189":0.1117547118062196,"190":0.17540887989967363,"191":0.18032728146738294,"192":0.29694533451814553,"193":0.1727201174683918,"194":0.1588910154326892,"195":0.20250411756487727,"196":0.24983510590287483,"197":0.33256273150557647,"198":0.989768134556908,"199":0.5655475720540639,"200":0.7111779140307561,"201":0.01831409917824401,"202":0.01831409917824401,"203":0.05873083109087704,"204":0.0688807574107874,"205":0.06036995372814847,"206":0.0722029734769432,"207":0.049775472897405644,"208":0.08286374321503706,"209":0.05747307316107728,"210":0.041079426379511785,"211":0.06653327458872992,"212":0.09123768640815352,"213":0.07105953659053037,"214":0.05507647958078035,"215":0.10840260536679802,"216":0.1230523290792056,"217":0.07548542044217882,"218":0.12705872306388877,"219":0.05221084012458305,"220":0.05079790396472228,"221":0.04665681999213237,"222":0.24360796904095192,"223":0.1347339864121109,"224":0.14730058868709736,"225":0.14949212199775996,"226":0.07378524409094853,"227":0.10519764271393225,"228":0.011595740978652902,"229":0.0983300201858861,"230":0.2029131075228183,"231":0.09146114747144585,"232":0.08697743824564533,"233":0.11852937899713827,"234":0.1370992036455902,"235":0.22352666079944183,"236":0.25840428540683996,"237":0.14414731389832214,"238":0.1425461250883291,"239":0.05117281215991623,"240":0.05117281215991623,"241":0.3838634415181583,"242":1.5140707175656618,"243":3.1388398493405067,"244":1.262124830712724,"245":2.461893984060402,"246":0.6391248491069361,"247":-0.5267902633342946,"248":-0.11948841460116522,"249":-0.02628899010495611,"250":0.04241475104928272,"251":-0.2491137735095572,"252":-0.23428927603173455,"253":0.10025386911116907,"254":-0.16882638262310115,"255":0.25837438096979126,"256":0.25837438096979126,"257":0.7538041220290763,"258":0.7538041220290763,"259":0.07396956308038138,"260":0.07396956308038138,"261":0.07263654733733227,"262":0.16048228000014844,"263":0.03603604997105056,"264":-0.02392864006435705,"265":0.4573452339761988,"266":-0.07602947134676638,"267":0.13119012194212984,"268":0.13119012194212984,"269":0.13119012194212984,"270":0.14547702517286987,"271":0.14547702517286987,"272":0.08796481393132158,"273":0.6674679785846961,"274":0.9220213035026414,"275":0.051839935469567576,"276":0.1008390053807626,"277":0.8894192425485467,"278":0.36365685876313697,"279":0.1246118528664336,"280":0.10776129101945486,"281":-0.014631219802223344,"282":0.14475276296286638,"283":0.4879545367645034,"284":0.4808915568292687,"285":0.32966159848363835,"286":0.06277656205756535,"287":0.4852220862982825,"288":0.21829142657796605,"289":2.2913975603498042,"290":4.625087339250047,"291":3.2866684253289646,"292":2.144163862716155,"293":0.4573125379225346,"294":1.0725209000215115,"295":0.0011885611784688832,"296":0.4460765494710607,"297":0.306507009746417,"298":0.6342899174724157,"299":1.0629206843771526,"300":0.4443502205157651,"301":0.45177396696835137,"302":0.4431017049035252,"303":0.3623627118928163,"304":0.4577433318785331,"305":0.2831281055057666,"306":0.4577433318785331,"307":0.09179743579660277,"308":0.10151180178249579,"309":0.40827500592999644,"310":0.6682107427135955,"311":0.5651637117806444,"312":0.6369225017043154,"313":0.5509531783746193,"314":0.1534664817942732,"315":0.048185921534976695,