{"1":2.8488728657503266,"2":2.3460581494144583,"3":-3.5670237178799633,"4":-0.9042165687973993,"5":1.594812636991735,"6":5.749890750646569,"7":1.6521668227196198,"8":3.1625156440543725,"9":3.1625156440543725,"10":0.4638717698543027,"11":0.4638717698543027,"12":4.388911005184019,"13":4.388911005184019,"14":4.962207205553978,"15":4.962207205553978,"16":1.4809042422274779,"17":1.4809042422274779,"18":1.4809042422274779,"19":1.1971979348442847,"20":1.1971979348442847,"21":0.4553033911482094,"22":0.4553033911482094,"23":5.28908905252225,"24":1.2151325338819197,"25":2.6773087213098523,"26":1.9338825567086548,"27":3.50222969675215,"28":0.4240759042291602,"29":-0.09965412930479456,"30":3.338993138830423,"31":-0.19107234732053513,"32":1.7344810192630074,"33":2.0825580677209405,"34":0.0322113172013303,"35":-0.6756146744967633,"36":-0.18754871387030292,"37":-0.43592848222508984,"38":-0.6555375752095509,"39":0.09621500681362605,"40":-0.3460464381387458,"41":-0.20970303535180845,"42":0.17162850809167063,"43":0.13432582617742073,"44":0.009155055284820746,"45":0.24516351908928358,"46":0.16979074665677918,"47":0.37048313511587194,"48":-0.01213121651946003,"49":-0.19224837692294838,"50":-0.19224837692294838,"51":-0.01213121651946003,"52":-0.01213121651946003,"53":0.19165943531315466,"54":0.19165943531315466,"55":0.019391770289767955,"56":0.404043461020839,"57":-0.03983776341411094,"58":1.7540476974421413,"59":2.144468359421393,"60":-0.0963099156634184,"61":0.5382677573582315,"62":-0.14831008400148527,"63":2.4299475633802023,"64":0.8194404560636812,"65":0.9099906431693165,"66":-0.2997124299533058,"67":-0.6328064620394627,"68":-0.5043736062163875,"69":-0.09959805240344077,"70":-0.1173963411356358,"71":-0.26975223546414795,"72":-0.34565597417142,"73":-0.13910694934771328,"74":-0.13008497574265343,"75":-0.2642538987034353,"76":-0.42697959152274345,"77":-0.3063578880548503,"78":-0.5384882030001079,"79":-0.5312126675813489,"80":0.17489037866068635,"81":-0.43428775453207713,"82":-0.6532865803752026,"83":-0.4766650176720644,"84":-0.8684036234127825,"85":-2.8285046676119574,"86":-0.42350018701236714,"87":-0.42350018701236714,"88":-0.24196053130060524,"89":-0.24196053130060524,"90":-0.013900315910218883,"91":0.0014159508630623985,"92":0.030010934253985797,"93":0.02080339486426165,"94":0.009585430363055654,"95":0.01748177204249885,"96":0.0181190686511539,"97":-0.038212426772962216,"98":0.036779454944501244,"99":0.4420112893041286,"100":0.369538206539598,"101":1.3446362383872703,"102":1.3133522545369694,"103":-0.02680434912161278,"104":-0.44696003228290637,"105":1.5979804616262046,"106":1.4547205161081758,"107":1.4898070546283892,"108":1.2675559517999773,"109":1.0621290414882685,"110":0.298274546440208,"111":0.48176985718995624,"112":1.6568295478212884,"113":0.8419926470503469,"114":3.6417070151941022,"115":4.8493380678567295,"116":0.5708390813032556,"117":0.0038308975904941533,"118":0.7972117879500207,"119":0.45197663178106784,"120":1.1794910915961982,"121":1.0217942389931287,"122":1.2345613559155844,"123":1.255799247618886,"124":6.621947084650761,"125":2.468575513555828,"126":2.468575513555828,"127":0.3084081186743328,"128":1.687647748972208,"129":1.5175357441429895,"130":2.468575513555828,"131":2.468575513555828,"132":-0.382260153936969,"133":-0.768604700610946,"134":0.21815994781494386,"135":1.2097733617276214,"136":1.5305096943875318,"137":0.916853366361551,"138":0.01567006800463311,"139":-0.4945344206934852,"140":-0.07740680758034246,"141":0.006105792602380644,"142":-0.8863243774051344,"143":0.2886913234539823,"144":2.2547433393551044,"145":0.2228937158416726,"146":0.6662187355704599,"147":0.7275342753220899,"148":1.2789893109697754,"149":1.3891448752878417,"150":1.243264743762031,"151":0.8694623839652325,"152":1.356056245136561,"153":2.3114003462215686,"154":3.1106202541009402,"155":3.4669920779008416,"156":2.6609901145664017,"157":0.9995431009232982,"158":4.16927677714095,"159":0.24758492258389353,"160":0.7764726118431136,"161":1.7264952628527377,"162":0.8815722432842028,"163":1.300399692624569,"164":0.3826630613074189,"165":0.8867172469227089,"166":1.601794371265549,"167":1.940233390467157,"168":1.520743831963884,"169":1.6123565312768582,"170":0.4090436689944168,"171":0.8690058819475421,"172":1.805819779485863,"173":2.3708092482906826,"174":-0.15014851064170553,"175":0.8392684210586134,"176":1.7728110908070995,"177":2.02688459594674,"178":2.5746632624757115,"179":2.741127890964802,"180":4.674519108580238,"181":6.4916890225198465,"182":4.922137247001425,"183":3.578020512701599,"184":4.7913297975653695,"185":3.343121208276667,"186":4.018172069397468,"187":5.0557440597261305,"188":0.6566408358157734,"189":2.90751883489164,"190":1.6634014392931933,"191":2.0297311835921894,"192":2.326687980641024,"193":1.0770403492540304,"194":1.331786519183865,"195":1.6575040427774956,"196":2.9638176576989608,"197":0.8040518749481989,"198":1.7917933978765315,"199":2.2368629216547173,"200":4.451401358220828,"201":0.9359100176584612,"202":0.9359100176584612,"203":7.772667305204815,"204":5.074435731140743,"205":6.935582767100589,"206":5.739936245586259,"207":3.294094491060431,"208":9.040170599342876,"209":4.867366378071057,"210":4.708445231909889,"211":5.728432752563319,"212":6.008458535410513,"213":8.102459346782902,"214":7.6825484437789235,"215":5.7256519938054575,"216":6.484180757495041,"217":6.823835336276663,"218":6.017861176987951,"219":7.077479127730469,"220":4.230966715528424,"221":4.792603075210591,"222":4.034537023502514,"223":6.964646622016979,"224":4.893319971465762,"225":7.265120080714469,"226":4.307886674954159,"227":6.210828156788258,"228":4.40701135040012,"229":2.8007709303989183,"230":1.7576601365539153,"231":3.657149917556347,"232":3.722424529262761,"233":4.532836558945718,"234":4.310033032955936,"235":5.138717927184205,"236":5.159239995989033,"237":5.1217242289906135,"238":3.814201698953579,"239":2.819886704957094,"240":2.819886704957094,"241":0.8214064221953956,"242":1.9120834273075262,"243":2.174600970130202,"244":-0.473222557633838,"245":-0.1524290935543613,"246":-0.21643860398679626,"247":1.3208390985259777,"248":0.02470418468526203,"249":3.2369167840192805,"250":-0.5889726319609656,"251":0.9346294889462592,"252":1.109861518382405,"253":0.6752378981256717,"254":0.509083830189464,"255":2.5091297276018194,"256":2.5091297276018194,"257":-0.19090581059657108,"258":-0.19090581059657108,"259":0.7018666120673107,"260":0.7018666120673107,"261":2.960350096676149,"262":-0.7873143929651096,"263":5.94119543501983,"264":1.494333844222137,"265":-0.043630491353059186,"266":0.015879562902082256,"267":1.7233384138677286,"268":1.7233384138677286,"269":1.7233384138677286,"270":0.9100183973241083,"271":0.9100183973241083,"272":-1.3653450216293548,"273":0.06901100629985057,"274":-1.2407378260236466,"275":-1.4313671746389653,"276":-1.2451765416322882,"277":-0.990245061541078,"278":-1.3203170610041677,"279":-0.43792643928678654,"280":1.5472467587820962,"281":-2.2124264824849207,"282":0.4387627893072237,"283":-1.0261962639491415,"284":-3.147425725765385,"285":-3.2958215173875125,"286":1.2010137109982992,"287":-1.5811744755431896,"288":-0.7379971432778327,"289":0.7627118149878132,"290":0.21387219055336226,"291":0.6120230942565357,"292":0.5098692643309972,"293":0.45493824723153153,"294":0.9098337260985181,"295":-2.6334860351438736,"296":-0.6973579360113726,"297":-0.43800865849084447,"298":-0.38133764901253064,"299":0.1195033021705516,"300":-1.0670480468538366,"301":0.6696110938925286,"302":1.008731715930713,"303":-0.02594240789707447,"304":0.5397110280783632,"305":0.14781511770627276,"306":0.5397110280783632,"307":-2.269526244168743,"308":-0.2277113944493543,"309":0.03254080806956949,"310":0.32464362974265626,"311":0.4350267896268747,"312":-0.4877179354044552,"313":0.0639150590728299,"314":0.36503862309635426,"315":0.32177725995363726,"316":-0.5878627838771386,"317":0.5137168131322887,"318":0.5161439757017146,"319":-0.02594240789707447,"320":-0.02594240789707447,"321":-0.02594240789707447,