{"1":-0.39501137327957214,"2":-1.5234182745163634,"3":-0.45873378244593443,"4":-0.17526522123981067,"5":-0.4046047397047804,"6":-0.29016560612709885,"7":-0.21890158221464362,"8":-1.0963975463012676,"9":-1.0963975463012676,"10":-1.8319259234688343,"11":-1.8319259234688343,"12":-0.3330196064761135,"13":-0.3330196064761135,"14":-0.5025890094705168,"15":-0.5025890094705168,"16":-0.2842001307266232,"17":-0.2842001307266232,"18":-0.2842001307266232,"19":-0.0308221560374774,"20":-0.0308221560374774,"21":0.08175802808590138,"22":0.08175802808590138,"23":-0.034738306449290324,"24":-0.3219876932567687,"25":-0.04119760438112313,"26":-0.193321506539346,"27":-0.16779890333906367,"28":-0.34229296388584096,"29":1.1517696548294305,"30":0.36373111566758776,"31":0.7404733605396068,"32":0.11618801682794455,"33":-0.1667903294455635,"34":0.06001460424272087,"35":-0.25923820995812896,"36":-0.9853094957638429,"37":-0.25964413626206184,"38":-0.43801732844304775,"39":-0.42724014795531495,"40":1.2844964373382153,"41":-1.1649428887923925,"42":-0.06630062645511225,"43":-0.14039808832850187,"44":-0.06968100487119111,"45":-0.05761866743757116,"46":0.785805735847382,"47":-0.11487558793211194,"48":-0.31257603303586246,"49":-0.49082548804438053,"50":-0.49082548804438053,"51":-0.31257603303586246,"52":-0.31257603303586246,"53":0.2767115851490365,"54":0.2767115851490365,"55":-1.1521795599275784,"56":-0.2312293259340361,"57":-0.3113782628787638,"58":-0.357853131355871,"59":-0.6572557177329756,"60":-0.6252443013306266,"61":-0.2636484290157458,"62":-0.33503054932240983,"63":-0.7067653024811013,"64":-0.22222523916041248,"65":-0.19271248140988984,"66":-0.4406746065790723,"67":0.2687574732862603,"68":-0.32418566224990997,"69":-0.6483977733546675,"70":-0.26438432082637764,"71":0.406203628571439,"72":-0.09948320012947942,"73":-0.38179287414904417,"74":-0.26195103789132057,"75":-0.6384315774423559,"76":-0.626718174641268,"77":-0.49186240450261653,"78":-0.4425806385481166,"79":-0.16703227148053434,"80":-0.6033328307967505,"81":-0.3447372757346985,"82":-0.4331393082729398,"83":-1.7068664613777509,"84":-0.2847117274111486,"85":-0.254299674752799,"86":-0.9866902115112715,"87":-0.9866902115112715,"88":-2.0849625410288253,"89":-2.0849625410288253,"90":-1.8101735943470647,"91":-1.6031685101373139,"92":-1.2402062407114958,"93":-2.4993196936699578,"94":-1.115432190466631,"95":-2.799608993568225,"96":-2.3984141120395384,"97":-2.1483874188108136,"98":-3.5334138127941075,"99":0.3308252471874389,"100":-0.03992605144039563,"101":0.10022325936607812,"102":-0.10355960232466543,"103":-0.1542360866064365,"104":-0.4746183901207264,"105":-0.24825910706995669,"106":-0.1808915114548455,"107":-0.2062450448304778,"108":-0.49118422468462253,"109":-0.403629585700058,"110":-0.87965035583915,"111":-0.35128057583910044,"112":-0.30176084445522555,"113":-0.39487903957117654,"114":-0.06792469434312287,"115":-0.20673525602344567,"116":-0.2495166853374431,"117":-0.3146234161385171,"118":-0.1671361144031005,"119":0.05159659157376062,"120":-0.5176377155819305,"121":-0.2644687046152949,"122":-0.3306741474551007,"123":-0.2682803967249554,"124":-0.5797042482987304,"125":-0.19352583810612067,"126":-0.19352583810612067,"127":-0.23740050446314953,"128":-0.3893012520931416,"129":-0.3005271573715518,"130":-0.19352583810612067,"131":-0.19352583810612067,"132":-0.11001520153397282,"133":-0.15958258471372888,"134":-0.22628822008575655,"135":-0.3971063519618374,"136":0.3878325087155674,"137":-0.6100695100057933,"138":-0.6888417148163444,"139":0.027913382661595598,"140":-0.8770312647175516,"141":-0.34060887081306346,"142":-0.3653720632802746,"143":0.047532147515501055,"144":-0.4280981253995937,"145":-0.7378267700762522,"146":-0.3011899172449568,"147":-1.2833199512537785,"148":-0.43747591667918206,"149":-0.2618002569612441,"150":0.06768873753795113,"151":-0.37684063735717044,"152":-0.5805836859838394,"153":-0.4840383168653589,"154":-0.5422586534076246,"155":-0.508092281901612,"156":-0.4892000382152928,"157":-0.17974482431146965,"158":-0.3278202209455765,"159":-0.25397081552785084,"160":-0.7117863155745985,"161":-0.47699826931398404,"162":-0.30239744662570134,"163":-0.2675652015570009,"164":-0.4317238146651041,"165":-0.38993282677264873,"166":-0.5083583997338967,"167":-0.4375994941072644,"168":-0.34944440705604585,"169":-0.4506196196425065,"170":-0.39657423231820355,"171":-0.26976606470583,"172":-0.20437940348313033,"173":-0.48644293024810703,"174":-0.4789679417731516,"175":-0.921006183142316,"176":-0.30043757055135334,"177":-0.3054858392292328,"178":-0.642539178471919,"179":-0.6331235860385163,"180":-0.4428575819929309,"181":-0.3456005192374274,"182":-0.3207305502726515,"183":-0.23111033067158793,"184":-0.306741750134656,"185":-0.3392727964679094,"186":-0.2613612505026006,"187":-0.343005250496486,"188":-0.3991452106422986,"189":-0.4676267311789736,"190":-0.29723324301854404,"191":-0.7135750231080409,"192":-0.9723218241321043,"193":-0.30889619181093453,"194":-0.9614825568076302,"195":-0.6659467089216908,"196":-0.7459516873533254,"197":-2.48856611085537,"198":-3.379920548862346,"199":-1.8097955715483254,"200":-0.6840309291138789,"201":-0.42218799600586654,"202":-0.42218799600586654,"203":-0.6467246148919784,"204":-0.5418329009351028,"205":-0.2598294764360827,"206":-0.5228590708545331,"207":-0.5336017918771152,"208":-0.39650742698207436,"209":-0.2748220549380229,"210":-0.428280871061553,"211":-0.3586688425806739,"212":-0.5379796836972712,"213":-0.34208685411698664,"214":-0.3887804687410882,"215":-0.38788615692129835,"216":-0.4905436206842625,"217":-0.4523546149871913,"218":-0.3676966931908837,"219":-0.5728334158376899,"220":-0.4443944974877754,"221":-0.6818800881521901,"222":-0.8244262669691138,"223":-0.3770451459940546,"224":-0.6812217025392764,"225":-0.8331357580544053,"226":-0.6982423599812271,"227":-0.45023240253983077,"228":-0.4304276415855939,"229":-0.563930055956225,"230":-0.35842103379777424,"231":-0.33244009765642957,"232":-0.23342433424610076,"233":-0.50918634341574,"234":-0.3594761518821543,"235":-0.4821072305621348,"236":-0.48636362541137435,"237":-0.5721297158318506,"238":-1.1652329514776394,"239":-0.3086556343336636,"240":-0.3086556343336636,"241":-0.26878934047824676,"242":-0.3237749769654472,"243":-0.17416328982250784,"244":0.20216074127842698,"245":0.5204312594419267,"246":-0.4283851511009036,"247":-0.2775917888054753,"248":-0.2570032921169141,"249":-0.21182926156218806,"250":-0.23676815359929304,"251":-0.4594842304685682,"252":0.1331568301719963,"253":-0.25029347078110453,"254":-0.12449170559969142,"255":-0.338146514984899,"256":-0.338146514984899,"257":-0.3658428392659434,"258":-0.3658428392659434,"259":-0.09594568032143358,"260":-0.09594568032143358,"261":-0.514642838755829,"262":0.052458093668398265,"263":0.0724908129650918,"264":0.007381581640279911,"265":-0.11491960219160768,"266":0.10839829929216599,"267":-0.23552869667765516,"268":-0.23552869667765516,"269":-0.23552869667765516,"270":0.010739250105504583,"271":0.010739250105504583,"272":-0.35555629835663055,"273":0.01801218398710508,"274":0.1083172844420282,"275":-0.13823948870346792,"276":-0.5582950545407972,"277":-0.35843398105342805,"278":-0.34649035036978315,"279":-0.2568922704680922,"280":-0.38385064265828805,"281":-0.07571450748894248,"282":-0.10226535996589758,"283":-0.26135662029279727,"284":-0.13527839645129747,"285":0.038563983635232724,"286":-0.3686439761654637,"287":-0.1435473046395095,"288":0.023958435470390727,"289":-0.0006227521056456631,"290":0.08119666827794902,"291":-0.06020129674081309,"292":-0.2434812900888208,"293":-0.29651636889734434,"294":-0.18053108389738384,"295":-0.3333284880994948,"296":0.025842956522062976,"297":-0.3667084423445106,"298":-0.46339964673112366,"299":0.009124916755740009,"300":-0.15578591132152053,"301":0.029758938180685313,"302":-0.10934094812009953,"303":-0.19966581828994756,"304":-0.07590599951414534,"305":0.06847708951074472,"306":-0.07590599951414534,"307":-0.15225269718565015,"308":-0.10651531332602648,