{"1":-1.5016125588261269,"2":-5.672026012539196,"3":-1.7070633974474378,"4":-0.8049091825268905,"5":-0.996566428408478,"6":0.0834283463255453,"7":-0.30616511543822794,"8":-2.4510650363529547,"9":-2.4510650363529547,"10":-2.1481352669352356,"11":-2.1481352669352356,"12":-2.489659281666296,"13":-2.489659281666296,"14":-3.2737473008500357,"15":-3.2737473008500357,"16":-0.5356745757003271,"17":-0.5356745757003271,"18":-0.5356745757003271,"19":-0.06249331340243269,"20":-0.06249331340243269,"21":-0.15859397771530437,"22":-0.15859397771530437,"23":-0.046599758397726565,"24":-1.2983369055278642,"25":-0.2841970801873715,"26":-0.48014482773354106,"27":-0.1444259004344018,"28":-0.09079092768459213,"29":-0.3334931879938312,"30":0.05399206775725801,"31":0.7846452925623486,"32":0.4487273242637482,"33":-0.09472039385335307,"34":-0.07925257995375268,"35":-3.3570750594279963,"36":-1.1940696528674335,"37":-1.1082146131384434,"38":-1.064347625909836,"39":-0.6898118053722855,"40":-0.45032007944673635,"41":-0.7725051360875113,"42":-4.000452816833857,"43":-0.9147822963954972,"44":-0.8964060282604958,"45":-2.0372230362814445,"46":-1.600073458592542,"47":-2.271178713204362,"48":-1.087716211235515,"49":-1.630237783865431,"50":-1.630237783865431,"51":-1.087716211235515,"52":-1.087716211235515,"53":-1.9011397997341604,"54":-1.9011397997341604,"55":-0.23691798876904246,"56":-0.23291381525432842,"57":-0.34668918405672267,"58":-0.03145883408331612,"59":0.21325115141192202,"60":0.14550286221128017,"61":0.09016077500003294,"62":-0.259553324956618,"63":-0.5824593052715106,"64":0.11169156324878243,"65":-0.5651328911753157,"66":0.018668090523371927,"67":0.37981571487283095,"68":-0.5902849719237251,"69":-0.05858596583851838,"70":-0.5475210717672545,"71":-0.4048256302551001,"72":-0.1419195419129342,"73":-0.5045403571116427,"74":-0.6693097696326671,"75":-1.9446754452384676,"76":-0.7987309493658057,"77":-0.4268980303528964,"78":-0.7219787102009263,"79":-0.45288251352720854,"80":-1.1881344540497378,"81":-0.44208709872050567,"82":-0.9034261740034162,"83":-2.5554120748310307,"84":-0.6568188135891385,"85":0.5407756219924706,"86":-1.1782087314427756,"87":-1.1782087314427756,"88":-0.6093267647424345,"89":-0.6093267647424345,"90":0.05362944866759989,"91":-0.35186778992660694,"92":-0.3658184474056694,"93":-0.5281507117722257,"94":-0.7152301686590146,"95":-0.8970086519959348,"96":-0.38295610487193255,"97":-0.34194177782498003,"98":-0.7235502001958087,"99":0.544278030651344,"100":0.5660361591777315,"101":-0.2824919791191367,"102":-0.17363764967507622,"103":0.0560475283518902,"104":-0.07251252099751171,"105":0.31169771535859103,"106":-0.35674598321590056,"107":-0.19028455018380097,"108":-0.7896748222033632,"109":0.01811408207639742,"110":-0.3296051570425691,"111":-0.7484111810361151,"112":-0.4265312857740593,"113":-0.20449289697165152,"114":-0.059708232296505126,"115":-0.5478830704514612,"116":-0.2523518788787389,"117":-0.5785543002756492,"118":-0.7637078985517112,"119":-0.28437856188653043,"120":-0.49564217831691737,"121":-0.11876554589207866,"122":-0.2726448319106267,"123":-0.23566294369459162,"124":-0.5785896489491015,"125":-0.17627895228711754,"126":-0.17627895228711754,"127":-0.10480519620973494,"128":-0.3276734757933566,"129":-0.1700922392621148,"130":-0.17627895228711754,"131":-0.17627895228711754,"132":-0.22639392063485575,"133":-0.5395319593853869,"134":-0.8760128490181276,"135":-0.46763338067811233,"136":0.7121661763322735,"137":-2.2063999249319424,"138":-0.7619544283343829,"139":0.9998366370604064,"140":0.044353756213118434,"141":-0.4468034700186245,"142":-0.5108771187432675,"143":-0.9561255753957152,"144":-0.8926572359218574,"145":-0.7070882585916518,"146":-0.3250493596880166,"147":-0.12097046175084314,"148":-0.5072084664998292,"149":-0.04113437522537011,"150":1.9829285373883305,"151":0.16634376879928947,"152":-0.09403139341226696,"153":-0.7293196936065577,"154":-0.9581678348808735,"155":-1.2255238456341577,"156":-1.2155902752724035,"157":-0.6010820988669177,"158":-0.92114135873373,"159":0.17364380984834948,"160":-3.121925303236825,"161":-0.20226331155960375,"162":-0.9188268823133022,"163":-0.5945356965913098,"164":-0.344854579758445,"165":-0.288687317338713,"166":-0.9504700999246687,"167":-0.6260343417636596,"168":0.21528631881506355,"169":0.0013679277613665164,"170":-0.37187080003949136,"171":-0.09759664876173602,"172":0.17596503520408735,"173":-1.1016698777844431,"174":-0.699380500983579,"175":-1.3603672136572307,"176":-0.6317088195938687,"177":-0.6526240576219711,"178":-1.1827096640419223,"179":-2.1550558160753326,"180":-0.3407773770628769,"181":-0.20983279057761772,"182":-0.18111988237392784,"183":-0.41427227755543683,"184":-0.3689078929460466,"185":-0.7978565833559411,"186":-0.4333818545579955,"187":-0.32542086141493515,"188":-0.77914363545761,"189":-0.4606789801653423,"190":-0.2944708441974847,"191":-1.1834891542710895,"192":-2.6530806524540953,"193":-0.7873533095043851,"194":-1.932752146368652,"195":-1.3657767261646165,"196":-1.0050957308090749,"197":-2.585088503819673,"198":-2.3996319253498744,"199":-0.1872841497210822,"200":-0.1998918362498765,"201":-0.12882665014939176,"202":-0.12882665014939176,"203":-0.5330120673939469,"204":-0.5981827762596827,"205":-0.3926242698337792,"206":-0.7593368717319043,"207":-0.8737450702332223,"208":-0.41734348209347616,"209":-0.5969181878284499,"210":-1.0849376871833436,"211":-0.25608947616449307,"212":-0.6682706228300921,"213":-0.497798873682477,"214":-0.6036839832937918,"215":-0.9505332963665382,"216":-0.5284729017891872,"217":-0.6510296472990278,"218":-0.7262395897064862,"219":-0.8465935206949669,"220":-0.7858262975745351,"221":-0.8564505717166482,"222":-1.629709854065171,"223":-0.3481806444243093,"224":-1.4839022375885167,"225":-2.0677947961637853,"226":-0.5820237643909612,"227":-0.6832107280439169,"228":-0.7603185575164735,"229":-1.148925700485708,"230":-0.45406799510159945,"231":-0.6226061367013296,"232":-0.23470881357747353,"233":-1.1417855866307058,"234":-0.7334100493192806,"235":-1.2065402341887,"236":-0.8080904370921473,"237":-1.1657588518179813,"238":-5.176489814139742,"239":-1.070793085692245,"240":-1.070793085692245,"241":-0.31930484868414644,"242":-0.1555939474921249,"243":-0.019880475511474538,"244":0.35038030606712134,"245":-0.3695046401647387,"246":-0.6445656631332456,"247":-0.2777319685791011,"248":-0.6365590250473442,"249":-0.1419448712697202,"250":-0.6421934510293994,"251":-1.0672813482671493,"252":0.3932239140078216,"253":-0.5806764010913328,"254":0.07632259798528856,"255":-0.3950815954473435,"256":-0.3950815954473435,"257":-0.16585373854973523,"258":-0.16585373854973523,"259":-0.036788327087155515,"260":-0.036788327087155515,"261":0.1293806613245999,"262":0.9472995735176588,"263":0.7425114757473223,"264":-0.5559506217803738,"265":0.8338630228893908,"266":-0.20525834560173584,"267":-0.26234345115175073,"268":-0.26234345115175073,"269":-0.26234345115175073,"270":-0.5140305598553703,"271":-0.5140305598553703,"272":-3.0383750125204645,"273":0.17819385413735866,"274":-2.0337157739866845,"275":0.10346757483905478,"276":-2.245356243100053,"277":-2.0432962765803087,"278":-0.7317130695555036,"279":-1.673532608066867,"280":-1.6216333593438108,"281":-0.1394783996285318,"282":-0.1182334959902851,"283":-0.14765738573036868,"284":-0.22307186422926728,"285":-0.3760576554803343,"286":-0.4965023251633134,"287":-1.3659423901099317,"288":0.2665399301755713,"289":0.22839835239619943,"290":0.34053908345252304,"291":-0.5294644922870767,"292":-1.7532923260741542,"293":-1.585045373867938,"294":-0.997666666305297,"295":-0.7795089735994655,"296":-0.07514965958172676,"297":-0.2536460901207095,"298":-0.9023503035938213,"299":-0.4446948053448705,"300":-1.1374502928537347,"301":0.7900707906025441,"302":-1.8071548863739915,"303":-0.17886722060073046,"304":-0.6338528998757618,"305":-0.3620107377637123,"306":-0.6338528998757618,"307":-0.709567889993632,"308":-1.235966292999748,"309":-1.338154339106372,"310":-1.0090336998828162,"311":-0.8948103190300936,