{"1":-0.011485152783990702,"2":-0.025750117064171792,"3":0.06515855542998591,"4":-0.013570115324375388,"5":-0.013856024276025544,"6":-0.03251936380299178,"7":-0.022275795468822246,"8":-0.062087784403764126,"9":-0.062087784403764126,"10":0.000747614234140298,"11":0.000747614234140298,"12":-0.01929700777450716,"13":-0.01929700777450716,"14":-0.008313708810684124,"15":-0.008313708810684124,"16":-0.004409518828653668,"17":-0.004409518828653668,"18":-0.004409518828653668,"19":-0.04977397227943859,"20":-0.04977397227943859,"21":-0.04121840298032994,"22":-0.04121840298032994,"23":-0.011014705434636406,"24":-0.0002672016589295098,"25":0.03031221582297666,"26":-0.004325078659000739,"27":-0.02109787244899236,"28":-0.0293700367428726,"29":0.0007661154003022232,"30":0.022157858251451695,"31":0.068497341177801,"32":-0.016814331741604016,"33":0.05008633896887538,"34":0,"35":-0.04965578952056754,"36":-0.05198109775422255,"37":-0.03709723246607016,"38":-0.03572289292755364,"39":-0.07463930410094197,"40":-0.10225132287966361,"41":-0.16195152586575795,"42":-0.07877853547475547,"43":0.020422048196529596,"44":-0.04079118599331133,"45":-0.06578387991663479,"46":0.014484480008505093,"47":-0.04291580493260831,"48":-0.03600278353819672,"49":-0.06052429902351872,"50":-0.06052429902351872,"51":-0.03600278353819672,"52":-0.03600278353819672,"53":-0.09102794771438866,"54":-0.09102794771438866,"55":-0.06090020760011905,"56":0.004407499836759268,"57":0.019794767816839608,"58":-0.06094441552333635,"59":-0.01697181655171432,"60":0.0887603036928244,"61":0.06220339052085865,"62":0.018993547251002288,"63":-0.0012109910351440663,"64":0.019447848189304718,"65":0.07671326287078077,"66":0.15904828960284062,"67":0.13498827794488732,"68":0.14758542078261927,"69":0.00000405107711454189,"70":-0.026290086189941525,"71":0.021411671192160947,"72":-0.006810015558384841,"73":-0.010797577767350852,"74":0.017374570141186582,"75":0.03155972598760459,"76":-0.06999867056741634,"77":-0.016719954384016134,"78":0.0374214663434128,"79":0.019427767904314303,"80":0.009261240637373144,"81":-0.017590941176565927,"82":-0.01010957971081447,"83":-0.09400690391155961,"84":-0.03176915559290242,"85":-0.014109912141553577,"86":-0.018895307988917143,"87":-0.018895307988917143,"88":-0.032861018991220986,"89":-0.032861018991220986,"90":-0.05189226566760263,"91":-0.0339422509269508,"92":-0.12612226249646757,"93":-0.011603908121204376,"94":0.02716151364959485,"95":-0.1594641233969245,"96":-0.0165525816531652,"97":0.08496946937100852,"98":0.0829653976173666,"99":0.1641153303498301,"100":0.12943622432466292,"101":0.043588638304755525,"102":0.02472387113508486,"103":0.01019062712491993,"104":-0.010648239646416022,"105":0.03114484809879843,"106":0.06818739699942337,"107":0.03294795523146653,"108":0.03526332904060375,"109":0.03197101065066618,"110":-0.0003415898410079887,"111":0.008491583253450778,"112":0.007546279804887007,"113":0.00839781490575281,"114":-0.0768138907039829,"115":0.006423825877876536,"116":-0.006135236089080454,"117":0.021349434481426233,"118":-0.03424218718333914,"119":0.01155294817190236,"120":-0.014400780574276517,"121":0.008344901491125767,"122":-0.02921838160617128,"123":-0.007292400607734673,"124":0.02018885437507694,"125":-0.008669517355333584,"126":-0.008669517355333584,"127":0.16735774786376967,"128":-0.03946456121454353,"129":-0.003923623514727775,"130":-0.008669517355333584,"131":-0.008669517355333584,"132":0.08715426961684389,"133":0.13838848467395923,"134":0.05344496756995912,"135":0.008059548716365772,"136":0.07475195200578894,"137":0.15148645393838583,"138":0.002630547371118508,"139":0.1623034806056989,"140":0.06896724750004798,"141":0.06347984047251677,"142":0.20445142189205096,"143":-0.005911809872937351,"144":0.02856527625596106,"145":0.09953738959389144,"146":-0.02425939005488989,"147":0.0862130267740298,"148":0.02824369448827725,"149":-0.0030182248339411383,"150":-0.01424221410060783,"151":-0.030811308401995877,"152":0.022922755877419293,"153":-0.025300887280409315,"154":0.013822556571810876,"155":-0.019752953263882315,"156":0.010419747612195149,"157":-0.020379195608723616,"158":-0.047045602303263115,"159":0.02375979796756865,"160":0.007927147713226841,"161":-0.0033461139751059105,"162":0.008366990020129514,"163":-0.0031083921697856315,"164":-0.07002812878276754,"165":-0.025054203042281037,"166":-0.07054457585828769,"167":-0.014892600840147555,"168":-0.01427712636261963,"169":-0.04233813936219638,"170":0.014708023106167756,"171":0.05235796523588272,"172":0.031067633373628542,"173":-0.018843691234929766,"174":-0.032303148953265054,"175":-0.031645009532539486,"176":0.001017475671165849,"177":-0.06457089325653617,"178":-0.0364489644258084,"179":-0.0034023850700985597,"180":0.013844656366407651,"181":-0.04727582084995436,"182":-0.039621192042100184,"183":-0.014055195991894823,"184":-0.011107352735483883,"185":-0.03251114707771521,"186":-0.08967921183461183,"187":-0.026607928531907514,"188":-0.012856765843916373,"189":-0.018779275393460672,"190":0.013005332236703235,"191":-0.0013017621122075052,"192":-0.023286997476549887,"193":-0.009691585636475222,"194":0.008634847214897018,"195":-0.07302726101713394,"196":-0.05292483435984399,"197":-0.061358599321080176,"198":0.003101538881019633,"199":-0.041519228939310066,"200":-0.02311441557912236,"201":0.022258648656045613,"202":0.022258648656045613,"203":0.0018561030762115766,"204":-0.003507426408846305,"205":-0.10847726780626912,"206":-0.004199187421650499,"207":-0.014590062605766917,"208":-0.028905664611715003,"209":-0.03119876558784522,"210":-0.04010945793829096,"211":-0.010059481798876294,"212":-0.05319868024582819,"213":-0.013026436160047297,"214":-0.0014207914368479652,"215":0.0007298987914295674,"216":-0.04902761917502482,"217":0.01483340511770083,"218":-0.04044532853186313,"219":-0.03558495063170121,"220":-0.047656130200395344,"221":-0.0391202586894296,"222":-0.05146825331531077,"223":-0.0023682759611703824,"224":-0.01927567938396685,"225":-0.0030354242871258527,"226":0.009000132576493347,"227":-0.09991340986784439,"228":-0.04819165912380616,"229":-0.03707860916757448,"230":-0.0022294344322529025,"231":-0.04855117898989058,"232":0.028889272475544917,"233":-0.04000137194739577,"234":-0.046687796473645043,"235":0.01343339751627869,"236":-0.01731434824917255,"237":-0.06728958392229856,"238":-0.016152196157613034,"239":-0.027540711614562424,"240":-0.027540711614562424,"241":-0.09709802535408307,"242":0.10123653917377956,"243":0.1611011792481518,"244":-0.15407741846867112,"245":0.018638157117015858,"246":0.6046326326077078,"247":0.2432071410228313,"248":-0.05065263195261793,"249":0.0875421902368969,"250":-0.01874414245548266,"251":-0.025512081408093412,"252":0,"253":-0.014584789329777921,"254":0.02100265492763527,"255":0.0020182525716952726,"256":0.0020182525716952726,"257":0.0993612317676722,"258":0.0993612317676722,"259":0.05231726488988391,"260":0.05231726488988391,"261":0.0904979253641947,"262":0.13463668391371159,"263":0.1644080225927974,"264":0.12382796336921983,"265":0.35256797765467773,"266":0.14199379515884125,"267":-0.010627415595883177,"268":-0.010627415595883177,"269":-0.010627415595883177,"270":0.16390578506964876,"271":0.16390578506964876,"272":0.013104416706982674,"273":-0.07306065754810931,"274":0.04598314962325517,"275":1.4988022552809004,"276":0.1770926074121324,"277":-0.1763133571889628,"278":0.28952592075288974,"279":0.049735225648826806,"280":0.42620936469225096,"281":-0.2562674021141955,"282":0.1025580603775561,"283":-0.13805160481824297,"284":-0.21932174392388482,"285":-0.3158779542043577,"286":-0.698842702993877,"287":0.2677352359131523,"288":0.014876874553357955,"289":-0.07031424332276405,"290":-0.06207110377083709,"291":-0.23800441363075836,"292":-0.03649008521040255,"293":-0.07003588375781472,"294":-0.08103673359019031,"295":0.1684099432250718,"296":-0.08107673029269258,"297":-0.40751494170393354,"298":-0.41746884324637756,"299":0.5325693268897278,"300":-0.10941419866919644,"301":-0.12880777850876307,