{"1":-1.034809136337925,"2":-1.4922838826097817,"3":-1.8369344956973113,"4":1.6211896495544995,"5":0.14673075430001248,"6":0.11203765303821744,"7":0.23074194917943125,"8":0.32199926479139207,"9":0.32199926479139207,"10":-0.3015334421808169,"11":-0.3015334421808169,"12":-0.5649870607299872,"13":-0.5649870607299872,"14":-2.091200718165792,"15":-2.091200718165792,"16":-0.02680150468882081,"17":-0.02680150468882081,"18":-0.02680150468882081,"19":0.11784692790943352,"20":0.11784692790943352,"21":0.036136438688786354,"22":0.036136438688786354,"23":0.288115172597863,"24":-0.40864953621069144,"25":0,"26":-0.33938328905190174,"27":-0.3254352786449388,"28":0.10836904933693348,"29":-0.6006106961585993,"30":0.07784472121838415,"31":0.22773111912123345,"32":0.42232686594388014,"33":-0.11259900931336342,"34":-0.6071860554136441,"35":-1.1398313702591756,"36":-0.33130049693139185,"37":-0.5574331888481172,"38":-0.5434068343682101,"39":0.4262550724029255,"40":-0.20196734424425333,"41":-0.6161241727490168,"42":-1.484669109219091,"43":-0.5944815147992158,"44":0.08396828118298505,"45":-0.9948322332946498,"46":-0.9532513030461433,"47":-1.0567814132251416,"48":0.049156069022249005,"49":-0.6172973290931308,"50":-0.6172973290931308,"51":0.049156069022249005,"52":0.049156069022249005,"53":-0.6808278631114104,"54":-0.6808278631114104,"55":-0.4449226639170776,"56":-0.3822108594798934,"57":-0.547330861071615,"58":-0.1287901313336529,"59":0.13608335447207992,"60":-0.251729188173611,"61":-0.34015703628086547,"62":-0.6565916090902624,"63":-0.23786088015455176,"64":-0.2127175552295253,"65":-0.0183498258532121,"66":-0.04657295652184801,"67":-0.38030117613928116,"68":-0.6813576408973196,"69":-0.5938552416379348,"70":-0.6505840344104421,"71":-0.586380595174314,"72":-0.3295788377627763,"73":-0.1155974405284983,"74":-0.02743798592613156,"75":-1.9180307030193209,"76":-0.4615662265730309,"77":-0.23803783002236467,"78":-0.6821043146418507,"79":-0.5544850040619287,"80":-0.5561864989979275,"81":-0.3109705837332759,"82":-0.239661956280393,"83":-0.8892308589266382,"84":0.26781960425634566,"85":-0.014805854941404517,"86":-0.6185058365141703,"87":-0.6185058365141703,"88":-0.3882201212275582,"89":-0.3882201212275582,"90":-0.34836457184791214,"91":-0.6447681782340706,"92":-0.6137147063972141,"93":-0.3146883183948894,"94":-0.2510733403393579,"95":-0.05091424049314841,"96":-0.7341256554896503,"97":-0.45863196637461645,"98":-0.30878761463930227,"99":-0.485394838728592,"100":0.12743311050408146,"101":-0.3372640726440641,"102":-0.13990086304813798,"103":-0.18977067247455937,"104":0.11131551958191821,"105":0.23938575695086306,"106":0.336861089234026,"107":-0.08466533724472991,"108":-0.01483626687052042,"109":0.1870033407752395,"110":-0.5553708531306205,"111":0.1524504660448016,"112":-0.23679085902356678,"113":-0.32224085253199963,"114":0.0155777165138421,"115":-0.11809258849940418,"116":-0.04318727389660515,"117":-0.23692096868186074,"118":-0.8044479287893394,"119":-0.42145567420982033,"120":-0.47464309507167557,"121":-0.46523861569253167,"122":-0.049852049234925144,"123":-0.35163769542929635,"124":-0.03547425304781027,"125":-0.13992209623271956,"126":-0.13992209623271956,"127":-0.2834228244388135,"128":-0.2531347899782572,"129":-0.08281190013632067,"130":-0.13992209623271956,"131":-0.13992209623271956,"132":0.0686928001827869,"133":-0.4978730251408878,"134":-0.26697897797372994,"135":0.1349233568940753,"136":0.20165727854293802,"137":-0.22717675741823906,"138":-0.6002251811338837,"139":0.2876297092611073,"140":-0.17482831531658172,"141":-0.29263157462389655,"142":-0.5784208903379038,"143":-0.7855214499588024,"144":-1.1148836808374738,"145":-0.33351176347051337,"146":-0.48533998894440455,"147":-0.26145126579084144,"148":-0.29693319141373264,"149":-0.11937378850514424,"150":0.5343808518475173,"151":-0.7684614049887935,"152":-0.08973188254057485,"153":-0.41515554220608375,"154":-0.10334663058463345,"155":-0.47571166873637516,"156":-0.3645820413561911,"157":0.16986832697400733,"158":0.07384531715316012,"159":0.05773901196546327,"160":-1.5935379734613968,"161":0.2678530913841983,"162":-0.5038576244223437,"163":0.007052401560922572,"164":-0.27542480905497135,"165":-0.22324220296241393,"166":-0.14948579065939516,"167":-0.07213832898542472,"168":0.75305518405855,"169":0.05858004983954701,"170":0.06056547537690449,"171":-0.06525534998181381,"172":0.42311796589408646,"173":0.4382839414876891,"174":0.32722390477925334,"175":-0.08239311816330064,"176":-0.07320993659283137,"177":0.4016893283114735,"178":0.3729337720139896,"179":0.09973740700438083,"180":0.048775500369415026,"181":0.30096062703194787,"182":0.39936202194864434,"183":0.24868996397878984,"184":0.2012420116568342,"185":0.14744157101376432,"186":0.6205549488919323,"187":0.31870662307731445,"188":0.37464158924668145,"189":0.6518424333269409,"190":0.3122069517297805,"191":0.3364643011085007,"192":0.5357556471109293,"193":0.00803620516076542,"194":-0.24441018894283983,"195":-0.10949814318825402,"196":1.253695050197158,"197":-0.049622524771919974,"198":-0.21270004343096804,"199":1.0313147759020036,"200":0.500753677534474,"201":-0.2344605715557937,"202":-0.2344605715557937,"203":0.01044570839221115,"204":-0.015599011212998226,"205":0.17425522276769634,"206":-0.18225421979505663,"207":-0.3542121774940934,"208":0.07592383200202363,"209":-0.03466786547236478,"210":-0.211245577142135,"211":0.1244844422748762,"212":-0.21115462701244714,"213":0.03672542203277507,"214":0.20500862331780867,"215":-0.20079371515190814,"216":0.22512709366155792,"217":0.4183237759995254,"218":0.4994615730545461,"219":0.3248717807687207,"220":-0.23012530383597818,"221":0.012946933903100755,"222":0.3392619484105919,"223":0.38081388158112184,"224":-0.12989523087638122,"225":-0.3170379123901901,"226":0.22736755353589855,"227":0.5197274975515325,"228":-0.07852972747224429,"229":-0.4037176341364157,"230":-0.02929504097814628,"231":0.12235411374928895,"232":0.4066062417489964,"233":0.05583527956489864,"234":-0.15232032810338558,"235":0.00557412933502377,"236":-0.062310164590642314,"237":-0.04496751845425284,"238":-2.097588630159782,"239":-0.4186318510513709,"240":-0.4186318510513709,"241":-0.13682872946530905,"242":0.24699851014835078,"243":0.05773625024753137,"244":-0.18258576093936452,"245":-0.7084298995711127,"246":-0.5564846029821313,"247":-0.046889494461366324,"248":-0.22945912498265425,"249":-0.09844933197697428,"250":-0.49106426187657676,"251":-0.1521115881103403,"252":-0.011668595785088581,"253":-0.14851196219956786,"254":0.28026891658762215,"255":-0.025818091327609816,"256":-0.025818091327609816,"257":0.6335696080072929,"258":0.6335696080072929,"259":0.03778355043257636,"260":0.03778355043257636,"261":0.589671293126834,"262":0.7711526667334744,"263":0.1796744415361613,"264":-0.3188827296592056,"265":0.8437382421209965,"266":0.41502838915872153,"267":0.014870502988933387,"268":0.014870502988933387,"269":0.014870502988933387,"270":0.3733065825964918,"271":0.3733065825964918,"272":-1.4905146145912183,"273":-0.5591701343884303,"274":-1.3253319362612326,"275":0.2561656713116567,"276":-0.5834221410993541,"277":-1.078254503034473,"278":-1.5433200320979616,"279":-2.1851842609409493,"280":-1.0450951615599062,"281":-0.9345567654000405,"282":-0.5685852942917664,"283":-0.7326020810889409,"284":-0.3603614910130173,"285":-0.7242646121805492,"286":-0.822098887697133,"287":-1.270805946746945,"288":0.3974768393561937,"289":-0.11321079440051363,"290":-0.12619990583466345,"291":-0.19881849419998532,"292":-0.8870734890301699,"293":-0.11214151716659904,"294":-0.4721194825633858,"295":-0.02338417375247448,"296":0.20746615187241058,"297":-0.443943053584048,"298":-0.5533472468859431,"299":0.3773799554608361,"300":-0.607332881613737,"301":0.9598673601640615,"302":-0.015009139331700894,"303":0.2835877152717674,"304":-0.20878098807903844,"305":-0.0743448909605211,"306":-0.20878098807903844,"307":0.3027994800244034,"308":-0.8733895195325284,"309":-0.48306852632829034,"310":-0.5111528557318312,