{"1":-0.7242964700892508,"2":-2.559954684452464,"3":-1.2437027839545773,"4":-0.7749664810661776,"5":-0.36494354542931057,"6":0.09967810038927571,"7":-0.08714553832957089,"8":-0.3900848606294368,"9":-0.3900848606294368,"10":-0.9923734661812709,"11":-0.9923734661812709,"12":-1.2387840524493692,"13":-1.2387840524493692,"14":-1.6290271964970455,"15":-1.6290271964970455,"16":-0.18029635697327473,"17":-0.18029635697327473,"18":-0.18029635697327473,"19":-0.13849401712675363,"20":-0.13849401712675363,"21":-0.13062567238391912,"22":-0.13062567238391912,"23":-0.033722784501143355,"24":-0.7740161355365249,"25":-0.01918084509641176,"26":-0.2594485991562204,"27":-0.05567548518627072,"28":0.006382088761953758,"29":-0.3316822274470601,"30":0.09964880359353616,"31":0.09045357538728435,"32":0.0855253124909883,"33":-0.03898444545711069,"34":-0.0763595064145158,"35":-1.326410591363,"36":-0.26167708487651425,"37":-0.40743996921320014,"38":-0.3697564320255312,"39":-0.13215380709818492,"40":-0.3215258016352699,"41":-0.3877356016656987,"42":-1.3545888758022686,"43":-0.32759193181668583,"44":-0.29616748672795756,"45":-0.8065803383557786,"46":-0.7113361922825161,"47":-0.7433188028436476,"48":-0.3504122053153274,"49":-0.6055882008228393,"50":-0.6055882008228393,"51":-0.3504122053153274,"52":-0.3504122053153274,"53":-0.703430531742516,"54":-0.703430531742516,"55":-0.06415505731435747,"56":-0.15851467031054012,"57":-0.07372823132698286,"58":0.04041936450535974,"59":0.11032726130206286,"60":-0.07352160735337118,"61":0.07087099434143102,"62":-0.16300402751018728,"63":-0.03201062013240552,"64":0.030606433205391997,"65":0.11209979957586819,"66":-0.08159075842327623,"67":-0.17466614358904264,"68":-0.42877589961357065,"69":-0.1480346079193562,"70":-0.17981637018071145,"71":-0.29457115509756693,"72":-0.3256739244217214,"73":-0.23849339395174485,"74":-0.2951219562827693,"75":-1.807548366543434,"76":-0.41820451805155356,"77":-0.20313144148270523,"78":-0.5004751351577816,"79":-0.33563170871359316,"80":-0.4806245612335409,"81":-0.1505442384355865,"82":-0.3905892286764087,"83":-0.7054756390863209,"84":-0.543082794849637,"85":-0.06705822267371186,"86":-0.4023837850976747,"87":-0.4023837850976747,"88":-0.2708643901376019,"89":-0.2708643901376019,"90":-0.09680328085012915,"91":-0.10395268400506943,"92":-0.2135334271532915,"93":-0.03618667600343317,"94":-0.053702847412626376,"95":-0.13849185870432115,"96":-0.1155393981423877,"97":-0.06098895978904682,"98":-0.07369729006162593,"99":0.048176796161553126,"100":0.13158080036597813,"101":-0.25963802858781904,"102":-0.20135297936380464,"103":-0.2067983439357039,"104":-0.07340166859008423,"105":0.14616920686821788,"106":-0.160636094174765,"107":-0.21232450180336648,"108":-0.1600477102420606,"109":-0.0004391768342790203,"110":-0.15868974604734903,"111":-0.31940462829262906,"112":-0.08415147928121175,"113":-0.12414220963278805,"114":0.05304860859128124,"115":-0.3386251884070789,"116":-0.09394573407596352,"117":-0.2455582851051185,"118":-0.46885642812111583,"119":-0.19849641169643079,"120":-0.30215058012479845,"121":-0.12805535270041646,"122":-0.1103059280171601,"123":-0.13500069243136792,"124":-0.21098380411215806,"125":-0.07457126143595305,"126":-0.07457126143595305,"127":-0.1771556174154375,"128":-0.17482367737814275,"129":-0.07405437588697922,"130":-0.07457126143595305,"131":-0.07457126143595305,"132":-0.11093590520855123,"133":-0.415320388056866,"134":-0.48006260322461736,"135":-0.21690613692415217,"136":-0.06901930732124584,"137":-0.708033184394194,"138":-0.4009910652794175,"139":0.1194971801695549,"140":-0.08143681357319427,"141":-0.2532297536685911,"142":-0.8516464260507567,"143":-0.6688697680062778,"144":-0.6365984102534761,"145":-0.40595931503350435,"146":-0.11253497879271673,"147":-0.29686306164263443,"148":-0.1044847545197164,"149":-0.11709290365976321,"150":0.048677595807551266,"151":-0.2828102429076849,"152":-0.04220217885112171,"153":-0.21737298207484562,"154":-0.31418403756190477,"155":-0.6603766520294283,"156":-0.542970020704633,"157":-0.1852969221207954,"158":-0.3652453345508107,"159":-0.31840908725027117,"160":-2.3965853873098473,"161":0.0071214782020037615,"162":-0.5370918178504278,"163":-0.1345105416303451,"164":-0.13924639665065586,"165":-0.17469182987501736,"166":-0.33341886581967517,"167":-0.3279087381419024,"168":0.038990201449988104,"169":-0.07983090229939316,"170":-0.16221781382321232,"171":-0.0763001040935204,"172":0.2600100774295455,"173":-0.30660398360121116,"174":-0.30934172512878166,"175":-0.6417864850891434,"176":-0.24963190515368666,"177":-0.23885984940472865,"178":-0.3940201139995139,"179":-0.6070405648346258,"180":-0.14269009841994862,"181":-0.08975102092455042,"182":-0.057329668276788565,"183":-0.1417296147228321,"184":-0.16359043960900072,"185":-0.2847226080655054,"186":-0.14711439871779597,"187":-0.09723463159840073,"188":-0.30081027923115644,"189":-0.16887316315945514,"190":-0.0771110440021831,"191":-0.3020051689727443,"192":-0.855895228410981,"193":-0.2570056402390439,"194":-0.6705559111040431,"195":-0.42031452024541965,"196":-0.22525041368604048,"197":-1.0073688935279683,"198":-1.1711144089803238,"199":-0.018351459922561153,"200":0.09870276317579335,"201":-0.23197319404571248,"202":-0.23197319404571248,"203":-0.17591027743987964,"204":-0.17620650462328377,"205":-0.10486339289628616,"206":-0.31720260184769994,"207":-0.34948164536493187,"208":-0.1467973900520871,"209":-0.22057365753539482,"210":-0.4030857291951152,"211":-0.09945578025836994,"212":-0.26740200581358553,"213":-0.13011810129287676,"214":-0.15163841903225117,"215":-0.3317164167467492,"216":-0.15623591259416234,"217":-0.16039037937996972,"218":-0.18983227118340504,"219":-0.20873687463075416,"220":-0.2929474050986838,"221":-0.31999018149182157,"222":-0.49165417304715625,"223":-0.13946148083607002,"224":-0.6943329089467418,"225":-0.9144284928229733,"226":-0.14218619093957574,"227":-0.1609127534955348,"228":-0.2419712464421528,"229":-0.3454063417722188,"230":-0.14891456024831712,"231":-0.14855075476521837,"232":0.026029468532520084,"233":-0.5717714243010965,"234":-0.22134683938406863,"235":-0.37091068831771756,"236":-0.2519224304487953,"237":-0.41144493151037737,"238":-3.142208959962951,"239":-0.6272610715184913,"240":-0.6272610715184913,"241":-0.04459968363890757,"242":0.017207852030093576,"243":0.04022198216392904,"244":-0.06993404279157686,"245":-0.07578376828976183,"246":-0.2858209422288055,"247":-0.12550541041127167,"248":-0.0951456199241558,"249":-0.02000726441562807,"250":-0.21955081431185208,"251":-0.232728875971756,"252":0.19964028363220157,"253":-0.16426680644181155,"254":-0.03881836232341797,"255":-0.001052891690278987,"256":-0.001052891690278987,"257":0.04628688445371451,"258":0.04628688445371451,"259":-0.03203774939549389,"260":-0.03203774939549389,"261":0.3819780401516662,"262":0.3299618184756168,"263":0.5768199784650645,"264":-0.10375034476230538,"265":0.30823754297896655,"266":-0.12084217189636981,"267":0.12659236571765614,"268":0.12659236571765614,"269":0.12659236571765614,"270":-0.0504606645878975,"271":-0.0504606645878975,"272":-1.629484717943552,"273":0.14927086415691748,"274":-0.9675038114583172,"275":-1.2448095455489145,"276":-1.8178708000606227,"277":-2.3927759706092395,"278":-2.063998424482941,"279":-0.44348564546496994,"280":-0.3836660148821731,"281":-0.027256240759402778,"282":-0.1311235850047513,"283":-0.28582500852523685,"284":-0.08715418439405538,"285":0.04383017188313543,"286":-0.1753784991581731,"287":-0.8765410903421775,"288":0.09895579399197574,"289":0.23304652991106478,"290":0.10523674569054853,"291":-0.2567315147820986,"292":-0.6384083914773693,"293":-0.3458660947832993,"294":-0.47507122573876387,"295":-0.48155219038417235,"296":0.01459400914240322,"297":-0.25654391995088166,"298":-0.2696575121091358,"299":-0.1664118702682913,"300":-0.4081197203547291,"301":0.5315522209146804,"302":-0.7218605517850988,"303":0.21680357879040346,"304":-0.24962412652130928,"305":-0.049972619386635664,"306":-0.24962412652130928,