{"1":0.03633378423662681,"2":0.09170488621348918,"3":-0.04809230485476182,"4":0.17482855444282963,"5":0.049880892890559886,"6":0.01886741850099337,"7":0.00962014599834514,"8":0.12135002744444426,"9":0.12135002744444426,"10":0.23581050094921588,"11":0.23581050094921588,"12":0.03263556919229246,"13":0.03263556919229246,"14":-0.007454762593025022,"15":-0.007454762593025022,"16":-0.050280185362381644,"17":-0.050280185362381644,"18":-0.050280185362381644,"19":0.06807216113177317,"20":0.06807216113177317,"21":0.036814421856258106,"22":0.036814421856258106,"23":0.052753340414338046,"24":0.07469259535793404,"25":0.03031221582297666,"26":0.010235459890205162,"27":0.014354215762912223,"28":0.00759503949850486,"29":-0.01789865775939614,"30":0.0481116003895517,"31":0.03392965332402231,"32":-0.2143083582949039,"33":0.05071170154503711,"34":-0.02143606836706015,"35":-0.0065353418799194984,"36":0.1177157822217782,"37":0.0034939325161010004,"38":-0.01579222683560942,"39":0.05110463376136863,"40":-0.07589203712898329,"41":0.034227637333512334,"42":-0.03572119719373858,"43":0.028787963721717783,"44":-0.02210665620397223,"45":-0.019508944312096675,"46":0.047776916788459384,"47":0.05380992755044081,"48":0.04119691420033236,"49":0.04889229949679111,"50":0.04889229949679111,"51":0.04119691420033236,"52":0.04119691420033236,"53":0.037767245443442996,"54":0.037767245443442996,"55":-0.08652844139050729,"56":-0.03136179667795816,"57":0.059016830605612094,"58":-0.0822920058758774,"59":-0.0028449687017339242,"60":-0.03574444376158986,"61":-0.0067619105015946646,"62":-0.007178282278074571,"63":-0.021730747716518756,"64":-0.027536254941790267,"65":-0.13150779322485315,"66":0.05954665544872456,"67":0.11701586774284428,"68":0.07679105329447644,"69":-0.051401019624177716,"70":0.0022451401244576175,"71":0.010695535943084589,"72":-0.023405174550246197,"73":0.07502842927346928,"74":-0.012094805828268607,"75":-0.05855119663995764,"76":0.019109559027135903,"77":-0.022602501820828458,"78":-0.020256691071667138,"79":0.019555933362727068,"80":0.019552615400838413,"81":-0.08632830534978657,"82":-0.02626768051250486,"83":0.003173529944613257,"84":-0.04336740331856202,"85":-0.011045352838178132,"86":-0.02197438805833546,"87":-0.02197438805833546,"88":-0.03573845978653223,"89":-0.03573845978653223,"90":-0.010836785126542459,"91":0.010004444555233721,"92":-0.011610975216584052,"93":-0.013932597847362824,"94":0.08395090866178902,"95":0.08672882690768297,"96":-0.029970809070534205,"97":-0.007514193188583498,"98":0.10403811206265992,"99":0.024708189651823476,"100":0.09135504184767076,"101":0.025911736983975947,"102":-0.007349693731290768,"103":-0.012463126157681248,"104":-0.05745789945740011,"105":0.043370418719476944,"106":-0.025335411208198072,"107":0.005414015221186716,"108":0.03520344650349383,"109":0.07866501576337319,"110":-0.03003452488666075,"111":0.024505289167880834,"112":0.03107768134978736,"113":-0.04396508185763294,"114":0.032650708516642646,"115":-0.0029986906873251742,"116":0.04738440820806307,"117":-0.090133616786871,"118":-0.04591914304724093,"119":0.030821141952696446,"120":0.05498790647149687,"121":0.023825529377876076,"122":-0.003142230173295568,"123":-0.036602138000753126,"124":-0.0035681183858898013,"125":-0.0012401561164821495,"126":-0.0012401561164821495,"127":-0.05630394056855462,"128":-0.04932917162476659,"129":0.042399069150950555,"130":-0.0012401561164821495,"131":-0.0012401561164821495,"132":0.08258629635614229,"133":-0.001265088042623097,"134":0.05189171772751658,"135":0.09605139189889625,"136":0.009747970339935103,"137":0.11486135188934367,"138":0.10708109315890232,"139":0.09545607702593059,"140":0.04634369847759684,"141":0.12351350374162454,"142":0.049632113084227575,"143":0.042942650057345155,"144":0.001574646129208379,"145":0.16217848095601964,"146":0.12662057413920116,"147":0.14707806686419259,"148":0.013234616530839738,"149":0.01830714223959648,"150":0.15256320231726217,"151":-0.051631830794230005,"152":0.07047218380990072,"153":0.026804012650577566,"154":0.03509766073993255,"155":0.007659336102116263,"156":0.056578956686990256,"157":0.06930741841152568,"158":0.07980652187499217,"159":-0.04114429304630415,"160":0.04176658747913076,"161":0.01765907643948908,"162":0.007211151621534045,"163":-0.014622297276207244,"164":0.11991969053229179,"165":-0.005216356806336933,"166":-0.00016404435016439955,"167":0.0974290177106201,"168":0.014708095042667568,"169":0.0013081699270796054,"170":-0.08048818231381002,"171":0.031203659774150433,"172":0.04476519221156208,"173":0.19039861561165106,"174":0.05745650984552232,"175":0.11985079563093748,"176":0.05892089722214372,"177":0.09475283426916806,"178":0.06581834928393598,"179":0.0542897607856464,"180":0.027700058512514072,"181":0.056473045970361915,"182":0.08226730167511724,"183":0.06694383601778683,"184":0.12197343656518367,"185":0.040009553039616896,"186":0.08197360384940006,"187":0.03789916866283835,"188":0.09608729431991972,"189":0.12005382493211197,"190":0.0769933201472161,"191":0.07231343734422949,"192":0.09507257889479331,"193":0.05494889362376118,"194":-0.0031618503809383858,"195":0.012422633017363016,"196":0.09908496337744019,"197":0.11004563579039364,"198":0.10063546021555955,"199":0.06648462638306366,"200":0.029096231368433964,"201":0.027111838590113402,"202":0.027111838590113402,"203":0.05040464688422518,"204":0.03626454548011776,"205":0.06772667662409355,"206":0.044541256603622986,"207":0.009473866303377487,"208":0.027435778184121212,"209":-0.001134720721422261,"210":0.10814697291743622,"211":0.02185189533547402,"212":0.012922728340213782,"213":0.024031065588765388,"214":0.057219254679108295,"215":0.01892766040674121,"216":0.10143450489324243,"217":0.10310188571933926,"218":0.1593579145791193,"219":0.12098184653303545,"220":0.05117694742154112,"221":0.0018105863706479458,"222":0.061090796735588676,"223":0.13067129608177636,"224":0.09999905063508513,"225":0.046818358096775606,"226":0.07164521186880374,"227":0.10137067747117426,"228":0.057076680508066566,"229":-0.003027867461360134,"230":0.09105856614966654,"231":0.06258843459351814,"232":0.03814823095789305,"233":0.11315773169686562,"234":0.020215026217664356,"235":0.08956159116104559,"236":0.1126208413324362,"237":0.058677138949772306,"238":-0.12917774418050254,"239":-0.021093412529083047,"240":-0.021093412529083047,"241":-0.13681026598683854,"242":0.06676850461102365,"243":0.15630526800197997,"244":-0.1944693196174198,"245":0.07062146892655367,"246":0.29045772302559086,"247":0.028873600185006155,"248":0.4346414438327616,"249":0,"250":0.022980346986238007,"251":0.01901688876004988,"252":0,"253":-0.03609266066794091,"254":-0.021078983450818933,"255":-0.02491280518186348,"256":-0.02491280518186348,"257":-0.13617300249174447,"258":-0.13617300249174447,"259":-0.01971857769100363,"260":-0.01971857769100363,"261":-0.002451828656635284,"262":-0.022875770118753413,"263":-0.07067703845733772,"264":-0.060418927464497355,"265":-0.18243612655258878,"266":0.0379070132434805,"267":-0.0187129099308769,"268":-0.0187129099308769,"269":-0.0187129099308769,"270":0.05763778515129993,"271":0.05763778515129993,"272":-0.02825925624508895,"273":-0.04371988608176577,"274":-0.018685786582396433,"275":-0.18798210928890904,"276":-0.014220100600962321,"277":-0.028947050253978895,"278":0.0487637248710962,"279":0.0484027105517909,"280":0.1310222951064764,"281":-0.24444891014176667,"282":-0.3758280313146388,"283":-0.2843548346117212,"284":-0.02351346694190687,"285":-0.0584769921960924,"286":-0.24153828819442835,"287":0.02372785101390054,"288":-0.035529871958132515,"289":-0.015993756283344207,"290":0.09077909224523883,"291":-0.15646404893501822,"292":-0.06554603162321726,"293":-0.11388346096844432,"294":-0.10152768434432506,"295":-0.28559464537166623,"296":0.042178248629082524,"297":0.02028974485295057,"298":-0.0936463730415295,"299":0.08380451859801102,"300":-0.012787544522210148,"301":0.07502695736766206,"302":0.1056874489451669,"303":0.006780611900724737,"304":0.014958905729146155,