{"1":0.09132035153573848,"2":-0.41741334047012435,"3":0.7226667611149442,"4":-0.551385839908026,"5":-0.2793065829579934,"6":-0.013362951646783583,"7":0.22027563623080582,"8":-0.9849526394805943,"9":-0.9849526394805943,"10":-1.4410475807291023,"11":-1.4410475807291023,"12":-0.9961474295879906,"13":-0.9961474295879906,"14":-0.1323869224700327,"15":-0.1323869224700327,"16":-0.0496326466543241,"17":-0.0496326466543241,"18":-0.0496326466543241,"19":0.01211035802439353,"20":0.01211035802439353,"21":-0.22128074200034487,"22":-0.22128074200034487,"23":0.22343101178783353,"24":-0.19460690025597627,"25":-0.016828322970023846,"26":-0.08349767760298343,"27":-0.03699805370334097,"28":-0.16435199953975133,"29":-0.19126002155784505,"30":0.18661809432128285,"31":0.3266282940165506,"32":-0.21290510402999385,"33":-0.250556639789667,"34":0.2072244765317594,"35":-0.32477913269491676,"36":0.015003025619096277,"37":-0.11116868468460028,"38":-0.2638426906649163,"39":-0.4930987578559982,"40":-0.40812545987323157,"41":-0.10491392835643998,"42":-0.2740448316927864,"43":-0.4485136253181832,"44":0.03476052330513779,"45":-0.9083553541275036,"46":-0.40089869149959867,"47":-0.5073531741802335,"48":-0.46421412586514155,"49":-0.33500960226675236,"50":-0.33500960226675236,"51":-0.46421412586514155,"52":-0.46421412586514155,"53":-0.22484899123133095,"54":-0.22484899123133095,"55":-0.6361805285188038,"56":0.284522130665847,"57":-0.1866125675623036,"58":-0.037468192216499996,"59":-0.2561307373492505,"60":0.13189874992225858,"61":-0.08783876283054881,"62":0.003248249553394311,"63":-0.1502786201880928,"64":-0.18644503523856149,"65":0.24026135788866787,"66":0.4401190778054871,"67":0.27633285943737773,"68":0.5130868606775487,"69":-0.3422682373004018,"70":-0.4662122306847989,"71":-0.19264073433045414,"72":-0.19903202524862929,"73":-0.14037172255519303,"74":-0.34408702191196516,"75":-0.439827844144975,"76":-0.43302901184640286,"77":-0.3082973814043404,"78":-0.25124231717115997,"79":-0.09741160316895758,"80":-0.24617007181510298,"81":-0.08246221078707605,"82":-0.2923008734433745,"83":-0.1802260058936489,"84":0.01272237651995356,"85":0.0044141531771833,"86":-0.12452129476118223,"87":-0.12452129476118223,"88":-0.5195230118226575,"89":-0.5195230118226575,"90":0.2752601560109911,"91":-1.0771896925006672,"92":-0.3783476300017927,"93":-0.012190262980372069,"94":-0.2711450711981751,"95":0.14402897786555435,"96":0.11110562704005478,"97":0.03261615302884868,"98":0.7125493828973806,"99":0.2672458446156578,"100":0.2989498901113601,"101":0.44507531669768285,"102":0.19695571235148956,"103":0.052835136300672936,"104":-0.04417863664272059,"105":-0.052248095123698546,"106":-0.08600824117858785,"107":-0.22093313649317436,"108":-0.35361629967928265,"109":-0.0021957678272070957,"110":0.3484177571123417,"111":-0.01911571473622553,"112":-0.19087745613719953,"113":0.0738021887216036,"114":-0.46851712061396855,"115":-0.06204545503487402,"116":-0.171053364393273,"117":-0.05149715628576512,"118":0.09099513501368661,"119":-0.06880200635893052,"120":0.10169936208277153,"121":-0.08492954462843927,"122":-0.13960014740534943,"123":-0.26331580425298085,"124":-0.1701659276041423,"125":-0.10587247531285593,"126":-0.10587247531285593,"127":0.3722225788854905,"128":-0.15627071360049483,"129":-0.194533289963166,"130":-0.10587247531285593,"131":-0.10587247531285593,"132":0.35009902606506094,"133":0.2764214556065383,"134":-0.06373676951206297,"135":-0.3104449385992152,"136":0.0004263462281839381,"137":0.1273645937823833,"138":-0.06837402454235386,"139":0.6300557223126191,"140":0.2900449966553209,"141":-0.02437216071216941,"142":0.15380843487662377,"143":-0.0648240559384976,"144":0.15945147971941243,"145":-0.06932261076629231,"146":-0.6983108219300069,"147":-0.16669492325167345,"148":-0.3032503393109005,"149":-0.2807604033116391,"150":-0.5148258794406422,"151":-0.1670331420613731,"152":-0.18810973010548815,"153":-0.2517314651341891,"154":-0.1563478344669642,"155":-0.2333525909517985,"156":-0.16935443522745253,"157":-0.48076703299300094,"158":-0.35895686705642704,"159":0.05953970588901991,"160":0.017236530826011176,"161":-0.4309322149071093,"162":-0.4057272605316524,"163":-0.173422040454696,"164":-0.7573869085539773,"165":-0.4462579280518504,"166":-0.41673560611124105,"167":-0.4339983580483391,"168":-0.3168309438685073,"169":-0.31721019806943773,"170":-0.1913631812623835,"171":-0.2122484304967973,"172":-0.04327282471856986,"173":-0.30691833911501987,"174":-0.537484293721034,"175":-0.534323615302803,"176":-0.09885972784901975,"177":-0.4684908102233811,"178":-0.2748566493161094,"179":-0.06325659960061014,"180":-0.41204087131428435,"181":-0.3591170501325447,"182":-0.29010282348515437,"183":-0.3023244637606082,"184":-0.23531976134929045,"185":-0.16564035543042033,"186":-0.2049334062687561,"187":-0.18264739126319618,"188":-0.36602351592295723,"189":-0.20390097055686707,"190":-0.10425362033280972,"191":-0.19285037906163272,"192":-0.3940173010248198,"193":-0.43093918310189894,"194":-0.39538590404245344,"195":-0.46557112178933857,"196":-0.48443308855918543,"197":-0.5698507767151404,"198":0.09969556716085437,"199":-0.3939637857194114,"200":-0.20183049605827086,"201":-0.09488114138569159,"202":-0.09488114138569159,"203":-0.2574158900652048,"204":-0.30581734028863083,"205":-0.48617332086081877,"206":-0.25202804511660926,"207":-0.21358564386929135,"208":-0.34971527585826967,"209":-0.471225231275465,"210":-0.18273749809081075,"211":-0.49218525700015126,"212":-0.7502896586611751,"213":-0.3879320915077883,"214":0.12188320735905167,"215":-0.33897234190023506,"216":-0.5090239337878184,"217":-0.24650643869861266,"218":-0.31238871432650583,"219":-0.49430383786002663,"220":-0.42533924880408036,"221":-0.3668454494779554,"222":-0.5886041829269331,"223":-0.5950819769242277,"224":-0.6746820286551087,"225":-0.1995088710291656,"226":-0.18803288671158436,"227":-0.7043533183458679,"228":-0.7958923410251555,"229":-0.6465091725439087,"230":-0.7210314677385541,"231":-0.6551589104104432,"232":-0.2667438590623996,"233":-0.30134870329185914,"234":-0.5187525479340414,"235":-0.4512317329749136,"236":-0.4755930069012839,"237":-0.4638231966195103,"238":-0.22160684546050025,"239":-0.4632484045986518,"240":-0.4632484045986518,"241":-1.076861817372668,"242":-0.4359811700037137,"243":0.2291702118018224,"244":-0.5084948793615371,"245":0.20329113331147497,"246":0.8566822083750927,"247":0.45354073026343206,"248":-0.4268300544754404,"249":0.39379351596270146,"250":0.0780510058860574,"251":-0.668273827528536,"252":0.008693313038001249,"253":1.071747369575705,"254":-0.017934740737736876,"255":-0.02607510242181299,"256":-0.02607510242181299,"257":0.5188321228981587,"258":0.5188321228981587,"259":0.5037062072427327,"260":0.5037062072427327,"261":0.07757112594357374,"262":-0.3014773497318426,"263":-0.051135447565189174,"264":-0.10463818126458957,"265":-1.1084240051186587,"266":-0.2944748813768068,"267":-0.16753894842600586,"268":-0.16753894842600586,"269":-0.16753894842600586,"270":-0.020346125852284347,"271":-0.020346125852284347,"272":-0.17449103578819314,"273":-0.16660160089910925,"274":0.22849417083439616,"275":1.3398911016614092,"276":0.033151740422147746,"277":-0.21789921113387312,"278":0.3640561444882193,"279":0.037598534089337554,"280":-0.08812687466711511,"281":-0.3357135980243371,"282":-0.5002435001178225,"283":-0.554317300080589,"284":-0.6534514368566035,"285":-0.508487649814976,"286":-1.5471786062118666,"287":0.5797602845166252,"288":0.052891822621983664,"289":-0.768369989715509,"290":-0.4956237349047994,"291":-0.8284316408448764,"292":-0.5292633426650193,"293":-0.34247642881106954,"294":-0.7766996012201459,"295":1.0243543376886273,"296":-0.261672423358253,"297":-0.8421179556337461,"298":-0.6499994793322701,"299":0.9128261685198997,"300":-0.8703036139054152,"301":-0.3308707054532176,"302":-0.4092750956788733,"303":-0.6998208616061876,"304":-0.4215056950881828,"305":-0.3112960727345495,"306":-0.4215056950881828,"307":-0.3226879561716931,"308":-0.26069538409885173,