{"1":-0.044259696999507936,"2":-2.1959457537148723,"3":-0.2677115103381633,"4":0.9768384194693447,"5":0.875669047308264,"6":0.631262212961545,"7":0.4582097059676476,"8":0.49281320156641306,"9":0.49281320156641306,"10":0.6637207029327581,"11":0.6637207029327581,"12":-0.5447870251074844,"13":-0.5447870251074844,"14":-0.6616027546308092,"15":-0.6616027546308092,"16":-0.024555190448080078,"17":-0.024555190448080078,"18":-0.024555190448080078,"19":-0.04301321211997311,"20":-0.04301321211997311,"21":0.434888036185033,"22":0.434888036185033,"23":0.8732999570122582,"24":0.6225417600370444,"25":0.3745961827662556,"26":-0.1036692911321434,"27":1.010435393726628,"28":0.6366025077330281,"29":0.10307251031579534,"30":0.4323018730799513,"31":0.27517588995602493,"32":0.6465755061355113,"33":0.7001473986908622,"34":0.2528311706606105,"35":-0.4355557535500505,"36":0.29129827431854716,"37":0.1968014550464816,"38":0.26886650442625626,"39":0.5063167425754614,"40":0.04169206800584657,"41":0.32033104152525604,"42":-0.3022689429562604,"43":0.0011831929131385088,"44":-0.0997983646915257,"45":-0.05163655825693536,"46":0.2181408522343904,"47":0.48782329811879377,"48":0.3218682620681027,"49":0.10495400252048825,"50":0.10495400252048825,"51":0.3218682620681027,"52":0.3218682620681027,"53":-0.2649749134511813,"54":-0.2649749134511813,"55":0.22289239620800833,"56":0.13523032580738625,"57":0.4659260970901035,"58":0.474004218369383,"59":0.9809326250655046,"60":0.5823303100842061,"61":0.6168122643344681,"62":0.3046859256263963,"63":0.4577717410747212,"64":0.2489930016242975,"65":0.3664668953106873,"66":0.3993338495555416,"67":0.5653274119284919,"68":0.09270795504001228,"69":0.2533399046110528,"70":0.29907010986375177,"71":0.015721372595003502,"72":-0.10119845565174868,"73":0.12254865947854343,"74":0.18506499640767482,"75":-0.8723327472704809,"76":0.10091783462720993,"77":0.05956102867516022,"78":-0.2992446361712572,"79":-0.1512611206462654,"80":-0.10151828562699472,"81":0.15526373164358886,"82":-0.4314236819359701,"83":-0.0676742647070061,"84":-0.26330713392371874,"85":0.10570066142274348,"86":-0.22995028966798892,"87":-0.22995028966798892,"88":0.38395822681062297,"89":0.38395822681062297,"90":-0.027622824582939576,"91":0.03275373476172616,"92":-0.013072856543358546,"93":0.08949472208372561,"94":0.3031483176941332,"95":0.1669766234423501,"96":-0.028359592460268646,"97":0.17879381813769724,"98":0.15974228630043852,"99":0.8606496688438225,"100":1.3278700868413893,"101":0.09618331823770254,"102":0.13273457280631168,"103":0.10627563371856813,"104":0.24583918446429132,"105":0.4414324148661682,"106":0.26109780013739936,"107":0.2555209766603389,"108":0.4400564945092291,"109":0.5172120489189346,"110":0.5799770546685367,"111":0.2913897328307379,"112":0.4384691639742216,"113":0.7092829291158558,"114":0.9927217118882468,"115":0.6208184327670434,"116":0.6016482059250989,"117":0.6239045454556549,"118":0.46410111742981064,"119":1.144682173341375,"120":0.377798649099676,"121":0.6125014514915331,"122":0.8569933842135251,"123":1.381465150322292,"124":4.990388491753728,"125":0.7734977516390725,"126":0.7734977516390725,"127":0.5651795905613669,"128":0.9393879948689065,"129":0.31535393499154885,"130":0.7734977516390725,"131":0.7734977516390725,"132":0.2654804882356784,"133":-0.057328742421713486,"134":0.19918028151856637,"135":0.3612664142904155,"136":0.6178998276703769,"137":0.16918025192873465,"138":0.6884177160893954,"139":0.3591460184758445,"140":0.9738324197174295,"141":0.9645737066078691,"142":-0.35671636531172624,"143":0.308982565044676,"144":0.29860596726941435,"145":0.37684230813827657,"146":1.07241263047352,"147":0.8679841331551337,"148":0.6098945660777033,"149":0.32971325104518434,"150":1.0948000318337054,"151":0.3042639171649007,"152":0.4316509477372962,"153":0.3855695793637598,"154":0.43207551083713347,"155":0.1236487006839696,"156":0.46124484005175637,"157":1.2374518553597156,"158":0.8317991986144441,"159":0.25339692254902746,"160":-1.0420333171012157,"161":0.591664223893425,"162":0.12918592523202999,"163":0.4715315735338849,"164":0.7797565709094877,"165":0.4852085313855825,"166":1.0205013298104857,"167":0.20549867456876736,"168":0.7442733196931063,"169":0.557462172340898,"170":0.2977510678571874,"171":0.1278547926567566,"172":0.8253396985888343,"173":1.0584902837729189,"174":0.584524560894673,"175":1.208346497205629,"176":0.4627479359690877,"177":0.5600520052340255,"178":0.9895695559451834,"179":0.5694216775044098,"180":0.5583711865065071,"181":1.1729232899186304,"182":0.6477203179079019,"183":0.9404839425253939,"184":0.7117221823679253,"185":0.4629878788192241,"186":0.7115608622719944,"187":0.9719340065701081,"188":1.1019845305987368,"189":1.0288058520964412,"190":0.815951514265254,"191":0.7687304108963285,"192":0.7006697985349533,"193":1.534568416412545,"194":0.4843009835478028,"195":0.5726378472553098,"196":1.0265452064759835,"197":0.2721198259083051,"198":0.25300108813113487,"199":1.0591111822819141,"200":1.0714679109239242,"201":0.5044607919112736,"202":0.5044607919112736,"203":0.5244239273347772,"204":0.39486536793585836,"205":0.9304195400986038,"206":0.4933609817518083,"207":0.29838710583553524,"208":0.5680309485163629,"209":0.3512104943026956,"210":0.14236817341985253,"211":0.5976482367375892,"212":0.1650457790058376,"213":0.4194149509601349,"214":0.3659693956283024,"215":0.2435210516215186,"216":0.8048809742093952,"217":0.42352672119179424,"218":0.24982898442865326,"219":0.390991202621447,"220":0.3202033738261302,"221":0.16327590111980134,"222":0.5685933930512378,"223":0.7042031967827778,"224":0.36608904455083957,"225":0.3255686216020208,"226":0.5117898078411488,"227":0.43188968368753833,"228":1.045416958193217,"229":0.477749388775605,"230":0.8249941199393573,"231":0.8401699684789738,"232":0.5293742935106944,"233":0.18837396493679592,"234":0.6988044114446821,"235":0.7624465153290236,"236":1.2863394273724897,"237":0.7621995088333376,"238":-1.2003619486523052,"239":-0.2940211995797567,"240":-0.2940211995797567,"241":0.3683039849657763,"242":1.508252562554832,"243":2.1830229794965,"244":0.8589297563016571,"245":0.2984986288636765,"246":1.1350037594192175,"247":0.012475909343167113,"248":1.8886650530476163,"249":0.921467059338853,"250":0.10013083131226097,"251":0.22291034158692014,"252":1.441323790343016,"253":0.028825761153422946,"254":0.4552369723462396,"255":0.6835340330221975,"256":0.6835340330221975,"257":0.3684161976153472,"258":0.3684161976153472,"259":0.23669004175532088,"260":0.23669004175532088,"261":0.7311582731731663,"262":0.4143662257721037,"263":1.2500860433899863,"264":0.6629264832625011,"265":1.4960546649021609,"266":0.07919390296328799,"267":0.7100187720382372,"268":0.7100187720382372,"269":0.7100187720382372,"270":1.0819490484869996,"271":1.0819490484869996,"272":0.024333490515112244,"273":2.0684373223624704,"274":1.322233754287439,"275":-0.54728221822577,"276":-1.0028375088140074,"277":-0.6686879488266664,"278":-0.559871539279821,"279":0.3034522686199326,"280":0.4738121436984195,"281":-0.2521552159833528,"282":-0.5017986078553807,"283":-1.3144705706060333,"284":-0.2510390790645669,"285":-0.16456520122797857,"286":-0.58511198949072,"287":-0.4227964012096068,"288":1.1021286780179707,"289":1.747451135777155,"290":2.3029511206313753,"291":0.7958235023171254,"292":0.8066577366101662,"293":0.6438759902166904,"294":-0.11625810046976115,"295":0.09298358570865073,"296":0.7349632920298095,"297":-0.1462467150158998,"298":-0.06558999434017476,"299":1.5657850793101251,"300":0.278891372687851,"301":0.9843999173907187,"302":0.21714839477533054,"303":1.3679733299120778,"304":0.8188302989139369,"305":0.7541696803593122,"306":0.8188302989139369,"307":0.055840941994211635,"308":0.04361224715997247,"309":0.20226104514096144,"310":0.8140818036048947,"311":0.5468518306091994,"312":1.5044075742292378,"313":0.18502629138974558,"314":-0.051647002207091175,"315":0.005930542016172824,"316":0.8762144641928431,"317":0.17902754143613153,"318":0.5118289543673702,"319":1.3679733299120778,