{"1":-0.5027816477651105,"2":-0.8480621501239329,"3":-0.20623350658225345,"4":0.04940711462450593,"5":-0.8425427774286122,"6":-0.0442522499188749,"7":-0.08813687668301842,"8":-1.4615568620254278,"9":-1.4615568620254278,"10":-0.4557837519799749,"11":-0.4557837519799749,"12":-0.09547871930869634,"13":-0.09547871930869634,"14":-0.5016924893884591,"15":-0.5016924893884591,"16":-0.23036018975178893,"17":-0.23036018975178893,"18":-0.23036018975178893,"19":-0.15301267256076564,"20":-0.15301267256076564,"21":0.049675761831907306,"22":0.049675761831907306,"23":0.002474948948981648,"24":-0.21844356422260353,"25":-0.26666666666666666,"26":-0.2478750429272646,"27":-0.12985677279264474,"28":-0.1494363616447087,"29":0.14365820644605148,"30":-0.03294109609720461,"31":0.0639248069649179,"32":0.07816677970594244,"33":-0.17714770680138234,"34":-0.3376864206995973,"35":-0.4111202216728453,"36":-0.8349206428823117,"37":-0.49691916078515863,"38":-0.24415909863456392,"39":-0.3401253887266307,"40":-0.13436643981048668,"41":-0.3009302619962899,"42":-1.6231431627138209,"43":-0.3416011976762601,"44":-0.5612232727065263,"45":-0.873597761762926,"46":-0.445069823116801,"47":-1.0643450432312047,"48":-0.3521950894735939,"49":-0.2880186509751833,"50":-0.2880186509751833,"51":-0.3521950894735939,"52":-0.3521950894735939,"53":-0.9341399168073473,"54":-0.9341399168073473,"55":-0.19829496033921878,"56":0.21230929923343134,"57":-0.15025074468887145,"58":0.13088581245791253,"59":-0.013476350903429413,"60":0.17890522785074436,"61":0.030804298185500872,"62":0.046658445424268336,"63":-0.844696849650524,"64":0.08542325888920171,"65":-0.26645098541175327,"66":0.006301074113331417,"67":0.3042141737945898,"68":-0.20374075701901495,"69":-0.2892796369824163,"70":-0.2646031447871343,"71":-0.3730283845299639,"72":0.18841354524681664,"73":-0.2579454347137275,"74":-0.2864309655827386,"75":0.2588355085007672,"76":-0.11739656130273846,"77":-0.08136902650369657,"78":-0.0728369800175438,"79":-0.08285497517891893,"80":-0.45194692664604574,"81":-0.13799311455300584,"82":-0.36703655745367103,"83":-0.37247468161319935,"84":-0.07219594825252357,"85":-0.04435597913011907,"86":-0.3798790249406889,"87":-0.3798790249406889,"88":0.1045520672960405,"89":0.1045520672960405,"90":0.2758282890528043,"91":-0.8875774744347074,"92":-0.497849243986614,"93":-0.3117682514787661,"94":-0.962740012721886,"95":-0.6903652318872067,"96":-0.26449959909813425,"97":-0.5835001999077477,"98":-0.5061754525818803,"99":0.28911309951279496,"100":0.13785976450307702,"101":-0.14451062858446329,"102":-0.15807101637282311,"103":0.062872151950984,"104":-0.024424371685024204,"105":0.076948890017013,"106":-0.03680054014865031,"107":0.07687820459401074,"108":-0.2082311266160673,"109":0.01371678782048269,"110":-0.2400988193335849,"111":-0.1634860518830754,"112":-0.1559898539526971,"113":-0.07990989907685542,"114":0.29419087915381825,"115":-0.10851276361364925,"116":0.2949390073487103,"117":-0.13071716415575718,"118":-0.13401189663916424,"119":-0.08991968568392616,"120":0.365731348533634,"121":0.07708835151656546,"122":-0.26067728933497103,"123":-0.33027618900921113,"124":-0.24647300664254965,"125":-0.13221873776717508,"126":-0.13221873776717508,"127":0.12008162251626775,"128":-0.053893691292914214,"129":-0.1312217298387151,"130":-0.13221873776717508,"131":-0.13221873776717508,"132":-0.31552582944939334,"133":-0.06504784950966458,"134":-0.09027520032319125,"135":-0.14734759001675657,"136":0.27702453350312795,"137":0.03486332249100488,"138":-0.21356543023377506,"139":0.24814175969500718,"140":-0.012113351079943158,"141":-0.14980329073133736,"142":0.39856921650370225,"143":0.05368148765447622,"144":-0.1323562816409244,"145":-0.33646492372990355,"146":-0.2797007930634222,"147":0.5201864410834007,"148":-0.15629882626799985,"149":0.0015138468417622564,"150":0.32629629583754116,"151":-0.08859220496052128,"152":-0.28492168505176646,"153":-0.32287530321118524,"154":-0.29047848717208546,"155":-0.2306688763411921,"156":-0.25871423105352775,"157":-0.30743292314024506,"158":-0.28727294121728497,"159":0.5145369896856574,"160":1.1025539999929437,"161":0.04984290325317875,"162":-0.2640566387241007,"163":-0.2898058546291711,"164":-0.3134306284206577,"165":-0.14416710748926848,"166":-0.31824516681717285,"167":-0.23721300683920243,"168":0.22190656930237368,"169":0.1740146867288227,"170":-0.2226968885652611,"171":0.03337572166724756,"172":-0.1405297712546088,"173":-0.32486348217360866,"174":0.18621589832876073,"175":0.019524325251102592,"176":-0.12260003723738466,"177":-0.09338986876643107,"178":-0.1257845101885149,"179":-0.4402195315436087,"180":-0.0834232878702191,"181":-0.1200077122458846,"182":-0.1792544676742166,"183":0.015461742468741185,"184":-0.0935995337710267,"185":-0.16476138125496698,"186":-0.07695736758562871,"187":-0.1974528891039962,"188":-0.21320699769633,"189":-0.1751818907448212,"190":-0.14903119538990095,"191":-0.21736694610955687,"192":-0.26521464212690704,"193":-0.2114450528946522,"194":-0.34186726323298045,"195":-0.35547815827014223,"196":-0.7606298522535637,"197":-0.9268888030610087,"198":0.0783186931492923,"199":0.03805950591929974,"200":-0.2447511539279697,"201":0.3641069928941251,"202":0.3641069928941251,"203":-0.17051047973573408,"204":-0.1915987606876007,"205":-0.10757536523710862,"206":-0.16939666739218517,"207":-0.22024879106750192,"208":-0.09166864954413387,"209":-0.19238309826353162,"210":-0.17147691876708984,"211":-0.14073459378417338,"212":-0.32160302903529603,"213":-0.2937113994961076,"214":-0.3028196192249326,"215":-0.3553601896553589,"216":-0.16087967435891123,"217":-0.12106431316195831,"218":-0.20359121921542206,"219":-0.25052242382551493,"220":-0.17041397331610075,"221":-0.1487037626501052,"222":-0.33445500989045884,"223":-0.16426199457018592,"224":-0.3177510864265529,"225":-0.5800899225054464,"226":-0.1585146085640648,"227":-0.37508804597118345,"228":-0.510169453601114,"229":-0.39684443006351944,"230":-0.25192306483076726,"231":-0.25300120501926254,"232":0.028731139610781664,"233":-0.1521415920640296,"234":-0.20507211537237305,"235":-0.27973974683229774,"236":-0.3309302426542917,"237":-0.6269416845554243,"238":0.04155769506670426,"239":-0.18972028661575313,"240":-0.18972028661575313,"241":0.3038982124715308,"242":0.04307977328935296,"243":-0.09950981388752589,"244":-0.05343789331931165,"245":-0.19252381803785346,"246":-0.5024000400553066,"247":-0.0481384276538781,"248":-0.21337126600284495,"249":-0.14993337921138555,"250":-0.1555777612954504,"251":-0.6869248114666995,"252":-0.11813349084465447,"253":-0.0071687493943642655,"254":0.05587395734047125,"255":-0.1315515271292097,"256":-0.1315515271292097,"257":-0.0715307582260372,"258":-0.0715307582260372,"259":-0.09479066692825568,"260":-0.09479066692825568,"261":-0.3096987913271183,"262":0.08798937493204306,"263":-0.299564599033233,"264":-0.18202511274167557,"265":0.14796776828809954,"266":-0.04338847826616432,"267":-0.3458650514746788,"268":-0.3458650514746788,"269":-0.3458650514746788,"270":-0.4696713006759016,"271":-0.4696713006759016,"272":-0.39397775645681055,"273":-0.27263250795896,"274":-0.7976794215431766,"275":0.694374084433576,"276":-0.3798199724552369,"277":-0.21202461500873593,"278":1.6680702990541039,"279":-0.48698199008475523,"280":-1.196419401902371,"281":-0.2450721254013013,"282":-0.08736578991418148,"283":-0.03243888464476696,"284":-0.06756073290320086,"285":-0.2830727493396159,"286":-0.0347502562061322,"287":-0.13761930419931875,"288":0.18867924528301888,"289":-0.2123886376461983,"290":-0.511771427692171,"291":-0.13059587680350593,"292":-0.6733584176600369,"293":-0.7740953293490906,"294":-0.10641638504147038,"295":0.16158261847405175,"296":-0.24572931600015704,"297":0.008355332309942343,"298":-0.559874080675073,"299":-0.5556643347401953,"300":-0.6134414825445653,"301":0.22374970249581483,"302":-0.0013749944971928052,"303":-0.16251306685055278,"304":-0.10657527533790934,"305":-0.06779562352532298,"306":-0.10657527533790934,"307":-0.21935358812695124,