{"1":0.10060282615753269,"2":0.21864894568613258,"3":-0.24604580615980326,"4":0.3515971730654711,"5":0.16490572729739122,"6":0.09893499545515017,"7":0.031708573830504294,"8":0.35844017269159845,"9":0.35844017269159845,"10":0.8948143813986427,"11":0.8948143813986427,"12":-0.05714838454393856,"13":-0.05714838454393856,"14":-0.07543732471179909,"15":-0.07543732471179909,"16":-0.08968337018124978,"17":-0.08968337018124978,"18":-0.08968337018124978,"19":0.17479791096661512,"20":0.17479791096661512,"21":0.1959228795295056,"22":0.1959228795295056,"23":0.05063920496844551,"24":0.2080144305520421,"25":0.08710801393728224,"26":-0.05199710098184371,"27":-0.027537942537765897,"28":0.02419232517379069,"29":0.025042393531739426,"30":0.09086313609292665,"31":0.05455236897838958,"32":-0.4384658946035481,"33":0.0740320003637077,"34":-0.03376749821354874,"35":-0.10100531214866071,"36":0.294476084166512,"37":-0.0014989395352650314,"38":-0.06292909721099232,"39":0.3627197047666811,"40":-0.28463255244924657,"41":-0.05086404172326375,"42":-0.15704109307920722,"43":-0.04135626360604039,"44":-0.10221514246846725,"45":-0.1805797588001267,"46":0.09362548042671526,"47":0.19283472786729683,"48":0.13966858597467607,"49":-0.1221931596306931,"50":-0.1221931596306931,"51":0.13966858597467607,"52":0.13966858597467607,"53":0.0709359746749052,"54":0.0709359746749052,"55":-0.40545325785595693,"56":-0.04715183383827248,"57":0.13543256138614704,"58":-0.24176278423526626,"59":-0.08611042676464203,"60":-0.16882396808166356,"61":0.020164810976503578,"62":0.029669096656694427,"63":-0.03883227325059829,"64":-0.10778764139222125,"65":-0.271484882032659,"66":0.27174991287062905,"67":0.2771249744677744,"68":0.244906541017182,"69":-0.23520578270744769,"70":-0.08707536887585254,"71":-0.05738687946553028,"72":-0.1124418297080853,"73":0.27164496056765364,"74":-0.05506173898345734,"75":-0.24497945933474485,"76":0.038761724169982026,"77":-0.38889955663845066,"78":-0.11833348406763045,"79":0.07701076066693846,"80":-0.0250063565019758,"81":-0.39335291053884225,"82":-0.2945589899160217,"83":-0.02231233939202426,"84":-0.12942220390190418,"85":-0.05704429094936664,"86":-0.06469775196527894,"87":-0.06469775196527894,"88":-0.19426487980566043,"89":-0.19426487980566043,"90":-0.2789194394899923,"91":0.06470667683026066,"92":-0.1297652618679297,"93":-0.1492643933515947,"94":0.094233925950373,"95":0.23209117093910292,"96":-0.36703196786607906,"97":-0.20321686419112828,"98":0.17661654998372756,"99":0.05822738513213943,"100":0.3993115834867603,"101":-0.0241595498870959,"102":-0.05432078655143574,"103":-0.050571071136605195,"104":-0.14153757952723778,"105":0.1104117533393944,"106":-0.02478422865744112,"107":-0.04593825128772144,"108":-0.019343476836750584,"109":0.13380341349420086,"110":-0.2072933395451958,"111":-0.007326512178965794,"112":0.04711317492389172,"113":-0.20715623788689197,"114":-0.07422152824343742,"115":-0.06630882066292756,"116":0.08073569546244291,"117":-0.3708698474384738,"118":-0.40847922824788163,"119":-0.031726561260713826,"120":0.02877108935234185,"121":0.014504785218422855,"122":-0.0839648968385362,"123":-0.23239280296578374,"124":-0.18570605634378473,"125":-0.05967942652045277,"126":-0.05967942652045277,"127":-0.4136709936680023,"128":-0.18931043635217548,"129":-0.009113045628700911,"130":-0.05967942652045277,"131":-0.05967942652045277,"132":0.365223827410536,"133":0.12688555226698672,"134":0.11332574681655794,"135":0.12549809954597202,"136":-0.01406174538030125,"137":0.4648259181757344,"138":0.15137893465399144,"139":0.30457483934844165,"140":-0.007491340903791555,"141":0.27505680089036244,"142":0.5772509353817775,"143":-0.013245513757777494,"144":0.03844416447649912,"145":0.6504310935598655,"146":0.21298906670880213,"147":0.4551250747293507,"148":0.06374847128803729,"149":-0.023239409240799147,"150":0.27524976844593696,"151":-0.17951901321888264,"152":0.16948895319725005,"153":-0.0081023558638611,"154":0.007402708695120996,"155":-0.044872011276628765,"156":0.15801086851926627,"157":0.1138145964949695,"158":0.0538291210667155,"159":-0.17779818885699955,"160":0.07290071617752689,"161":-0.0368515655081586,"162":-0.056261453611191226,"163":-0.0280982663063008,"164":0.13617050632831618,"165":-0.0452680031874797,"166":-0.09964751544918449,"167":0.06441824412884145,"168":-0.03942370778741355,"169":0.014717798836725748,"170":-0.1823714997672678,"171":-0.028306830561224572,"172":0.018806422380607535,"173":0.3655109451788135,"174":-0.0701718583872818,"175":0.1713273913829928,"176":0.03610392302765775,"177":0.15585946711162968,"178":0.10213083349507596,"179":0.024576126939506893,"180":0.006194058278976011,"181":0.07466406882227436,"182":0.12830751164618012,"183":0.03988672386798342,"184":0.12015775018712341,"185":-0.08148428551006104,"186":0.1348698222733219,"187":-0.014780159430207718,"188":0.18110598023362723,"189":0.2578573219199132,"190":0.0775720388801287,"191":0.10911873777191156,"192":0.17682846734134733,"193":0.015513548944309674,"194":-0.10828694525989135,"195":-0.04110876479154252,"196":0.14892446387859726,"197":0.15394319159058767,"198":0.1310000094970516,"199":-0.013132877005323396,"200":-0.0016043281912234975,"201":0.1442653061609735,"202":0.1442653061609735,"203":0.03700031705850185,"204":-0.004138383226511194,"205":0.008418930837035737,"206":0.01217246100845959,"207":-0.08877166548494092,"208":-0.00852905113033775,"209":-0.035885171637722535,"210":0.12539264303632205,"211":-0.026187490171787786,"212":-0.010783775984034405,"213":-0.003641499134827364,"214":0.05401504803983348,"215":-0.06255492994326234,"216":0.13958669756310543,"217":0.16700691329318684,"218":0.31119710000855977,"219":0.29098206416896477,"220":0.048846582199178534,"221":-0.013378211693329034,"222":0.08347926996752014,"223":0.17246970710584636,"224":0.15725002826025092,"225":0.06914114563075227,"226":-0.006708250984657327,"227":0.19223142272979743,"228":0.052421461110450096,"229":-0.08467417895571339,"230":0.14509074229868024,"231":-0.005206117366950647,"232":0.07985392939303698,"233":0.15313428732519246,"234":-0.05581279430510666,"235":0.10480205053945979,"236":0.14411329835394782,"237":0.04009448589759168,"238":-0.3974975171168937,"239":-0.2410383892763961,"240":-0.2410383892763961,"241":-0.10388463476349463,"242":0.06152522603984603,"243":0.335965007141543,"244":-0.4343689640511127,"245":0.06476597671754708,"246":0.3782629552147321,"247":0.28066067598269745,"248":1.061275002619558,"249":0.09857072449482504,"250":-0.05738327897366155,"251":-0.09681928991484984,"252":-0.0029171489462721453,"253":-0.09813399191305316,"254":-0.015130539774738244,"255":-0.06944444444444445,"256":-0.06944444444444445,"257":-0.16148536771408906,"258":-0.16148536771408906,"259":-0.041440998114449706,"260":-0.041440998114449706,"261":0.11905594304958803,"262":0.005719192003051765,"263":-0.07301883792490216,"264":-0.04822893190827823,"265":-0.06927970724105914,"266":0.016192582734653738,"267":-0.03849663193052978,"268":-0.03849663193052978,"269":-0.03849663193052978,"270":0.4827304266706295,"271":0.4827304266706295,"272":-0.2946431143609838,"273":-0.08791527389317144,"274":-0.4711540131480822,"275":-0.38169099756690983,"276":-0.9488074625626184,"277":0.19081516584906932,"278":0.27642873919332445,"279":0.1309900665866172,"280":-0.02865037515241997,"281":-0.7186495268625013,"282":-1.4096231234504977,"283":-1.7251615464639758,"284":-0.3052549247800639,"285":-0.21875034134228533,"286":-1.15193485466919,"287":0.4094149446090487,"288":0.3625319725351509,"289":-0.259784972739167,"290":-0.034515239016153054,"291":-0.6851731749884726,"292":-0.33372748752379267,"293":-0.19375197213987794,"294":-0.22222295526842137,"295":-0.4247630810854526,"296":0.02872645571352228,"297":-0.07771530050527165,"298":-0.5858970849380573,"299":0.6965647207276597,"300":-0.1822922390611541,"301":0.20500502187387387,"302":0.18542266527834794,"303":-0.16095684325280557,"304":-0.032506396648999736,"305":-0.004638775487158742,"306":-0.032506396648999736,