{"1":-0.1717849948117518,"2":-0.13494749794285266,"3":-0.31028552877577253,"4":-0.18828516718394828,"5":-0.156019231203947,"6":-0.021807287941943976,"7":0.32756947514392376,"8":-0.03229276973740758,"9":-0.03229276973740758,"10":0.590083484069071,"11":0.590083484069071,"12":0.14524912647551735,"13":0.14524912647551735,"14":0.317020704913179,"15":0.317020704913179,"16":-0.01717527222489612,"17":-0.01717527222489612,"18":-0.01717527222489612,"19":0.29107235117087726,"20":0.29107235117087726,"21":0.3528297241733718,"22":0.3528297241733718,"23":0.15326811101156546,"24":0.33720445331958215,"25":0.44670457765772836,"26":0.13348055593855546,"27":0.14375498578871349,"28":0.038004363550642184,"29":0.21179257708278199,"30":0.2603603296298471,"31":0.040030961064929205,"32":-0.049259413002700425,"33":-0.02473033243816647,"34":-0.49765569067107684,"35":-0.33115044281578854,"36":-0.24805772646198632,"37":-0.08957499215966092,"38":-0.33758338891710515,"39":-0.434090366357776,"40":-0.22752839438014005,"41":-0.2102452655876217,"42":-0.1692589813235652,"43":-0.08857759341156912,"44":0.17987362555876008,"45":-0.21718685884212574,"46":-0.18049012496660133,"47":-0.12792229111939468,"48":-0.22847562587901926,"49":-0.15973444471524978,"50":-0.15973444471524978,"51":-0.22847562587901926,"52":-0.22847562587901926,"53":0.04069766399681818,"54":0.04069766399681818,"55":-0.69318224433826,"56":0.2788434123538023,"57":0.2534264335028811,"58":-0.04984367123373645,"59":0.020528200513404427,"60":0.5969306565970145,"61":0.3921430996578721,"62":0.4010982910377776,"63":0.18471408429061387,"64":0.21539929995396,"65":0.26063828272885625,"66":0.6613172630893978,"67":0.2800949553160117,"68":0.5150811939742854,"69":-0.40719269028284755,"70":-0.3642947115039119,"71":-0.10739989497097246,"72":-0.08482332733864784,"73":-0.11270225453401572,"74":-0.22535876245374453,"75":-0.30938172920986284,"76":-0.24751843189912126,"77":-0.09974246908364304,"78":-0.08775279953887871,"79":-0.12855081856102224,"80":-0.5055173778097459,"81":-0.21588822303127975,"82":-0.027897430932166234,"83":-0.11125456174719961,"84":0.04584036464952357,"85":0.4321599719893925,"86":-0.23893920290585013,"87":-0.23893920290585013,"88":-1.0710176898194277,"89":-1.0710176898194277,"90":0.10386899880792289,"91":-0.6797652817247748,"92":-0.041483687547528625,"93":0.11013511533643872,"94":-0.5811872691484328,"95":0.47165776160098005,"96":-0.21059604783325625,"97":0.004205974957434577,"98":0.46636177931789113,"99":0.0009637837973683894,"100":0.03379810662503191,"101":0.2660636338624789,"102":-0.16942030144317655,"103":-0.0011285797415243604,"104":-0.04617122729990175,"105":-0.14509608688571252,"106":-0.14135484578501023,"107":-0.05413915360533639,"108":-0.16844253256952757,"109":-0.03823218821664165,"110":0.26506990101350647,"111":-0.0708779319545556,"112":0.07066436203389648,"113":-0.11140425652603403,"114":-0.36914776358655366,"115":0.16426680927642123,"116":0.47819101712919654,"117":0.14547664344642008,"118":0.10295983734151237,"119":0.0315968173508554,"120":0.036631253452865664,"121":-0.0008661707820805109,"122":-0.09427423525047685,"123":0.3066536803695361,"124":-0.14797067708002887,"125":-0.07932883695938542,"126":-0.07932883695938542,"127":0.24068775301166045,"128":0.014201436996468919,"129":-0.06948997782212074,"130":-0.07932883695938542,"131":-0.07932883695938542,"132":0.14921825680583645,"133":0.1733545073953029,"134":-0.08729162055594619,"135":-0.28283903071452055,"136":-0.012463358202574382,"137":-0.10200733417268215,"138":-0.2665152957962924,"139":0.5989583994906047,"140":-0.1958093503574605,"141":-0.2067451821894677,"142":0.13401826167174713,"143":-0.10467360695714634,"144":-0.16264777996689417,"145":-0.10104571790110439,"146":-0.5231257993432519,"147":-0.01907310317694999,"148":-0.23478075187085956,"149":-0.29181258812305355,"150":-0.4821136213179251,"151":-0.2733101967713838,"152":-0.19760471965437043,"153":-0.32008119885169584,"154":-0.27137388229833603,"155":-0.2842792270641441,"156":-0.21075206105904964,"157":-0.21780458560583726,"158":-0.18751465132876644,"159":-0.15583854147078346,"160":-0.136486972464531,"161":-0.46947042774470615,"162":-0.3944183973612374,"163":-0.05753889603415341,"164":-0.5317108800754644,"165":-0.2736395055216787,"166":-0.31391077702974046,"167":-0.19491208469237864,"168":-0.38132420612747,"169":-0.3488912154442576,"170":-0.23516843810888144,"171":-0.15442464771115127,"172":-0.111338592993248,"173":-0.11998505933477599,"174":-0.2336569172969738,"175":-0.16405561524141987,"176":-0.157641046661829,"177":-0.18778135030837917,"178":-0.15996743151364834,"179":-0.07370942009355486,"180":-0.38695281045568497,"181":-0.27217191299956023,"182":-0.30958210213291437,"183":-0.21239722121403914,"184":-0.1725344657701623,"185":-0.11055056130492513,"186":-0.18863445276639945,"187":-0.2864110588163744,"188":-0.21616275385084682,"189":-0.19968545747204414,"190":-0.08971382184423993,"191":-0.06610789237856585,"192":-0.1811930110527511,"193":-0.2984847120402405,"194":-0.13738277249495567,"195":-0.27540876101303646,"196":-0.17685751973243313,"197":-0.009982349243946143,"198":0.2787433141748352,"199":-0.16044473802450931,"200":-0.2573900515188364,"201":-0.24602579993464468,"202":-0.24602579993464468,"203":-0.3963739605407276,"204":-0.35987367445015983,"205":-0.19231788512361958,"206":-0.2775903783775602,"207":-0.2739030434849231,"208":-0.3142923268896505,"209":-0.3588368786261553,"210":-0.3791339849000922,"211":-0.4877322993834764,"212":-0.5432381675280132,"213":-0.3360450082878652,"214":-0.21944870731496058,"215":-0.2667503265585427,"216":-0.5164289544388982,"217":-0.266807245360283,"218":-0.17839867026897926,"219":-0.35160446190551986,"220":-0.43533625208765137,"221":-0.4495929157182239,"222":-0.41552235534921933,"223":-0.4048796432642586,"224":-0.3568345609120045,"225":-0.1777290362792252,"226":-0.17498811095249445,"227":-0.4836847737180374,"228":-0.5030500359668062,"229":-0.2994675446486106,"230":-0.48971394487945963,"231":-0.3268709515061232,"232":-0.23353427510057467,"233":-0.2294205488474621,"234":-0.45224155803624955,"235":-0.27805393698843917,"236":-0.3504388037727435,"237":-0.4029884542329871,"238":-0.41790035882690213,"239":-0.3592853955691282,"240":-0.3592853955691282,"241":-0.032762990082410015,"242":-0.0618581740604105,"243":-0.04748608829517953,"244":-0.18451889502785557,"245":-0.24970874126504716,"246":0.02566188181193363,"247":-0.07669318364420175,"248":-0.288464674146349,"249":-0.3770946183291555,"250":-0.15371645617271024,"251":-0.46071590993594835,"252":-0.3314057566908146,"253":0.0932237381983041,"254":-0.12484212385239657,"255":-0.08223794896577219,"256":-0.08223794896577219,"257":-0.05204414665789581,"258":-0.05204414665789581,"259":-0.00006605673430071235,"260":-0.00006605673430071235,"261":0.01315153579074324,"262":0.3704542922727043,"263":0.10184674000994354,"264":0.32454556493225206,"265":0.09012477573305233,"266":0.038789253997690176,"267":0.006292005768360198,"268":0.006292005768360198,"269":0.006292005768360198,"270":0.6047312353748355,"271":0.6047312353748355,"272":-0.002150003793871591,"273":0.02534044777367045,"274":0.08452290617650271,"275":0.14937087895589451,"276":0.3001614910929421,"277":0.9869843380279368,"278":0.6787273416291302,"279":0.1271781908156464,"280":-0.1112117091408199,"281":-0.0664667140164964,"282":-0.37667409253108863,"283":-0.2819683422370365,"284":-0.2622691733135888,"285":-0.3286345441518271,"286":-0.5458634409378843,"287":0.07537132696204973,"288":0.26060843420305746,"289":0.16894336375514296,"290":0.2035567831673517,"291":-0.1771925879372398,"292":0.018480758736576952,"293":0.0018418494798979612,"294":-0.22726782723799943,"295":-0.08799879744691408,"296":-0.02347229931786049,"297":-0.3822489552253019,"298":-0.11026732136439898,"299":0.17258743539190247,"300":-0.05074163641074958,"301":-0.057441640877784916,"302":0.02296172906537519,"303":0.10958269593473124,"304":-0.21137682983136408,"305":0.2016859503710342,"306":-0.21137682983136408,