{"1":-0.09031673185978334,"2":-0.6966233054154009,"3":0.5221528048193875,"4":-0.1143659731573968,"5":-0.12853368539746793,"6":0.060035097560759546,"7":0.00982488538951487,"8":-0.66717047796479,"9":-0.66717047796479,"10":-0.4571353303746566,"11":-0.4571353303746566,"12":-0.3489910044147655,"13":-0.3489910044147655,"14":-0.2999622048717696,"15":-0.2999622048717696,"16":-0.0890766858687431,"17":-0.0890766858687431,"18":-0.0890766858687431,"19":-0.08170350684113795,"20":-0.08170350684113795,"21":-0.19146772578226423,"22":-0.19146772578226423,"23":0.07228173187663163,"24":0.061147349219403055,"25":0.12005144285809347,"26":0.11825428141979276,"27":0.012101342956757605,"28":0.08364457707200978,"29":0.00025218554666406323,"30":0.001694075557284666,"31":0.2575211068615069,"32":0.08275383074617815,"33":0.10672648545811986,"34":0.30753039687721745,"35":0.11684203629457168,"36":0.05236429596280223,"37":-0.056817034142882306,"38":0.02671961084325053,"39":-0.1634128976516508,"40":0.08987356808595526,"41":-0.11959979146812239,"42":0.22769752630084494,"43":-0.07876320341760851,"44":0.04915838745575335,"45":-0.08248630882228969,"46":-0.0843317527301567,"47":0.012767867116130482,"48":0.06923806597861148,"49":0.016359868589118753,"50":0.016359868589118753,"51":0.06923806597861148,"52":0.06923806597861148,"53":-0.03323370771182521,"54":-0.03323370771182521,"55":-0.10157242506616959,"56":0.23259491415867486,"57":0.19496841163571982,"58":0.02852048840194775,"59":0.022996799762199926,"60":-0.016032326209584058,"61":0.09399472503151854,"62":0.12597957850962427,"63":-0.015515361086944138,"64":0.09062996676053652,"65":0.07777463495861577,"66":-0.10023820414862894,"67":0.0930607506825531,"68":-0.03984067047882789,"69":0.2023487765798011,"70":-0.09649527745292258,"71":-0.059529135429469526,"72":0.0993943421045489,"73":-0.07749352027887713,"74":0.23398601729673102,"75":-0.031268592439943954,"76":0.04521553887878982,"77":0.08417841216584987,"78":-0.32265973088153915,"79":-0.0864554669469188,"80":-0.059574037744804464,"81":-0.09700387570260183,"82":-0.05740782070945,"83":-0.3595587475427522,"84":-0.0389383528326893,"85":0.032513782261304996,"86":-0.14990158845700974,"87":-0.14990158845700974,"88":0.03784539517450258,"89":0.03784539517450258,"90":-0.21023731547217983,"91":-0.18117764724534802,"92":-0.1980812982152802,"93":-0.28608455940613203,"94":0.26193186462648754,"95":-0.9296164032602569,"96":-0.4551002580143507,"97":-0.11599116388411179,"98":-0.31434345865849883,"99":0.05290416881790394,"100":0.14998724306941702,"101":-0.06399180678009575,"102":0.014689331249747584,"103":0.04041089265476425,"104":-0.07352455288576723,"105":-0.07818486949995385,"106":-0.09988558464726799,"107":-0.031769864037285434,"108":-0.03542357299097454,"109":-0.014450636475266787,"110":-0.1016741133151195,"111":-0.052247283286986856,"112":-0.04030450732090424,"113":0.013458595895639691,"114":-0.1290984425234183,"115":-0.05318884232386101,"116":-0.030451014592769665,"117":-0.12706918795410593,"118":-0.12406802887041862,"119":-0.11078910189030533,"120":-0.08945109554195035,"121":-0.020863331592537337,"122":-0.08180660713762322,"123":0.011892735731406756,"124":-0.32071945213102976,"125":-0.04366203037328059,"126":-0.04366203037328059,"127":0.07460767865265883,"128":0.01622290664330142,"129":-0.009151936078779233,"130":-0.04366203037328059,"131":-0.04366203037328059,"132":-0.01720064913498376,"133":-0.07725568386642045,"134":0.14509560552260775,"135":-0.01528130946532924,"136":0.16603828025147782,"137":-0.07226024155354566,"138":0.33323124011737115,"139":0.2379067645327615,"140":0.966330729932273,"141":0.3563244606256073,"142":-0.32777878666379695,"143":0.20383332930024262,"144":-0.012605409376060528,"145":0.10640241915886184,"146":0.21138157959317427,"147":0.18120741552003528,"148":0.07188403087273196,"149":0.015101388750131894,"150":0.41019214123166936,"151":-0.02171048205572651,"152":-0.0345048010012165,"153":-0.0925436140116851,"154":-0.005316513579054327,"155":-0.014984456364968313,"156":0.12810221930368088,"157":0.16134172292501725,"158":0.2224067469378854,"159":-0.002877435430874986,"160":-0.14643317352134544,"161":0.099841567074133,"162":0.029034988053742078,"163":-0.1459620002411605,"164":-0.021217190210555348,"165":0.031299961278116184,"166":0.17545156736158496,"167":-0.010235326666101718,"168":0.1407296412709478,"169":0.028811765073603612,"170":-0.07624059973289876,"171":-0.010138750529819163,"172":0.009501300591792328,"173":0.23574724732706584,"174":0.17124368027356263,"175":0.05909561988879697,"176":0.12964868210514496,"177":0.0789031771072401,"178":0.07568675943688274,"179":0.10049608852359865,"180":-0.03114473251913258,"181":0.11995678090134526,"182":0.020696023249452133,"183":0.12648182891744986,"184":0.13937775173266145,"185":0.07857412031120287,"186":-0.0009575679012442662,"187":0.10576787890673126,"188":0.1823245302084674,"189":0.051522796345084665,"190":0.08880384742267855,"191":-0.04479783069720089,"192":-0.019240781929661388,"193":0.3692836619187202,"194":0.05695654052555238,"195":0.14985424895962546,"196":-0.0336765341301874,"197":-0.04241556991878115,"198":-0.2349866696748919,"199":0.09532933664611104,"200":0.042102043149155666,"201":0.07609037358253623,"202":0.07609037358253623,"203":-0.05617647821661617,"204":-0.04655312400594064,"205":0.3053697012437659,"206":-0.03161970709927664,"207":0.07787411612072087,"208":0.02311698209033075,"209":-0.10623401978760597,"210":-0.1481572325189948,"211":0.05670904969839938,"212":-0.04858921507709445,"213":0.0019283903464821228,"214":-0.06423016068408854,"215":-0.037716045908405965,"216":-0.0075440494373740785,"217":0.030719439107726176,"218":0.006193178268494609,"219":-0.009993250277983562,"220":0.06136149371072411,"221":-0.10673888960715569,"222":-0.03865301461047699,"223":-0.017414277362694353,"224":-0.13971548079614604,"225":-0.004118658031025846,"226":-0.05036890107872044,"227":-0.09590841517173221,"228":0.049520080734775485,"229":0.07787978110558497,"230":0.08883738081995018,"231":0.16553769129107526,"232":0.003743886913249228,"233":-0.0311104428275496,"234":0.013399903303422667,"235":0.028808279337590115,"236":0.21286159577104735,"237":0.23459763121734098,"238":-0.24652856546964397,"239":0.024647061292526445,"240":0.024647061292526445,"241":-0.35646343363695104,"242":-0.12026740637841427,"243":-0.2671261010033584,"244":-0.4411328735481036,"245":0.9228794352415056,"246":-0.19866840688774523,"247":-0.029065202768682297,"248":-0.186900937839112,"249":-0.17105927217052064,"250":-0.007091791055176239,"251":-0.08049523527240843,"252":0.07735562179596198,"253":-0.10232525828998487,"254":-0.0018806677737529393,"255":-0.012204949762208761,"256":-0.012204949762208761,"257":0.04029116997208404,"258":0.04029116997208404,"259":0.08901036840567203,"260":0.08901036840567203,"261":-0.25113430983343377,"262":-0.062139160400398075,"263":-0.26514898631957695,"264":-0.17163746582725853,"265":-0.12896035236305542,"266":-0.0185973540360862,"267":-0.09683519799851167,"268":-0.09683519799851167,"269":-0.09683519799851167,"270":-0.035429752670583126,"271":-0.035429752670583126,"272":0.06275755690261586,"273":0.20580000281960317,"274":0.25009684468026905,"275":0.027833950209985303,"276":-0.19635715128580733,"277":0.018498740105618916,"278":-0.02361164784514569,"279":0.386204273623135,"280":0.0293328208074341,"281":-0.058588344322229494,"282":-0.1103275808689078,"283":-0.005206871094623311,"284":-0.06930265861113487,"285":-0.0692949706902066,"286":-0.0589512555145474,"287":-0.011392128112773722,"288":0.025929602948051314,"289":0.0033188528598775413,"290":0.028780639675452413,"291":0.0641032566486095,"292":-0.0007478435721142707,"293":0.12678951325674576,"294":-0.11787677157844456,"295":0.0358057822986769,"296":0.2057218290827209,"297":-0.1284425853095952,"298":-0.11384723334318231,"299":0.07381765571669774,"300":-0.02282279720774849,"301":-0.024082237531375617,"302":-0.12445431912555455,"303":-0.13046566150082967,"304":-0.08750745108159685,