{"1":-0.5796603927347023,"2":-0.663810063832132,"3":-0.3450184676583054,"4":-0.11995951149204996,"5":-0.5337420839586634,"6":0.0030391459190789727,"7":-0.18912426620574485,"8":-1.1818295855538896,"9":-1.1818295855538896,"10":-0.3501725366389392,"11":-0.3501725366389392,"12":-0.5111366994540216,"13":-0.5111366994540216,"14":-0.7818796221206092,"15":-0.7818796221206092,"16":-0.18312361542372677,"17":-0.18312361542372677,"18":-0.18312361542372677,"19":0.07747594385579779,"20":0.07747594385579779,"21":0.11696659863346831,"22":0.11696659863346831,"23":0.0697931866596134,"24":-0.32594080837327616,"25":-0.10025255171270434,"26":-0.18156505654589566,"27":-0.08711984389920574,"28":-0.11357157588924957,"29":0.191651149700932,"30":-0.03675890290963396,"31":0.7230714301492575,"32":0.31776847392695656,"33":-0.04135861746293651,"34":-0.006468505572089778,"35":-0.8380034950479459,"36":-0.8216320588886488,"37":-0.47548672948883586,"38":-0.443584019698819,"39":-0.5225377415891437,"40":-0.008995375753741097,"41":-0.2739828861615652,"42":-2.3217842790987433,"43":-0.38849015434288936,"44":-0.45616873269170377,"45":-0.9171537275115582,"46":-0.5492836610954027,"47":-0.9322867443773839,"48":-0.5001527436922377,"49":-0.560161524466648,"50":-0.560161524466648,"51":-0.5001527436922377,"52":-0.5001527436922377,"53":-0.7012850646270099,"54":-0.7012850646270099,"55":-0.16758890987585717,"56":-0.001552414052126444,"57":-0.38339805627654244,"58":-0.10131219900775743,"59":0.07581172649454264,"60":0.17966040376640335,"61":0.013159946413288659,"62":-0.1103312110854241,"63":-0.5951917371592151,"64":0.10209078559319415,"65":-0.628591182714528,"66":0.03452940225472689,"67":0.4942234920457975,"68":-0.09404294154281012,"69":0.39360231493248343,"70":-0.16284807447916094,"71":0.0084963054724152,"72":0.33023803941365837,"73":-0.22095645222927363,"74":-0.2682983247499071,"75":0.1959198840474956,"76":-0.2816877849714656,"77":-0.1973868531567079,"78":-0.09468520770518618,"79":0.01671144350725562,"80":-0.598873189521072,"81":-0.29389560718028196,"82":-0.27674784411639464,"83":-1.6467885382836989,"84":-0.03160441084097565,"85":0.5783804130519126,"86":-0.6242723976321924,"87":-0.6242723976321924,"88":-0.24127941939900643,"89":-0.24127941939900643,"90":0.2344191234420876,"91":-0.26820946174198124,"92":-0.1460672848585105,"93":-0.5188852948524272,"94":-0.7068673130077854,"95":-0.7225959270852857,"96":-0.20995515435537726,"97":-0.26274232755485305,"98":-0.6545070510483066,"99":0.5233885545386436,"100":0.38232174114782624,"101":0.06231870512634208,"102":0.051496046057562195,"103":0.2527806504366137,"104":0.02379531099881249,"105":0.11561460282666869,"106":-0.05650527007878814,"107":0.02704864308630628,"108":-0.5241506182983285,"109":-0.03515326555770415,"110":-0.22066003680617308,"111":-0.2787505735445641,"112":-0.29889827571006444,"113":-0.038336725650835235,"114":-0.08828577741552601,"115":-0.12599585784112577,"116":-0.1626252611984983,"117":-0.20449721053985914,"118":-0.243412935500666,"119":0.05082276580148393,"120":-0.08349453350148606,"121":0.08755036718920162,"122":-0.08475113241710508,"123":-0.036145497998912646,"124":-0.20304617929929164,"125":-0.03404603610928769,"126":-0.03404603610928769,"127":0.10149616375096615,"128":-0.10323525789540011,"129":-0.06834228161677924,"130":-0.03404603610928769,"131":-0.03404603610928769,"132":-0.15149251280923182,"133":-0.052809254256087845,"134":-0.16585619626154524,"135":-0.3216138663287289,"136":-0.02981108146746636,"137":-0.7164744182829497,"138":-0.3108173210411824,"139":0.6351835575987329,"140":0.1129264488546966,"141":-0.00794971491195784,"142":0.35030084391899097,"143":-0.0009902849705076822,"144":0.025827958172714327,"145":-0.2145062715107754,"146":-0.1095620315987178,"147":0.3396441550175968,"148":-0.3649607363090816,"149":-0.07300975806987509,"150":0.6334974689393827,"151":-0.060380218571969846,"152":-0.14050311744591581,"153":-0.4208319257052336,"154":-0.4476061237846275,"155":-0.16869907435771792,"156":-0.3873036351089288,"157":-0.25771078708133965,"158":-0.3752951767816724,"159":0.7303841594867004,"160":0.5775248101731996,"161":-0.180254287206438,"162":-0.24465007544940948,"163":-0.43737161870565866,"164":-0.12472703425143639,"165":-0.04219952183799475,"166":-0.5432039748049977,"167":-0.25663869272302,"168":0.21780238435121668,"169":0.058974234936578274,"170":-0.17842843381092188,"171":-0.042510397344006245,"172":-0.059694711417355384,"173":-0.6516733552432076,"174":-0.15185618518493804,"175":-0.4207382753689535,"176":-0.23896931361774132,"177":-0.2921871735249083,"178":-0.47325908717826926,"179":-1.1489324410856776,"180":-0.16036298524959902,"181":-0.09650003017757638,"182":-0.14008012657300534,"183":-0.14196611575654378,"184":-0.169190196332712,"185":-0.36704173031236553,"186":-0.14403738801517418,"187":-0.19373715195088323,"188":-0.31820347797690396,"189":-0.2058100028594814,"190":-0.19096877986979677,"191":-0.6174930915960184,"192":-1.028447977143077,"193":-0.32450295894771564,"194":-0.7908022284979501,"195":-0.6154483286176862,"196":-0.578438417313445,"197":-1.2429054078830781,"198":-0.14715299568318851,"199":-0.05020580367134486,"200":-0.27247613203440335,"201":0.27101153775329,"202":0.27101153775329,"203":-0.25961569180133665,"204":-0.2896747205261102,"205":-0.2281954083561226,"206":-0.22394802079696913,"207":-0.3445734709012569,"208":-0.23658367869311853,"209":-0.2784473984485141,"210":-0.42440573351354655,"211":-0.12327840021715802,"212":-0.25315869159738846,"213":-0.31009745207892936,"214":-0.40766005407567146,"215":-0.4258241272121882,"216":-0.27256267031764453,"217":-0.3502738424602544,"218":-0.3751332611744786,"219":-0.5262412091731695,"220":-0.2717136437783799,"221":-0.30227074964433653,"222":-0.7488156051199824,"223":-0.1337001079904237,"224":-0.514695582090228,"225":-0.8622612328293449,"226":-0.34059972522917026,"227":-0.46667058476465,"228":-0.47340780165981655,"229":-0.6029008332752431,"230":-0.19323005013147776,"231":-0.3750514257387988,"232":-0.21469062210837575,"233":-0.29471295819357424,"234":-0.34948128476692414,"235":-0.5862009016751297,"236":-0.3572549779453388,"237":-0.6566541344889949,"238":-0.5899798729841788,"239":-0.20117478069286765,"240":-0.20117478069286765,"241":-0.12023493806854205,"242":-0.1264013418893844,"243":-0.05740758210212926,"244":0.22539565254174054,"245":-0.30289022904260005,"246":-0.26742255292153716,"247":-0.10935586993615207,"248":-0.3700364791629053,"249":-0.040163096014526695,"250":-0.3313236409172665,"251":-0.895242735292145,"252":0.24399446254847995,"253":-0.2778236573692873,"254":0.12317831641745394,"255":-0.15932838199293764,"256":-0.15932838199293764,"257":-0.1579779995849411,"258":-0.1579779995849411,"259":0.05642605692840674,"260":0.05642605692840674,"261":-0.20531051626475294,"262":0.4002404376100832,"263":0.11626345639662605,"264":-0.5328227712068025,"265":0.6683219661360258,"266":0.1091159723376377,"267":-0.3824267203093504,"268":-0.3824267203093504,"269":-0.3824267203093504,"270":-0.41702625174594465,"271":-0.41702625174594465,"272":-0.8182276576310095,"273":0.08260390491387087,"274":-0.8231580260825959,"275":1.4136207597630621,"276":-0.5488626341715479,"277":0.040602693458495764,"278":1.586293125601241,"279":-0.8106556544420931,"280":-0.8500507731807558,"281":-0.044411930502078534,"282":-0.01592243572191321,"283":0.2196637749762982,"284":-0.13857601586343687,"285":-0.07697321690140924,"286":-0.2649864610533257,"287":-0.18275179066889508,"288":0.048011137391137604,"289":-0.09101189580359792,"290":0.11921472106957054,"291":-0.19453318672166497,"292":-1.006453870846642,"293":-1.1288853863645407,"294":-0.42393951882953795,"295":-0.1084807282782371,"296":-0.07500163794551545,"297":0.10926442360320504,"298":-0.6184523438865475,"299":-0.23044915678153932,"300":-0.569546810030517,"301":0.24598767691584467,"302":-0.6642279119232274,"303":-0.40950769416828714,"304":-0.23626358244724321,"305":-0.2735419647811641,"306":-0.23626358244724321,"307":-0.4231461985872108,"308":-0.2994723292409842,