{"1":0.035772913500439874,"2":-0.38861316115237554,"3":0.5924076987263167,"4":-0.44314404801680096,"5":-0.24786974923597516,"6":0.030496669512740215,"7":0.2037729170968099,"8":-0.9115978625096539,"9":-0.9115978625096539,"10":-1.193900053319882,"11":-1.193900053319882,"12":-1.091302222465618,"13":-1.091302222465618,"14":-0.17619591355002218,"15":-0.17619591355002218,"16":-0.10149671486575795,"17":-0.10149671486575795,"18":-0.10149671486575795,"19":0.0899941366358481,"20":0.0899941366358481,"21":-0.21275207497003246,"22":-0.21275207497003246,"23":0.2582132076042516,"24":-0.12345388222230702,"25":0.04379610867592948,"26":-0.10592558030253452,"27":-0.039997114714273474,"28":-0.14878629209927285,"29":-0.21350489327081212,"30":0.23151851259354062,"31":0.3553063492417745,"32":-0.4493716675974282,"33":-0.21284824058148488,"34":0.18578840816469927,"35":-0.3717474443935469,"36":0.10312849210667752,"37":-0.12367926088725412,"38":-0.3145430464754466,"39":-0.4131263277032482,"40":-0.5179082656850609,"41":-0.11730594149004325,"42":-0.33335715595658,"43":-0.4692890583875573,"44":-0.0020658129231359013,"45":-0.9663168380355582,"46":-0.37211791731774424,"47":-0.41957703580945926,"48":-0.44416655076934397,"49":-0.38640077061334743,"50":-0.38640077061334743,"51":-0.44416655076934397,"52":-0.44416655076934397,"53":-0.21301448263249956,"54":-0.21301448263249956,"55":-0.734462112088683,"56":0.2682151443870934,"57":-0.1090910149859714,"58":-0.16038980844126804,"59":-0.29094085838214134,"60":0.0862197780117473,"61":-0.08765816880151167,"62":0.010680388237628957,"63":-0.17443134997489962,"64":-0.24048525110753793,"65":0.12658889974476972,"66":0.5587382671324841,"67":0.4312745633732451,"68":0.5923215901452044,"69":-0.42044163408145074,"70":-0.47473602891721667,"71":-0.20932919086434332,"72":-0.23740138867801486,"73":-0.05484587468767099,"74":-0.3614189952082687,"75":-0.5516044086523637,"76":-0.4408612374760901,"77":-0.45390010204255526,"78":-0.31621951917969193,"79":-0.06966743696714728,"80":-0.2556088152636735,"81":-0.22483546865991944,"82":-0.44013205801062005,"83":-0.2186364888960055,"84":-0.07986754247397321,"85":-0.046941709537216214,"86":-0.17863095426242692,"87":-0.17863095426242692,"88":-0.595480607899399,"89":-0.595480607899399,"90":0.22984118973167966,"91":-1.0562213811390553,"92":-0.39845637123320543,"93":-0.032983116851353245,"94":-0.2433345134135787,"95":0.21116344059026737,"96":0.05308022408040092,"97":0.006166853728980293,"98":0.7855664883303319,"99":0.34327782180516886,"100":0.5122704849805828,"101":0.4529673535123351,"102":0.18989740556746937,"103":0.03385176919588284,"104":-0.10551245477550042,"105":0.006503392542754893,"106":-0.06777283144451873,"107":-0.21737343458811176,"108":-0.33711320711729864,"109":0.0714050169583047,"110":0.30352890263458,"111":-0.017074632068897255,"112":-0.1577060839357347,"113":0.01882255295445301,"114":-0.47742802231395554,"115":-0.07670262392709704,"116":-0.12467486263321637,"117":-0.14935959820383582,"118":-0.02571244607031531,"119":-0.0510839059592052,"120":0.14284654080405268,"121":-0.06486525547189226,"122":-0.1593213826204083,"123":-0.30216128426716593,"124":-0.2373653580029873,"125":-0.10954570038638423,"126":-0.10954570038638423,"127":0.24875744694891422,"128":-0.23347731836240837,"129":-0.18384252354944963,"130":-0.10954570038638423,"131":-0.10954570038638423,"132":0.507516558677183,"133":0.3190240588667832,"134":-0.010724283724127925,"135":-0.25924935558474216,"136":0.013218700117266113,"137":0.36595603801348187,"138":0.014609082377555094,"139":0.7520022394721817,"140":0.3330128756131048,"141":0.09063572046131263,"142":0.3456598852318904,"143":-0.05849162068758984,"144":0.19333705385162103,"145":0.1983216111631756,"146":-0.5824800316908179,"147":0.057536883739409905,"148":-0.2695384881684999,"149":-0.2793807796606895,"150":-0.38131240414972334,"151":-0.22202365685422087,"152":-0.1019399573405464,"153":-0.2512906609655261,"154":-0.14619337006227262,"155":-0.24729323921879676,"156":-0.07965206997914853,"157":-0.4077760718705612,"158":-0.33355346062765623,"159":-0.01010944407394776,"160":0.05105097676461856,"161":-0.44007196952712646,"162":-0.43596067295412055,"163":-0.1781214796820325,"164":-0.6582469502051289,"165":-0.46524491753336594,"166":-0.40560241786829865,"167":-0.3897126110102185,"168":-0.31942425154782095,"169":-0.30338803024380123,"170":-0.28609689788014725,"171":-0.2229737832295502,"172":-0.016435741859227804,"173":-0.13697959900674728,"174":-0.5741538413731901,"175":-0.4427596889603964,"176":-0.07387573854110263,"177":-0.40912560858759184,"178":-0.22816548855860552,"179":-0.05224670043857027,"180":-0.4044816365072452,"181":-0.3166659404896709,"182":-0.22063458309885342,"183":-0.2748924899909906,"184":-0.1650500140916591,"185":-0.2196650178377939,"186":-0.14718235621877374,"187":-0.18741663586246338,"188":-0.29432018013897676,"189":-0.07867143942661214,"190":-0.08096214813858915,"191":-0.14730841346692936,"192":-0.32105364725743835,"193":-0.41042778127985935,"194":-0.4502206655374097,"195":-0.4810860895455753,"196":-0.3997058776612319,"197":-0.5025699247418665,"198":0.16188629971975854,"199":-0.39390557903864076,"200":-0.19191500730194577,"201":-0.01325281918492105,"202":-0.01325281918492105,"203":-0.21354877165312813,"204":-0.2874979533487001,"205":-0.4614866126619548,"206":-0.2231862056171574,"207":-0.2363807312659828,"208":-0.3366020252851806,"209":-0.4772446157674801,"210":-0.10364377590862262,"211":-0.4936895446798364,"212":-0.7473204944173524,"213":-0.38088445228474765,"214":0.16326945658488,"215":-0.3551524121620975,"216":-0.40765839747112986,"217":-0.17141433960166896,"218":-0.18372935075562324,"219":-0.38009907325440184,"220":-0.3906233211879431,"221":-0.35944920325527674,"222":-0.5303418401516966,"223":-0.4791359597770317,"224":-0.5892737908058217,"225":-0.1543466376373781,"226":-0.12868779421437715,"227":-0.5990965766100407,"228":-0.7645613165987752,"229":-0.6807741514830976,"230":-0.6317645472340252,"231":-0.6477227019307741,"232":-0.21276341215315675,"233":-0.2251351316045196,"234":-0.5285232192652527,"235":-0.39144358822501024,"236":-0.37632277504503975,"237":-0.4219014093097966,"238":-0.3897289505227697,"239":-0.5981089868756291,"240":-0.5981089868756291,"241":-1.169541456704608,"242":-0.3968522452710759,"243":0.4093916593167952,"244":-0.781819812336555,"245":0.2344337234381867,"246":1.102071051959936,"247":0.6678742711012571,"248":0.1098450464823717,"249":0.4639443402348867,"250":0.04479892550584752,"251":-0.722141604573511,"252":0.0057135296381832235,"253":1.0084928852426827,"254":-0.02498651139573771,"255":-0.07590071278554,"256":-0.07590071278554,"257":0.4182336490439098,"258":0.4182336490439098,"259":0.48398762955172914,"260":0.48398762955172914,"261":0.17052087996440368,"262":-0.3275117625271693,"263":-0.10226396057009013,"264":-0.1468119822935614,"265":-1.1939414493205236,"266":-0.28727148953821646,"267":-0.18985598504843665,"268":-0.18985598504843665,"269":-0.18985598504843665,"270":0.3084294240400951,"271":0.3084294240400951,"272":-0.32757077299492376,"273":-0.21918197264432793,"274":0.004064976748546112,"275":1.1423353626562553,"276":-0.5829124844587565,"277":-0.36141429269815184,"278":0.4156882490223168,"279":0.1344039551929193,"280":-0.07265065081901345,"281":-0.7959745340008829,"282":-1.4328489513785247,"283":-1.6141867156206793,"284":-0.8997479559885595,"285":-0.6827810837484452,"286":-2.219342356483904,"287":0.7893617414784811,"288":0.2112650515015233,"289":-0.8742690214650626,"290":-0.5227439013572854,"291":-1.1850097015308547,"292":-0.6526071472441282,"293":-0.4806963935417672,"294":-0.9560802217483204,"295":0.6993355555842444,"296":-0.24894099447595508,"297":-0.9401546538795436,"298":-0.9475383004116598,"299":1.3013906103942947,"300":-0.9692000667413954,"301":-0.21512996347747038,"302":-0.3107428244564252,"303":-0.7573118684800693,"304":-0.41556478877654923,"305":-0.29966418424866026,"306":-0.41556478877654923,"307":-0.3449001587203133,"308":-0.2990931327452584,