{"1":-0.5437408103583158,"2":-0.7527780749591522,"3":-0.3240001704905002,"4":-0.12704672910249593,"5":-0.5298504606084649,"6":-0.0034225370031295,"7":-0.19337580975596802,"8":-1.1033801804141765,"9":-1.1033801804141765,"10":-0.38047266983517203,"11":-0.38047266983517203,"12":-0.47430173478998633,"13":-0.47430173478998633,"14":-0.7141684425232792,"15":-0.7141684425232792,"16":-0.184631617684488,"17":-0.184631617684488,"18":-0.184631617684488,"19":0.07093798007828575,"20":0.07093798007828575,"21":0.09340270897232278,"22":0.09340270897232278,"23":0.06497381190405577,"24":-0.32597608109544646,"25":-0.1033558757999403,"26":-0.18440517586768113,"27":-0.08946926516399895,"28":-0.11472685036730892,"29":0.14849534721582136,"30":-0.03937706245789266,"31":0.6889134057544902,"32":0.30602071455638313,"33":-0.04555344540354306,"34":-0.011732026130071849,"35":-0.7963270844638586,"36":-0.7749402492118618,"37":-0.44441946096197205,"38":-0.45737264001607814,"39":-0.5797585981483397,"40":-0.035013565515548795,"41":-0.27767967923161607,"42":-2.2662498633097545,"43":-0.4008775987245101,"44":-0.45851091131753186,"45":-0.9087943093673793,"46":-0.5546289803620995,"47":-0.9311501488016228,"48":-0.5111078106645275,"49":-0.5569584600937771,"50":-0.5569584600937771,"51":-0.5111078106645275,"52":-0.5111078106645275,"53":-0.717362955695793,"54":-0.717362955695793,"55":-0.15672524947335442,"56":-0.004369764605819587,"57":-0.38237935623550917,"58":-0.10079921273357972,"59":0.0717376264714941,"60":0.18160139924275298,"61":0.006079428413978016,"62":-0.11190685823474977,"63":-0.5845408370539188,"64":0.09641828387890264,"65":-0.6174150265477926,"66":0.035532060137924204,"67":0.4549616740744268,"68":-0.07011708115860671,"69":0.3260403782479453,"70":-0.16905431304117946,"71":-0.02452953203289887,"72":0.27132235026108886,"73":-0.24307714665775892,"74":-0.2930546767016966,"75":0.09555791208575704,"76":-0.31577252029533853,"77":-0.2055932538912616,"78":-0.11629664982256516,"79":-0.0062639321516474444,"80":-0.605288282062175,"81":-0.30846077356015933,"82":-0.3026182602733356,"83":-1.6499933229846822,"84":-0.05478482886429625,"85":0.5357674245477553,"86":-0.6306441165026726,"87":-0.6306441165026726,"88":-0.25653306071631166,"89":-0.25653306071631166,"90":0.21536952325487957,"91":-0.2665897391675347,"92":-0.14699846285199336,"93":-0.5116330717810698,"94":-0.662015033529811,"95":-0.6920224490135742,"96":-0.20071990512709292,"97":-0.2597705363704337,"98":-0.6314939098870727,"99":0.498254849078536,"100":0.36681656697292153,"101":0.05713574538720967,"102":0.04498406235326857,"103":0.23415731361761405,"104":0.013866440387291123,"105":0.10493283620972249,"106":-0.07211968569292493,"107":0.018456715040583216,"108":-0.5221667109615785,"109":-0.049598626322787,"110":-0.22994129737045665,"111":-0.2909239430905911,"112":-0.300286683576575,"113":-0.0434373155637211,"114":-0.09174817252613221,"115":-0.1297452495840299,"116":-0.1683049699054302,"117":-0.20648881482818526,"118":-0.24267887729294868,"119":0.03555774315824767,"120":-0.10063105953898144,"121":0.06934261394569774,"122":-0.08848086877117467,"123":-0.03411572560458487,"124":-0.2052374604217283,"125":-0.037671586783671995,"126":-0.037671586783671995,"127":0.09994230183662212,"128":-0.11935853741006164,"129":-0.07275028079602658,"130":-0.037671586783671995,"131":-0.037671586783671995,"132":-0.15479593036156425,"133":-0.05916857701687217,"134":-0.17998391689777526,"135":-0.3319779917982797,"136":-0.0495861850746071,"137":-0.7463037100531169,"138":-0.3018748192072288,"139":0.6004149679371815,"140":0.11222778196966554,"141":-0.008837603968694818,"142":0.3192903183861271,"143":-0.0003571326480837911,"144":0.02989597063535121,"145":-0.22166438981161152,"146":-0.1047398511031562,"147":0.32070195045777705,"148":-0.34673839717193644,"149":-0.0768331873961473,"150":0.5734236746697426,"151":-0.061381024936484896,"152":-0.138666110881548,"153":-0.4065377204668097,"154":-0.4368588093711246,"155":-0.17797956062024212,"156":-0.38554194746278725,"157":-0.24565540902308558,"158":-0.3811127534762619,"159":0.6974282716892839,"160":0.46479625456632334,"161":-0.17742604756999802,"162":-0.24290680559346556,"163":-0.43382644184619157,"164":-0.10574484128357042,"165":-0.05011098887459392,"166":-0.5288191452758436,"167":-0.26165373294927974,"168":0.1978669034391627,"169":0.0425550336434638,"170":-0.18126114369260865,"171":-0.04818230588696204,"172":-0.06439362311761043,"173":-0.643417759848248,"174":-0.1659788361330714,"175":-0.40181441112437355,"176":-0.26037203379238505,"177":-0.3152048264582027,"178":-0.48918935782678064,"179":-1.1317715054201694,"180":-0.16034356804571276,"181":-0.10034415456414195,"182":-0.14778836481032304,"183":-0.14973880705550302,"184":-0.17468582337674662,"185":-0.36559473858925046,"186":-0.16510373602899742,"187":-0.19667217894573674,"188":-0.3135840201509697,"189":-0.21190489271710863,"190":-0.1955034823207173,"191":-0.639348700007073,"192":-1.149320312295409,"193":-0.32681628015785763,"194":-0.7951988054936758,"195":-0.6282288183113859,"196":-0.5877557958869929,"197":-1.1946794518244372,"198":-0.2181625297683114,"199":-0.08656654538678188,"200":-0.27193970067638007,"201":0.2581533264923167,"202":0.2581533264923167,"203":-0.2594744659818571,"204":-0.28973804311894547,"205":-0.2316411229851677,"206":-0.22914780784397937,"207":-0.3408195319519916,"208":-0.2377117341601662,"209":-0.2800162144259874,"210":-0.42647360988211447,"211":-0.12978813903700392,"212":-0.2571171710829495,"213":-0.3098516297173678,"214":-0.40283482162597806,"215":-0.41607268796705654,"216":-0.2736461843613696,"217":-0.3540350853774506,"218":-0.3685677623022282,"219":-0.510410509289088,"220":-0.2727723719687033,"221":-0.3116741666243381,"222":-0.762288518140277,"223":-0.1438301969923248,"224":-0.5183780420686409,"225":-0.8532098913126381,"226":-0.3227922362189283,"227":-0.4712728610813166,"228":-0.47074810443077514,"229":-0.5979806291045917,"230":-0.1884522159366847,"231":-0.3705837192838338,"232":-0.21794637583143833,"233":-0.30194720787088386,"234":-0.3450740548023309,"235":-0.5729778871941172,"236":-0.35779078726442504,"237":-0.645146813983367,"238":-0.6718053046598733,"239":-0.21405606245793224,"240":-0.21405606245793224,"241":-0.1238166783608167,"242":-0.1269053163794864,"243":-0.06775013980423583,"244":0.21252194170420613,"245":-0.29995668592719615,"246":-0.256305562681406,"247":-0.11037960097220906,"248":-0.33742492140950386,"249":-0.04391849238271381,"250":-0.32353793647808743,"251":-0.8430021748349626,"252":0.23416518130637304,"253":-0.2790079674722544,"254":0.1152656835440947,"255":-0.16553562584857084,"256":-0.16553562584857084,"257":-0.16215553113951858,"258":-0.16215553113951858,"259":0.04968186432131666,"260":0.04968186432131666,"261":-0.1962343928401416,"262":0.3874835765053355,"263":0.13200351364029128,"264":-0.49582763994222195,"265":0.6263739684547894,"266":0.09807210250782494,"267":-0.35727555398050076,"268":-0.35727555398050076,"269":-0.35727555398050076,"270":-0.39703852962592234,"271":-0.39703852962592234,"272":-0.7991698110311826,"273":0.07105572457155979,"274":-0.7719129787275796,"275":1.2898884534176496,"276":-0.6425694922136822,"277":0.13173538279741592,"278":1.4957555251475627,"279":-0.7755862419676799,"280":-0.8143304815210669,"281":-0.04703839486594055,"282":-0.0271447482772173,"283":0.16685432770120245,"284":-0.14937412200852507,"285":-0.10714741412501727,"286":-0.2811249400690795,"287":-0.17919997777095373,"288":0.03310235161552666,"289":-0.10785788299306942,"290":0.07925775343259939,"291":-0.19953042478451372,"292":-0.8195570806160175,"293":-1.0930636261805304,"294":-0.42059760123148204,"295":-0.11053917593304569,"296":-0.07599716204756324,"297":0.09865657146348344,"298":-0.5779468492488562,"299":-0.23837842248936214,"300":-0.5252482448416715,"301":0.1734739332557691,"302":-0.6512724121083764,"303":-0.38032212653380126,"304":-0.22292360657588517,"305":-0.2531253795722098,"306":-0.22292360657588517,"307":-0.42915273840003115,