{"1":0.678645255919698,"2":-0.17175409924947127,"3":1.1748360306655448,"4":-0.25441711415208745,"5":-0.06731750176508311,"6":0.09304917966900961,"7":1.4430909288553946,"8":-1.139695967582802,"9":-1.139695967582802,"10":-1.4531999755592935,"11":-1.4531999755592935,"12":-1.386363184403936,"13":-1.386363184403936,"14":-0.0411080189630626,"15":-0.0411080189630626,"16":-0.0471166665407059,"17":-0.0471166665407059,"18":-0.0471166665407059,"19":0.45283631262163304,"20":0.45283631262163304,"21":1.753704764674275,"22":1.753704764674275,"23":0.23163788380123784,"24":-0.198874501627742,"25":-0.10229885057471266,"26":-0.3019264089685514,"27":-0.23946501192976943,"28":-0.322606611630601,"29":0.24442283731896497,"30":0.3223035205119249,"31":0.41133351800023954,"32":-0.40578148544301507,"33":-0.4240360417654174,"34":0.2663225237376333,"35":-0.5205552789946513,"36":0.8174341135915917,"37":0.6894678177677243,"38":0.8364890819400665,"39":0.6139964235590929,"40":-0.25199253141626077,"41":-0.04970724147568717,"42":-0.39093175019030557,"43":-1.0936319318487575,"44":0.20652384803361823,"45":-2.6753678656848177,"46":-1.0034473694779074,"47":-2.1131504319324748,"48":-0.13723166253670804,"49":-0.6647229596400681,"50":-0.6647229596400681,"51":-0.13723166253670804,"52":-0.13723166253670804,"53":0.26763443350264726,"54":0.26763443350264726,"55":-0.6724483098997034,"56":0.3934613926095336,"57":-0.4668876787144127,"58":-0.05086794551339269,"59":-0.6806355040763477,"60":-0.01671395813916554,"61":-0.20316228344857779,"62":0.04745343177391703,"63":-0.2617967384401845,"64":-0.41740931498183165,"65":0.3936717687513762,"66":0.35977484650290403,"67":-0.4554441043400379,"68":1.4501484472577761,"69":-0.811342208374394,"70":-2.1338381220832403,"71":-0.787818825035731,"72":-0.6265916870281165,"73":-0.4349386510977702,"74":-1.275660630128228,"75":-0.6952835606870806,"76":-0.7344560630152124,"77":-0.569173847690128,"78":-0.29379922813313897,"79":-0.4910292810932173,"80":-0.8009470143655717,"81":-0.013471221655616983,"82":1.2128817506711664,"83":0.3491005597347474,"84":1.1033113162397346,"85":1.2152561425871182,"86":0.7698191175163691,"87":0.7698191175163691,"88":-1.0660189908646425,"89":-1.0660189908646425,"90":-0.8434933027109892,"91":-4.2332609597824735,"92":-1.8966824743779007,"93":-1.5548594835381913,"94":-0.7536522303803412,"95":1.1425145334813571,"96":-1.6600545526841834,"97":-1.444051201582841,"98":-0.308001697011715,"99":-1.1911976249335074,"100":-0.8503362934996845,"101":0.42360773402417173,"102":-0.07120568017448381,"103":0.04075029611244396,"104":-0.2130297242456889,"105":-0.4303413464615802,"106":-0.690402927982606,"107":-1.021190532226378,"108":-1.346615702432675,"109":-0.4049287305656679,"110":-0.13741499431537108,"111":-0.2644054358741865,"112":-1.057750362170299,"113":-0.5452402128862879,"114":-1.3462370596983613,"115":-0.5519188347723671,"116":-0.5720559126703604,"117":-0.8986560103121359,"118":-0.36485760876050133,"119":-1.2835883219828128,"120":-0.3793534165831858,"121":-0.4618601137552627,"122":-0.5764793675113542,"123":-1.4964479241039403,"124":-0.6337226438347225,"125":-0.7572844656245352,"126":-0.7572844656245352,"127":-0.08992944193938524,"128":-0.49225223071665525,"129":-0.6281892238065931,"130":-0.7572844656245352,"131":-0.7572844656245352,"132":0.4663001964356086,"133":0.5872761233759887,"134":-0.3957383044064118,"135":-0.6797223733190929,"136":-0.5649617300585357,"137":-0.40255356853699187,"138":-0.7358736364322453,"139":1.1735742335036212,"140":-0.7009379096242867,"141":-0.5837286304696434,"142":0.6074087812877611,"143":-0.28702837167837814,"144":0.09244403188758898,"145":-0.3964186939320804,"146":-2.215766177283694,"147":-1.138517047504668,"148":-0.8180394382317786,"149":-0.8982924707365005,"150":-1.645888174040369,"151":-0.6185863721462659,"152":-0.7016303924410994,"153":-0.5337913742912885,"154":-0.4717594071658415,"155":-0.6148928461743044,"156":-0.5490866901401752,"157":-2.084597511303061,"158":-0.6508263877929255,"159":-0.06833004314721425,"160":-0.02390524369562863,"161":-1.1288166706277023,"162":-0.8355469649321674,"163":-0.48460371779948663,"164":-2.779959445782307,"165":-0.9769312017681773,"166":-1.4554705291012255,"167":-0.9530395727989835,"168":-0.7944045027755222,"169":-0.6529491603766404,"170":-0.4368594972167954,"171":-0.5202676344191133,"172":-0.33862339655301277,"173":-0.46616950326562434,"174":-0.9070551697945675,"175":-1.0481563614257747,"176":-0.32686958849979875,"177":-0.5999024440363132,"178":-0.48755619939453543,"179":-0.15501668426820303,"180":-0.8823674464000042,"181":-0.5415444153843544,"182":-0.3832292122136254,"183":-0.6401187486701265,"184":-0.44402691147111484,"185":-0.18441959730100232,"186":-0.1437127671148959,"187":-0.3390081855183895,"188":-0.7559366863101724,"189":-0.3472017957177853,"190":-0.17868035252376524,"191":-0.36888641478816675,"192":-0.6956919449828742,"193":-1.110776226399488,"194":-0.8170926236982226,"195":-0.9219547709118263,"196":-1.1013953733714805,"197":-1.216799768756304,"198":0.12525808214488077,"199":-0.8075565597067702,"200":-0.4601790199968838,"201":-0.5042360689309078,"202":-0.5042360689309078,"203":-0.8394258345430552,"204":-1.01297870643466,"205":-0.9321182930824135,"206":-0.898097745135499,"207":-0.7201263120731167,"208":-0.8615789167833945,"209":-1.0010002879092081,"210":-0.6342481141524443,"211":-1.1277594174821108,"212":-1.5075190861354641,"213":-0.8234679167948784,"214":0.040177669363904656,"215":-0.9397067543959872,"216":-1.5246802105322939,"217":-0.6009828136735553,"218":-0.585862069460704,"219":-1.0549268125977314,"220":-1.1703560826279493,"221":-0.9868909451698058,"222":-1.5139665824239446,"223":-1.5458297193706017,"224":-1.525581269792955,"225":-0.5451731420447292,"226":-1.285645063879982,"227":-1.644801435232572,"228":-1.7081451173291557,"229":-1.349929099775835,"230":-2.5349542569439354,"231":-1.6515301484958425,"232":-0.9888599001332157,"233":-0.6089645970928834,"234":-1.3573353186052768,"235":-1.1333482547664449,"236":-1.2864985718009274,"237":-1.1685986796633054,"238":-0.7291327905244271,"239":-0.7591743984160084,"240":-0.7591743984160084,"241":-1.022135031243812,"242":-1.0815665480067813,"243":0.33050885175785094,"244":-0.1707109904568389,"245":0.42008824806518363,"246":0.37462440699370436,"247":0.20332440904035276,"248":-0.8698793807299672,"249":0.40250669868369027,"250":0.10241606429813688,"251":-1.187106752259564,"252":0.020580406604908008,"253":2.0797345387379442,"254":-0.10637102628810735,"255":0.021504967094306715,"256":0.021504967094306715,"257":0.8540772532188843,"258":0.8540772532188843,"259":0.6269829065720702,"260":0.6269829065720702,"261":-0.09178516915345442,"262":-0.5152686507828639,"263":-0.3068859773500924,"264":-0.26018681965283896,"265":-1.7661257340363656,"266":-0.46133984495947655,"267":-0.24403129684320823,"268":-0.24403129684320823,"269":-0.24403129684320823,"270":-0.135122096438401,"271":-0.135122096438401,"272":-0.4493753094260532,"273":-0.15010225830357626,"274":0.25895935638909195,"275":-0.29764997708397956,"276":-0.17419534962295247,"277":0.7712780171631541,"278":0.4029271293067467,"279":-0.002553400254246607,"280":-1.0430845471069126,"281":-0.07352785693584263,"282":-0.765459918781183,"283":-0.12640374331550763,"284":-0.48252101119538837,"285":-0.19376026272577995,"286":-1.4346174385821164,"287":0.5887026131125124,"288":0.3293515414938515,"289":-1.7397666374033127,"290":-0.8911678954444833,"291":-1.0302738661054223,"292":-1.2516607035465448,"293":-0.29945225512377016,"294":-0.8234389987178514,"295":1.5322108543798136,"296":-0.23546996621279925,"297":-0.42083506890938116,"298":-0.07424722720685661,"299":0.604180873362935,"300":-1.316979608323562,"301":-1.4305313916811642,"302":-1.2113538054987734,"303":-1.6545274416668194,"304":-1.5076342588172738,"305":-1.08526868786314,"306":-1.5076342588172738,"307":0.406284236296548,"308":-0.6173060389989109,"309":-1.3719283010942256,"310":-1.3834192037470734,"311":-0.15497514730827966,"312":-1.4137062507971958,