{"1":-1.7643951305526682,"2":-1.6262597587221892,"3":-1.0050367207373663,"4":0.35375497305541337,"5":-1.7013895046518055,"6":-0.6447918781097716,"7":-0.7008710473974182,"8":-1.5566727822477282,"9":-1.5566727822477282,"10":-4.2232666734889746,"11":-4.2232666734889746,"12":-2.0618283485710633,"13":-2.0618283485710633,"14":-2.107654045069644,"15":-2.107654045069644,"16":-0.7395106307681514,"17":-0.7395106307681514,"18":-0.7395106307681514,"19":-0.3753456896281586,"20":-0.3753456896281586,"21":-0.3358396810185569,"22":-0.3358396810185569,"23":-0.039013696026819256,"24":-1.1975466791903289,"25":-0.37383296641926733,"26":-0.5779984677555781,"27":-0.584654377580609,"28":-0.9066039127239884,"29":-0.43107249192190955,"30":-0.37541595683871876,"31":-0.2801126471694362,"32":-0.2051323326841179,"33":-0.6468652749615179,"34":-1.276049900751827,"35":-1.0431184996354936,"36":-0.7278382181295657,"37":-1.074542843687082,"38":-0.9451937604582241,"39":-1.1023762522669087,"40":0.7514166697945548,"41":-0.19875366964062646,"42":-1.49833286250826,"43":-0.7740569064715928,"44":-0.5840806842819644,"45":-0.7161556505988493,"46":-0.5306412131447316,"47":-0.9158510872442172,"48":-0.757935676452222,"49":-0.8755436884034196,"50":-0.8755436884034196,"51":-0.757935676452222,"52":-0.757935676452222,"53":-0.9346706205813531,"54":-0.9346706205813531,"55":-0.9901024147345043,"56":-0.19149747361737757,"57":-1.0131689782184268,"58":-0.6453199267583056,"59":-0.33438181811242407,"60":-0.6270134038628061,"61":-0.6189957349410816,"62":-1.0486831846337217,"63":-1.9473322890632248,"64":-0.41399135990782765,"65":-0.3507206843663656,"66":-0.36294392569782596,"67":0.27917847243102845,"68":-1.3368048273988804,"69":-0.15304814444690207,"70":-0.3548542679494604,"71":0.1946373151547558,"72":0.14581580526524984,"73":-0.6547561036256191,"74":-0.18528674825665403,"75":-0.9499960485752919,"76":-0.5064206643344868,"77":-0.3860806964487389,"78":-0.7740520445057084,"79":-0.2436630724358788,"80":-0.6634243779181281,"81":-0.3791872230969069,"82":-0.7360472493542285,"83":-1.117051202850275,"84":-0.6823389623652705,"85":-0.5032481775174991,"86":-0.9293994754315964,"87":-0.9293994754315964,"88":-0.2647356193619017,"89":-0.2647356193619017,"90":-0.2298814899141295,"91":-1.3208036153727605,"92":-0.6523816934585165,"93":-1.0573238750005545,"94":-2.079745889387145,"95":-2.3336262391576055,"96":-0.6510921287129223,"97":-0.854107334173946,"98":-1.055364857181674,"99":0.16690210295783459,"100":0.23807445855175113,"101":-0.2311331588362413,"102":-0.39717630531774994,"103":-0.5040826547246426,"104":-0.18006478558236272,"105":0.030697916835896732,"106":0.046612926959488155,"107":-0.26921326083647434,"108":-0.5046054520453704,"109":-0.0056931317573005735,"110":-0.3803406989637623,"111":-0.3326868373514058,"112":-0.45146571839918415,"113":-0.334669907730464,"114":-0.0005601399170616084,"115":-0.2832795562222179,"116":-0.16160101675704452,"117":-0.15945151640962196,"118":-0.5954977425911472,"119":-0.07883835025130814,"120":-0.3142071807102482,"121":-0.7124623643128771,"122":-0.3009000341786705,"123":-0.43654210298490437,"124":-0.4102692021666614,"125":-0.3565479247810668,"126":-0.3565479247810668,"127":-0.07213062364227651,"128":-0.6112582394188693,"129":-0.39760607445601504,"130":-0.3565479247810668,"131":-0.3565479247810668,"132":-0.6002719806614558,"133":-0.8730647302427763,"134":-0.9250077324316694,"135":-0.07836310850593353,"136":0.08119175965052472,"137":-0.4099901867651603,"138":-0.9107360230218742,"139":-0.09777514955685396,"140":0.058615000533578154,"141":-0.12319115831364957,"142":-0.9428433220213428,"143":-0.22248340147584855,"144":-0.8153472051397586,"145":-0.8064976198467013,"146":-0.6589132109300069,"147":-0.28236524037358457,"148":-0.7688519529278106,"149":-0.2584909412754266,"150":0.30968901870233534,"151":-0.8358456095249482,"152":-0.588849772144102,"153":-0.7505504895903312,"154":-0.7450467491730519,"155":-0.7002096341669204,"156":-0.9168693819898563,"157":-0.1316419400723774,"158":-0.5775878774837282,"159":-0.13399053205741573,"160":-0.464384009751567,"161":-0.45280705467484794,"162":-0.8381753730893362,"163":-0.6357325824472382,"164":-0.5251193057842354,"165":-0.7506952475567372,"166":-0.5407256272835999,"167":-0.7960684626806571,"168":0.07141529765298404,"169":-0.5306865597206682,"170":-0.739850752989335,"171":-0.2935244982388825,"172":-0.20842026795972846,"173":-0.8593603069281754,"174":-0.7511250049693095,"175":-0.9984949455552572,"176":-0.5635220949053279,"177":-0.13366442862994443,"178":-0.632475791844354,"179":-0.8869977404101959,"180":-0.5475102662654423,"181":-0.26063994591819006,"182":-0.24213574413888805,"183":-0.024320027854502158,"184":-0.0906914964489991,"185":-0.4640608593060409,"186":-0.21946173141413272,"187":-0.18359287026008042,"188":-0.5055228884185823,"189":-0.37164937945237586,"190":-0.6139184947271317,"191":-0.7620349459985136,"192":-0.605296754019216,"193":-0.6255801461940855,"194":-1.3742161765776406,"195":-1.0397574603919844,"196":-0.1836261744050529,"197":-3.0044651869048336,"198":-2.5974272771950098,"199":-0.47268842730406124,"200":-0.13137669213597736,"201":-0.5510069043475578,"202":-0.5510069043475578,"203":-0.5971117827767916,"204":-0.5869015992939459,"205":-0.2643815412639181,"206":-0.6489772726124148,"207":-0.8557441112595052,"208":-0.3852111911395023,"209":-0.3784854912052664,"210":-0.4459856563540172,"211":-0.3561961085981158,"212":-0.9877874905003303,"213":-0.6131396793141458,"214":-0.2906628883374385,"215":-0.7881193624408662,"216":-0.5577892040294528,"217":-0.5711880820391451,"218":-0.4760542322209693,"219":-0.7437506134852752,"220":-0.9810454020427615,"221":-0.8680087258188893,"222":-0.9745523168002475,"223":-0.4457765436450407,"224":-1.1844707218133315,"225":-1.5930268374844405,"226":-0.7595924039905029,"227":-0.3858996566062858,"228":-0.8786157228669425,"229":-1.3377852882020638,"230":-0.6887476455878545,"231":-0.6862004996913924,"232":-0.08661910244881854,"233":-0.7282139927408207,"234":-0.5774293463812434,"235":-1.013693197650126,"236":-0.7180764977102654,"237":-1.2285648440529657,"238":-1.119211542932593,"239":-0.9565641372681799,"240":-0.9565641372681799,"241":0.03673116090697226,"242":-0.42241196555752514,"243":-0.6145445326136468,"244":-0.9143048352736789,"245":-1.0183515449178193,"246":-1.351194885553681,"247":-0.2016782317928254,"248":-0.43790665481813695,"249":0.08695682982355851,"250":-0.6003934428087594,"251":-0.9866816721822755,"252":0.07375647351109244,"253":-0.4130813073031435,"254":0.2767130564346262,"255":-0.06705283767212578,"256":-0.06705283767212578,"257":0.33730885182559645,"258":0.33730885182559645,"259":-0.19924135924034303,"260":-0.19924135924034303,"261":0.2748414471614866,"262":0.7732080246771351,"263":-0.5468802280083422,"264":-0.6758738064939223,"265":-0.2580553029582213,"266":0.4295830813958188,"267":-0.7987838451488106,"268":-0.7987838451488106,"269":-0.7987838451488106,"270":-0.22820323460021963,"271":-0.22820323460021963,"272":-1.6613880040020197,"273":-1.1162367523230194,"274":-1.4007703804026321,"275":0.5427738712174817,"276":-1.485440019767755,"277":-2.2667961655493727,"278":-0.8497627163894661,"279":-2.546904531415664,"280":-1.6226674702622899,"281":-1.3926012999020667,"282":-0.9184038960018851,"283":-0.9564823115480454,"284":-0.6885385961131356,"285":-1.222955683771415,"286":-1.0872734372708903,"287":-0.7170086588705281,"288":0.1839963785053007,"289":-0.7586651938879196,"290":-0.9379871744780233,"291":-0.8043045433595857,"292":-1.086142766272062,"293":-1.3366231928588728,"294":-0.853649846211998,"295":0.31070433294046473,"296":-0.5343598594813437,"297":-1.3689169995555244,"298":-1.4866606469059909,"299":-0.11549211220576105,"300":-1.0756082642478622,"301":0.6088589826131474,"302":-0.017791929624672242,"303":-0.4460377535276474,"304":-0.3813337436641273,"305":-0.08677108797681488,"306":-0.3813337436641273,"307":-0.5575063055951308,"308":-0.6582194584292442,"309":-1.0369691262672034,"310":-0.613417635933291,