{"1":-0.5719000712713141,"2":-1.8908280058902673,"3":-0.4352620205397391,"4":-0.08873477191333769,"5":-0.43282826654171846,"6":-0.014465005195538116,"7":-0.19293399045099027,"8":-2.0292895581077257,"9":-2.0292895581077257,"10":-0.7707376898346814,"11":-0.7707376898346814,"12":-0.46007209115439157,"13":-0.46007209115439157,"14":-0.9394729604053998,"15":-0.9394729604053998,"16":-0.2087825999180314,"17":-0.2087825999180314,"18":-0.2087825999180314,"19":0.06701701497060963,"20":0.06701701497060963,"21":0.06646236964061025,"22":0.06646236964061025,"23":0.023145893025739578,"24":-0.2586248923227455,"25":-0.23856224974046397,"26":-0.22060604208224555,"27":-0.07762103183532662,"28":-0.11045649073742997,"29":0.13996229567669316,"30":-0.061742870081646445,"31":0.6269553605205948,"32":0.24624185130615556,"33":-0.0604016090258955,"34":-0.03062127326525438,"35":-0.885276981753408,"36":-0.7773964725159085,"37":-0.44594262630125026,"38":-0.42313938050729005,"39":-0.6200581533115146,"40":-0.005751242395915179,"41":-0.3064958898654693,"42":-2.093622612117868,"43":-0.43243712919712807,"44":-0.5134126866652028,"45":-0.9624657108965672,"46":-0.5554540123578963,"47":-1.0314069204757483,"48":-0.5915065862943831,"49":-0.6382933817883276,"50":-0.6382933817883276,"51":-0.5915065862943831,"52":-0.5915065862943831,"53":-0.8404837574827815,"54":-0.8404837574827815,"55":-0.1775497068061943,"56":0.02433276751580213,"57":-0.2736879568210208,"58":-0.04399564458739669,"59":0.0506311948366122,"60":0.22610925752605382,"61":0.015566378748889526,"62":-0.04497552107144831,"63":-0.5387032074906314,"64":0.06999548803625308,"65":-0.6490354424539486,"66":0.0606990366982913,"67":0.4856029403985037,"68":-0.003248941121006821,"69":0.21371500173432456,"70":-0.290289345790925,"71":0.018974640825547118,"72":0.26285373618758023,"73":-0.23712871307955663,"74":-0.21925188177227284,"75":0.10952966956349997,"76":-0.3560637449795274,"77":-0.21666741180268978,"78":-0.09680537600259154,"79":-0.04337305913134204,"80":-0.5840651547174754,"81":-0.26092360651230506,"82":-0.4010234878570368,"83":-1.7998876926661673,"84":-0.05871987917405602,"85":0.508026333708261,"86":-0.6169221767735047,"87":-0.6169221767735047,"88":-0.24703698789138784,"89":-0.24703698789138784,"90":0.21635948942133387,"91":-0.2544822310143424,"92":-0.08184644303732003,"93":-0.45033674803419554,"94":-0.6563682622652867,"95":-0.7015031594086105,"96":-0.21221597531817382,"97":-0.2677058257514201,"98":-0.5946697891654826,"99":0.549286276182141,"100":0.39148815932972814,"101":0.06819253631507816,"102":0.074577476715599,"103":0.2872912881781047,"104":-0.00009481082223794512,"105":0.08608655580250751,"106":-0.03970903903199763,"107":0.017604212245976247,"108":-0.5422907691928988,"109":-0.034002838082120124,"110":-0.18474336001844494,"111":-0.30700531259559316,"112":-0.2918500994757811,"113":-0.025598335653715942,"114":-0.12070990539186094,"115":-0.10643886066456826,"116":-0.03959363834687413,"117":-0.20117200403525892,"118":-0.20302661179767223,"119":-0.00480679627067393,"120":-0.08152558760489526,"121":0.06185213665561318,"122":-0.18003285152132753,"123":-0.05068109623908279,"124":-0.24547836320166028,"125":-0.06649284997700977,"126":-0.06649284997700977,"127":0.13588717942908457,"128":-0.11347787142160115,"129":-0.07571018410129399,"130":-0.06649284997700977,"131":-0.06649284997700977,"132":-0.11122211352633415,"133":0.028593102512774027,"134":-0.16628798491607022,"135":-0.2632528331749324,"136":0.4144782874013988,"137":-1.0166275381111967,"138":-0.2163402757668944,"139":0.6378564504207538,"140":0.1057397596129479,"141":-0.06787497136979648,"142":0.5639818929090676,"143":-0.02621619019828203,"144":0.013904007037625177,"145":-0.2045381240211248,"146":-0.13613844851162082,"147":0.4564119844928336,"148":-0.33659106522178744,"149":-0.006772002174401326,"150":1.3581705139417033,"151":0.2696152104294406,"152":-0.15308154599977752,"153":-0.3825475724340599,"154":-0.42022365422902036,"155":-0.16560785214158513,"156":-0.43533226442810247,"157":-0.2868345595163454,"158":-0.42472363034230415,"159":0.6534445344531079,"160":0.41362207230097603,"161":-0.1698048094795055,"162":-0.23036407453482755,"163":-0.37319267418365326,"164":-0.18155749106615626,"165":-0.15414293501966686,"166":-0.46251901569808673,"167":-0.2510350640067093,"168":0.17577169830836592,"169":0.03195478699944665,"170":-0.1747457053258999,"171":-0.054820695737957614,"172":-0.14666280297347545,"173":-0.6409992779081404,"174":-0.21441712932964851,"175":-0.5322922267409538,"176":-0.2748275981865951,"177":-0.3247243144029319,"178":-0.5261477631271919,"179":-1.12971675420571,"180":-0.16006897916256405,"181":-0.12115980026213391,"182":-0.13785928512388404,"183":-0.17709974016548458,"184":-0.15902562990115773,"185":-0.34341768582008364,"186":-0.17444227929229233,"187":-0.2138785280165795,"188":-0.31709222599190495,"189":-0.20994752760587804,"190":-0.19836867468425484,"191":-0.6382635021127976,"192":-1.2502512705331057,"193":-0.31248887305568784,"194":-0.7739518191609432,"195":-0.650488690421563,"196":-0.6113075784080031,"197":-1.161796354617406,"198":-0.35900580058183174,"199":-0.12205615388631608,"200":-0.2822744128131243,"201":0.269155341735427,"202":0.269155341735427,"203":-0.2750118722556692,"204":-0.29166203538463703,"205":-0.18415634847574566,"206":-0.22536599084130243,"207":-0.32396313916287156,"208":-0.20693407380726778,"209":-0.2833702404323333,"210":-0.4392512160897292,"211":-0.12239751062521823,"212":-0.25368384559589546,"213":-0.3270898839689198,"214":-0.3456092675865226,"215":-0.4508040123515594,"216":-0.25117496880432455,"217":-0.3112275121122908,"218":-0.33441813636454343,"219":-0.4653109227520605,"220":-0.278329924250943,"221":-0.2913423754174971,"222":-0.8555369287197658,"223":-0.15230884536988404,"224":-0.5198422128807578,"225":-0.8477022353494081,"226":-0.28586322443414136,"227":-0.4109985018448023,"228":-0.4430956372574423,"229":-0.6940985229477139,"230":-0.21511396103603597,"231":-0.3681963995649744,"232":-0.20123870965513996,"233":-0.340960417361666,"234":-0.3597324971999754,"235":-0.6075096821217647,"236":-0.4588347617213606,"237":-0.5841129630234534,"238":-1.2672494881039,"239":-0.2008932747286692,"240":-0.2008932747286692,"241":-0.26085101847944475,"242":-0.20246749938368278,"243":-0.08350831031950495,"244":0.3848295586888725,"245":-0.26316686880948315,"246":-0.3428632589742358,"247":-0.1725345375630964,"248":-0.3974444285901642,"249":-0.09905158612704815,"250":-0.28175361696260237,"251":-0.7539932603715129,"252":0.15604375298417122,"253":-0.2991218401951269,"254":0.10815095040808625,"255":-0.42449925698261803,"256":-0.42449925698261803,"257":-0.18286323182381795,"258":-0.18286323182381795,"259":-0.013561678712116998,"260":-0.013561678712116998,"261":-0.3304841347055642,"262":0.4946448060668972,"263":-0.03631652278649922,"264":-0.4153798521472598,"265":0.40942804283779055,"266":0.07333313262743701,"267":-0.3890258917758555,"268":-0.3890258917758555,"269":-0.3890258917758555,"270":-0.429781697382277,"271":-0.429781697382277,"272":-0.7244260690516415,"273":-0.013674607664985461,"274":-0.6950429175598156,"275":1.4708738552638545,"276":-0.30589906527830646,"277":0.41497820901024074,"278":1.6654410102295216,"279":-0.6561327910043508,"280":-0.7622050151988156,"281":-0.028100745659978582,"282":0.0056432048572826465,"283":0.29072391365389416,"284":-0.03403645547494888,"285":-0.1236214148765169,"286":-0.22208585880734838,"287":-0.2037605362752283,"288":0.055872202485049094,"289":-0.039844680822983425,"290":0.1619486164699112,"291":-0.2161309084267133,"292":-0.8037795076203946,"293":-0.9999191492709916,"294":-0.40354653661053763,"295":-0.0876382177192249,"296":-0.13309815150044937,"297":0.07104994080617111,"298":-0.5417461683440329,"299":-0.2268743771011728,"300":-0.5057450449634108,"301":0.09969429003780861,"302":-0.599668572737809,"303":-0.3192605120416101,"304":-0.19376625346534704,"305":-0.21928744148609913,"306":-0.19376625346534704,"307":-0.3037492509279487,