{"1":-0.8125267803735978,"2":-0.15693214249831078,"3":-0.0019403555200823153,"4":0.3596885448132725,"5":-1.1030306574669781,"6":-0.5818001453455178,"7":-0.5245050843878225,"8":-0.6927929792873797,"9":-0.6927929792873797,"10":-3.517954652612851,"11":-3.517954652612851,"12":-1.3031369621854934,"13":-1.3031369621854934,"14":-1.1230959161384135,"15":-1.1230959161384135,"16":-0.49959447363087894,"17":-0.49959447363087894,"18":-0.49959447363087894,"19":-0.2772659815347922,"20":-0.2772659815347922,"21":-0.17640985674099152,"22":-0.17640985674099152,"23":-0.20621726893192138,"24":-0.8534206453808455,"25":-0.1987016179078838,"26":-0.3722232266874923,"27":-0.5023781240507476,"28":-0.8602042988784737,"29":-0.3029880895295851,"30":-0.4165204912243281,"31":-0.3775806461597806,"32":-0.4638244406809102,"33":-0.5299024790841046,"34":-0.7288263244800448,"35":-0.5910937422216529,"36":-0.27181409770160325,"37":-0.6688484818771299,"38":-0.6797882962056367,"39":-0.8403446211802434,"40":0.9932854773833415,"41":0.09547279383978413,"42":-0.4377139340262286,"43":-0.4345986485479352,"44":-0.38380323090831703,"45":-0.11314591624489179,"46":0.01082443101320596,"47":-0.3371192933733762,"48":-0.5005047974570225,"49":-0.4998209693127631,"50":-0.4998209693127631,"51":-0.5005047974570225,"52":-0.5005047974570225,"53":-0.25985721790689453,"54":-0.25985721790689453,"55":-0.8906380682489361,"56":-0.192090050755924,"57":-0.8955949606880318,"58":-0.7106549405405105,"59":-0.3928872894163553,"60":-0.6734724001426389,"61":-0.668119638939034,"62":-0.9797336327769035,"63":-1.4359544244698013,"64":-0.4867543019596492,"65":-0.21541685525833798,"66":-0.36868929643779635,"67":0.09478814972086647,"68":-0.9948436160695935,"69":0.10199456425996134,"70":-0.24604231431848111,"71":0.4744674500802972,"72":0.16624602125111898,"73":-0.5246735410775734,"74":-0.03146615082766191,"75":-0.27946292377050597,"76":-0.3974881536401986,"77":-0.26981931220659994,"78":-0.5087921662598283,"79":-0.03790017424568859,"80":-0.3592384599700602,"81":-0.23316467800359275,"82":-0.47461309732636314,"83":-0.7494818569153496,"84":-0.5373175417152862,"85":-0.4806129290748824,"86":-0.5850500303257136,"87":-0.5850500303257136,"88":-0.15192770449700843,"89":-0.15192770449700843,"90":-0.30244477621404453,"91":-0.9539296388493002,"92":-0.4742256443128676,"93":-0.9809061934969754,"94":-1.7425576272519865,"95":-2.0516847091119983,"96":-0.5643880272981194,"97":-0.7144937216362433,"98":-0.9476136688911749,"99":0.062033726838525816,"100":0.018662918184684907,"101":-0.13973805295697694,"102":-0.2940979649803992,"103":-0.49553383635439463,"104":-0.19905852619055242,"105":-0.09474664960135248,"106":-0.03565631897331323,"107":-0.291579385144475,"108":-0.482293018218648,"109":-0.09503976397554448,"110":-0.25747123032343033,"111":-0.23425090566111395,"112":-0.4139308816627463,"113":-0.2801293928477673,"114":-0.1891477700367319,"115":-0.18642241741772225,"116":-0.29204251696149774,"117":-0.13137689756185322,"118":-0.426103289165781,"119":-0.050170089010364904,"120":-0.472711693030027,"121":-0.5944225766764062,"122":-0.1876379263990131,"123":-0.3395140323854151,"124":-0.22728206379013194,"125":-0.3147503323512053,"126":-0.3147503323512053,"127":-0.10511952722034401,"128":-0.5597951155356291,"129":-0.3135281902595477,"130":-0.3147503323512053,"131":-0.3147503323512053,"132":-0.46042690620607685,"133":-0.6567676909688767,"134":-0.6889820120834607,"135":0.0973884365696871,"136":-0.11225026137719052,"137":-0.3538651563667461,"138":-0.6247991272708435,"139":-0.1811120504289354,"140":0.016460316671606634,"141":-0.033335194705947924,"142":-0.6914970248580805,"143":0.0927950488408773,"144":-0.42321935254897225,"145":-0.4644515832093161,"146":-0.48519923366348694,"147":-0.4756952328241377,"148":-0.6249717480071191,"149":-0.2277667989637362,"150":0.12728736556098674,"151":-0.5529599874855629,"152":-0.4230510867114088,"153":-0.40859234138283407,"154":-0.4948924327159854,"155":-0.3712330360406779,"156":-0.6169834257215947,"157":0.05366245815074411,"158":-0.3281705719811301,"159":-0.33344020406638974,"160":-0.3999349316906913,"161":-0.494407348223016,"162":-0.49235558716103633,"163":-0.49704174157598136,"164":-0.34319301373938327,"165":-0.5512719891809263,"166":-0.4261623535025916,"167":-0.6671782016897638,"168":-0.20992812266932703,"169":-0.6285879778840413,"170":-0.5436303060082923,"171":-0.32902976038911436,"172":-0.31587509223222976,"173":-0.5435064811324661,"174":-0.8351522845464492,"175":-0.8279678747343304,"176":-0.42246486076754564,"177":0.03744283021312045,"178":-0.5393728187185398,"179":-0.515531199229639,"180":-0.45313498832069554,"181":-0.21532706301652704,"182":-0.189650320963189,"183":-0.008375347441973213,"184":0.05157275712649945,"185":-0.28868567670871714,"186":-0.10684547705408032,"187":-0.07942732138735953,"188":-0.24958628704113472,"189":-0.22767189541448807,"190":-0.4952134235480461,"191":-0.5624455055968602,"192":-0.19324916038904405,"193":-0.48674800211096025,"194":-0.939197664514656,"195":-0.756919652734116,"196":0.05936941055942535,"197":-2.245947286943858,"198":-2.0830789179706626,"199":-0.6152416420726357,"200":-0.0960569380122156,"201":-0.6766025784993228,"202":-0.6766025784993228,"203":-0.5151106833895511,"204":-0.45838397714807044,"205":-0.23890621246274701,"206":-0.4732727462995201,"207":-0.5888411027922217,"208":-0.3124384216166891,"209":-0.19850692314764118,"210":-0.27708831656947464,"211":-0.2737519111813036,"212":-0.684534873511551,"213":-0.4079931236188481,"214":-0.11667566654534456,"215":-0.5139100070095695,"216":-0.503757624205944,"217":-0.46244543625387435,"218":-0.31475618731293875,"219":-0.5884524423201687,"220":-0.8046352681928572,"221":-0.7225824108333037,"222":-0.7552338760628285,"223":-0.3577314528569495,"224":-0.7209948004638704,"225":-1.0134584237935913,"226":-0.712923992237791,"227":-0.20000410624980192,"228":-0.4939660739639633,"229":-0.9467964834422751,"230":-0.5382627150814456,"231":-0.5546022799446608,"232":-0.2261783023325834,"233":-0.46514575995132046,"234":-0.3518586237863628,"235":-0.7713734513348658,"236":-0.43162713300599265,"237":-0.8165033427168826,"238":-0.6456766630550401,"239":-0.5458517688371396,"240":-0.5458517688371396,"241":-0.04711170638068185,"242":-0.5372177091774931,"243":-0.5750352429396568,"244":-0.6268278839634114,"245":-0.8874104755085974,"246":-0.772209184340432,"247":-0.1770230679561525,"248":-0.3814436217787228,"249":0.21900181569557683,"250":-0.3156043214953376,"251":-0.5608775484449732,"252":0.1566983343830919,"253":-0.3676884969758394,"254":0.1960756650067183,"255":0.08723536338907861,"256":0.08723536338907861,"257":0.2735221486954199,"258":0.2735221486954199,"259":-0.10354322343025113,"260":-0.10354322343025113,"261":0.297353009162834,"262":0.562973756423764,"263":-0.2922397069454822,"264":-0.3801107042759332,"265":-0.4797970850708957,"266":0.49162034222244155,"267":-0.4922641957556818,"268":-0.4922641957556818,"269":-0.4922641957556818,"270":0.19332921601172626,"271":0.19332921601172626,"272":-1.0016920772148115,"273":-0.845056950168972,"274":-0.994570364329058,"275":-0.2134817953406496,"276":-0.8046015687883135,"277":-1.0229821760706441,"278":-0.9243850586300297,"279":-1.108742595537731,"280":-0.6948532503574132,"281":-0.9476941996113883,"282":-0.6650747519178908,"283":-0.7188585400518905,"284":-0.5007969428905369,"285":-0.8766439012140925,"286":-0.934565951883733,"287":-0.10757496140552425,"288":0.05839928859659027,"289":-0.6061811916654318,"290":-0.5528037156655108,"291":-0.5907399198640784,"292":-0.440734285871502,"293":-0.6236226506607963,"294":-0.3259718193322365,"295":0.4377655297979073,"296":-0.4407948039695937,"297":-0.9606934602616367,"298":-0.957807393940439,"299":0.2554324031588735,"300":-0.40561545748006345,"301":0.0910265900195395,"302":-0.04199018836101809,"303":-0.46189550333374907,"304":-0.26394242551001645,"305":-0.006588569758412044,"306":-0.26394242551001645,"307":-0.35024074642242153,"308":-0.166133307985594,"309":-0.6842232740617515,