{"1":-0.055547438035298824,"2":0.02880017931774878,"3":-0.1302590623886275,"4":0.10824179189122488,"5":0.031436833722018054,"6":0.043859621159523854,"7":-0.016502719133996008,"8":0.07335477697093987,"9":0.07335477697093987,"10":0.2471475274092206,"11":0.2471475274092206,"12":-0.0951547928776274,"13":-0.0951547928776274,"14":-0.04380899107998934,"15":-0.04380899107998934,"16":-0.05186406821143402,"17":-0.05186406821143402,"18":-0.05186406821143402,"19":0.07788377861145435,"20":0.07788377861145435,"21":0.008528667030312298,"22":0.008528667030312298,"23":0.03478219581641803,"24":0.07115301803366919,"25":0.06062443164595332,"26":-0.02242790269955107,"27":-0.0029990610109325994,"28":0.015565707440478402,"29":-0.022244871712966977,"30":0.044900418272257714,"31":0.028678055225224014,"32":-0.23646656356743417,"33":0.03770839920818221,"34":-0.02143606836706015,"35":-0.04696831169863022,"36":0.0881254664875813,"37":-0.012510576202654111,"38":-0.050700355810530034,"39":0.07997243015275003,"40":-0.10978280581182903,"41":-0.01239201313360283,"42":-0.05931232426379349,"43":-0.020775433069374433,"44":-0.03682633622827357,"45":-0.057961483908054834,"46":0.028780774181854762,"47":0.08777613837077392,"48":0.02004757509579702,"49":-0.05139116834659463,"50":-0.05139116834659463,"51":0.02004757509579702,"52":0.02004757509579702,"53":0.011834508598831506,"54":0.011834508598831506,"55":-0.09828158356987972,"56":-0.0163069862787536,"57":0.07752155257633205,"58":-0.12292161622476831,"59":-0.034810121032890745,"60":-0.04567897191051137,"61":0.00018059402903725097,"62":0.007432138684234868,"63":-0.02415272978680688,"64":-0.05404021586897656,"65":-0.113672458143898,"66":0.11861918932699744,"67":0.15494170393586748,"68":0.07923472946765608,"69":-0.07817339678104893,"70":-0.008523798232417418,"71":-0.016688456533889007,"72":-0.03836936342938513,"73":0.08552584786752224,"74":-0.017331973296303455,"75":-0.1117765645073886,"76":-0.007832225629687578,"77":-0.14560272063821483,"78":-0.06497720200853255,"79":0.027744166201809806,"80":-0.009438743448571207,"81":-0.14237325787284327,"82":-0.14783118456724595,"83":-0.03841048300235664,"84":-0.09258991899392663,"85":-0.05135586271439939,"86":-0.05410965950124419,"87":-0.05410965950124419,"88":-0.07595759607674216,"89":-0.07595759607674216,"90":-0.04541896627931122,"91":0.020968311361612868,"92":-0.020108741231412874,"93":-0.02079285387098201,"94":0.02781055778459604,"95":0.06713446272471213,"96":-0.05802540295965314,"97":-0.02644929929986861,"98":0.07301710543295195,"99":0.07603197718951121,"100":0.21332059486922242,"101":0.007892036814652087,"102":-0.007058306784020252,"103":-0.0189833671047899,"104":-0.061333818132779785,"105":0.058751487666453495,"106":0.01823540973406923,"107":0.0035597019050628564,"108":0.016503092561983873,"109":0.07360078478551152,"110":-0.04488885447776167,"111":0.0020410826673281646,"112":0.033171372201464724,"113":-0.054979635767150856,"114":-0.008910901699986928,"115":-0.014657168892222946,"116":0.04637850176005684,"117":-0.09786244191807075,"118":-0.11670758108400162,"119":0.0177181003997256,"120":0.041147178721281374,"121":0.020064289156547094,"122":-0.019721235215058863,"123":-0.038845480014185335,"124":-0.06719943039884502,"125":-0.00367322507352813,"126":-0.00367322507352813,"127":-0.12346513193657657,"128":-0.07720660476191352,"129":0.010690766413716357,"130":-0.00367322507352813,"131":-0.00367322507352813,"132":0.15741753261212252,"133":0.042602603260245175,"134":0.05301248578793499,"135":0.05119558301447302,"136":0.012792353889082175,"137":0.23859144423109863,"138":0.08298310691990868,"139":0.12194651715956267,"140":0.042967878957784256,"141":0.11500788117348215,"142":0.1918514503552668,"143":0.00633243525090782,"144":0.033885574132208884,"145":0.267644221929468,"146":0.11583079023918874,"147":0.22423180699108344,"148":0.03371185114240077,"149":0.0013796236509495408,"150":0.13351347529091917,"151":-0.054990514792847583,"152":0.08616977276494164,"153":0.00044080416866296157,"154":0.010154464404691699,"155":-0.01394064826699816,"156":0.08970236524830419,"157":0.07299096112243947,"158":0.02540340642877073,"159":-0.06964914996296745,"160":0.03381444593860759,"161":-0.009139754620016982,"162":-0.03023341242246813,"163":-0.004699439227336566,"164":0.09913995834884903,"165":-0.01898698948151567,"166":0.011133188242942405,"167":0.044285747038120576,"168":-0.00259330767931365,"169":0.013822167825636639,"170":-0.09473371661776384,"171":-0.010725352732752796,"172":0.02683708285934222,"173":0.16993874010827278,"174":-0.03666954765215616,"175":0.09156392634240695,"176":0.024983989307917148,"177":0.05936520163578937,"178":0.04669116075750382,"179":0.011009899162039871,"180":0.007559234807039267,"181":0.042451109642873755,"182":0.06946824038630113,"183":0.027431973769617424,"184":0.07026974725763147,"185":-0.05402466240737355,"186":0.05775105004998257,"187":-0.004769244599267086,"188":0.07170333578398042,"189":0.12522953113025498,"190":0.023291472194220564,"191":0.045541965594703415,"192":0.07296365376738148,"193":0.020511401822039477,"194":-0.05483476149495636,"195":-0.015514967756236703,"196":0.0847272108979534,"197":0.06728085197327405,"198":0.06219073255890434,"199":0.00005820668077050062,"200":0.009915488756324975,"201":0.08162832220077051,"202":0.08162832220077051,"203":0.04386711841207641,"204":0.01831938693993082,"205":0.024686708198863996,"206":0.02884183949945185,"207":-0.022795087396691532,"208":0.013113250573089097,"209":-0.00601938449201514,"210":0.07909372218218813,"211":-0.001504287679685079,"212":0.002969164243822514,"213":0.007047639223040664,"214":0.041386249225828536,"215":-0.016180070261862634,"216":0.10136553631668849,"217":0.07509209909694364,"218":0.12865936357088234,"219":0.11420476460562495,"220":0.034715927616137426,"221":0.007396246222678343,"222":0.05826234277523615,"223":0.11594601714719596,"224":0.08540823784928708,"225":0.04516223339178749,"226":0.05934509249720704,"227":0.10525674173582747,"228":0.03133102442638025,"229":-0.03426497893918909,"230":0.08926692050452881,"231":0.00743620847966911,"232":0.053980446909242696,"233":0.07621357168733969,"234":-0.009770671331211456,"235":0.0597881447499036,"236":0.0992702318562445,"237":0.04192178730971377,"238":-0.1681221050622694,"239":-0.13486058227697742,"240":-0.13486058227697742,"241":-0.09267963933194004,"242":0.039128924732637814,"243":0.18022144751497332,"244":-0.27332493297501714,"245":0.03114259012671159,"246":0.24538884358484345,"247":0.2143335408378252,"248":0.5366751009578119,"249":0.07015082427218519,"250":-0.033252080380209985,"251":-0.05386777704497485,"252":-0.0029797833998180395,"253":-0.06325448433302255,"254":-0.0070517706580008645,"255":-0.04982561036372696,"256":-0.04982561036372696,"257":-0.10059847385424892,"258":-0.10059847385424892,"259":-0.01971857769100363,"260":-0.01971857769100363,"261":0.09294975402082997,"262":-0.026034412795326478,"263":-0.051128513004901,"264":-0.04217380102897206,"265":-0.0855174442018648,"266":0.007203391838590506,"267":-0.022317036622430668,"268":-0.022317036622430668,"269":-0.022317036622430668,"270":0.32877554989237956,"271":0.32877554989237956,"272":-0.1530797372067306,"273":-0.052580371745218735,"274":-0.22442919408585008,"275":-0.19755573900515366,"276":-0.6160642248809041,"277":-0.1435150815642794,"278":0.0516321045340975,"279":0.0968054211035818,"280":0.015476223848101739,"281":-0.46026093597654594,"282":-0.9326054512607023,"283":-1.0598694155400894,"284":-0.24629651913195585,"285":-0.1742934339334692,"286":-0.6721637502720373,"287":0.20960145696185595,"288":0.1583732288795396,"289":-0.10589903174955373,"290":-0.027120166452486355,"291":-0.3565780606859783,"292":-0.12334380457910876,"293":-0.13821996473069778,"294":-0.17938062052817422,"295":-0.32501878210438295,"296":0.012731428882298002,"297":-0.0980366982457977,"298":-0.29753882107939067,"299":0.388564441874395,"300":-0.09889645283598003,"301":0.11574074197574685,"302":0.09853227122244773,"303":-0.057491006873881784,