{"1":-0.09188122227192562,"2":-0.06290470689574043,"3":-0.08216675753386567,"4":-0.06658676255160474,"5":-0.01844405916854181,"6":0.0249922026585305,"7":-0.026122865132341157,"8":-0.04799525047350442,"9":-0.04799525047350442,"10":0.011337026460004705,"11":0.011337026460004705,"12":-0.12779036206991987,"13":-0.12779036206991987,"14":-0.03635422848696432,"15":-0.03635422848696432,"16":-0.0015838828490523683,"17":-0.0015838828490523683,"18":-0.0015838828490523683,"19":0.009811617479681182,"20":0.009811617479681182,"21":-0.028285754825945808,"22":-0.028285754825945808,"23":-0.017971144597920017,"24":-0.003539577324264829,"25":0.03031221582297666,"26":-0.03266336258975622,"27":-0.01735327677384481,"28":0.007970667941973538,"29":-0.004346213953570819,"30":-0.00321118211729398,"31":-0.005251598098798301,"32":-0.022158205272530256,"33":-0.013003302336854905,"34":0,"35":-0.04043296981871071,"36":-0.029590315734196928,"37":-0.016004508718755115,"38":-0.0349081289749206,"39":0.028867796391381397,"40":-0.03389076868284574,"41":-0.046619650467115144,"42":-0.023591127070054906,"43":-0.0495633967910922,"44":-0.014719680024301338,"45":-0.03845253959595816,"46":-0.018996142606604628,"47":0.03396621082033312,"48":-0.021149339104535356,"49":-0.10028346784338571,"50":-0.10028346784338571,"51":-0.021149339104535356,"52":-0.021149339104535356,"53":-0.02593273684461148,"54":-0.02593273684461148,"55":-0.011753142179372435,"56":0.01505481039920455,"57":0.018504721970719968,"58":-0.040629610348890906,"59":-0.031965152331156835,"60":-0.009934528148921505,"61":0.006942504530631919,"62":0.014610420962309453,"63":-0.0024219820702881326,"64":-0.026503960927186283,"65":0.017835335080955167,"66":0.05907253387827287,"67":0.0379258361930232,"68":0.002443676173179657,"69":-0.026772377156871197,"70":-0.010768938356875049,"71":-0.02738399247697359,"72":-0.014964188879138945,"73":0.01049741859405294,"74":-0.005237167468034855,"75":-0.053225367867430984,"76":-0.026941784656823474,"77":-0.12300021881738635,"78":-0.04472051093686541,"79":0.008188232839082751,"80":-0.028991358849409603,"81":-0.05604495252305672,"82":-0.12156350405474109,"83":-0.041584012946969874,"84":-0.049222515675364606,"85":-0.040310509876221236,"86":-0.03213527144290873,"87":-0.03213527144290873,"88":-0.0402191362902099,"89":-0.0402191362902099,"90":-0.03458218115276875,"91":0.010963866806379133,"92":-0.008497766014828836,"93":-0.006860256023619192,"94":-0.056140350877192984,"95":-0.01959436418297078,"96":-0.028054593889118927,"97":-0.0189351061112851,"98":-0.03102100662970798,"99":0.05132378753768778,"100":0.12196555302155163,"101":-0.018019700169323843,"102":0.0002913869472705097,"103":-0.006520240947108673,"104":-0.003875918675379675,"105":0.015381068946976544,"106":0.0435708209422673,"107":-0.0018543133161238595,"108":-0.01870035394150997,"109":-0.005064230977861666,"110":-0.01485432959110091,"111":-0.022464206500552693,"112":0.002093690851677363,"113":-0.011014553909517912,"114":-0.041561610216629574,"115":-0.01165847820489778,"116":-0.0010059064480062024,"117":-0.007728825131199768,"118":-0.07078843803676071,"119":-0.013103041552970845,"120":-0.013840727750215491,"121":-0.003761240221328996,"122":-0.01657900504176328,"123":-0.002243342013432223,"124":-0.06363131201295523,"125":-0.0024330689570459946,"126":-0.0024330689570459946,"127":-0.06716119136802197,"128":-0.027877433137146926,"129":-0.03170830273723419,"130":-0.0024330689570459946,"131":-0.0024330689570459946,"132":0.07483123625598026,"133":0.043867691302868245,"134":0.0011207680604184145,"135":-0.04485580888442325,"136":0.0030443835491471005,"137":0.12373009234175496,"138":-0.024097986238993663,"139":0.026490440133632068,"140":-0.003375819519812577,"141":-0.008505622568142374,"142":0.14221933727103925,"143":-0.03661021480643728,"144":0.03231092800300045,"145":0.10546574097344834,"146":-0.010789783900012395,"147":0.07715374012689086,"148":0.020477234611561024,"149":-0.016927518588646946,"150":-0.019049727026343,"151":-0.0033586839986175718,"152":0.015697588955040923,"153":-0.02636320848191462,"154":-0.024943196335240857,"155":-0.02159998436911441,"156":0.03312340856131395,"157":0.003683542710913784,"158":-0.05440311544622143,"159":-0.028504856916663306,"160":-0.007952141540523167,"161":-0.026798831059506034,"162":-0.03744456404400219,"163":0.009922858048870685,"164":-0.020779732183442777,"165":-0.013770632675178727,"166":0.011297232593106762,"167":-0.05314327067249953,"168":-0.017301402721981246,"169":0.01251399789855702,"170":-0.014245534303953769,"171":-0.04192901250690326,"172":-0.017928109352219904,"173":-0.020459875503378248,"174":-0.09412605749767848,"175":-0.028286869288530497,"176":-0.033936907914226565,"177":-0.03538763263337868,"178":-0.019127188526432158,"179":-0.04327986162360652,"180":-0.020140823705474795,"181":-0.014021936327488174,"182":-0.01279906128881612,"183":-0.039511862248169397,"184":-0.05170368930755222,"185":-0.09403421544699045,"186":-0.024222553799417464,"187":-0.04266841326210545,"188":-0.024383958535939353,"189":0.005175706198143028,"190":-0.053701847952995554,"191":-0.026771471749526064,"192":-0.022108925127411777,"193":-0.034437491801721745,"194":-0.051672911114017964,"195":-0.02793760077359972,"196":-0.014357752479486827,"197":-0.04276478381711958,"198":-0.038444727656655193,"199":-0.06642641970229315,"200":-0.01918074261210897,"201":0.054516483610657085,"202":0.054516483610657085,"203":-0.006537528472148776,"204":-0.017945158540186957,"205":-0.04303996842522957,"206":-0.015699417104171144,"207":-0.03226895370006902,"208":-0.014322527611032122,"209":-0.004884663770592879,"210":-0.029053250735248108,"211":-0.023356183015159127,"212":-0.00995356409639124,"213":-0.016983426365724714,"214":-0.015833005453279758,"215":-0.035107730668603856,"216":-0.000068968576553953,"217":-0.028009786622395637,"218":-0.03069855100823695,"219":-0.006777081927410514,"220":-0.01646101980540369,"221":0.0055856598520303904,"222":-0.002828453960352542,"223":-0.014725278934580373,"224":-0.014590812785798074,"225":-0.0016561247049881045,"226":-0.012300119371596682,"227":0.0038860642646531968,"228":-0.025745656081686333,"229":-0.03123711147782897,"230":-0.001791645645137771,"231":-0.055152226113849026,"232":0.015832215951349662,"233":-0.036944160009525925,"234":-0.029985697548875836,"235":-0.029773446411141994,"236":-0.013350609476191738,"237":-0.016755351640058532,"238":-0.03894436088176687,"239":-0.11376716974789439,"240":-0.11376716974789439,"241":0.0441306266548985,"242":-0.027639579878385848,"243":0.023916179512993324,"244":-0.07885561335759733,"245":-0.03947887879984208,"246":-0.04506887944074749,"247":0.18545994065281898,"248":0.10203365712505037,"249":0.07015082427218519,"250":-0.056232427366447985,"251":-0.07288466580502474,"252":-0.0029797833998180395,"253":-0.027161823665081658,"254":0.014027212792818067,"255":-0.02491280518186348,"256":-0.02491280518186348,"257":0.03557452863749555,"258":0.03557452863749555,"259":0,"260":0,"261":0.09540158267746525,"262":-0.0031586426765730646,"263":0.019548525452436717,"264":0.018245126435525297,"265":0.09691868235072394,"266":-0.030703621404889997,"267":-0.0036041266915537717,"268":-0.0036041266915537717,"269":-0.0036041266915537717,"270":0.27113776474107965,"271":0.27113776474107965,"272":-0.12482048096164164,"273":-0.00886048566345296,"274":-0.2057434075034536,"275":-0.009573629716244536,"276":-0.6018441242799418,"277":-0.11456803131030036,"278":0.0028683796630013525,"279":0.0484027105517909,"280":-0.11554607125837468,"281":-0.21581202583477926,"282":-0.5567774199460634,"283":-0.7755145809283684,"284":-0.22278305219004899,"285":-0.11581644173737679,"286":-0.430625462077609,"287":0.18587360594795538,"288":0.19390310083767215,"289":-0.08990527546620948,"290":-0.11789925869772519,"291":-0.20011401175096008,"292":-0.05779777295589152,"293":-0.02433650376225345,"294":-0.07785293618384917,"295":-0.03942413673271668,"296":-0.029446819746784536,"297":-0.11832644309874826,"298":-0.20389244803786127,