{"1":-0.17208333042895468,"2":-0.0676224083317595,"3":-0.1667974322600002,"4":-0.03132403540406536,"5":-0.04798647726247532,"6":-0.036939745084728755,"7":-0.023060650258408418,"8":-0.13113950443000236,"9":-0.13113950443000236,"10":-0.038667745192838866,"11":-0.038667745192838866,"12":-0.1266142120597893,"13":-0.1266142120597893,"14":-0.1940161487158294,"15":-0.1940161487158294,"16":0.0093013382775331,"17":0.0093013382775331,"18":0.0093013382775331,"19":-0.012878283674281829,"20":-0.012878283674281829,"21":-0.004649853618037422,"22":-0.004649853618037422,"23":-0.02252808048375083,"24":-0.0556968984112102,"25":0.048841752721183365,"26":-0.09793228844531737,"27":-0.009739647444113049,"28":-0.007889936965616857,"29":0.0038122157600628953,"30":-0.06781684090568024,"31":-0.06506437441505138,"32":-0.04374371277839931,"33":0.027084733542670318,"34":-0.031198327769631547,"35":-0.1310622188372833,"36":-0.09610952864300287,"37":-0.1058646842180428,"38":-0.0803966926449095,"39":-0.009783245198178497,"40":-0.11010461163676989,"41":-0.17643838457365785,"42":-0.15764760431717628,"43":-0.10395969155733285,"44":-0.06322365079932588,"45":-0.12593347859995963,"46":-0.05031040093613379,"47":-0.1413249079453497,"48":-0.06396199192946768,"49":-0.2051634622642343,"50":-0.2051634622642343,"51":-0.06396199192946768,"52":-0.06396199192946768,"53":-0.09404914840816067,"54":-0.09404914840816067,"55":-0.022635403401289667,"56":0.022135536353501767,"57":0.027875834546248784,"58":0.00529662364932821,"59":0.02959794223304097,"60":0.07245278147834153,"61":0.07602835155059627,"62":0.04277743718310054,"63":0.08418121285916048,"64":0.011922807254592098,"65":0.05279044225866073,"66":0.10857440607801265,"67":0.16975941231776304,"68":0.046470698181260484,"69":-0.054152522035633116,"70":-0.12213618409173499,"71":-0.040332129504149224,"72":-0.05482282089560292,"73":-0.028511475621848192,"74":-0.050445518829084865,"75":-0.1788834438936307,"76":-0.0889180330913227,"77":-0.06169540162579015,"78":-0.07700744715712551,"79":-0.019702186681739453,"80":-0.048173339746851354,"81":-0.04541996128550662,"82":-0.2088089184364597,"83":-0.08083205831610345,"84":-0.08231748490934801,"85":-0.0535286598242872,"86":-0.13845398724978075,"87":-0.13845398724978075,"88":-0.177911137903758,"89":-0.177911137903758,"90":-0.0563197091142154,"91":-0.03816716088258766,"92":-0.06756097695645076,"93":-0.021197624238310994,"94":-0.03648423753321965,"95":-0.06609512194540967,"96":-0.07477356639680742,"97":-0.03193080804454487,"98":-0.016927429457177567,"99":0.16744589684852412,"100":0.1635697461636716,"101":-0.007793388213322705,"102":-0.02665484416448284,"103":-0.044566724515169825,"104":-0.025071503638343012,"105":-0.04031959690530926,"106":0.21988486749072278,"107":-0.0436456771091259,"108":-0.008560062845047497,"109":-0.0246919142042641,"110":-0.060693977750117686,"111":-0.0915152179291817,"112":-0.029029748706221735,"113":-0.019852518779296793,"114":-0.004549447852389921,"115":-0.0046147146274120796,"116":0.0012528029015949627,"117":-0.23289109519723636,"118":-0.2173580889884414,"119":-0.02480195766362156,"120":-0.009906030253321499,"121":0.006612607139443782,"122":-0.06206459098448547,"123":0.0013642934535480211,"124":-0.08712908211501436,"125":-0.028173016371100132,"126":-0.028173016371100132,"127":-0.0876522133782415,"128":-0.1534518447541351,"129":-0.03767466339735787,"130":-0.028173016371100132,"131":-0.028173016371100132,"132":0.12224804268623764,"133":0.15452105138514372,"134":-0.022649927318287924,"135":-0.06736547027361953,"136":0.16547174436086368,"137":0.23589767444526655,"138":-0.010143684756467652,"139":0.25776265165739554,"140":-0.019545599514772943,"141":-0.11956215157374289,"142":0.6434874088125878,"143":-0.1277396184492583,"144":0.08080965895136358,"145":0.30625964933091,"146":-0.06818607628887602,"147":0.2298288933271055,"148":0.026733318525157826,"149":-0.04020841864771933,"150":-0.06767467322086572,"151":-0.029914315811526718,"152":0.0360687479718834,"153":-0.1042594682425941,"154":-0.0873807391949431,"155":-0.07240896618104037,"156":0.03191882947055437,"157":-0.00228628609680058,"158":-0.08527167473871866,"159":-0.034054658769700756,"160":-0.02670913074502059,"161":0.013036543935221412,"162":-0.0402040970932105,"163":-0.019892098654993237,"164":-0.015508917920700221,"165":-0.08128707442135802,"166":-0.05628052761381204,"167":-0.12640273296669868,"168":-0.09041270197475976,"169":-0.037343089217245454,"170":-0.027766667085759367,"171":-0.12066295788452235,"172":-0.023867519141460028,"173":-0.07589975492795167,"174":-0.07043242865492008,"175":-0.08006142359583333,"176":-0.03533456194077165,"177":-0.12583473612848078,"178":-0.1150837775647495,"179":-0.12950790780975802,"180":-0.03731306048707449,"181":-0.06384423036660128,"182":-0.0827531857216165,"183":-0.08270492968881549,"184":-0.0898380648114189,"185":-0.14252084858889744,"186":-0.050615418160271555,"187":-0.08527684377884417,"188":-0.05360205572066888,"189":-0.03843286913962004,"190":-0.06625016662689016,"191":-0.08613785967779375,"192":-0.08260932494276205,"193":-0.10613282652165394,"194":-0.09471790184894269,"195":-0.09982427413124605,"196":-0.035140580318870546,"197":-0.1274625283650077,"198":-0.13214801430337497,"199":-0.0715099572014013,"200":-0.024735490004124568,"201":0.13353605774522054,"202":0.13353605774522054,"203":-0.02303240277084985,"204":-0.03906851385193978,"205":-0.03836967024604282,"206":-0.0692146357955787,"207":-0.06783706116282619,"208":-0.05878574594308709,"209":-0.025627800319820676,"210":-0.030840127686933685,"211":-0.0434551320915146,"212":-0.07513883165237613,"213":-0.01915533170627276,"214":-0.020736467724239524,"215":-0.07666536278676513,"216":-0.057285787882569925,"217":-0.04569270298640668,"218":-0.13558856490709506,"219":-0.053707735422631825,"220":-0.045664043692647906,"221":-0.09315531605162768,"222":-0.07017154607259433,"223":-0.06501786098211394,"224":-0.07470332825371045,"225":-0.02522006996821843,"226":-0.08837734396284957,"227":-0.2685236597259527,"228":-0.09737890470722624,"229":-0.12619924567227464,"230":-0.04098670133620699,"231":-0.06501972692132475,"232":0.020887254887508255,"233":-0.05826514476548405,"234":-0.07147122479891445,"235":-0.12038830076734988,"236":-0.03603935749751172,"237":-0.15011181001601762,"238":-0.10801582596307743,"239":-0.25758882098295366,"240":-0.25758882098295366,"241":0.002777136086494325,"242":0.06739177741136078,"243":0.09765819543006105,"244":-0.06827485985998788,"245":-0.05895964674796325,"246":0.1911949998059343,"247":0.06303032419917767,"248":0.16769403895713683,"249":-0.0039098427347703385,"250":0.08571198230908092,"251":-0.0254347197983823,"252":0.09031850395692853,"253":-0.028597682315831555,"254":0.003922229089938424,"255":0.054547478510521455,"256":0.054547478510521455,"257":-0.05074135276736559,"258":-0.05074135276736559,"259":-0.0014189925299829473,"260":-0.0014189925299829473,"261":0.179359172739797,"262":0.2942335547677749,"263":0.19262333895506992,"264":0.34256272071318905,"265":0.4772567531949232,"266":0.1885184390033751,"267":0.0816218339513389,"268":0.0816218339513389,"269":0.0816218339513389,"270":0.42077873547188194,"271":0.42077873547188194,"272":-0.11846191492082636,"273":-0.0018847595513767357,"274":0.06638989257765088,"275":0.16830617029427608,"276":-0.4241970249182728,"277":-0.16949944271558437,"278":-0.1764895482213742,"279":0.11020528519446751,"280":-0.12089658454115837,"281":-0.07315008984461577,"282":-0.5297303238433645,"283":-1.1793571621596977,"284":-0.0938242632996622,"285":-0.18013860165941162,"286":-0.3390683554955431,"287":0.30088679489908204,"288":0.5132558158430965,"289":-0.15232427058910544,"290":-0.23932525768950463,"291":-0.4627705293497812,"292":-0.16001963964575636,"293":-0.08157543849113444,"294":-0.24747728415385148,"295":-0.2008345792227141,"296":-0.119512417009593,"297":-0.07542360680436361,"298":-0.27186111546167013,"299":0.41848818989272707,"300":-0.10104120754548228,"301":0.00755298522897134,"302":-0.1556109173593264,