{"1":-1.956938841857843,"2":-1.3162967329479867,"3":-2.4441598712692123,"4":-0.8706848614646399,"5":-19.45682168440526,"6":3.774009700972168,"7":-1.514314982240607,"8":0.2351681405724262,"9":0.2351681405724262,"10":0.021785058687583514,"11":0.021785058687583514,"12":0.27593702812060417,"13":0.27593702812060417,"14":0.6695182971003735,"15":0.6695182971003735,"16":-8.194373472272375,"17":-8.194373472272375,"18":-8.194373472272375,"19":-6.093442452088687,"20":-6.093442452088687,"21":-1.0511796537526714,"22":-1.0511796537526714,"23":8.249461033849155,"24":-0.3665589488917327,"25":-2.0230637291183147,"26":2.13548502426951,"27":5.305913530400608,"28":1.073111471925559,"29":-3.321818241694032,"30":2.9678768548660335,"31":-2.582685166398649,"32":3.102849125279052,"33":0.05213630952527115,"34":-1.0514914333964462,"35":-0.2550647152682766,"36":-0.14741137031929769,"37":-0.106808277509154,"38":-0.5667128553634091,"39":-0.9054116242215253,"40":-0.8183902379718363,"41":-0.0645781507104855,"42":-0.2820705664145685,"43":-0.45629626709343873,"44":-0.5179839941102629,"45":-0.008238257111816805,"46":-0.5451013859395674,"47":-0.33677782397834655,"48":-0.3295561914453646,"49":-0.5327614561159555,"50":-0.5327614561159555,"51":-0.3295561914453646,"52":-0.3295561914453646,"53":-0.5235820019987631,"54":-0.5235820019987631,"55":-0.03828072445999195,"56":-0.321934011507369,"57":-0.8971081507158871,"58":-0.1553960588658263,"59":-1.1540894760209504,"60":0.11136867775083714,"61":-0.27523193085108,"62":0.3507233714306519,"63":-0.6288079969741083,"64":1.4760355458350416,"65":-0.5943960460574462,"66":1.012591780917078,"67":-0.1330040917466786,"68":-0.4079105967924519,"69":-0.7348032362672857,"70":-0.1578794758599367,"71":-0.39829133180149245,"72":-0.5812059217791631,"73":-1.8956011381233875,"74":-0.6943850220971358,"75":-0.9866188965523459,"76":-1.9986733037703477,"77":-2.7883060548619794,"78":-4.950747033267541,"79":-2.16227898761633,"80":-2.2133065274471315,"81":-3.219139145540894,"82":-2.4439597160741693,"83":-3.8059067673398097,"84":-3.139302834907631,"85":-3.7210591684826517,"86":-3.3323167067343284,"87":-3.3323167067343284,"88":-2.6553988473699803,"89":-2.6553988473699803,"90":-0.026587140414908617,"91":-0.0007675316948700227,"92":-0.00014757505302334661,"93":0.006982773639764932,"94":0.014935983018025347,"95":0.018669823653798375,"96":0.012620765287458527,"97":-0.041913962233908246,"98":0.011736382648123007,"99":0.27183971740812174,"100":-0.3580953391873971,"101":-0.33230722428702997,"102":-4.865439462066619,"103":-1.5158044220922342,"104":-8.213160977640694,"105":-2.0060246103940416,"106":-2.3243188178209664,"107":-0.2988420198992534,"108":-2.496395220079524,"109":-1.6500777873370998,"110":-0.5203125606770902,"111":-2.3953864342006437,"112":-1.9258842326874541,"113":-1.6542292396168548,"114":-1.6983226167037717,"115":-1.6765985357883304,"116":-9.767683676149577,"117":-2.0104378178469804,"118":-1.8648460377707359,"119":-1.4022438313815866,"120":-1.5638827318464759,"121":-5.225951092932682,"122":-1.4575156175727573,"123":0.5225870511933968,"124":-8.997045291744522,"125":-0.8615362161239721,"126":-0.8615362161239721,"127":-0.4493981617472509,"128":-0.6314402521631504,"129":-1.7162727369932629,"130":-0.8615362161239721,"131":-0.8615362161239721,"132":-0.28596038801051193,"133":-2.1969542829170146,"134":-0.27232896626120706,"135":-0.777190175319677,"136":0.2073187807449408,"137":-0.09890998921664895,"138":-0.44030467847834587,"139":-0.970933548151063,"140":-0.038438018717258715,"141":-0.07502337642921242,"142":-4.806341447901267,"143":-0.3108531955103703,"144":-0.20715693794428602,"145":-3.3357655211070094,"146":0.0764075783286362,"147":0.02561149379868477,"148":0.261493574436948,"149":-0.0014778444330039164,"150":-1.720611106867039,"151":-0.3833954218515093,"152":-0.11490969311193855,"153":-0.8283619694207194,"154":-0.41916930012130593,"155":-0.18564981648493473,"156":-0.13323924458298886,"157":0.07139527590802264,"158":-0.5322290449271518,"159":-0.12471597282396263,"160":-0.8380604611323124,"161":0.4930700024386453,"162":-1.092757485459019,"163":-0.8022658472497419,"164":-0.3228116541616878,"165":-0.6420503648554382,"166":-0.2577210191311644,"167":-1.3449472034164502,"168":-0.5850024779814618,"169":-0.8447339354633112,"170":-1.5406287183502505,"171":-1.3978909416424763,"172":-0.20142410934995647,"173":-0.08148613627269286,"174":-0.5366368199091793,"175":-0.8486961054846962,"176":-0.3944282015372991,"177":-2.4102242691768234,"178":-0.6042901162699481,"179":-0.3139999766127486,"180":-1.1465093538649647,"181":-2.481141420623407,"182":-2.426369033066719,"183":-1.0328062881417268,"184":-0.8507718559285689,"185":-1.1315824333305817,"186":-1.8056971219246074,"187":-1.2028789301110012,"188":-0.8982417270829932,"189":-0.5465412974113852,"190":-0.6696532939880673,"191":-0.9994506921455586,"192":-0.512404049304297,"193":0.11322260590214861,"194":-0.7522116891482458,"195":0.17642331092327312,"196":-0.10424633191809574,"197":-0.24754486001176845,"198":-0.17027369866890618,"199":-0.23122294285048883,"200":-0.4382989502302821,"201":0.3615548330055234,"202":0.3615548330055234,"203":-0.2627665411859321,"204":-0.2063259015423058,"205":-0.10295923452439659,"206":0.0934187194463183,"207":-0.03894771802862951,"208":-1.9715052737994123,"209":-1.598434524275039,"210":-0.4047992306826911,"211":-1.167537384503786,"212":-3.061246212921694,"213":-3.282866260852935,"214":-3.21660431074645,"215":-0.6634595612694809,"216":-0.2451787060718209,"217":-0.3069373927112633,"218":0.0433726095015734,"219":-0.2443751767508875,"220":-0.14576622032012365,"221":-0.633928992759927,"222":-0.5718034039157226,"223":-2.7415665199326336,"224":-1.671087397143213,"225":-1.2968859488438444,"226":-0.5443651314892916,"227":-2.1667016039305045,"228":-1.630242655263108,"229":-1.2647113871408768,"230":-0.1478953465352406,"231":0.06384761395840033,"232":0.3233210792412873,"233":-0.7987910431342762,"234":-0.11385131220245626,"235":-0.5751824969667179,"236":-0.08486268739594349,"237":-0.6150126888448411,"238":-0.7496509312310078,"239":-1.6837995845320808,"240":-1.6837995845320808,"241":-6.617234472048484,"242":3.5425811881001708,"243":-3.1354502232833292,"244":-3.3604427802985435,"245":-4.704849648323409,"246":0.612446766154489,"247":0.27001198478550537,"248":0.14439126923878876,"249":1.2407596179650011,"250":0.4099877550867217,"251":0.8807813171228476,"252":-2.7535162776220923,"253":-3.5820885381011642,"254":-2.5541278035169728,"255":-2.0849966075542588,"256":-2.0849966075542588,"257":-2.140598267850758,"258":-2.140598267850758,"259":-0.402638941635193,"260":-0.402638941635193,"261":14.738597802856088,"262":-3.9768054176507954,"263":18.071808773667893,"264":3.9706057827719934,"265":0.4970897496136971,"266":-0.8693067699239538,"267":7.957256957267971,"268":7.957256957267971,"269":7.957256957267971,"270":3.313297849450257,"271":3.313297849450257,"272":-0.34353294808472645,"273":0.06089492686059872,"274":-0.05780390985363937,"275":-0.4958734747708088,"276":-2.8465485035967752,"277":-1.358427765501858,"278":-1.3085826779048921,"279":-2.161367307416838,"280":2.391653631428632,"281":-7.519219870304864,"282":-4.743448981302352,"283":-5.564307084301003,"284":-19.07502580031619,"285":-18.338945391350975,"286":0.9203714664308107,"287":-3.217500579365486,"288":-2.859216710411607,"289":-0.24684524542268915,"290":-0.7312499263770316,"291":-1.7392312119599627,"292":-0.18673171124213894,"293":-1.8188735945951322,"294":-3.4309057710308424,"295":-4.035371776463943,"296":0.009379169283344257,"297":-4.551413069070797,"298":-0.2457214013568112,"299":-1.0528166921207776,"300":-0.868748448707386,"301":0.9739576565823103,"302":-0.43210901190067985,"303":-0.19839787530186137,"304":-0.11769003512268905,"305":-0.219237690739305,"306":-0.11769003512268905,"307":-18.292707387290974,"308":-1.0352931046790959,"309":-0.6752454068896885,"310":-0.908632741318377,"311":-0.6625650398628429,"312":-2.35964085045404,"313":-0.48090980242267545,"314":-0.6782178427314194,