{"1":-2.106862109104272,"2":-3.0785616723712215,"3":-1.8636818784382563,"4":0.08117886315884087,"5":-0.9115410289256324,"6":-0.08712577524699439,"7":-0.3160960363171406,"8":-1.8443562483399027,"9":-1.8443562483399027,"10":-1.6603510033271172,"11":-1.6603510033271172,"12":-1.322898867077699,"13":-1.322898867077699,"14":-2.292781258434197,"15":-2.292781258434197,"16":-0.4774143690264195,"17":-0.4774143690264195,"18":-0.4774143690264195,"19":-0.13526518904952572,"20":-0.13526518904952572,"21":-0.35415087263281514,"22":-0.35415087263281514,"23":0.26268605175068077,"24":-0.6938125672529116,"25":-0.2683843263553409,"26":-0.38205938030612974,"27":-0.1936375690699047,"28":-0.09709241314353317,"29":-0.11882530099525479,"30":0.08335507209564783,"31":0.18930088092151082,"32":0.44488171556283035,"33":-0.19458258123755054,"34":-0.8090363497786567,"35":-1.2443487072158481,"36":-1.1987922509197897,"37":-1.1690867803349523,"38":-0.6722230043556241,"39":-0.3283794331270786,"40":-0.5790585113654455,"41":-0.9227769807313462,"42":-3.03574354709371,"43":-0.8798872565921104,"44":-0.560403245119212,"45":-1.8618820617766807,"46":-1.5267445581292307,"47":-1.9246349824771047,"48":-0.5318928850221956,"49":-0.9621303467777857,"50":-0.9621303467777857,"51":-0.5318928850221956,"52":-0.5318928850221956,"53":-1.8095280978304502,"54":-1.8095280978304502,"55":-0.3829383669958327,"56":-0.05436801355790544,"57":-0.28571409878609355,"58":0.10455466683554426,"59":0.09625079105412337,"60":0.13276626294522287,"61":0.14349785071730192,"62":-0.09651838941033142,"63":-0.9652580319103714,"64":0.14018922651925933,"65":-0.3224491793840985,"66":-0.018710949084573048,"67":0.26756757559765476,"68":-0.7902338016034327,"69":-0.7500792296150534,"70":-0.4589296925201529,"71":-0.9463335419276659,"72":-0.052003074817963846,"73":-0.39586069700961146,"74":-0.477800136840826,"75":-1.499081468586453,"76":-0.19757163393979638,"77":-0.2996010267596422,"78":-0.6362761764228595,"79":-0.6272831495882054,"80":-0.9030047276861551,"81":-0.35881426342161193,"82":-0.5472059483753222,"83":-0.9581146985866255,"84":-0.1771151757511451,"85":0.23638060150144335,"86":-0.8602933059718844,"87":-0.8602933059718844,"88":-0.2789044487382728,"89":-0.2789044487382728,"90":0.16011083889059186,"91":-1.3770988728548312,"92":-0.8852006012093145,"93":-0.48505344225883307,"94":-0.997634742933903,"95":-0.977284800251188,"96":-0.6108736534975143,"97":-0.8462016524311482,"98":-0.6136793858298051,"99":-0.00006465633123631243,"100":0.326641214224511,"101":-0.4506973742439946,"102":-0.31537932091675314,"103":-0.030396906461248152,"104":0.003687597873151982,"105":0.22183144165799162,"106":0.05267567459246769,"107":-0.07277105151849739,"108":-0.16527840021369067,"109":0.09622015754503266,"110":-0.6633436764674896,"111":-0.3010423778824671,"112":-0.21777649102379482,"113":-0.3124751764817434,"114":0.35303485551602554,"115":-0.3761021011979593,"116":0.21932945933541415,"117":-0.24047333580629204,"118":-0.7072738864937813,"119":-0.42363546604520996,"120":0.07211166939870006,"121":-0.33565149272065253,"122":-0.3881867161711945,"123":-0.5842228691229465,"124":-0.47868850468140123,"125":-0.25905594856144,"126":-0.25905594856144,"127":-0.0849802011585028,"128":-0.22090538563342688,"129":-0.24690922638060053,"130":-0.25905594856144,"131":-0.25905594856144,"132":-0.35199227849589054,"133":-0.41881665029272974,"134":-0.5716382726816838,"135":-0.36081932439740005,"136":0.31789504285493164,"137":-0.30143949767747014,"138":-0.7966114451114241,"139":0.24000866387297037,"140":-0.12665943425999782,"141":-0.31285009068222447,"142":-0.2380562936869235,"143":-0.8323515987520049,"144":-1.0496785187058588,"145":-0.8029928507892254,"146":-0.5382986903824778,"147":0.18684090677938814,"148":-0.34945742795948265,"149":-0.1545575783646671,"150":0.34861016934745415,"151":-0.7483508172323594,"152":-0.43829553455199033,"153":-0.7263405291346198,"154":-0.5548478693925107,"155":-0.7702176800598485,"156":-0.6855044706326273,"157":-0.6532849608130546,"158":-0.49954552184710466,"159":0.3589083410984448,"160":-0.19483982540256317,"161":0.0820195972297908,"162":-0.7558958080529997,"163":-0.34259231064620643,"164":-0.6356677862375977,"165":-0.4436970005146813,"166":-0.6424440614975666,"167":-0.3128970567775502,"168":0.4941541603762838,"169":0.16709076731091577,"170":-0.38002337078722825,"171":0.040896352216338805,"172":0.11193538179285034,"173":-0.5471372869856809,"174":0.10859214142958096,"175":-0.37210069440079785,"176":-0.3414720624634058,"177":-0.2325217808248079,"178":-0.16917908039680363,"179":-0.747485908307852,"180":-0.192623521083571,"181":-0.07675844761316208,"182":-0.06893742973703665,"183":-0.053396229219100366,"184":-0.25876735580504584,"185":-0.29955573728979945,"186":-0.16716625166374344,"187":-0.1965598889624185,"188":-0.535384500997188,"189":-0.2593556183148166,"190":-0.22560811452781093,"191":-0.391801613527071,"192":-0.751314950662727,"193":-0.3440195627601026,"194":-0.8647154875151897,"195":-0.6046321835107326,"196":-0.6257475220508053,"197":-1.7548773955793715,"198":-1.1606847406531644,"199":0.2288507386053309,"200":-0.11309671240895314,"201":0.19295911220737993,"202":0.19295911220737993,"203":-0.23333896146670075,"204":-0.341673067672765,"205":-0.16653519862915456,"206":-0.4633768907698993,"207":-0.6547691645937981,"208":-0.19210933798969115,"209":-0.37659136175543906,"210":-0.4220472486376715,"211":-0.18529825407788153,"212":-0.618846540191691,"213":-0.3951630537305644,"214":-0.4085604494337063,"215":-0.6588805319123102,"216":-0.20455700730681348,"217":-0.23129421221759122,"218":-0.35154719222000014,"219":-0.35350095513942864,"220":-0.4549947153916811,"221":-0.39334063392599694,"222":-0.6096372086684554,"223":-0.2564896337475374,"224":-0.9886134144108369,"225":-1.2509321545617331,"226":-0.3009064505880992,"227":-0.4568116324808543,"228":-0.8140893475680571,"229":-0.7953564373696884,"230":-0.4606750746979754,"231":-0.34396477495277045,"232":0.22941187298525856,"233":-0.5692454967462975,"234":-0.5522233112707868,"235":-0.5498179791050524,"236":-0.6940404640731177,"237":-0.9231102632635874,"238":-2.113742989344215,"239":-0.7450068857517788,"240":-0.7450068857517788,"241":0.21282162018504058,"242":0.18367807213057155,"243":-0.05494142811197826,"244":-0.5084650572543604,"245":-0.1927994885319268,"246":-0.8818640318733593,"247":-0.07033424169204949,"248":-0.13759759623689866,"249":-0.18460767152155808,"250":-0.4641780856781516,"251":-0.7578841040419495,"252":-0.124599143498245,"253":-0.0600653142537827,"254":0.12227675564822922,"255":-0.19270250093318403,"256":-0.19270250093318403,"257":0.12009078900857657,"258":0.12009078900857657,"259":-0.1785439005561134,"260":-0.1785439005561134,"261":-0.10946436378594837,"262":0.4376045775581705,"263":-0.36776920880893554,"264":-0.3810619468529252,"265":0.6003345980013506,"266":-0.053998230030689154,"267":-0.4384809246187933,"268":-0.4384809246187933,"269":-0.4384809246187933,"270":-0.5134996459075477,"271":-0.5134996459075477,"272":-1.2159138700657754,"273":-0.4245258885326421,"274":-0.9687460390617568,"275":1.397920813979208,"276":-0.8601224695867424,"277":-1.3292407362072556,"278":0.7515416549517013,"279":-1.8675472397416621,"280":-1.7974451975624086,"281":-0.6983844379339631,"282":-0.36356364276937336,"283":-0.20686647522105317,"284":-0.20201313250254993,"285":-0.4682305908225348,"286":-0.25466791403257505,"287":-1.1779751571029906,"288":0.2987971095651063,"289":-0.34417832595379716,"290":-0.8787772856299414,"291":-0.36397284751530434,"292":-1.750684753556054,"293":-1.0761175345020493,"294":-0.7063471473517942,"295":-0.16078398169868235,"296":-0.1274211589158748,"297":-0.4817315074853926,"298":-1.0375011965772285,"299":-0.6516359443560823,"300":-1.2514674781337958,"301":0.9844791311091126,"302":-0.07866184215554273,"303":-0.02865293586177753,"304":-0.40117472353172556,"305":-0.2913701036707179,"306":-0.40117472353172556,"307":-0.21639099455335298,"308":-0.9234734484993596,"309":-0.8531557721033305,