{"1":-0.7194769679417321,"2":-1.0614576265284308,"3":-0.8868551550043148,"4":-0.027140230648750777,"5":-0.08372363658327234,"6":-0.03772673681816063,"7":-0.11707139142770837,"8":-0.1702115287637205,"9":-0.1702115287637205,"10":-0.4934439095978908,"11":-0.4934439095978908,"12":-0.6867329165577417,"13":-0.6867329165577417,"14":-0.758832379468773,"15":-0.758832379468773,"16":-0.131634443641411,"17":-0.131634443641411,"18":-0.131634443641411,"19":-0.01400803174258855,"20":-0.01400803174258855,"21":-0.15201753781969002,"22":-0.15201753781969002,"23":0.15221464247285693,"24":-0.23454087323572842,"25":0,"26":-0.07110982931712287,"27":-0.023669675915731186,"28":0.029725511386359565,"29":-0.15619946132820572,"30":0.058329848510787985,"31":0.06262091588802562,"32":0.21063773495199195,"33":-0.010919545462113791,"34":-0.32392891020236086,"35":-0.29227201484627124,"36":-0.11777742818136877,"37":-0.20706800128229985,"38":-0.15308809529358763,"39":-0.039700367832738004,"40":-0.16771588840895085,"41":-0.19780534884289075,"42":-0.4657425633339319,"43":-0.20321321767028894,"44":0.0060301678036594475,"45":-0.31260506830188145,"46":-0.3730722069775808,"47":-0.25186443758933985,"48":-0.08745148059902995,"49":-0.26029653754846294,"50":-0.26029653754846294,"51":-0.08745148059902995,"52":-0.08745148059902995,"53":-0.31158399887709876,"54":-0.31158399887709876,"55":-0.03552896052092469,"56":-0.13164104450712183,"57":-0.05620691707295816,"58":-0.01226621586782823,"59":0.06101416016637394,"60":-0.013750928753775274,"61":0.03894057365341891,"62":-0.08016947614159198,"63":-0.06209096555401415,"64":0.0281283575806274,"65":-0.023368323266816128,"66":-0.004108600085878156,"67":0.007838218252439966,"68":-0.2355015145969423,"69":-0.15367117627725654,"70":-0.04625454900529502,"71":-0.16906836813209702,"72":-0.0854687259195191,"73":-0.04618547964311842,"74":-0.06573882247794838,"75":-0.7015537360319533,"76":-0.05218718405462533,"77":-0.08284527573676873,"78":-0.22356519245125805,"79":-0.18174487824284893,"80":-0.15126863810535762,"81":-0.09217884893458611,"82":-0.09123021250443274,"83":-0.2158034596748496,"84":-0.089124728957963,"85":0.025645582992133376,"86":-0.17660546427725415,"87":-0.17660546427725415,"88":-0.13576433458357784,"89":-0.13576433458357784,"90":-0.02188514621094481,"91":-0.1251471665861224,"92":-0.07837625047670535,"93":-0.027322339874078568,"94":-0.00004326960900007809,"95":-0.07187246591970547,"96":-0.05746504944858153,"97":-0.03989644994079587,"98":-0.01555243495850836,"99":-0.06421604667206429,"100":0.11484962950761575,"101":-0.07948637531705913,"102":-0.052038507961486055,"103":-0.037554976630034695,"104":0.02184991099854658,"105":0.0763171903204777,"106":0.07624723760980828,"107":-0.04106062358539425,"108":0.0437558490669121,"109":0.052567282666733856,"110":-0.09994290416580459,"111":-0.04515147406694486,"112":-0.003190614268032743,"113":-0.06075247667341829,"114":0.04944262294906421,"115":-0.07668861763266469,"116":-0.018081930314304828,"117":-0.013243384824267651,"118":-0.16360234422549194,"119":-0.07694390312148386,"120":-0.07547811351289407,"121":-0.1739966175198283,"122":-0.031892734488019575,"123":-0.026863515234153867,"124":-0.07992123961156286,"125":-0.024414232369144695,"126":-0.024414232369144695,"127":-0.05168447406762533,"128":-0.06035265850574556,"129":-0.04010393947157148,"130":-0.024414232369144695,"131":-0.024414232369144695,"132":-0.010929967132971896,"133":-0.1728213708890222,"134":-0.20532222864418326,"135":-0.10702548782410948,"136":0.034245502909094894,"137":-0.12875418467128313,"138":-0.22034749498983516,"139":-0.01725091691490649,"140":-0.010323353439244426,"141":-0.04814758352997536,"142":-0.3791403926554607,"143":-0.35252948251699573,"144":-0.3490112296123929,"145":-0.1972720650227222,"146":-0.0822836109779514,"147":-0.10714096314509863,"148":-0.07759810789641061,"149":-0.048185523608078484,"150":0.01691955980407489,"151":-0.25794385876237164,"152":-0.052144918011311145,"153":-0.18560829583305571,"154":-0.1180675582120547,"155":-0.23394320529452733,"156":-0.18832356948114992,"157":-0.1052590014754812,"158":-0.10749424711324665,"159":-0.04828945740420776,"160":-0.5843895773551796,"161":0.013966328297288846,"162":-0.22272137309565235,"163":-0.012653355519462867,"164":-0.09131994234679652,"165":-0.1365823113271252,"166":-0.06462663720967637,"167":-0.02572703026364004,"168":0.1514050292295084,"169":-0.0025186418962896973,"170":-0.08034720365743625,"171":0.008036794665538666,"172":0.1604941659993821,"173":-0.13276178643768555,"174":-0.045463450889783596,"175":-0.19777027188010854,"176":-0.1046097975950841,"177":-0.10526264237242655,"178":-0.03183235578429311,"179":-0.15703542988822589,"180":-0.0539603245816771,"181":0.024193118270800673,"182":0.05811343172584667,"183":-0.03299955550611641,"184":-0.0923807065127217,"185":-0.08054695779329057,"186":-0.0631311825845165,"187":0.0034405992875080893,"188":-0.15570031768124498,"189":-0.05068301611177538,"190":-0.045407484293584516,"191":-0.09019086159760803,"192":-0.26425459483487923,"193":-0.05590850295593067,"194":-0.2641532050349884,"195":-0.11928579737168998,"196":0.08999770142076485,"197":-0.3514794750784382,"198":-0.5694333596303218,"199":0.09950946002085015,"200":0.09028262333703288,"201":-0.06192888359627821,"202":-0.06192888359627821,"203":-0.01690733296453216,"204":-0.05531887678477783,"205":0.009562088034259064,"206":-0.12085524337682046,"207":-0.18667172169848534,"208":-0.03606046082774152,"209":-0.08743751657891613,"210":-0.10294126156531311,"211":-0.017976774847995522,"212":-0.144434846832873,"213":-0.049798461325586824,"214":-0.038554877713480096,"215":-0.12480832472140091,"216":-0.0028980219276926733,"217":-0.05377836876389004,"218":-0.0691789046818738,"219":-0.047382874062792985,"220":-0.11639121879650698,"221":-0.09996293926516273,"222":-0.10945849894573267,"223":-0.027885589949694783,"224":-0.323613723906342,"225":-0.3098612673002462,"226":-0.02075035856829388,"227":-0.029568573925292357,"228":-0.1425889137678779,"229":-0.20128663893986265,"230":-0.07309928152969927,"231":-0.033133036903574,"232":0.10790643426925928,"233":-0.19499998737105637,"234":-0.14369200142099914,"235":-0.11901197750580048,"236":-0.15447972945726055,"237":-0.12642946405498484,"238":-0.8243257501763968,"239":-0.30422650488021485,"240":-0.30422650488021485,"241":-0.07649663510625952,"242":0.08575035570610731,"243":0.02416359246927613,"244":-0.24144901267370275,"245":-0.008336288673130493,"246":-0.243023349912539,"247":-0.00821838794555764,"248":0.052469428834224216,"249":-0.02652606925707135,"250":-0.18744142455482662,"251":-0.035190163291311735,"252":-0.005959566799636079,"253":-0.03244646333549643,"254":0.0420816383784542,"255":-0.05223129534873873,"256":-0.05223129534873873,"257":0.10672358591248667,"258":0.10672358591248667,"259":-0.04380045607751778,"260":-0.04380045607751778,"261":0.16606138770459483,"262":0.19234909834257724,"263":-0.02857385566752943,"264":-0.15124639898820352,"265":0.1947372642779266,"266":-0.015666819710866337,"267":-0.05271956757985506,"268":-0.05271956757985506,"269":-0.05271956757985506,"270":-0.04128756047761564,"271":-0.04128756047761564,"272":-0.44276341135638864,"273":-0.08468045768754692,"274":-0.012617732042054297,"275":0.3684666869326503,"276":-0.39546160984612033,"277":-0.8032331596965205,"278":-0.6217001682293555,"279":-1.0576028269487852,"280":-0.24931320606621254,"281":-0.286368843069874,"282":-0.18272458303877673,"283":-0.13836631795683316,"284":-0.1055360395040888,"285":-0.13703434965165645,"286":-0.13061650992685475,"287":-0.5374559522527316,"288":0.02726867299622268,"289":-0.0669244492076887,"290":-0.1604618865948334,"291":-0.14178569146509273,"292":-0.37277993900787615,"293":-0.19800757658670498,"294":-0.43616770729106946,"295":-0.22800684020520615,"296":0.08261496516769959,"297":-0.36331295144740766,"298":-0.22847152081084612,"299":-0.05589217119155257,"300":-0.3282490330110837,"301":0.3562580444222768,"302":-0.007783024184395249,"303":0.068609914938979,