{"1":-0.4108103809627437,"2":-0.22074853311911635,"3":-0.5294323005552051,"4":-0.543387199695188,"5":-0.3555862290170868,"6":-0.12799939847933306,"7":0.3362570551455195,"8":-0.20632450384845002,"9":-0.20632450384845002,"10":0.8533885332830735,"11":0.8533885332830735,"12":0.18369598343254534,"13":0.18369598343254534,"14":0.46416058029593366,"15":0.46416058029593366,"16":-0.06232079716309613,"17":-0.06232079716309613,"18":-0.06232079716309613,"19":0.41064025129263104,"20":0.41064025129263104,"21":0.2562383855054611,"22":0.2562383855054611,"23":0.09462846011839976,"24":0.37180845708797916,"25":0.7473057330636574,"26":0.03087390387325062,"27":0.14230172887191728,"28":-0.12566070977454968,"29":0.1291351285797857,"30":0.13274243471314628,"31":-0.12371103837932207,"32":-0.22228669487059793,"33":-0.14163751549504822,"34":-1.1491654109869058,"35":-1.0010531680089816,"36":-0.9001179479757973,"37":-0.5737018367372091,"38":-0.9477631103251571,"39":-1.1740553443470394,"40":-0.8141715616117775,"41":-0.9585370872237302,"42":-0.7622860379119842,"43":-0.5779486334977078,"44":-0.31200900853777735,"45":-0.8348986903645645,"46":-0.7472537655321032,"47":-0.6637755651241308,"48":-0.7524178851173096,"49":-0.8647758905494678,"50":-0.8647758905494678,"51":-0.7524178851173096,"52":-0.7524178851173096,"53":-0.5273078565492257,"54":-0.5273078565492257,"55":-1.2963221261483664,"56":0.4094003906173753,"57":0.36014392571542153,"58":-0.2016099651745562,"59":-0.02036472756311225,"60":0.8593786467751405,"61":0.7062387201180282,"62":0.6283519094266481,"63":0.3101993503490248,"64":0.3191855388826337,"65":0.38009785926891837,"66":0.9878651301391814,"67":0.21835003132162356,"68":0.5882367787431972,"69":-0.8159600898120463,"70":-0.9765431611438675,"71":-0.5459236430081118,"72":-0.5630643376793998,"73":-0.607081530911973,"74":-0.7801526278643021,"75":-1.0164000405126377,"76":-0.8905295500917889,"77":-0.5985766582112295,"78":-0.5540092866524571,"79":-0.7386686366944977,"80":-1.3167670028245202,"81":-0.7387469036011747,"82":-0.5675438658990446,"83":-0.5630779246682076,"84":-0.4614773197115727,"85":0.330889788209487,"86":-0.9609868546830906,"87":-0.9609868546830906,"88":-2.3704935015821675,"89":-2.3704935015821675,"90":-0.6002854230782422,"91":-1.735320891931707,"92":-1.0391726874035125,"93":-0.4313884995032673,"94":-1.12210021235368,"95":-0.10899512861844052,"96":-0.9918599472332943,"97":-0.36987365453912346,"98":0.1915586680110124,"99":-0.16171413310109006,"100":-0.010579483028346992,"101":0.297574918731919,"102":-0.7405109116306345,"103":-0.46861710985553673,"104":-0.41196362311023194,"105":-0.5423725090230089,"106":-0.2840093891037907,"107":-0.3682308238641716,"108":-0.5756862646994594,"109":-0.3776062664889497,"110":-0.12478707422569713,"111":-0.7039234511706964,"112":-0.23435676689059326,"113":-0.49375666431267007,"114":-0.9472219587104851,"115":0.2256210980385851,"116":0.707685146228819,"117":-0.27541422516765746,"118":-0.47335818915416095,"119":-0.24783669096149286,"120":-0.28984411619794326,"121":-0.27463927131739085,"122":-0.4763344578789841,"123":0.35788034379812483,"124":-0.4788369570237416,"125":-0.31565547024999896,"126":-0.31565547024999896,"127":-0.13596387947235566,"128":-0.36827531803794944,"129":-0.29570849108074215,"130":-0.31565547024999896,"131":-0.31565547024999896,"132":-0.020537830673677426,"133":0.09026354162124495,"134":-0.5380586558901261,"135":-0.8615662468055731,"136":-0.17049828393822164,"137":-0.24377779232507146,"138":-0.9585939667890369,"139":0.9162297503205847,"140":-0.9147013326887965,"141":-0.8020909999549408,"142":0.4774747070010186,"143":-0.5811069722320332,"144":-0.5122006827688073,"145":-0.18636371392208684,"146":-1.3755414461484072,"147":-0.15096084459546155,"148":-0.5172513066775386,"149":-0.6542278192949298,"150":-1.1786730609577796,"151":-0.7522189607876704,"152":-0.46446165887323154,"153":-0.7749097765063695,"154":-0.6257935967689181,"155":-0.6567963760631865,"156":-0.559694892063745,"157":-0.7389963336980605,"158":-0.5966130138584871,"159":-0.4772370908241981,"160":-0.45195201333982915,"161":-1.0625285783074894,"162":-0.9377845451559712,"163":-0.30411444280399147,"164":-1.4911268143796201,"165":-0.7319322595980906,"166":-0.8461600437069614,"167":-0.5555444361195994,"168":-0.9454906442095146,"169":-0.8073027631287706,"170":-0.5774687235851705,"171":-0.4916097796017138,"172":-0.39765916827025105,"173":-0.4974854474473367,"174":-0.6079104802628583,"175":-0.6096858392448894,"176":-0.41151515886725454,"177":-0.6192928189048317,"178":-0.6095766106045761,"179":-0.3958638070061522,"180":-0.7278251851574868,"181":-0.5568427867253669,"182":-0.7113967830249559,"183":-0.5094888911979418,"184":-0.4699018790548082,"185":-0.458213323091766,"186":-0.6249555054390867,"187":-0.7725443908204062,"188":-0.7038186135691631,"189":-0.5464012858370939,"190":-0.4480483583705843,"191":-0.4323982207472077,"192":-0.6100759415580983,"193":-0.7637930413189928,"194":-0.5654445019356675,"195":-0.8106475005845897,"196":-0.5373287712937898,"197":-0.6343962226360311,"198":0.20983683473835812,"199":-0.5379184796009389,"200":-0.6234425795559366,"201":-0.5446710780463335,"202":-0.5446710780463335,"203":-0.753203370571315,"204":-0.6856247449234112,"205":-0.4736862858699581,"206":-0.538564791777143,"207":-0.5867833803691267,"208":-0.6516855035623699,"209":-0.7130390498605066,"210":-0.7565180258001429,"211":-0.9609906373421642,"212":-1.1257810143341416,"213":-0.7087488623522935,"214":-0.5140161085864063,"215":-0.5825161556536305,"216":-1.1180791046561591,"217":-0.6172595074974776,"218":-0.6490526295968726,"219":-0.8348700963566409,"220":-0.9618230666785101,"221":-0.9749901444143503,"222":-0.9185760260325244,"223":-0.786518259667967,"224":-0.7689341177585884,"225":-0.3657909727963009,"226":-0.4740148060529705,"227":-1.2052002444457854,"228":-1.02364613913165,"229":-0.6117866572009869,"230":-0.8901106497724611,"231":-0.7258998040326694,"232":-0.4583605573495757,"233":-0.590379198325939,"234":-0.9802324553780397,"235":-0.6551465891770838,"236":-0.7335983065430463,"237":-0.9858351422232849,"238":-0.9148664070647732,"239":-0.8680719907056054,"240":-0.8680719907056054,"241":-0.25700457708897906,"242":-0.11737394601843376,"243":-0.251807675942473,"244":-0.43049682835729897,"245":-0.6099048203783615,"246":0.27287060661901297,"247":0.35364320439341124,"248":-0.5612008912466449,"249":-0.9503970460428735,"250":-0.2918707695605032,"251":-1.0555716839680946,"252":-0.5788986250796375,"253":0.08603757607798368,"254":-0.18325615713079935,"255":-0.1871373942599932,"256":-0.1871373942599932,"257":-0.3467115072172269,"258":-0.3467115072172269,"259":-0.09504388301091105,"260":-0.09504388301091105,"261":0.32312960758117193,"262":1.8454221127946826,"263":0.5743255968679666,"264":1.095321802817782,"265":0.9393492581748015,"266":0.49370693224967677,"267":0.2202266345378836,"268":0.2202266345378836,"269":0.2202266345378836,"270":1.9225076789085591,"271":1.9225076789085591,"272":0.04723663760188723,"273":0.20268885433711037,"274":0.4295530137863295,"275":1.4069532027076757,"276":0.3336232323926347,"277":1.6290877882313817,"278":1.240610567619532,"279":0.5285747949443698,"280":-0.005703853423441707,"281":-0.2732716502352106,"282":-1.2775113949885513,"283":-1.5329515350940817,"284":-0.744195451027464,"285":-1.2871599847146349,"286":-1.9925772265401547,"287":0.3923619574413868,"288":0.8421813800293769,"289":-0.29697283073252567,"290":-0.13276737426599228,"291":-0.8992671645130743,"292":-0.32947321388657436,"293":-0.22654449118069797,"294":-0.6204334169496883,"295":-0.41462239401284684,"296":-0.16786735589234292,"297":-0.9364910936405269,"298":-0.29538503804269123,"299":0.7130491414667732,"300":-0.4816778340540808,"301":-0.35743759816364795,"302":-0.4822025427544361,"303":-0.09363831726365923,"304":-0.6471632352451708,"305":0.10754327800050323,"306":-0.6471632352451708,"307":0.0028092022572145936,"308":-0.028090316754005418,"309":-0.3455901028326256,"310":-0.2809984781103916,"311":0.06893779880156803,