{"1":-0.19421293188568958,"2":-0.13441518814579764,"3":-0.1455630985737596,"4":-0.12450199203187251,"5":-0.030556743873372854,"6":0.04894950446709001,"7":-0.05419717816298189,"8":-0.08890708547968956,"9":-0.08890708547968956,"10":0.040563097663865406,"11":0.040563097663865406,"12":-0.26296474716513996,"13":-0.26296474716513996,"14":-0.08073492528646516,"15":-0.08073492528646516,"16":-0.002276622680584116,"17":-0.002276622680584116,"18":-0.002276622680584116,"19":0.022958611475704386,"20":0.022958611475704386,"21":-0.06504778513427126,"22":-0.06504778513427126,"23":-0.03711713688009842,"24":-0.0036782708042908674,"25":0.04310344827586207,"26":-0.05834946580833884,"27":-0.03834595729513219,"28":0.014937412242703074,"29":-0.0037444662498569876,"30":-0.006076481669823594,"31":-0.01157178435776184,"32":-0.04274609088893322,"33":-0.021363553530413765,"34":0,"35":-0.104761390316789,"36":-0.07121819407156428,"37":-0.04146565434497414,"38":-0.09236308878912414,"39":0.10082525089228443,"40":-0.08717956431640869,"41":-0.13562520196520964,"42":-0.06290504449636371,"43":-0.12626092054296964,"44":-0.04003253509950684,"45":-0.11593093529703008,"46":-0.04932708961316938,"47":0.08114932390153057,"48":-0.04787075612687591,"49":-0.25188800754559804,"50":-0.25188800754559804,"51":-0.04787075612687591,"52":-0.04787075612687591,"53":-0.06736732716977102,"54":-0.06736732716977102,"55":-0.035868389351276925,"56":0.02128224443806622,"57":0.032705119027873084,"58":-0.07714339597802719,"59":-0.06617795003877514,"60":-0.03348764479817215,"61":0.018268800770881895,"62":0.03313299273219533,"63":-0.0035549792287101895,"64":-0.0517584975131246,"65":0.042579376677453054,"66":0.13648053261172194,"67":0.05761440328645767,"68":0.017432127591499008,"69":-0.08453071456017315,"70":-0.04621419967544213,"71":-0.09007024580621886,"72":-0.04523273197309874,"73":0.030043948188726244,"74":-0.017357486407591584,"75":-0.13639879170839286,"76":-0.07072924532805076,"77":-0.3396532401319059,"78":-0.10888157652473965,"79":0.02153390621244887,"80":-0.0854833762067453,"81":-0.1568455031402521,"82":-0.35141638725501656,"83":-0.11745609573740394,"84":-0.11931995916467869,"85":-0.09108418028850301,"86":-0.07963986845896655,"87":-0.07963986845896655,"88":-0.11304958780168749,"89":-0.11304958780168749,"90":-0.1636973685812579,"91":0.03586508692299176,"92":-0.04386406066252804,"93":-0.04313846200152138,"94":-0.16181229773462782,"95":-0.06449162342521964,"96":-0.15063242740047286,"97":-0.11006569129785118,"98":-0.14565128308400585,"99":0.06597397565147342,"100":0.24323250982764782,"101":-0.059507992067433874,"102":-0.008627733769219326,"103":-0.017067519389661265,"104":-0.01159989429029025,"105":0.02570493020851322,"106":0.045011830213961934,"107":-0.014888488337577013,"108":-0.053577053561354074,"109":-0.017814049160565747,"110":-0.062081448674705206,"111":-0.06370158452212289,"112":-0.003300132029415398,"113":-0.04409590247951023,"114":-0.11593011653908043,"115":-0.036324558637339584,"116":-0.021279119469972213,"117":-0.050643692745906965,"118":-0.22493762864031358,"119":-0.06705112823930481,"120":-0.06613358067435643,"121":-0.023474474634040177,"122":-0.045656679073740866,"123":-0.05998234928157298,"124":-0.15428252521510588,"125":-0.026923131526689584,"126":-0.026923131526689584,"127":-0.20074387267372493,"128":-0.06869264366506608,"129":-0.07031860000263457,"130":-0.026923131526689584,"131":-0.026923131526689584,"132":0.17184543524546367,"133":0.10721308515651595,"134":0.0005367179294756413,"135":-0.09771313803562187,"136":-0.006339887363393248,"137":0.23820973246402463,"138":-0.06439024383969723,"139":0.066159074727386,"140":-0.028575913764758293,"141":-0.026937829136151517,"142":0.3934706988170421,"143":-0.08887868378094785,"144":0.06645363080480862,"145":0.24436754773311742,"146":-0.037249834516739355,"147":0.15525000104490055,"148":0.04234662895508484,"149":-0.04572738671055483,"150":-0.05479592077314091,"151":-0.012702778146295994,"152":0.03036688317816226,"153":-0.054993561571514894,"154":-0.054806163628418274,"155":-0.04927944675268048,"156":0.05923115002367821,"157":-0.011336436770317676,"158":-0.1088038706218506,"159":-0.06600326800121524,"160":-0.01792617983240036,"161":-0.06542422584617202,"162":-0.08030731051695131,"163":0.015681030878948954,"164":-0.0672959279590184,"165":-0.030925608030016892,"166":-0.005965671378211607,"167":-0.11000989704147894,"168":-0.050219909455651135,"169":0.017544731103188105,"170":-0.029677037986936633,"171":-0.07619347248456937,"172":-0.04254522238305586,"173":-0.03673263289738415,"174":-0.15881056743507732,"175":-0.057630394340318886,"176":-0.06903080332273837,"177":-0.059518067600161664,"178":-0.03857649773860161,"179":-0.08783437388762674,"180":-0.04012005762277504,"181":-0.02416786798151696,"182":-0.02026780184197481,"183":-0.07724773944919677,"184":-0.09225466778480912,"185":-0.16921236472102286,"186":-0.043207020751392454,"187":-0.07672252016340325,"188":-0.051935313178911285,"189":0.009742156846888575,"190":-0.11303629559417644,"191":-0.05446407409809108,"192":-0.04223460545303445,"193":-0.08124756481976182,"194":-0.10210136252690657,"195":-0.06068926378876735,"196":-0.03927024136637107,"197":-0.0975021989775526,"198":-0.08560507214312432,"199":-0.13355475835036057,"200":-0.038696508422555176,"201":0.109554705741025,"202":0.109554705741025,"203":-0.020624953457855637,"204":-0.044076599412698717,"205":-0.10175128688466976,"206":-0.045896225661057236,"207":-0.07716632068888346,"208":-0.03516411261733917,"209":-0.01597143274470332,"210":-0.06949121847205308,"211":-0.04804236812271697,"212":-0.023888814534602613,"213":-0.03330468880999578,"214":-0.039686135342394985,"215":-0.08426633055322892,"216":-0.0160373583684819,"217":-0.06098677459367013,"218":-0.06770010663307066,"219":-0.015472481935526937,"220":-0.04435494902523801,"221":0.0007716849823265898,"222":-0.022250240128169507,"223":-0.046597024679803326,"224":-0.0373863078509768,"225":-0.007345969754180018,"226":-0.059407972468896564,"227":-0.004569102520501023,"228":-0.055812652661316096,"229":-0.06592361125659878,"230":-0.02258491302408619,"231":-0.1346082887820224,"232":0.020974375991844346,"233":-0.0793202441959056,"234":-0.07364248875105366,"235":-0.06633951874612481,"236":-0.03614839376698471,"237":-0.04061368952856288,"238":-0.08503549276340786,"239":-0.21321019953373507,"240":-0.21321019953373507,"241":0.07818608287724785,"242":-0.050175614651279475,"243":0.051444540724569915,"244":-0.11751102186290302,"245":-0.06377551020408163,"246":-0.06745424883286268,"247":0.24838549428713363,"248":0.18738550791431807,"249":0.0954653937947494,"250":-0.08933889219773675,"251":-0.12992518279978524,"252":-0.0038486338817419197,"253":-0.039941058048083025,"254":0.021235931195582928,"255":-0.034376074252320386,"256":-0.034376074252320386,"257":0.0625,"258":0.0625,"259":0,"260":0,"261":0.1252340006678707,"262":0.019127755654017614,"263":0.02272700316253352,"264":0.02708764210720449,"265":0.20729590301392845,"266":-0.032333531534818924,"267":-0.00812642571687424,"268":-0.00812642571687424,"269":-0.00812642571687424,"270":0.3848083509888533,"271":0.3848083509888533,"272":-0.22955021565839667,"273":-0.018380213067240372,"274":-0.39977603283422947,"275":-0.03188665047829309,"276":-0.9279157804663585,"277":0.11383266176625062,"278":0.11167249871876783,"279":0.06484383443207609,"280":-0.20344461742019795,"281":-0.33487904053376655,"282":-0.8242148542942305,"283":-1.2699579831932772,"284":-0.2960394177113811,"285":-0.1519240379810095,"286":-0.7344670861111576,"287":0.3531073446327684,"288":0.39771502836322165,"289":-0.22148295749502542,"290":-0.2693298893711955,"291":-0.3835354020139012,"292":-0.1423429770874658,"293":-0.03224374426358999,"294":-0.09595685443625349,"295":-0.04823983624381116,"296":-0.03587388097181665,"297":-0.12673523312937163,"298":-0.38935702488369217,"299":0.5123418743998268,"300":-0.1547730319499777,"301":0.07233366789585553,"302":-0.03477975335629113,"303":-0.1568094361581691,