{"1":-0.6953942798852245,"2":-1.4549628026029549,"3":-0.8236570782250106,"4":-0.44182315198867994,"5":-0.747704273658007,"6":-0.4845366051010318,"7":-0.30513381180569654,"8":-1.240818408097903,"9":-1.240818408097903,"10":-2.9786825334159817,"11":-2.9786825334159817,"12":-0.4303019241562063,"13":-0.4303019241562063,"14":-0.6109213252044534,"15":-0.6109213252044534,"16":-0.5675712032440741,"17":-0.5675712032440741,"18":-0.5675712032440741,"19":-0.07720236814639869,"20":-0.07720236814639869,"21":0.04066441744007587,"22":0.04066441744007587,"23":-0.15006172571036758,"24":-0.8797017883290534,"25":0.022766887245021017,"26":-0.5372295593751262,"27":-0.5867486356405611,"28":-0.7421366875001403,"29":1.6135866935443879,"30":0.46373192912854977,"31":0.8639867952573947,"32":1.011634091363323,"33":-0.3874607135676016,"34":0.17692629975723628,"35":-0.5804481373904791,"36":-2.3331939905873833,"37":-0.7082944192466947,"38":-1.0206580951283533,"39":-0.8291765462162957,"40":1.5609891632036081,"41":-1.7804300943572322,"42":-0.06787681062351858,"43":-0.2714465529183432,"44":-0.09752994448216956,"45":-0.19131105307026397,"46":0.9871945985432489,"47":-0.19844399256528922,"48":-0.7558214765303042,"49":-1.0816872570156555,"50":-1.0816872570156555,"51":-0.7558214765303042,"52":-0.7558214765303042,"53":0.36961840404360746,"54":0.36961840404360746,"55":-1.5732588447190716,"56":-0.5097654984235682,"57":-0.8483723393743148,"58":-0.7098675476887937,"59":-1.3775976814948188,"60":-1.5280266952585677,"61":-0.6212433174038656,"62":-0.7854272537557143,"63":-1.5754042163589108,"64":-0.5974070481945215,"65":-0.44209182824943705,"66":-1.12446354667036,"67":-0.03782028289139738,"68":-1.0539854748658755,"69":-1.6706680805135612,"70":-0.5849082407655288,"71":0.044782460787519796,"72":-0.09303790562154157,"73":-0.5296633480287589,"74":-0.48229884851269755,"75":-0.7157589950473273,"76":-1.5482948487552468,"77":-0.8744892428950406,"78":-0.7196559487764791,"79":-0.3559695846873061,"80":-1.054864288054926,"81":-0.8891027961491438,"82":-0.8445137702040677,"83":-3.080034871235835,"84":-0.6492016011858825,"85":-0.9043433702208485,"86":-2.0252950866350146,"87":-2.0252950866350146,"88":-4.786708017761214,"89":-4.786708017761214,"90":-3.2567644283548223,"91":-2.484459947566698,"92":-2.8949046469467774,"93":-4.404533837172351,"94":-1.9498590579616046,"95":-4.448305215578266,"96":-3.7513586377069412,"97":-3.7400073599562162,"98":-5.953199967636103,"99":0.29872627061329915,"100":-0.22907172306098822,"101":0.02026990920428373,"102":-0.3249721258613514,"103":-0.568340704916436,"104":-0.8720611257673436,"105":-0.514822522192794,"106":-0.3921867191235835,"107":-0.4484900625661028,"108":-0.9172147429330311,"109":-0.6924156140044238,"110":-1.6400817875346583,"111":-0.8125550450051207,"112":-0.8809331772682398,"113":-0.7253761842851016,"114":0.07365570091048124,"115":-0.25850588780418526,"116":-0.6496636419712303,"117":-0.36642399794449343,"118":-0.5406116247033754,"119":-0.09896039548746849,"120":-1.0335676151164712,"121":-0.5733035925528842,"122":-0.6461787838642108,"123":-0.58665283542246,"124":-0.9242376941795825,"125":-0.4146259749131853,"126":-0.4146259749131853,"127":-1.062705322574815,"128":-0.8888666627843431,"129":-0.6509005301044324,"130":-0.4146259749131853,"131":-0.4146259749131853,"132":-0.5104080901470169,"133":-0.3966915468473635,"134":-0.845326087539398,"135":-0.7636226588613493,"136":0.30034796868124136,"137":-1.1904192388836385,"138":-1.7000882371970336,"139":-0.05992430712237251,"140":-2.6346249888698994,"141":-1.003844183061454,"142":-0.7484669471361967,"143":-0.2598937272082127,"144":-0.9034543460385791,"145":-1.442851978020368,"146":-1.226532221735055,"147":-3.0107619715659286,"148":-0.8378213020001979,"149":-0.48262908017003214,"150":-0.429891897551566,"151":-0.9888382813668313,"152":-0.9835991744850343,"153":-0.8961698728922787,"154":-1.0119959888736587,"155":-0.7971929609958455,"156":-0.9751002672139579,"157":-0.5139136661143082,"158":-0.7500850339694387,"159":-0.5183146723630885,"160":-1.254441913277534,"161":-0.9856821518113854,"162":-0.5770734903171251,"163":-0.5775086981940412,"164":-1.4970003177682036,"165":-0.7021831597253569,"166":-1.0649881505305205,"167":-0.812253894382569,"168":-0.8553807542114651,"169":-0.8569148801557895,"170":-0.7982331437305032,"171":-0.5613058826902437,"172":-0.4684118199167635,"173":-1.0584802068737753,"174":-0.917519640967452,"175":-1.984196458309468,"176":-0.4994760933415301,"177":-0.5533233048673551,"178":-1.36683428949204,"179":-1.3414379461380186,"180":-0.7764935037058323,"181":-0.5619386325682738,"182":-0.531430116590716,"183":-0.3772853686368025,"184":-0.5110470237908142,"185":-0.6545172058549882,"186":-0.5360630196682039,"187":-0.6788179596787307,"188":-0.982237173424668,"189":-0.9578427826681886,"190":-0.7508380861026525,"191":-1.5894827024522504,"192":-2.460297869368568,"193":-0.7386775260225722,"194":-2.2480128470512892,"195":-1.5220365146697628,"196":-1.5013392300354944,"197":-5.398277914494209,"198":-7.801878594115154,"199":-3.6781165142587735,"200":-1.4685960272585228,"201":-0.8291340184629634,"202":-0.8291340184629634,"203":-1.0335440808203407,"204":-0.8576024844504679,"205":-0.42100500611779546,"206":-0.8058963797004459,"207":-0.9898779166707192,"208":-0.681968296067041,"209":-0.4521055152319873,"210":-0.6588833175912825,"211":-0.6508551697930369,"212":-1.0403611926209269,"213":-0.6101342068906044,"214":-0.7068158269136307,"215":-0.7403425309613727,"216":-0.8873617681316015,"217":-0.9246962869175963,"218":-0.90460197656413,"219":-1.1945981648106179,"220":-0.8442139955062498,"221":-1.2969624411249674,"222":-1.6529033400837245,"223":-0.6470124528106662,"224":-1.2292517066547983,"225":-1.4784398110166241,"226":-1.6908901136034067,"227":-0.8853724928482773,"228":-0.8691185156109356,"229":-0.9465946872229307,"230":-0.715080466626778,"231":-0.6092772638276323,"232":-0.48490962124377623,"233":-0.9671641983000012,"234":-0.7156360419712968,"235":-0.9175656608426179,"236":-0.9125917420373435,"237":-1.2036629891417803,"238":-2.12860394405131,"239":-0.5511958002974546,"240":-0.5511958002974546,"241":-0.4466937265733071,"242":-0.6245913803237433,"243":-0.4498099937356106,"244":-0.20130897274175652,"245":0.7684560022964505,"246":-0.782040836106018,"247":-0.5228295097009814,"248":-0.4825537905063715,"249":-0.4523441964413117,"250":-0.6790655935937111,"251":-1.0853022004062607,"252":0.3523390833552218,"253":-0.7556009926520133,"254":-0.29224572339478927,"255":-0.46292175100486144,"256":-0.46292175100486144,"257":-0.8237063484441365,"258":-0.8237063484441365,"259":-0.3054026781814758,"260":-0.3054026781814758,"261":-0.6408353647104459,"262":-0.2441985819176704,"263":0.10818821493945496,"264":-0.1416912894576745,"265":-0.3761976052833065,"266":0.28594703172241065,"267":-0.3629939532411314,"268":-0.3629939532411314,"269":-0.3629939532411314,"270":-0.05945433195086691,"271":-0.05945433195086691,"272":-0.7486527880334922,"273":0.09801255030857436,"274":0.2717196421724387,"275":-0.4386268017715955,"276":-1.1741458966221474,"277":-0.8955949410696729,"278":-0.7277612120441379,"279":-0.5351441178375578,"280":-0.8264651654111808,"281":-0.1597729817264234,"282":-0.22314761635550684,"283":-0.6135835255245379,"284":-0.31693310076290326,"285":-0.09183744660592708,"286":-0.7431345098152913,"287":-0.30898372096222393,"288":0.0024159678077120272,"289":-0.4529091488296908,"290":-0.10125450861301788,"291":-0.15044247969944302,"292":-0.5983863246013055,"293":-0.6163666505247709,"294":-0.3160915934193252,"295":-0.7100689143899277,"296":0.11341599027503557,"297":-0.8162818105382686,"298":-1.0598942465770824,"299":-0.026407443119421448,"300":-0.4635672247768978,"301":-0.1365845922843132,"302":-0.4513250424989028,"303":-0.649677123436351,"304":-0.3343255518341359,"305":-0.103053809726942,"306":-0.3343255518341359,"307":-0.3869033590195383,"308":-0.35841135211813335,"309":-1.5768391709158043,"310":-0.6610841198145607,"311":-0.761418371639804,"312":-0.5041159418918575,