{"1":-0.39447470431973736,"2":-0.5714735931046538,"3":-0.2643868819822727,"4":-0.13139194973166918,"5":-0.48861282479985535,"6":-0.0032657847832484876,"7":-0.15500078799528647,"8":-0.6998559946446017,"9":-0.6998559946446017,"10":-0.19648670662551182,"11":-0.19648670662551182,"12":-0.31168221022054693,"13":-0.31168221022054693,"14":-0.5134537906304824,"15":-0.5134537906304824,"16":-0.164256407969957,"17":-0.164256407969957,"18":-0.164256407969957,"19":0.05023132026271222,"20":0.05023132026271222,"21":0.045807473114860775,"22":0.045807473114860775,"23":0.0655371077071839,"24":-0.2618461324120826,"25":-0.09444378784585197,"26":-0.17087361906434267,"27":-0.07138105778436576,"28":-0.11062764950249643,"29":0.0897806258639241,"30":-0.03306734281465448,"31":0.5623082206749116,"32":0.24981103154861173,"33":-0.05224064792649172,"34":-0.00827768846443111,"35":-0.5375033118544179,"36":-0.5516573791390964,"37":-0.3352612937311603,"38":-0.3675632724833028,"39":-0.6443512363952408,"40":-0.09677246193383171,"41":-0.30759617950298246,"42":-1.7949076161186057,"43":-0.29233859435912707,"44":-0.3867631950061424,"45":-0.6900466681519375,"46":-0.5092459301743102,"47":-0.6964710883843265,"48":-0.4495400536308056,"49":-0.41325091835795413,"50":-0.41325091835795413,"51":-0.4495400536308056,"52":-0.4495400536308056,"53":-0.6357228511904827,"54":-0.6357228511904827,"55":-0.12708851072291039,"56":-0.0010984758812968287,"57":-0.3696328839137478,"58":-0.09761935251246465,"59":0.060732925335771695,"60":0.112928381768448,"61":-0.001704942915390445,"62":-0.09397366646229643,"63":-0.5329369541993509,"64":0.07698115185163645,"65":-0.4906846241970174,"66":0.010134503520016713,"67":0.33204638332390135,"68":-0.06832612303723717,"69":0.1958998109684027,"70":-0.12140696221036362,"71":-0.06461637324107294,"72":0.1437393404964985,"73":-0.2310956932796877,"74":-0.25126074351841443,"75":-0.351566452780967,"76":-0.36744941023092703,"77":-0.20962530603370094,"78":-0.1500000312922095,"79":-0.07147779574722946,"80":-0.5361346885284843,"81":-0.2931162527567057,"82":-0.33631819863291246,"83":-1.4325037012563957,"84":-0.10207571641778507,"85":0.3273494770315193,"86":-0.61984379791381,"87":-0.61984379791381,"88":-0.28202868618941956,"89":-0.28202868618941956,"90":0.1057600433202106,"91":-0.18883480492100801,"92":-0.10308063441759852,"93":-0.31654022942614,"94":-0.4780169746612947,"95":-0.4910905119833092,"96":-0.1488324071582352,"97":-0.18663895411240905,"98":-0.4302867867258542,"99":0.4552301502482282,"100":0.3412874591174037,"101":0.07278026979453522,"102":0.033468854221645916,"103":0.1753506483555255,"104":0.004912295800352684,"105":0.0969684098105032,"106":-0.05784603387332543,"107":0.02699729638066184,"108":-0.41976236017352553,"109":-0.03725041720777256,"110":-0.15973326067959515,"111":-0.25071509813447823,"112":-0.22594637453048105,"113":-0.021250069558586437,"114":-0.045782023841242525,"115":-0.10812506929507765,"116":-0.12511672903515003,"117":-0.1487024284380689,"118":-0.1796295742174877,"119":0.049020319100556486,"120":-0.04096503987852618,"121":0.05686675327236457,"122":-0.0656397880134807,"123":0.0483622568430947,"124":-0.17134639610586738,"125":-0.011322331964297438,"126":-0.011322331964297438,"127":0.09518614623446076,"128":-0.09205720309284682,"129":-0.05685891612791766,"130":-0.011322331964297438,"131":-0.011322331964297438,"132":-0.07911913987598246,"133":-0.07586748616288586,"134":-0.10328656635001493,"135":-0.24860750953409871,"136":0.004636885740288976,"137":-0.4759875422375661,"138":-0.2024045413615908,"139":0.3506076506862721,"140":0.07483004553095862,"141":0.02274106261634956,"142":0.09149405979035208,"143":-0.01255241637732496,"144":0.025858913855708043,"145":-0.21389489581301097,"146":-0.03776344766736717,"147":0.2521773487213905,"148":-0.19397666190998528,"149":-0.04659908008998198,"150":0.34442713991569546,"151":-0.032241088998349654,"152":-0.07255661083054887,"153":-0.2454450912725861,"154":-0.26019334375933034,"155":-0.10682569557778254,"156":-0.2583114407524018,"157":-0.14144673893598603,"158":-0.27885441543290945,"159":0.45291169636960704,"160":0.24555582203409565,"161":-0.07278847232244262,"162":-0.17370711464044936,"163":-0.27470779359241004,"164":-0.057336454015278204,"165":-0.03875074580879112,"166":-0.3725692719284691,"167":-0.24522347026553365,"168":0.14404420445523802,"169":0.0075247661766876806,"170":-0.1563558696071809,"171":-0.05862341413216143,"172":-0.03531363249885433,"173":-0.4686710792864482,"174":-0.1320270534675282,"175":-0.30509959613672155,"176":-0.1664085200617097,"177":-0.27389818371147734,"178":-0.3587695976104964,"179":-0.7601509096269288,"180":-0.11104398884424224,"181":-0.07910202341253247,"182":-0.13622412455662386,"183":-0.09131930330459556,"184":-0.144524402810276,"185":-0.26809985131192193,"186":-0.1486960082279875,"187":-0.1613887133139893,"188":-0.21734301293889058,"189":-0.16093647985149712,"190":-0.1296617758874323,"191":-0.4306817420826847,"192":-0.8792840024977973,"193":-0.18860452567257435,"194":-0.5399420398684386,"195":-0.42337829239244584,"196":-0.3897270748017313,"197":-0.7886837558676851,"198":-0.09063956175833043,"199":-0.04893603642089139,"200":-0.19113196611666883,"201":0.19263107035551097,"202":0.19263107035551097,"203":-0.18505689675265824,"204":-0.16956334087065275,"205":-0.1258707247077655,"206":-0.1275365469846913,"207":-0.22292461829844878,"208":-0.19099250078021318,"209":-0.20403115276402883,"210":-0.24939720827137474,"211":-0.09152833982539527,"212":-0.1921275405410675,"213":-0.26273310074392275,"214":-0.3135402549653298,"215":-0.2625609459477065,"216":-0.15650349447724804,"217":-0.2197268043531441,"218":-0.21125696099712338,"219":-0.2894206695714687,"220":-0.15176054525633115,"221":-0.18481294718772695,"222":-0.47642138813341073,"223":-0.09869126028606728,"224":-0.38458697940371944,"225":-0.6583012824555714,"226":-0.18905424679014105,"227":-0.34870474287436176,"228":-0.3523021341841022,"229":-0.46279860605890666,"230":-0.11154357920550695,"231":-0.22246616686363574,"232":-0.10594197861948179,"233":-0.22651737435561942,"234":-0.2137466998425311,"235":-0.3878957319574139,"236":-0.2556295819996614,"237":-0.4913291786357469,"238":-0.5496625933579526,"239":-0.1887523018220042,"240":-0.1887523018220042,"241":-0.129567149848799,"242":-0.09417495386778618,"243":-0.07922762909132008,"244":0.1468445589849845,"245":-0.27137895423308595,"246":-0.2057885454133228,"247":-0.0989535745742136,"248":-0.27299440762579474,"249":-0.04238337400607137,"250":-0.28446813659482373,"251":-0.7093974305898899,"252":0.2124050588717204,"253":-0.26752914817910634,"254":0.10324868881483129,"255":-0.16855989075609712,"256":-0.16855989075609712,"257":-0.14464988660034425,"258":-0.14464988660034425,"259":0.039702429464892,"260":0.039702429464892,"261":-0.16169173865918007,"262":0.35994714526235483,"263":0.1707351762161049,"264":-0.3907570886104547,"265":0.5196277405362363,"266":0.08928305462885189,"267":-0.3076138580192006,"268":-0.3076138580192006,"269":-0.3076138580192006,"270":-0.34264704481907354,"271":-0.34264704481907354,"272":-0.6553636423839387,"273":0.06857430259623537,"274":-0.7509733602667991,"275":1.0590518803608866,"276":-0.7058774318592396,"277":-0.18044228463421685,"278":1.2373212773094702,"279":-0.6754080857210585,"280":-0.5506715001332665,"281":-0.0678037461767457,"282":-0.07251096793785827,"283":0.029215782723720274,"284":-0.18740743673294225,"285":-0.1857695222712219,"286":-0.2603444317200973,"287":-0.17396677071095307,"288":-0.03385905841621378,"289":-0.032368185870753186,"290":0.08554814780027015,"291":-0.15810770186298428,"292":-0.5795738505660242,"293":-0.8789231440425348,"294":-0.3928066167589077,"295":-0.10711183838423743,"296":-0.07207731932105196,"297":0.05698655053334922,"298":-0.47367842577372693,"299":-0.19899136563165798,"300":-0.4042066726473298,"301":0.2081697043972316,"302":-0.43203041560457367,"303":-0.24660871292822206,"304":-0.12003265670357738,"305":-0.15148206125158492,"306":-0.12003265670357738,