{"1":0.037754166441939484,"2":0.011198208286674132,"3":-0.03676389225496901,"4":0.1482213438735178,"5":0.012428535918468804,"6":0.042423213982691325,"7":0.08517564413666968,"8":0.011859640200901796,"9":0.011859640200901796,"10":0.05212180481391629,"11":0.05212180481391629,"12":-0.01015744032503809,"13":-0.01015744032503809,"14":0.0064091499949109135,"15":0.0064091499949109135,"16":0.09948542024013722,"17":0.09948542024013722,"18":0.09948542024013722,"19":-0.017061679116398512,"20":-0.017061679116398512,"21":-0.03543527165832783,"22":-0.03543527165832783,"23":0.3427870198346829,"24":1.1332732056635302,"25":0.25862068965517243,"26":0.030570975973197884,"27":0.9569083934339926,"28":0.33432833095994446,"29":0.5326704545454546,"30":0.17857142857142858,"31":0.09566465191111884,"32":0.014729797452409564,"33":0.0882136731193335,"34":0.06697923643670463,"35":0.01728546475028521,"36":0.03727826257422946,"37":0.0515071444537443,"38":0.3017810483040271,"39":0.1774580907596181,"40":0.20422070093408956,"41":0.022482737380836545,"42":0.10230778885405754,"43":0.29483123039950787,"44":0.5886551354232131,"45":-0.054052482258356044,"46":0.15453185834548774,"47":0.01220327941635782,"48":0.12236123425815741,"49":0.07551498373116743,"50":0.07551498373116743,"51":0.12236123425815741,"52":0.12236123425815741,"53":0.1592126551818574,"54":0.1592126551818574,"55":0.04198130279445029,"56":0.07994061554273968,"57":0.2408825938237703,"58":-0.06906086842718476,"59":0.07724547980592367,"60":0.046954609461033,"61":0.11364018357320974,"62":0.10761143992384421,"63":0.021788745031569856,"64":0.030179937352393202,"65":-0.06955697219418475,"66":0.011548916361789119,"67":0.051573022133935706,"68":0.062076179768682904,"69":-0.04466360492562166,"70":0.03258014917812685,"71":0.024357376258928483,"72":-0.019076974436971095,"73":0.05504715942034949,"74":0.045867795815924484,"75":0.04025774383899622,"76":-0.011611029922987542,"77":-0.07484321900661209,"78":0.27751958786715,"79":0.0062054116561722494,"80":0.18456169275071418,"81":0.004285347915902182,"82":-0.11269655516166614,"83":0.06138080793342053,"84":0.2298738594449908,"85":0.05528828100978311,"86":-0.005589153770535621,"87":-0.005589153770535621,"88":0.024115837014798885,"89":0.024115837014798885,"90":-0.022592275112838525,"91":0.026575005662778227,"92":0.05989314964284344,"93":0.022371633679899562,"94":-0.036386187590716434,"95":-0.006992153482309291,"96":-0.06439162974480872,"97":-0.05984055071393937,"98":-0.08763282292112488,"99":1.9874821086558478,"100":1.5578814734126945,"101":0.1590695989438536,"102":0.2725530931872086,"103":0.4317982904651443,"104":0.3280473008314727,"105":0.16115391830016756,"106":0.3510925264591319,"107":0.2062949728993372,"108":0.2906071449195845,"109":0.30865029703042396,"110":1.086388541931593,"111":0.6553891852470313,"112":0.424675359567534,"113":0.5741119186262427,"114":2.026494884332052,"115":0.45737519357225925,"116":0.6342592105479474,"117":1.2276928334442339,"118":0.9628292795705118,"119":2.093472338353656,"120":0.2687360911228909,"121":0.8765252700727284,"122":0.9558750952728254,"123":1.5194107892038555,"124":6.491124308271883,"125":0.6012767734767274,"126":0.6012767734767274,"127":0.8442581175094951,"128":1.130835306118554,"129":0.19280728621535612,"130":0.6012767734767274,"131":0.6012767734767274,"132":0.09345538056663401,"133":0.00039490260683261447,"134":0.10230073680692148,"135":0.05382327787024283,"136":0.026190081500848665,"137":0.008546655910956326,"138":0.05272084042898491,"139":0.0070816492004724466,"140":0.026359463447171175,"141":0.06998340855553312,"142":0.01515351941835321,"143":0.06567730699352134,"144":0.04419900034824074,"145":0.0286226677530622,"146":0.05383241716283445,"147":0.011798686778679943,"148":0.008040883135983449,"149":0.030414971796739607,"150":0.024280126338998065,"151":0.01253364656163701,"152":0.021407065026815948,"153":0.03100176182887547,"154":0.049066147952376626,"155":0.017384717591471553,"156":0.047727848710785926,"157":0.08892423773413337,"158":0.21151507700979205,"159":0.025743754833688154,"160":0.015132917458342441,"161":0.007094034477384312,"162":0.027230440144809083,"163":0.04132238154309649,"164":0.11288676809082662,"165":0.20420306802621502,"166":-0.012783676439403174,"167":0.051015319086374425,"168":0.3572015475359108,"169":0.05019782431265257,"170":0.22177786661544766,"171":0.054194470254028834,"172":0.08236626053328858,"173":0.19234460433924336,"174":0.23923073012998644,"175":0.22589135287641693,"176":0.0324274373884511,"177":0.23932701546811716,"178":0.12045309470395311,"179":0.13089251298855892,"180":0.049083029321862245,"181":0.06027351706364052,"182":0.117781489590595,"183":0.04419187888310849,"184":0.11734463582069815,"185":0.15983342936358433,"186":0.1390400986397681,"187":0.11163667445465413,"188":0.14267194707547504,"189":0.09094786441763011,"190":0.11083266203009638,"191":0.08039927529775029,"192":0.13718608271939695,"193":0.12455676559224395,"194":0.09293091100188629,"195":0.04229025841836158,"196":0.2288703729158915,"197":0.14930506795729515,"198":0.5503179063516449,"199":0.35901069110329403,"200":0.21252757271302258,"201":-0.011279571364373808,"202":-0.011279571364373808,"203":0.05282879536659525,"204":0.03832731395443585,"205":0.04988555666412348,"206":0.05814570754076495,"207":0.02503306312174038,"208":0.04433901611723236,"209":0.031504234539760194,"210":0.015727957283652415,"211":0.06838855012603962,"212":0.07345998930176237,"213":0.033391528281366746,"214":0.019598088432605187,"215":0.030167537699802703,"216":0.06551557862481412,"217":0.03684759444158372,"218":0.09665404256963554,"219":0.04542826380862022,"220":0.03048957546895871,"221":0.041660316769253185,"222":0.15976666635704134,"223":0.09050071577838843,"224":0.12752332527303406,"225":0.0727591412007462,"226":0.11347355719389471,"227":0.04114493818468923,"228":0.014453186429912387,"229":0.03379461116947672,"230":0.0634301492516208,"231":0.05551325728002222,"232":0.03625806030215138,"233":0.04137779378184014,"234":0.12677531227957295,"235":0.09704841200581316,"236":0.14785858662088938,"237":0.06553004610096226,"238":0.027947145119277518,"239":0.019650898996156067,"240":0.019650898996156067,"241":0.44257814015110525,"242":0.5835343397580458,"243":2.120298078872654,"244":0.4046385804459186,"245":0.3116938264667569,"246":0.11176145793368264,"247":0.04967709885742673,"248":0.8186126669538992,"249":0.0477326968973747,"250":0.016420415467467288,"251":0.11148272017837235,"252":0,"253":0.04562043795620438,"254":0.042471862391165856,"255":-0.034376074252320386,"256":-0.034376074252320386,"257":0.0625,"258":0.0625,"259":-0.05762028233938346,"260":-0.05762028233938346,"261":0.010354110581901015,"262":0.0390625,"263":0.0927060094606441,"264":0.01554726368159204,"265":0.03555288686193166,"266":0,"267":0.01628266710087112,"268":0.01628266710087112,"269":0.01628266710087112,"270":0.006836166799503631,"271":0.006836166799503631,"272":0.022788127385632087,"273":0.5513861234492266,"274":0.7549019607843137,"275":0.018368846436443792,"276":0.06598119535932259,"277":0.6054779565211243,"278":0.19000876324339716,"279":0.19453150329622826,"280":0.0700280112044818,"281":0.03462603878116344,"282":-0.009016498363385986,"283":0.15309396485867077,"284":0.2027986209693774,"285":0,"286":0.01173933474593239,"287":0.07062146892655367,"288":0.06289308176100629,"289":1.8999783948238247,"290":3.9147971582153716,"291":2.400446147356993,"292":1.578629480234743,"293":0.3012474659943982,"294":0.5468295520651542,"295":0,"296":0.15463673295889124,"297":0.11259676284306826,"298":0.19698516578997222,"299":0.5685048322910745,"300":0.2117061064243302,"301":0.27376050287961506,"302":0.3512076708069782,"303":0.21194164104109792,"304":0.18094637326987023,"305":0.16141449482941383,"306":0.18094637326987023,"307":0.022435179759576027,"308":-0.005242037549626051,"309":0.225558806347566,"310":0.38215783454060237,"311":0.23996765512954882,"312":0.25990431625490884,"313":0.16565313564508305,"314":0.04984759934684337,"315":0,