{"1":-0.6236722478708485,"2":-2.409681561985453,"3":-0.6946304065368539,"4":-0.2227464786683187,"5":-0.6642490313000626,"6":-0.2922026214887609,"7":-0.3070558178262335,"8":-1.832654316598412,"9":-1.832654316598412,"10":-2.0976509415924385,"11":-2.0976509415924385,"12":-0.5156986984264631,"13":-0.5156986984264631,"14":-0.8898276217389216,"15":-0.8898276217389216,"16":-0.3918895182976969,"17":-0.3918895182976969,"18":-0.3918895182976969,"19":-0.003492672511055117,"20":-0.003492672511055117,"21":0.10879982237494668,"22":0.10879982237494668,"23":-0.0015181550512420872,"24":-0.440546071464079,"25":-0.19327873946376833,"26":-0.3051966663147494,"27":-0.19151671604267384,"28":-0.39720195153828985,"29":1.210968317118859,"30":0.3428460529892512,"31":1.0928425520295173,"32":0.26596448377983384,"33":-0.19735737736869652,"34":0.07609977708510085,"35":-0.5990051780213705,"36":-1.297486880902599,"37":-0.4266784705570208,"38":-0.6197514559924522,"39":-0.8031859216373674,"40":1.2739951613173641,"41":-1.321160478725826,"42":-1.0172407140111623,"43":-0.30048536671721227,"44":-0.30567949905121994,"45":-0.4532069492399784,"46":0.5162962171325405,"47":-0.5284912355491103,"48":-0.5776420557377584,"49":-0.7335235226889458,"50":-0.7335235226889458,"51":-0.5776420557377584,"52":-0.5776420557377584,"53":-0.12485302513681606,"54":-0.12485302513681606,"55":-1.2261152961062534,"56":-0.21292138996946475,"57":-0.4340684781602946,"58":-0.3727903935266542,"59":-0.6300019178960335,"60":-0.5233610159526259,"61":-0.2521041452818247,"62":-0.3364146641913486,"63":-0.9717717058117388,"64":-0.18300284464877015,"65":-0.4634792160460225,"66":-0.40687145683267234,"67":0.5023329404951964,"68":-0.3258738641242953,"69":-0.5361145520029806,"70":-0.3450622364571174,"71":0.4219203461049359,"72":0.012543234248815427,"73":-0.49240328708897163,"74":-0.33963147162023244,"75":-0.7394026501780449,"76":-0.8165410231142443,"77":-0.6036909371321493,"78":-0.5159308070089841,"79":-0.2018741388215748,"80":-0.8777192022961886,"81":-0.46967938608368964,"82":-0.6515520117485405,"83":-2.5720496783012363,"84":-0.3252496090358252,"85":-0.06246464483525216,"86":-1.286518134147303,"87":-1.286518134147303,"88":-2.2141949539131014,"89":-2.2141949539131014,"90":-1.7249746211506087,"91":-1.6917777619258754,"92":-1.23941992221281,"93":-2.6394620252973775,"94":-1.3900322386285133,"95":-3.078544951070267,"96":-2.473906340970955,"97":-2.2428084889652675,"98":-3.7587334023070493,"99":0.6622389897634493,"100":0.19588450691330817,"101":0.1551056054426474,"102":-0.06267517492185548,"103":-0.002317847105870463,"104":-0.4795610498991216,"105":-0.19660691427381183,"106":-0.18700806192360164,"107":-0.1766968399651856,"108":-0.7185809329861963,"109":-0.4018503528699515,"110":-0.9143024339219155,"111":-0.46884492112667964,"112":-0.4099971955684212,"113":-0.3889186663163766,"114":-0.11196396232535988,"115":-0.25516455296933893,"116":-0.26941775529221923,"117":-0.39187494403692424,"118":-0.2308295362901882,"119":0.08629447457370976,"120":-0.5015218977658682,"121":-0.22252425511904605,"122":-0.4030317870921749,"123":-0.2280564602579096,"124":-0.7028566360789045,"125":-0.205464817115806,"126":-0.205464817115806,"127":-0.12022855415485267,"128":-0.3993732844372242,"129":-0.3266620914709082,"130":-0.205464817115806,"131":-0.205464817115806,"132":-0.12315707302206302,"133":-0.16279855507852403,"134":-0.25347889537187296,"135":-0.4909503815738643,"136":0.6028263490584633,"137":-0.9160792900561456,"138":-0.7397317907959926,"139":0.25841122637163316,"140":-0.7905795548805861,"141":-0.3171700142810039,"142":-0.23669530385850956,"143":0.05593240062267846,"144":-0.4082748374602341,"145":-0.839315976934464,"146":-0.31083422503290636,"147":-1.0433770466743484,"148":-0.5333717346835223,"149":-0.2594316256638458,"150":0.5723797873663794,"151":-0.267212626114653,"152":-0.6179246470277477,"153":-0.6129530569181144,"154":-0.6804746337166443,"155":-0.5561937058437505,"156":-0.6374045557158194,"157":-0.24431005345157564,"158":-0.4841128683609024,"159":0.007130500506676185,"160":-0.5590518207576567,"161":-0.49753011209545184,"162":-0.38612841354451466,"163":-0.3826289399748932,"164":-0.4622692211008399,"165":-0.44121605218774684,"166":-0.6556812629068962,"167":-0.5550060681474446,"168":-0.263472020706891,"169":-0.44116927894399294,"170":-0.473871746766114,"171":-0.29972337872595867,"172":-0.24188276541973752,"173":-0.7135425173412082,"174":-0.5524328456919243,"175":-1.1056061484169568,"176":-0.38658055057577556,"177":-0.4589425704243968,"178":-0.8220137595486472,"179":-1.0144056577276912,"180":-0.5056785365687977,"181":-0.4011394452721422,"182":-0.3919844131084135,"183":-0.28994490331081113,"184":-0.3734402574595831,"185":-0.4704461740707637,"186":-0.3306088424964502,"187":-0.4301634164038085,"188":-0.5023462018822984,"189":-0.5444471172496412,"190":-0.3560667209681829,"191":-0.9085966446618539,"192":-1.353930112966708,"193":-0.38741166635196533,"194":-1.1984982185714377,"195":-0.8611137340190691,"196":-0.9333123322304453,"197":-2.834462901787025,"198":-3.4301381272482647,"199":-1.818319926512201,"200":-0.7823333638824956,"201":-0.30319834268850343,"202":-0.30319834268850343,"203":-0.7535598397529267,"204":-0.6360389141502313,"205":-0.3143212133436818,"206":-0.5922643839391815,"207":-0.6446281464365204,"208":-0.4876243614023916,"209":-0.3925905161344079,"210":-0.5761264597272351,"211":-0.4075347518725859,"212":-0.6428211443042793,"213":-0.49886841153439576,"214":-0.5386677125123517,"215":-0.5396673860950227,"216":-0.5650663638822362,"217":-0.5489993647924678,"218":-0.4611141948526337,"219":-0.7063154301035508,"220":-0.523412667738524,"221":-0.7726019710466996,"222":-1.1057637586013338,"223":-0.43764723728731614,"224":-0.8934876544256152,"225":-1.1869121583465179,"226":-0.782280071445876,"227":-0.6121426951661313,"228":-0.6071103090455076,"229":-0.8535913503170713,"230":-0.4215121192801814,"231":-0.443254032520223,"232":-0.27980920877019,"233":-0.6418233854217762,"234":-0.4731473705457159,"235":-0.6967489919070865,"236":-0.6560842967448606,"237":-0.8037822082954216,"238":-1.7515796199426097,"239":-0.4068836955679549,"240":-0.4068836955679549,"241":-0.4258264757200657,"242":-0.3999702824006125,"243":-0.219725429612045,"244":0.41409062383053374,"245":0.37117562209332566,"246":-0.5816943435769653,"247":-0.36206576084812403,"248":-0.42593481162890223,"249":-0.25008819895046186,"250":-0.36017529079692334,"251":-0.782427959669498,"252":0.21961315131684556,"253":-0.40760852899074274,"254":-0.07440416713049286,"255":-0.5613937730314147,"256":-0.5613937730314147,"257":-0.4485272965074525,"258":-0.4485272965074525,"259":-0.09375895735949713,"260":-0.09375895735949713,"261":-0.6663381578945384,"262":0.3564746881039871,"263":0.14288899604858096,"264":-0.12235011019411823,"265":0.13781620217556467,"266":0.15618318976826373,"267":-0.42855758905304725,"268":-0.42855758905304725,"269":-0.42855758905304725,"270":-0.1790289864492023,"271":-0.1790289864492023,"272":-0.6906800439589892,"273":0.0343762513316363,"274":-0.26822381771742365,"275":0.7768873415176247,"276":-0.7190923049641849,"277":-0.18210294524928639,"278":0.6514189483452038,"279":-0.5866875963748691,"280":-0.6480581082471686,"281":-0.1091977462950503,"282":-0.12675046939401502,"283":-0.16549131012642704,"284":-0.20945214495626285,"285":-0.1188931718606625,"286":-0.4851610759092754,"287":-0.25277054302464924,"288":0.020457635716386813,"289":0.0587611010810698,"290":0.19444715707472482,"291":-0.15292108897990664,"292":-0.572925302158152,"293":-0.7288245917769083,"294":-0.3794356802694844,"295":-0.38215414048066165,"296":-0.03312412255736602,"297":-0.35610332617583085,"298":-0.7049351384407336,"299":-0.08372061920765705,"300":-0.36373970661477006,"301":0.1448790038080332,"302":-0.3037421520952024,"303":-0.2961551193509453,"304":-0.11844264121526127,"305":0.005385129865598248,"306":-0.11844264121526127,"307":-0.3636172931140359,"308":-0.2215337937249282,"309":-1.0795000571077265,"310":-0.5262945604167106,