{"1":0.09602152296174643,"2":0.1884676948661614,"3":-0.021816648615575196,"4":0.278083295610868,"5":0.21772344415223843,"6":0.16792551380021414,"7":0.22670500771969537,"8":0.29795366970957854,"9":0.29795366970957854,"10":0.5106777022898519,"11":0.5106777022898519,"12":0.19711502655886248,"13":0.19711502655886248,"14":0.21664060384478678,"15":0.21664060384478678,"16":-0.01263663234167045,"17":-0.01263663234167045,"18":-0.01263663234167045,"19":0.1318842876122874,"20":0.1318842876122874,"21":0.2832556780765189,"22":0.2832556780765189,"23":0.015219149750773736,"24":0.19422286467260041,"25":0.06776023224658378,"26":-0.029724910132770482,"27":0.01800811698671162,"28":0.08931516450557564,"29":0.06682094896773177,"30":-0.04733172934367713,"31":-0.005136486460565831,"32":-0.03240743387892417,"33":0.04635197737561332,"34":-0.07502188222412089,"35":-0.08932660453559249,"36":0.020330734567133246,"37":0.10411213161041571,"38":0.12509854655812092,"39":0.2025288229627013,"40":-0.016386464761884156,"41":0.04864228162921558,"42":-0.03027757221338162,"43":0.08476785097535139,"44":0.1696975060206311,"45":0.04571442886492694,"46":0.18062864332109463,"47":0.09800048822009974,"48":0.172753006297575,"49":0.03752593502250223,"50":0.03752593502250223,"51":0.172753006297575,"52":0.172753006297575,"53":0.1647985984901275,"54":0.1647985984901275,"55":-0.09632607304656815,"56":0.032539151542500866,"57":0.036915513343142914,"58":0.10453458620329512,"59":0.0723431275650123,"60":-0.1434927233089307,"61":0.0924516954413459,"62":0.019877141557741396,"63":0.05464711592574906,"64":-0.008321548392781708,"65":-0.048082131925574034,"66":0.19837629051018207,"67":0.011303594843853015,"68":0.0784268986735851,"69":-0.03408754536110481,"70":-0.04819041408283797,"71":-0.03404333301090068,"72":-0.013300274273072787,"73":0.20560805799526016,"74":0.061981863584460783,"75":-0.07663141777044097,"76":0.10209023589369237,"77":0.03946681233850691,"78":-0.006621521741636938,"79":0.07834224258593503,"80":0.05379682952845238,"81":-0.07737956568322601,"82":-0.024842681042660852,"83":0.09481870376645157,"84":0.1354560165977396,"85":0.021567828044903925,"86":-0.025935555246032638,"87":-0.025935555246032638,"88":-0.061067518018316114,"89":-0.061067518018316114,"90":-0.06612253736429335,"91":-0.06982021010114126,"92":-0.12145452676224344,"93":-0.04247817379383967,"94":-0.22529478637547148,"95":-0.07261913648170004,"96":-0.2398533245332204,"97":-0.1057639032799832,"98":0.08187164880714337,"99":-0.09523057037263011,"100":-0.01868104688018299,"101":-0.016359575214892896,"102":0.03999643121362578,"103":-0.05823790200687576,"104":-0.06982033420506928,"105":0.013593907389496451,"106":0.02042079959603127,"107":-0.04201259393014278,"108":0.006689584926988679,"109":0.05532442750675365,"110":-0.08290050727271842,"111":-0.0005374561308834069,"112":0.04374981536238434,"113":-0.009280463537385375,"114":-0.025309229107456893,"115":0.15331523659661928,"116":0.14890538637975234,"117":-0.04271729520651718,"118":-0.0073948296448232975,"119":0.05248087968299486,"120":0.06901363923721632,"121":-0.0000625830430099894,"122":0.01815770612664408,"123":-0.025561970641176268,"124":0.05636831920094104,"125":0.0062775833627428945,"126":0.0062775833627428945,"127":-0.16884674173321423,"128":-0.05368574484165067,"129":-0.012841372387212419,"130":0.0062775833627428945,"131":0.0062775833627428945,"132":0.12296399813621273,"133":0.023025683684242182,"134":0.11983657589689545,"135":0.17198432638758798,"136":0.04616292001929567,"137":0.28006083578552154,"138":0.14721260771382338,"139":0.31180277634364606,"140":-0.01274497960105414,"141":0.10584635650250651,"142":0.10985790695641884,"143":-0.021979838585330036,"144":-0.1489228522990549,"145":0.3185443988462272,"146":0.018193562299171573,"147":0.12215976121060867,"148":-0.010108511572020695,"149":-0.08601023673132807,"150":-0.05950843469190514,"151":-0.2774433145684465,"152":0.0480301050961921,"153":0.02560756315636975,"154":0.014655508160692998,"155":0.026804451461477086,"156":0.0535139897082918,"157":0.006280704859704778,"158":0.10092192795326327,"159":-0.0502218598717476,"160":0.07224785530105965,"161":-0.10264442533488471,"162":-0.06351744162886519,"163":0.04645969158456653,"164":0.08777301185718556,"165":-0.0471171071147381,"166":0.012326925503669983,"167":0.11455353162029511,"168":0.01779810739393517,"169":0.10526573398672845,"170":-0.04042734365769052,"171":-0.04851292098286425,"172":0.02104795879136223,"173":0.3098444438036247,"174":0.032348638690418374,"175":0.21123006746891815,"176":0.05902307649206773,"177":0.16528665378445023,"178":0.18471369712519198,"179":0.017807831394818896,"180":0.009098727667610218,"181":0.1721847066729812,"182":0.09057263886830152,"183":0.11381327028863047,"184":0.16601142078515596,"185":0.0927977776817141,"186":0.1574413922741169,"187":0.025806319273161404,"188":0.1742956476987909,"189":0.2541466277274837,"190":0.14873866194029828,"191":0.1988073833624059,"192":0.207500238420602,"193":-0.0027777824521748595,"194":0.04162422674089844,"195":-0.06607854132093743,"196":0.1947813120231402,"197":0.15487506924380923,"198":0.18622276883553124,"199":0.13039441490772208,"200":-0.011780815488781793,"201":-0.0505222917221001,"202":-0.0505222917221001,"203":-0.010437190950946806,"204":0.011480322894258321,"205":0.018564446723880523,"206":0.06492708833332694,"207":-0.010270504042615952,"208":0.03848548740278812,"209":0.016680390786345395,"210":0.06510647394515101,"211":0.009392643247749466,"212":-0.03072541335792306,"213":0.000008096424493481136,"214":0.06685244898045412,"215":-0.03901425022759614,"216":0.10577314632430396,"217":0.14210814191467613,"218":0.24156258976375788,"219":0.1649943493479903,"220":-0.030281685590873575,"221":0.0009456282705447294,"222":0.04946152899588829,"223":0.08247617338914576,"224":0.07957325276476279,"225":0.0744536206538319,"226":-0.03778571417594756,"227":0.031346782835763254,"228":0.006377287690335798,"229":0.03164730471031452,"230":0.05737955856536514,"231":0.09478385729475164,"232":0.001212643301712224,"233":0.1892229727202801,"234":0.04123730194300479,"235":0.09176306383005772,"236":0.1309117591787981,"237":0.0038728430169962524,"238":-0.14264899479811322,"239":-0.07223626104478642,"240":-0.07223626104478642,"241":0.0851419173335498,"242":0.0499653725740834,"243":0.022087671723296676,"244":-0.04947435293970259,"245":-0.06642210043173315,"246":0.07454381127554435,"247":0.04182349479112814,"248":0.3675440606827002,"249":0.008750112944381203,"250":0.036868521905928625,"251":0.06510131465445679,"252":-0.014982325235339877,"253":-0.014297305033669744,"254":-0.01581753551860353,"255":0.04810423761529975,"256":0.04810423761529975,"257":-0.0638670596744893,"258":-0.0638670596744893,"259":0.031253952600038215,"260":0.031253952600038215,"261":-0.013537313080797225,"262":0.03506320622145093,"263":0.018577050941455092,"264":0.06776602339020826,"265":-0.18882399644500247,"266":-0.012995196781499713,"267":0.036713151392289256,"268":0.036713151392289256,"269":0.036713151392289256,"270":0.47753531307373365,"271":0.47753531307373365,"272":-0.006043651519713936,"273":0.03174017204293493,"274":-0.13275857894233267,"275":-0.08315055370523042,"276":0.05788235139429121,"277":0.1683513711107496,"278":0.13209073857915477,"279":-0.02654297566861709,"280":0.03204177338638253,"281":-0.04158503234774004,"282":-0.22973860279585992,"283":-0.33020287490825084,"284":-0.09798822578860276,"285":-0.0796418557878446,"286":-0.19022339567252983,"287":0.06435353195160809,"288":0.4169662728474538,"289":0.05829098695266338,"290":0.04739198254112792,"291":-0.17597203541082698,"292":-0.07768755750585943,"293":0.08185292310711823,"294":-0.17951106091145322,"295":0.009046521050590561,"296":-0.03183864965792574,"297":-0.04536262069017405,"298":-0.19135464328784363,"299":0.1152017464765118,"300":0.02469498130622433,"301":0.006244903191567008,"302":0.09717480144749857,"303":0.18770906515395824,"304":0.032734532649570325,"305":0.2698909584842727,"306":0.032734532649570325,