{"1":0.6543686394339867,"2":-0.2184377595810858,"3":1.291785798914302,"4":-0.25540131962269497,"5":-0.0852398713508673,"6":0.03274216212515002,"7":1.4065646457405605,"8":-1.2430953831131974,"9":-1.2430953831131974,"10":-1.4075071932057668,"11":-1.4075071932057668,"12":-1.4188668191945344,"13":-1.4188668191945344,"14":-0.05649060235848413,"15":-0.05649060235848413,"16":-0.055337464529276126,"17":-0.055337464529276126,"18":-0.055337464529276126,"19":0.3645165390638354,"20":0.3645165390638354,"21":1.7143867709075256,"22":1.7143867709075256,"23":0.20430495722743736,"24":-0.1898317757160104,"25":-0.059195402298850563,"26":-0.3229440569749009,"27":-0.290490422737409,"28":-0.38335208808426025,"29":0.2588308838613975,"30":0.36542266601581486,"31":0.5447895414184258,"32":-0.4396896978605025,"33":-0.33010811260340045,"34":0.2663225237376333,"35":-0.6438964891700856,"36":0.7137466092462583,"37":0.6326771776288744,"38":0.8121650459505858,"39":0.5126939612077015,"40":-0.5008247865332116,"41":-0.5233387625322568,"42":-0.6033383203321971,"43":-1.0343127571823398,"44":0.09559432428343762,"45":-2.881926969132553,"46":-0.9560010854119874,"47":-2.285062416730238,"48":-0.17804329954902887,"49":-0.8155601289778094,"50":-0.8155601289778094,"51":-0.17804329954902887,"52":-0.17804329954902887,"53":0.0446741216461648,"54":0.0446741216461648,"55":-0.7660583850624967,"56":0.39553673749334384,"57":-0.4312645116945746,"58":-0.16658303948043351,"59":-0.718128768146183,"60":0.25136769372952017,"61":-0.05921805092251198,"62":0.09052632232577107,"63":-0.26357422805453945,"64":-0.3802591163805884,"65":0.5766729887595097,"66":0.7258996126549011,"67":-0.19577943736606063,"68":1.8528472848997346,"69":-0.7922450996024271,"70":-2.2534116360425784,"71":-0.7221676517717501,"72":-0.6498792626948751,"73":-0.4695224356736718,"74":-1.2338067260108447,"75":-0.5804595156962336,"76":-0.9209867816485744,"77":-0.6028511425816312,"78":-0.15967235063356622,"79":-0.4430263126792777,"80":-0.7769393323043996,"81":-0.05596974941575228,"82":1.315392820469465,"83":0.10423479409567848,"84":1.049401412277334,"85":1.2297174519540048,"86":0.7742520891244835,"87":0.7742520891244835,"88":-1.1399771887305317,"89":-1.1399771887305317,"90":-1.1987029514522227,"91":-4.387571047734657,"92":-2.4827751780548475,"93":-1.700818007688298,"94":-0.6483447604553856,"95":0.6181538026436009,"96":-1.8860010299772476,"97":-1.090583905539063,"98":-0.2323005586213327,"99":-0.8655171120296803,"100":-0.6065849913259314,"101":0.5051184484633389,"102":-0.03209550528531402,"103":0.06187247851615485,"104":-0.24546881118282515,"105":-0.37600164908426237,"106":-0.5715555286076812,"107":-0.9736608585999651,"108":-1.2908283934303473,"109":-0.35498521437847064,"110":-0.22142497053197374,"111":-0.247849739068581,"112":-1.0638206754497586,"113":-0.5784522310286961,"114":-1.5868060508209902,"115":-0.5586005886186638,"116":-0.6098028424877109,"117":-0.8999598222491736,"118":-0.5077590521915374,"119":-1.33640049175695,"120":-0.47543607270695043,"121":-0.4759858182835668,"122":-0.663534886273887,"123":-1.583756387267118,"124":-0.6037306423435209,"125":-0.8134068577709117,"126":-0.8134068577709117,"127":0.2715046481138206,"128":-0.5960591691645396,"129":-0.6505717432874745,"130":-0.8134068577709117,"131":-0.8134068577709117,"132":0.6630137440799917,"133":0.9076664972848274,"134":-0.2814351293701689,"135":-0.6611617119104878,"136":-0.4190765297260688,"137":-0.10986269916818792,"138":-0.7563681418084887,"139":1.5457877894522944,"140":-0.5964643786347565,"141":-0.440131336057477,"142":1.1347704370820608,"143":-0.31066871912585103,"144":0.14789411127879326,"145":-0.16587658937668426,"146":-2.3100385302846194,"147":-0.9756123814989479,"148":-0.7613945355442322,"149":-0.920780020041525,"150":-1.7061926290753453,"151":-0.7071280283812968,"152":-0.6622948217608173,"153":-0.5901718028370393,"154":-0.452316248679963,"155":-0.6669135449958405,"156":-0.5436221454587571,"157":-2.207795903422922,"158":-0.7471551958005511,"159":-0.02195529727830614,"160":-0.007914490323478685,"161":-1.1427861164195843,"162":-0.814006006356625,"163":-0.4986084600886671,"164":-3.0293271092813843,"165":-1.036738986427459,"166":-1.690919783649996,"167":-0.9977146220181092,"168":-0.8447092110697758,"169":-0.752908365378469,"170":-0.4173252334749553,"171":-0.4412775522113357,"172":-0.29845394776802037,"173":-0.4953530395061674,"174":-0.9660232620488411,"175":-1.1170284065586582,"176":-0.33399491839914,"177":-0.7039810158926252,"178":-0.5611454347484326,"179":-0.16444298536836155,"180":-0.861513822110241,"181":-0.6227180197444218,"182":-0.4462765073474748,"183":-0.6741921124702224,"184":-0.46714498823140693,"185":-0.23914693705988532,"186":-0.30684896382296656,"187":-0.3897079567878379,"188":-0.7838598328050965,"189":-0.3824515532942807,"190":-0.14608130295536625,"191":-0.3692265071041976,"192":-0.7385824300691914,"193":-1.145734990210498,"194":-0.8022587287107736,"195":-1.079453909290514,"196":-1.2317762062692919,"197":-1.3606202797098952,"198":0.12454517624194494,"199":-0.9009736744565586,"200":-0.5125581326387731,"201":-0.47236083121595795,"202":-0.47236083121595795,"203":-0.8564777748749195,"204":-1.0412723006299947,"205":-1.1600058832153493,"206":-0.9366902336674201,"207":-0.7757978336501818,"208":-0.9339582760741028,"209":-1.0788375793385736,"210":-0.7370130767738918,"211":-1.1634834372774712,"212":-1.622942749141039,"213":-0.8579571729040667,"214":0.019643349524117504,"215":-0.9603198938252251,"216":-1.6750018398651876,"217":-0.5708319034615057,"218":-0.674909197123128,"219":-1.137119712355449,"220":-1.2987824217167034,"221":-1.0970734765106238,"222":-1.6557905890072617,"223":-1.5846724656211029,"224":-1.5791196168837711,"225":-0.5591634951083599,"226":-1.3333874652026516,"227":-1.8904445835240096,"228":-1.8136993766832896,"229":-1.4348588512297762,"230":-2.5988055213499495,"231":-1.7765454113082852,"232":-0.9500506800431685,"233":-0.6965138023140498,"234":-1.4770073347568795,"235":-1.1117520913029333,"236":-1.3427518120924713,"237":-1.3224340104194594,"238":-0.7769507389199231,"239":-0.8055898086992292,"240":-0.8055898086992292,"241":-1.0752117454685757,"242":-0.9419740011426299,"243":0.6421295210066811,"244":-0.3604797514162472,"245":0.4778773211412224,"246":1.2777761993196557,"247":0.5029256733884618,"248":-1.0169072902921745,"249":0.5184707966674963,"250":0.07263643356555805,"251":-1.2425997290137816,"252":0.020580406604908008,"253":2.0626036996679633,"254":-0.07956683638949658,"255":0.04051633294751267,"256":0.04051633294751267,"257":1.0325464949928471,"258":1.0325464949928471,"259":0.7125119084862654,"260":0.7125119084862654,"261":0.018648652460965254,"262":-0.240624915053822,"263":-0.11633875014691286,"264":-0.08564031124167326,"265":-1.0140693138621764,"266":-0.27846652429412044,"267":-0.2657067346993933,"268":-0.2657067346993933,"269":-0.2657067346993933,"270":0.14658894914548348,"271":0.14658894914548348,"272":-0.5023175378458012,"273":-0.2665080223329892,"274":0.3006719014973116,"275":2.39733305967811,"276":0.27167341279252266,"277":1.8191392536136224,"278":1.3014225537967548,"279":0.06864417125220024,"280":-0.5315608299575891,"281":-0.4560002089689992,"282":-0.40388567473931625,"283":0.6209511077158147,"284":-0.6279637581087545,"285":-0.5463696723067035,"286":-2.6165140382022365,"287":1.0959128563371052,"288":0.5245621189365532,"289":-1.913731259349488,"290":-1.0290166943918164,"291":-1.4843477707061723,"292":-1.3432681283343868,"293":-0.3877486093955813,"294":-0.9036676453020638,"295":1.8343463930421673,"296":-0.33215732756411676,"297":-0.83318705564698,"298":-0.5310212830777896,"299":1.4439186334672787,"300":-1.5092291211936963,"301":-1.7985111583555362,"302":-1.536691838182299,"303":-1.9178618672781447,"304":-1.5723884655431402,"305":-1.2609885814501842,"306":-1.5723884655431402,"307":0.4492562152097843,"308":-0.6681881339547902,"309":-1.7870335152320926,"310":-1.411208539839878,"311":-0.19172659575486417,"312":-1.5284640948543498,"313":-0.32583410007752,