{"1":-0.8717403803888764,"2":-3.3103954717939637,"3":-1.9543531378382615,"4":-0.27981480638025635,"5":-0.3705669312147606,"6":0.42492476255583667,"7":0.3616197802488793,"8":0.14268410242857144,"9":0.14268410242857144,"10":-1.761372601035632,"11":-1.761372601035632,"12":-2.571673549544577,"13":-2.571673549544577,"14":-3.435736297071265,"15":-3.435736297071265,"16":-0.15998353566509893,"17":-0.15998353566509893,"18":-0.15998353566509893,"19":-0.04486516150884545,"20":-0.04486516150884545,"21":0.060788389431911005,"22":0.060788389431911005,"23":0.08130182622874949,"24":-0.9116406203300953,"25":-0.08859856836616935,"26":-0.29784711168623507,"27":0.004209478784704013,"28":0.2816857007413103,"29":-0.4951004085999491,"30":0.28774845827744155,"31":0.22673416904114674,"32":0.5787673306805337,"33":-0.05847703533713322,"34":-0.012381501610905954,"35":-2.6433412846919904,"36":-0.36093708160210425,"37":-0.7197938624002491,"38":-0.2988374140868473,"39":0.9667106517671951,"40":-0.11493900685345526,"41":-0.2312603446442385,"42":-2.2596598467849587,"43":-0.4145645821040813,"44":-0.3692502362725083,"45":-1.1232357847349268,"46":-0.13410747024476222,"47":-0.9623343712076999,"48":-0.08462769768644929,"49":-1.0930634751531438,"50":-1.0930634751531438,"51":-0.08462769768644929,"52":-0.08462769768644929,"53":-0.6357580576191659,"54":-0.6357580576191659,"55":-0.11983709808004017,"56":-0.39585541264628354,"57":-0.3101500331757503,"58":0.01579059695166951,"59":0.16043193404583556,"60":-0.5673127974059688,"61":0.08620749268078154,"62":-0.329756201065567,"63":-0.3254398298353959,"64":-0.07301531420524549,"65":0.16449889794370387,"66":-0.2611004733226656,"67":-0.5641185902768431,"68":-0.9611787024510732,"69":-0.37072220297511427,"70":-0.791541916487708,"71":-1.3445443146885971,"72":-0.25093635299303574,"73":0.05608080734489529,"74":-0.14172113201873815,"75":-2.060447853361688,"76":-0.7657079602489927,"77":-0.06002434723074468,"78":-0.7271622407707126,"79":-0.34099202524941585,"80":-0.7200705559101259,"81":0.18520579739472298,"82":-0.7531606333402572,"83":-1.6159941946795324,"84":-0.2378637472698426,"85":0.18800642847165738,"86":-0.6802387939449239,"87":-0.6802387939449239,"88":-0.1685136253007522,"89":-0.1685136253007522,"90":-0.4317419789108353,"91":-0.343260504758645,"92":-0.6207888366633465,"93":-0.2598020131987824,"94":-0.2081875052334633,"95":-0.6230042771232076,"96":-0.6738832454865409,"97":-0.42984379544454476,"98":-0.5770675077784347,"99":-0.040803323322208485,"100":0.2459358185712487,"101":-0.35480787994660035,"102":-0.1701946485114617,"103":-0.26894850185021146,"104":-0.04268483194553885,"105":0.43335987082140215,"106":0.019182804751552984,"107":-0.2399157133350337,"108":-0.2801076942046281,"109":0.20839942156867375,"110":-0.468954349377372,"111":-0.2698508948706295,"112":-0.05660114447128228,"113":-0.21004717439246523,"114":0.1647735349965439,"115":-0.12072005142475506,"116":-0.05849019232994235,"117":-0.20979290823417962,"118":-0.6344880545335725,"119":-0.1826773335519596,"120":-0.4727615745509375,"121":-0.06945192212983131,"122":0.1074993189259994,"123":-0.3173779753084347,"124":-0.3244118025789511,"125":-0.05729757833056026,"126":-0.05729757833056026,"127":-0.4621445674077087,"128":-0.3720596755923078,"129":-0.09855329839482929,"130":-0.05729757833056026,"131":-0.05729757833056026,"132":-0.10130687944539951,"133":-0.7047573503633946,"134":-0.454551328819921,"135":0.28993269068188887,"136":0.8033831760611947,"137":-0.9213699195669594,"138":-0.6726987489028908,"139":1.0584047982948803,"140":-0.12119796843530262,"141":-0.8519828699992464,"142":-0.8749261853443979,"143":-0.871883720498936,"144":-1.5535162464671095,"145":-0.21155722814946687,"146":-0.8085840373576136,"147":-0.8022962525281274,"148":-0.4983983618542458,"149":0.03750364314910137,"150":1.7221825724297175,"151":-0.5417260073391605,"152":-0.030889450711768962,"153":-0.376633324284942,"154":-0.5161948285517839,"155":-0.9809648128021615,"156":-0.6346855210629863,"157":-0.003067499371962157,"158":0.19058376360468587,"159":-0.4989063885796705,"160":-4.1676066920268795,"161":-0.021225207386833755,"162":-0.8400779434645655,"163":-0.09103415443207741,"164":-0.1778089578950146,"165":-0.12410261079124019,"166":-0.4363689160788753,"167":-0.32655388956109255,"168":0.46543679924395365,"169":0.2841923549836449,"170":-0.015176944445033813,"171":-0.08565996524536557,"172":0.732406293141799,"173":0.5196300856553271,"174":-0.019075534609234612,"175":-0.9184915165319816,"176":0.008065027396901403,"177":0.21295485834380834,"178":-0.0002985595308100386,"179":-0.5455033563547862,"180":0.027909985925576697,"181":0.22352827060055946,"182":0.45676784018544203,"183":0.18259102842529806,"184":0.16142996664828213,"185":-0.10991539387159754,"186":0.5613464714466303,"187":0.5129968947370949,"188":0.1713610138693049,"189":0.7794687979019537,"190":0.5120352736931104,"191":0.03231122428311162,"192":-0.13358045616799696,"193":-0.31286881582305526,"194":-1.0412809087176975,"195":-0.8230344683410751,"196":0.4269333880519417,"197":-1.2429786918507904,"198":-1.934680555980579,"199":0.9687564364105077,"200":0.6284765291228884,"201":-0.521271851994032,"202":-0.521271851994032,"203":0.048949175979237425,"204":-0.16500647233259436,"205":0.2334977024520204,"206":-0.19294405809936754,"207":-0.5039469241782556,"208":0.160498285684339,"209":-0.13966159866964412,"210":-0.5046743543105237,"211":0.11920680143218093,"212":-0.2667998178081191,"213":0.0076293572364721784,"214":0.10128686088459804,"215":-0.1966341564829277,"216":0.09362703435239927,"217":0.4211314823212313,"218":0.42594951233854816,"219":0.26508667690193066,"220":-0.3523202281264346,"221":-0.4153476540323624,"222":-0.42328141209545,"223":0.16927287894213527,"224":-0.5060455709970064,"225":-0.8775261511282855,"226":-0.07983036194647974,"227":0.30208478379723536,"228":0.10256232958698841,"229":-0.22575661001638725,"230":-0.02491888641414053,"231":0.1683406950836588,"232":0.1453832217971378,"233":-0.18765695781945313,"234":0.03134051637545476,"235":-0.12895107173342124,"236":0.04247271552661447,"237":-0.08246104918771158,"238":-4.487578132771801,"239":-0.6256754216962723,"240":-0.6256754216962723,"241":0.10918600466398887,"242":0.12453407511273579,"243":0.4583315870670805,"244":0.04159053377415123,"245":-0.099116286559877,"246":-0.34979588087173347,"247":-0.0880057959248246,"248":-0.15731857731622778,"249":-0.1474783327224936,"250":-0.49239386066325025,"251":-0.13523361770275788,"252":0.32783908297437414,"253":-0.2734063154372147,"254":-0.01078023851604093,"255":0.022789783972012534,"256":0.022789783972012534,"257":0.03190431294486168,"258":0.03190431294486168,"259":-0.002721690834552093,"260":-0.002721690834552093,"261":0.4803592746762777,"262":0.32760831956432757,"263":0.9949160792620979,"264":-0.10683537693891099,"265":0.5172543444561648,"266":-0.47631506342687,"267":0.004981124759732669,"268":0.004981124759732669,"269":0.004981124759732669,"270":-0.021569935477552704,"271":-0.021569935477552704,"272":-2.8636038951387977,"273":0.1512664549357402,"274":-1.8389233704208074,"275":-2.4902415790396404,"276":-1.7759829561985976,"277":-3.841318089820464,"278":-3.4763741618870165,"279":-1.4544885445181834,"280":-1.301043346204997,"281":-0.1133673074113821,"282":-0.06624297630648046,"283":-0.5839823005549325,"284":-0.1309792705860544,"285":-0.11596021453586391,"286":-0.36170793860463313,"287":-1.1519548300836444,"288":0.6546331511332208,"289":0.670934719411,"290":0.7335389371209817,"291":-0.06853135394220744,"292":-0.872618396286367,"293":-0.443987545787655,"294":-0.5546970469928643,"295":-0.6575628685823813,"296":0.10172292167786656,"297":-0.5364475877759665,"298":-0.5228023258307657,"299":-0.13947033582174073,"300":-0.5203216060991476,"301":1.4279620753617124,"302":-0.8888356248644076,"303":0.4237017945437338,"304":-0.2616314421981356,"305":0.25168186176894247,"306":-0.2616314421981356,"307":-0.21586455903410795,"308":-1.0857749074247152,"309":-0.5587726640947348,"310":-0.12215571640301448,