{"1":-0.5197467753378102,"2":-1.6699133064229232,"3":-0.43456995922922625,"4":-0.10163799624454375,"5":-0.4642698942127631,"6":-0.01676056441256371,"7":-0.17791995557292728,"8":-1.8606027288561737,"9":-1.8606027288561737,"10":-0.5956670879089512,"11":-0.5956670879089512,"12":-0.48308837443294217,"13":-0.48308837443294217,"14":-0.9269746308756641,"15":-0.9269746308756641,"16":-0.20387109339472032,"17":-0.20387109339472032,"18":-0.20387109339472032,"19":0.07906156048388953,"20":0.07906156048388953,"21":0.07943127266016764,"22":0.07943127266016764,"23":0.043790578374835465,"24":-0.26946693995968507,"25":-0.23405897422200386,"26":-0.22954935180737085,"27":-0.07343230686613747,"28":-0.10812221984213541,"29":0.16244330692708797,"30":-0.06727711730101738,"31":0.7047940724705304,"32":0.28900046434666676,"33":-0.05013834728548175,"34":-0.02288321828110046,"35":-0.9029351193535502,"36":-0.76702208201972,"37":-0.4311326260487549,"38":-0.46629911000721413,"39":-0.6216043711028567,"40":-0.0354568135891109,"41":-0.2566437258261536,"42":-2.1568083393170228,"43":-0.42224392790333787,"44":-0.5158262948486652,"45":-0.9010194811182373,"46":-0.5610950920024701,"47":-1.0207459945940565,"48":-0.5640409870930911,"49":-0.6199347392103518,"50":-0.6199347392103518,"51":-0.5640409870930911,"52":-0.5640409870930911,"53":-0.8120752906954392,"54":-0.8120752906954392,"55":-0.1587942239524477,"56":0.007908757182538417,"57":-0.28033305382635587,"58":-0.06574464512190922,"59":0.05975311773155473,"60":0.2484682055308991,"61":0.00865496524349385,"62":-0.0637816524076471,"63":-0.518209799859525,"64":0.07143998028973203,"65":-0.6939531418395715,"66":0.08653959536183659,"67":0.51165438294087,"68":0.09312545873868805,"69":0.2861255121094879,"70":-0.2237520168024778,"71":0.05389930990386116,"72":0.2754625573030255,"73":-0.2260289452843588,"74":-0.23954019672566562,"75":0.13777555290507593,"76":-0.29845234293782275,"77":-0.22932654795858642,"78":-0.09309702464857661,"79":-0.03655917686379695,"80":-0.587102505484354,"81":-0.2832117263647924,"82":-0.379231110512547,"83":-1.7900032918587812,"84":-0.05794521810731662,"85":0.5350517832282227,"86":-0.6404251738292139,"87":-0.6404251738292139,"88":-0.26497973944793496,"89":-0.26497973944793496,"90":0.21449678910521564,"91":-0.21526332395460934,"92":-0.053177588799161235,"93":-0.4691905290276266,"94":-0.6568826064611237,"95":-0.6902027819269012,"96":-0.20489465562516607,"97":-0.2578816078573083,"98":-0.5983391339399677,"99":0.5470194537196257,"100":0.4011544592481311,"101":0.09460609014886256,"102":0.0810336553591618,"103":0.2942334350723369,"104":-0.005965985678564767,"105":0.09638419117873964,"106":-0.06774201315892048,"107":0.026501465819076753,"108":-0.5632998834954797,"109":-0.027690220909683316,"110":-0.14882862241258699,"111":-0.3092614672378977,"112":-0.28925130991581594,"113":-0.0228907158971281,"114":-0.12865986867476603,"115":-0.10878907708451413,"116":-0.12772676261063542,"117":-0.20876769268933926,"118":-0.21467648018605923,"119":0.007988576920324286,"120":-0.1026830660485838,"121":0.06520644171094692,"122":-0.12052182130498346,"123":-0.030966170677260707,"124":-0.22702842230029674,"125":-0.05893556574371128,"126":-0.05893556574371128,"127":0.1611086510276507,"128":-0.09451056917178957,"129":-0.0758329872774659,"130":-0.05893556574371128,"131":-0.05893556574371128,"132":-0.0748010148953101,"133":0.04330686325087296,"134":-0.13328963594751553,"135":-0.25476918416213845,"136":0.42435895882747765,"137":-0.9812415229330378,"138":-0.18692683197539117,"139":0.7030251445687418,"140":0.15810888753318464,"141":-0.017556174983441197,"142":0.5463641447619372,"143":0.006606868469847482,"144":0.04826725108129992,"145":-0.18871210588232368,"146":-0.08719833493603146,"147":0.4215656465218065,"148":-0.3277340549234355,"149":0.0009302875714333192,"150":1.2750618783916647,"151":0.2556230306522036,"152":-0.09905017559289975,"153":-0.3621744668138384,"154":-0.3879469090303988,"155":-0.10862746814101354,"156":-0.3870092557644705,"157":-0.25387752507046835,"158":-0.3981898931603489,"159":0.7210890508067263,"160":0.4946996724083741,"161":-0.18067575399625113,"162":-0.21769302218358694,"163":-0.36924400629387377,"164":-0.12160717404996835,"165":-0.0604057025364394,"166":-0.46360564130095594,"167":-0.24811912526752422,"168":0.1806847499839338,"169":0.027443184308683977,"170":-0.1695666707888931,"171":-0.06169121105626002,"172":-0.09837488557258467,"173":-0.6293954972593907,"174":-0.21093416754223648,"175":-0.45315163470531394,"176":-0.2325810981792562,"177":-0.32687414316670194,"178":-0.5427635812526997,"179":-1.1865268636318977,"180":-0.1506685236904121,"181":-0.10779172567578293,"182":-0.13755977736003713,"183":-0.1731986865339395,"184":-0.16497299813301536,"185":-0.3629998680198941,"186":-0.17265628143127743,"187":-0.18815119163522137,"188":-0.30311093628103275,"189":-0.20880696825885822,"190":-0.1892967758972855,"191":-0.6350983925601246,"192":-1.3117872376804853,"193":-0.321800242641147,"194":-0.8196066145822061,"195":-0.6447757345919657,"196":-0.5517476632133443,"197":-1.0654421746582348,"198":-0.28396333917383965,"199":-0.10549087653163292,"200":-0.2813608270581339,"201":0.2816662147602449,"202":0.2816662147602449,"203":-0.2639646180343229,"204":-0.28549184166926844,"205":-0.20407572211164554,"206":-0.21492497080042228,"207":-0.3225116712066295,"208":-0.21731545182442247,"209":-0.27874042743326505,"210":-0.38985795317685945,"211":-0.11990041665211984,"212":-0.2513436546734294,"213":-0.32767177681366355,"214":-0.3651545248764417,"215":-0.41077558770599115,"216":-0.25737885096867064,"217":-0.3290477271946135,"218":-0.35597862703934546,"219":-0.48817579270539835,"220":-0.28348585885661026,"221":-0.30027590416419564,"222":-0.8184883294795486,"223":-0.1508696258945611,"224":-0.48641889462576515,"225":-0.8408936350779264,"226":-0.2925946500744695,"227":-0.4291806793439761,"228":-0.44554896061842086,"229":-0.670841577509869,"230":-0.19123078195834853,"231":-0.35809931143519036,"232":-0.204880016072424,"233":-0.3222107802630555,"234":-0.3481077617430616,"235":-0.5962375676514535,"236":-0.39854712433243866,"237":-0.5899470774131936,"238":-0.9536839931747849,"239":-0.1943029498101918,"240":-0.1943029498101918,"241":-0.27767890778934,"242":-0.189963478537122,"243":-0.09890156807290418,"244":0.416019709774471,"245":-0.28225772736143373,"246":-0.30902074423800957,"247":-0.1572709961464752,"248":-0.39250070804392706,"249":-0.06834606489808104,"250":-0.29246420640342635,"251":-0.7504668506958074,"252":0.19462894021297267,"253":-0.32604658759429916,"254":0.1225454853414471,"255":-0.34085389760842566,"256":-0.34085389760842566,"257":-0.18041520048430643,"258":-0.18041520048430643,"259":0.004364912295847623,"260":0.004364912295847623,"261":-0.2313708289456347,"262":0.5403765737952047,"263":0.04514611455126749,"264":-0.42694114728751004,"265":0.46728175536912175,"266":0.09312674503805052,"267":-0.34008033145486816,"268":-0.34008033145486816,"269":-0.34008033145486816,"270":-0.39980583516254425,"271":-0.39980583516254425,"272":-0.7707175205892443,"273":0.06708293731616388,"274":-0.6963173179011092,"275":1.6420624727240387,"276":-0.3568744180993253,"277":0.49185022678747004,"278":1.6415824746319823,"279":-0.7262565868627568,"280":-0.7500749537878273,"281":-0.019467709225887198,"282":0.014550357892421761,"283":0.2792705467089662,"284":-0.06903721842475002,"285":-0.21336802011929135,"286":-0.24775200395787847,"287":-0.2098769520398439,"288":0.04491447185983072,"289":-0.03607265095376244,"290":0.20198086675604593,"291":-0.23518050689146985,"292":-0.8277989011100781,"293":-1.0620866590905127,"294":-0.4282507148386735,"295":-0.12318876121451701,"296":-0.09119033443207203,"297":0.09051864329017023,"298":-0.5487392298197232,"299":-0.18417368556419017,"300":-0.5113023894902351,"301":0.14262176940675708,"302":-0.6514398495433852,"303":-0.3312601950639582,"304":-0.2073216222794837,"305":-0.23479619923740558,"306":-0.2073216222794837,"307":-0.3779815335890558,