{"1":-0.037032018891004825,"2":-0.2918561745877617,"3":-0.37225404798962447,"4":0.3189413952394988,"5":0.0814627453959077,"6":0.22771845853724068,"7":0.345798992242525,"8":0.36311009007454764,"9":0.36311009007454764,"10":-0.02640253528288672,"11":-0.02640253528288672,"12":-0.13675771345598464,"13":-0.13675771345598464,"14":-0.48178769775431984,"15":-0.48178769775431984,"16":0.03946877922183095,"17":0.03946877922183095,"18":0.03946877922183095,"19":0.08526013738621746,"20":0.08526013738621746,"21":0.240971689793247,"22":0.240971689793247,"23":0.1428421573816656,"24":0.14221375814205872,"25":-0.03634357240622772,"26":-0.05085765739586001,"27":0.02949293950742987,"28":0.2069044174683043,"29":-0.10704611311019852,"30":0.11444518307406731,"31":0.09843181379149579,"32":0.33978599557636036,"33":-0.02017903619909442,"34":0.01026360691586617,"35":0.09280415299460154,"36":0.08248763123665082,"37":0.05480576229022471,"38":0.18445067616689148,"39":0.7497362040256041,"40":0.220452805439582,"41":0.24834554983692814,"42":-0.3205336530981916,"43":0.02165761367226382,"44":-0.03153174501458561,"45":0.06697841504074331,"46":0.7663402734726452,"47":0.18813637987060877,"48":0.36088517581374624,"49":-0.018937418764550906,"50":-0.018937418764550906,"51":0.36088517581374624,"52":0.36088517581374624,"53":0.35778044443541,"54":0.35778044443541,"55":-0.04207649891069626,"56":-0.10718780372414705,"57":-0.2435941647565386,"58":-0.042359317610405955,"59":-0.0017712965084687449,"60":-0.3021461718500609,"61":-0.063945169377155,"62":-0.14626385736944048,"63":-0.2311531173913109,"64":-0.13459444334313408,"65":-0.009843869033709984,"66":-0.13216804487087774,"67":-0.45254601942663897,"68":-0.1323448320229732,"69":-0.0703663594886389,"70":-0.4146616064000249,"71":-0.7504619127739243,"72":0.039941564904979576,"73":0.1694880838624243,"74":0.16138223606337054,"75":-0.11972229407335488,"76":-0.42227981458250174,"77":0.09400974711470145,"78":-0.15265892675635717,"79":0.015610189639208905,"80":-0.16227303879646326,"81":0.17423829234992905,"82":-0.2502875542698496,"83":-0.9142506583262732,"84":0.20540919409867875,"85":0.04914946599541614,"86":-0.18672912026455335,"87":-0.18672912026455335,"88":0.07922318118283034,"89":0.07922318118283034,"90":-0.2490200437973249,"91":-0.18175100319681764,"92":-0.31979687906315113,"93":-0.20290784512748522,"94":-0.12207729248228777,"95":-0.34800979013479505,"96":-0.4550869415871751,"97":-0.3105291669918757,"98":-0.40879633841710933,"99":-0.07083859037740337,"100":0.025297551802418217,"101":0.033644514644843304,"102":0.03704009387171625,"103":-0.06516703032528737,"104":-0.02465446312430669,"105":0.1391189376212374,"106":0.19077139062428006,"107":-0.03347332498230848,"108":-0.0703375327828365,"109":0.09848287467805467,"110":-0.3111640114527592,"111":0.09753633048815058,"112":0.03321695424429194,"113":-0.036938074571256085,"114":0.04003327664298795,"115":0.26573241063022346,"116":0.006026206937993883,"117":0.131795213321525,"118":-0.08918329235657585,"119":0.0885848786979595,"120":-0.11057578131096452,"121":0.06531115391834708,"122":0.21072145795038877,"123":-0.09202381062394116,"124":-0.054635756891829756,"125":0.04349053191326324,"126":0.04349053191326324,"127":-0.13311890833237183,"128":-0.1584232794616336,"129":-0.01645003365878528,"130":0.04349053191326324,"131":0.04349053191326324,"132":0.00318792644233179,"133":-0.1746848001632706,"134":0.16613404922498543,"135":0.3182307409613967,"136":0.3331139145122326,"137":0.11761713472700985,"138":-0.07876623037656127,"139":0.5385890762220322,"140":-0.008744876097782184,"141":-0.3715697339103776,"142":0.03958956776298983,"143":0.13938361713899394,"144":-0.5045339104265021,"145":0.14138002528871518,"146":-0.5104953197497881,"147":-0.20943449008979398,"148":-0.2735755142892412,"149":0.028798750481341617,"150":0.7043445953266791,"151":-0.40737209784564454,"152":-0.09546895226578322,"153":-0.1652881467383841,"154":-0.07528234294079028,"155":0.008346641346045236,"156":0.11721782714242757,"157":0.287095262862064,"158":0.4620360659955154,"159":0.06177934018147968,"160":-0.5216839521766574,"161":0.0023530808970899653,"162":-0.1087852634962686,"163":0.029710160517541384,"164":0.0725415626663275,"165":0.052861853907938516,"166":0.06515908136461612,"167":0.02273118212127495,"168":0.35034645379837315,"169":0.2131125818029156,"170":0.13694762942229743,"171":-0.08966341395657818,"172":0.32332938673165224,"173":0.6728902645572428,"174":0.37631213987470535,"175":0.04433652119576004,"176":0.2587303485004986,"177":0.2917826189587518,"178":0.353180370835934,"179":0.23862072221933395,"180":0.1522512499970622,"181":0.20753105727924337,"182":0.3734418635974545,"183":0.2844871590872866,"184":0.23946109453012387,"185":0.2122422230233767,"186":0.5812701083743455,"187":0.4206953961089558,"188":0.4458439856525598,"189":0.6902237236879551,"190":0.34685091115298206,"191":0.34377812517659057,"192":0.8343537937383507,"193":-0.008409969574918685,"194":-0.04914494611945752,"195":-0.23113113068891078,"196":0.5804494892993375,"197":0.30054157702615614,"198":0.06659207386970944,"199":0.730439288535129,"200":0.4343263080543721,"201":-0.07847097449758245,"202":-0.07847097449758245,"203":0.19835629287041834,"204":0.08086634818487837,"205":0.319065417599181,"206":0.20017569765976395,"207":0.006649169749624706,"208":0.2697339250115828,"209":0.11277329153689,"210":0.11026696584848927,"211":0.19315466139332338,"212":0.0646941720414429,"213":0.13731597186173689,"214":0.2600112886045428,"215":0.22792442943581392,"216":0.23134000909418106,"217":0.48675491377584246,"218":0.5730465739780792,"219":0.4225650725301444,"220":0.064193464842206,"221":0.07741596131105677,"222":0.2481236625390546,"223":0.28639517954527405,"224":0.30753182432108384,"225":0.27499113737484077,"226":0.15817026730643846,"227":0.4150910722623089,"228":0.29371675862484936,"229":0.13314987999422367,"230":0.187165841695476,"231":0.2575450461297505,"232":0.05716812435266916,"233":0.4623132299367819,"234":0.2543843977805518,"235":0.31751755426543626,"236":0.31970310100410937,"237":0.3676453439567607,"238":-0.25007404060417304,"239":0.16866570397228886,"240":0.16866570397228886,"241":0.10326571860399092,"242":0.06590369184739478,"243":0.29794143836760967,"244":0.09318945861598271,"245":-0.06732824689301736,"246":0.006653923927494559,"247":0.021411808393403828,"248":0.07076535597053318,"249":-0.08624342339257754,"250":-0.13767220994628537,"251":0.1425101423073978,"252":0.0727436040295635,"253":-0.04950386920742905,"254":0.04260784006925174,"255":-0.019246742464491234,"256":-0.019246742464491234,"257":0.010395028108541648,"258":0.010395028108541648,"259":0.026134987536551413,"260":0.026134987536551413,"261":0.09139394115332711,"262":0.0014966773558321433,"263":0.36354530098975746,"264":0.06100963310744045,"265":0.13806391918843186,"266":-0.1590048524612761,"267":-0.062386355221395684,"268":-0.062386355221395684,"269":-0.062386355221395684,"270":0.21028762663339795,"271":0.21028762663339795,"272":-0.46460337878337954,"273":-0.08289919351292657,"274":-0.3488473907486244,"275":-0.5980149465437979,"276":-0.016427765295056407,"277":-0.22368808292983777,"278":-0.25027240651777993,"279":-0.409917317689232,"280":-0.44323092650639506,"281":-0.043673473271136826,"282":0.011154416199592149,"283":-0.21233711301444264,"284":-0.04568228095540741,"285":-0.03786693131016289,"286":-0.15546568268810929,"287":-0.00944443813750065,"288":0.3749750756352422,"289":0.19367440748946502,"290":0.3903094079659794,"291":0.10604323339860056,"292":0.2382960241523775,"293":0.07885096215044596,"294":-0.0008353126555873669,"295":0.005341540803068978,"296":0.05087230889408706,"297":-0.23077481963217353,"298":-0.11108103197743033,"299":0.06099716544102307,"300":0.14839666161338588,"301":0.43077728479247834,"302":0.23198362948158507,"303":0.1771914281276774,"304":0.1701294292135913,"305":0.32141758762124467,"306":0.1701294292135913,"307":0.007912855479682401,"308":-0.046436661459194645,"309":-0.09344648199080774,