{"1":0.008794705776855039,"2":0.005658391699048948,"3":0.03749440541306104,"4":0.18873229202103747,"5":0.064057366730703,"6":0.019421751671471154,"7":0.0028873406012563524,"8":0.00999562779950866,"9":0.00999562779950866,"10":0.018640353586364698,"11":0.018640353586364698,"12":-0.004798761531533698,"13":-0.004798761531533698,"14":-0.0013156008808626555,"15":-0.0013156008808626555,"16":0.027207081614798387,"17":0.027207081614798387,"18":0.027207081614798387,"19":0.009179365079552524,"20":0.009179365079552524,"21":-0.023336755628840786,"22":-0.023336755628840786,"23":0.38592851677394957,"24":0.7860981092365612,"25":0.392841173973965,"26":-0.020499025351556593,"27":0.6673462660285928,"28":0.3169367267851083,"29":0.24503298222392694,"30":0.15660667090259028,"31":0.03799224928387042,"32":0.021121297556547965,"33":0.04400371973880802,"34":0.001113659864103403,"35":0.011319170603798202,"36":0.015072966672820966,"37":0.01714636465980841,"38":0.13367845259886038,"39":0.049247502017271114,"40":0.05907332040201913,"41":0.012109403090932065,"42":0.07362937708972299,"43":0.06718693169073092,"44":0.1988299844722598,"45":0.015618968218471738,"46":0.03923079341976879,"47":0.024065616945742094,"48":0.032369856302356254,"49":0.014582200347038367,"50":0.014582200347038367,"51":0.032369856302356254,"52":0.032369856302356254,"53":0.06173391911629252,"54":0.06173391911629252,"55":0.0023550966558802625,"56":0.045764577005456816,"57":0.11936003996130128,"58":0.05299090500741413,"59":0.10769169490405398,"60":0.00780811871376106,"61":0.10197051023208187,"62":0.0820483438075661,"63":0.143817489913127,"64":0.03974836471605321,"65":0.09586153111070138,"66":0.017770103291170243,"67":0.03559490916907984,"68":0.013495098560550058,"69":-0.0391426064782093,"70":0.0160770445131342,"71":0.0014810223470656178,"72":0.03242178605167807,"73":0.03813940477905243,"74":0.03248466348220367,"75":-0.009398396491258787,"76":0.018803412246252545,"77":0.014324143335938178,"78":0.024832757347154177,"79":0.02458386980533475,"80":0.03364007199802459,"81":-0.01746556688965177,"82":-0.0006074403975598885,"83":-0.01071822726183426,"84":0.12895898106557147,"85":0.042081784645884496,"86":-0.039496999451345965,"87":-0.039496999451345965,"88":-0.017184728120497594,"89":-0.017184728120497594,"90":-0.011809032381039142,"91":-0.005930067079674207,"92":-0.001978642483603174,"93":-0.01571103314026545,"94":-0.0282153374950964,"95":-0.0047570314607224985,"96":-0.018050473437304572,"97":-0.019529141468204343,"98":-0.012634760168322344,"99":0.5576388870163581,"100":0.5080418658490421,"101":0.11369198289917036,"102":0.1173836973908477,"103":0.1517022411471528,"104":0.14617805287771082,"105":0.11805903079598383,"106":0.14750891979799538,"107":0.20353442223473095,"108":0.21267499701530013,"109":0.27208919251200897,"110":0.5280678641004203,"111":0.3169839070628099,"112":0.2573311221696141,"113":0.37505133334969126,"114":0.9700588372664936,"115":0.4461497716122409,"116":0.43870838040686294,"117":0.7589613445761053,"118":0.6174653795516576,"119":1.0670383461005364,"120":0.3676814360896276,"121":0.4631990950094429,"122":0.6966969203395853,"123":1.0887513024469784,"124":4.87014691142894,"125":0.5662024540003942,"126":0.5662024540003942,"127":0.3663197814443562,"128":0.7724659137774487,"129":0.1184880743990323,"130":0.5662024540003942,"131":0.5662024540003942,"132":0.019307394925987487,"133":-0.00020342564591962695,"134":0.025695094860274274,"135":0.012395671167190574,"136":0.008067096635650757,"137":0.005638037974728782,"138":0.014627257948122342,"139":-0.0011337782159136119,"140":0.01740525420558803,"141":0.037628605242191165,"142":-0.0010415436090358034,"143":0.016935301736327235,"144":0.0025807242979083538,"145":0.014979151435033637,"146":0.021995750762537403,"147":0.004390279758777992,"148":0.004864372362816317,"149":0.0063675123961566445,"150":0.0141395604308823,"151":0.0012938519542232008,"152":0.0052418373003031695,"153":0.00825325940641974,"154":0.011829529526408063,"155":0.0024937637123731114,"156":0.01876742600673572,"157":0.005714602159001832,"158":0.11142849093291628,"159":-0.003993929156063404,"160":0.005762236160245997,"161":0.011381413928895263,"162":0.022579932151682473,"163":0.04408632699127869,"164":0.0308495835415184,"165":0.08671714298966593,"166":0.06929850194153665,"167":0.07496236592477526,"168":0.18198642516051178,"169":0.05821317891592498,"170":0.14180962648057044,"171":0.08079874955914451,"172":0.05921407481147797,"173":0.08745951025422853,"174":0.11563512531475169,"175":0.10809705727427868,"176":0.008924639502893626,"177":0.10329423580280235,"178":0.05977578193867028,"179":0.055046909556997106,"180":0.01131338800537196,"181":0.020929049895981492,"182":0.054125852684950834,"183":0.01875121100378888,"184":0.042145932787336214,"185":0.06831447898860882,"186":0.04890899324499872,"187":0.05295207524213873,"188":0.04665780527156284,"189":0.031097406577954175,"190":0.04216060065798143,"191":0.048277173773195174,"192":0.08448465678508105,"193":0.04622821861746745,"194":0.04190376923905806,"195":0.048434233320160634,"196":0.07796221593673183,"197":0.08641063067132794,"198":0.2706117987347926,"199":0.17251248886857073,"200":0.20452575726836375,"201":0.0043584902559424335,"202":0.0043584902559424335,"203":0.014742392757781348,"204":0.013126006318292152,"205":0.013783888753632748,"206":0.015593576575168196,"207":0.00858415322575363,"208":0.020104040404856166,"209":0.015480774533055339,"210":0.006331914460793497,"211":0.020383264648528732,"212":0.020081969002383286,"213":0.01690832741853698,"214":0.010930639585188747,"215":0.02386502457085489,"216":0.025879326740999395,"217":0.01763712755106934,"218":0.032501261685791885,"219":0.008937674542189734,"220":0.010786793798936534,"221":0.007808026335765307,"222":0.04529371250502917,"223":0.032019921128557324,"224":0.03432166798516545,"225":0.04115064568324272,"226":0.025260372140682642,"227":0.021350566987759292,"228":0.008423565420958913,"229":0.027414906597475863,"230":0.03395765776431098,"231":0.015766521554916736,"232":0.013544052472018476,"233":0.03201660758579242,"234":0.037243893549748344,"235":0.0435158901077837,"236":0.06317936251455515,"237":0.02851506294263727,"238":0.03021397988566665,"239":0.008541756646256327,"240":0.008541756646256327,"241":0.40444763006119167,"242":0.6253397554771243,"243":1.313327194146195,"244":0.33322097857265326,"245":0.4505503833788001,"246":0.16878194797716373,"247":-0.03675126238785623,"248":0.07121203563100208,"249":0.015448522040841246,"250":0.003902568790730511,"251":0.01116666283808359,"252":0.05762957038450954,"253":0.0065011291111975195,"254":-0.011730305753811896,"255":0.014179607362273285,"256":0.014179607362273285,"257":0.05467030272133036,"258":0.05467030272133036,"259":0.013265330278665374,"260":0.013265330278665374,"261":0.022824106030874244,"262":0.030863400254875717,"263":0.021617846176774015,"264":0.012567242525122601,"265":0.14011543686911096,"266":0.0023848518743798675,"267":0.04153298979290507,"268":0.04153298979290507,"269":0.04153298979290507,"270":0.01622112852997523,"271":0.01622112852997523,"272":0.027212063368354703,"273":0.25808561617052134,"274":0.36914514910082374,"275":0.0034115066811195825,"276":0.007711175775658082,"277":0.38943796934748576,"278":0.12434297325539773,"279":0.05677505136658128,"280":0.06974725742136789,"281":0.0010112379513662062,"282":0.02046518899874131,"283":0.04917058190781695,"284":0.10805943466011873,"285":0.060058210265334096,"286":0.01275421011096205,"287":0.04953484868350168,"288":0.037379036373132266,"289":1.0217924116987074,"290":2.2014253499836753,"291":1.3889298823305822,"292":0.7841578539856162,"293":0.10985549389282286,"294":0.3309082008030991,"295":0.016654218089285078,"296":0.10618291555582525,"297":0.07291066963412893,"298":0.10467726939088434,"299":0.2112133530630451,"300":0.08188802654757261,"301":0.10352382828888378,"302":0.08939012600499695,"303":0.09030913647595315,"304":0.10616677066908667,"305":0.051067541043826783,"306":0.10616677066908667,