{"1":-0.00733783387144115,"2":-0.008154861161089958,"3":-0.008532423208191127,"4":0.006787023211619384,"5":0.00011476729075045062,"6":-0.0054347404135061065,"7":-0.008973143822477297,"8":-0.008236304597346216,"9":-0.008236304597346216,"10":-0.013518208446463035,"11":-0.013518208446463035,"12":-0.03130149267174388,"13":-0.03130149267174388,"14":-0.006400012601637922,"15":-0.006400012601637922,"16":0.00042924165876146613,"17":0.00042924165876146613,"18":0.00042924165876146613,"19":0.0019192863075383876,"20":0.0019192863075383876,"21":-0.012821148508403622,"22":-0.012821148508403622,"23":0,"24":0.001614378738879007,"25":0,"26":-0.002238263107828325,"27":0.0013029441003950593,"28":-0.002329563323355037,"29":0.0012377685075373812,"30":-0.002783925613507607,"31":0.005798176529190759,"32":-0.005408280076797577,"33":0.001396846631339251,"34":0,"35":-0.02159428857944157,"36":-0.025516006576088084,"37":-0.010018285971365302,"38":-0.030472228869564355,"39":-0.02697197675589812,"40":-0.0017875369595974824,"41":-0.03845445146411747,"42":-0.0212257758723489,"43":0.001201509878634214,"44":0.016551426722486738,"45":-0.015045028775663324,"46":-0.03271447604500273,"47":0.01249418573104899,"48":-0.00005149677738789174,"49":-0.021798028504280188,"50":-0.021798028504280188,"51":-0.00005149677738789174,"52":-0.00005149677738789174,"53":-0.0032465610672357675,"54":-0.0032465610672357675,"55":-0.03220345699845624,"56":0,"57":-0.002151092755119601,"58":0,"59":-0.0034720309989595237,"60":0.0032838952845845888,"61":0.018216675429409634,"62":-0.004381122618859857,"63":0,"64":0,"65":-0.005044717351048831,"66":-0.00783185196848762,"67":0.0025645912442430084,"68":-0.0024577462633803356,"69":0.009408317707575435,"70":-0.006091825410086491,"71":-0.02285710481179068,"72":0.006527309710646544,"73":-0.012130896556916912,"74":0.0010585518959428369,"75":-0.002076175869240625,"76":-0.0030499561263168376,"77":-0.0045772276386082614,"78":0.005033554595098658,"79":0.008303661985341975,"80":-0.00043062217489406654,"81":-0.010302592290744986,"82":0.0010623518097858733,"83":0.0013212374242170212,"84":0.0014839410768913057,"85":-0.006834494714842173,"86":0.005490242040249515,"87":0.005490242040249515,"88":-0.007211635228989009,"89":-0.007211635228989009,"90":-0.014872174742458277,"91":-0.05599224608668982,"92":-0.014305462342373648,"93":-0.009505584165665014,"94":-0.02730300879156883,"95":0.001793881068243658,"96":-0.017922780022455034,"97":-0.012530949019962422,"98":-0.015336054535650574,"99":0.008885261664393435,"100":0.006480675228901091,"101":-0.012113559878075986,"102":-0.00919743204806139,"103":0.006010072579631476,"104":-0.0018273115649057974,"105":-0.004197481883623824,"106":-0.0006929138315043149,"107":-0.0011697223213544125,"108":-0.009540558472171128,"109":-0.0011875772706447288,"110":-0.009363679494753847,"111":-0.009139295744343003,"112":-0.01668145226916304,"113":-0.011159235634529035,"114":-0.07682853148874105,"115":-0.006573263553383085,"116":-0.002683064083622717,"117":-0.021931345075162072,"118":-0.026440083671849607,"119":-0.01953364036657663,"120":-0.0215128443549413,"121":0.0030047282251963042,"122":-0.03586154439474379,"123":-0.0024860553369281495,"124":-0.01257652996285967,"125":-0.007851817981986876,"126":-0.007851817981986876,"127":-0.014749578592758323,"128":0.00056367629000806,"129":-0.0028561903296781166,"130":-0.007851817981986876,"131":-0.007851817981986876,"132":0.007567281322297741,"133":-0.014147228138047573,"134":-0.0025524833725891157,"135":-0.007856487636627387,"136":0.002818706065918609,"137":0.0019339066504356632,"138":-0.003465770058950584,"139":-0.010167877705191532,"140":0.003415245133801665,"141":-0.007389917576029808,"142":-0.026897917295187188,"143":-0.008391272758677175,"144":-0.009265136738412524,"145":-0.005050085759357756,"146":-0.019392356334460438,"147":-0.012873152861632344,"148":0.00007482692292547048,"149":-0.0015560956139448667,"150":-0.007008878941690557,"151":-0.0042517525143682695,"152":-0.005873904205296883,"153":-0.017312999471897118,"154":-0.0049617451759883125,"155":-0.0016243040189775886,"156":-0.002102900706195452,"157":-0.021319089086704004,"158":-0.010356307038844218,"159":-0.008277282882555847,"160":0.0007776872270691313,"161":-0.014438932464134269,"162":-0.0006146451499887827,"163":-0.014060216400800758,"164":-0.02422406495486451,"165":-0.007538380755813651,"166":-0.011594246251431467,"167":-0.007986111184236026,"168":-0.002292011718755941,"169":-0.004228463904774993,"170":-0.006888366288817395,"171":-0.003690287451825942,"172":-0.00925884238231876,"173":-0.004400061240787833,"174":-0.009998918032300878,"175":-0.017214289888887527,"176":-0.006587609055921019,"177":-0.0046835433493922825,"178":-0.024651671508088713,"179":-0.002955058508710303,"180":-0.007287754460556642,"181":-0.006459586215093994,"182":-0.002960885911014437,"183":-0.002416503434689103,"184":-0.004113459554939978,"185":-0.004368140453058963,"186":-0.005241155209196786,"187":-0.005710952024300758,"188":-0.009070010329798251,"189":-0.004917697108837259,"190":-0.003058779097174945,"191":-0.006617419461961047,"192":-0.01522031712224679,"193":-0.007430894486595976,"194":-0.00647421034209278,"195":-0.005091346658970343,"196":-0.01681136997252399,"197":-0.024370749516306432,"198":-0.007896669249932518,"199":-0.015387523706998843,"200":-0.008527505482391305,"201":-0.012981401557556083,"202":-0.012981401557556083,"203":-0.0046687797243634005,"204":-0.013880682907801544,"205":0.001078167115902965,"206":-0.0018419773524871647,"207":-0.001579230908105357,"208":-0.013523757968328328,"209":-0.007571194830565387,"210":-0.002011895378895869,"211":-0.003915324978404956,"212":-0.003074040876973598,"213":-0.00442725630979437,"214":-0.007416384228956616,"215":-0.010245772317028742,"216":-0.008332886767626398,"217":-0.00008620041205054964,"218":-0.010507432822423798,"219":0.0006990310303678314,"220":-0.009305850071338394,"221":-0.006895931752088172,"222":-0.008082000719083621,"223":-0.006360733521292956,"224":-0.01879167032311664,"225":-0.000916024314317916,"226":-0.007414377042324612,"227":-0.011670422283311083,"228":-0.012776953201200347,"229":-0.010610026362786575,"230":-0.011712896766500261,"231":-0.006824444860586976,"232":0.0007969090589517989,"233":-0.0017052862138535341,"234":-0.008029959968817842,"235":-0.007484970674744309,"236":-0.01244568064361145,"237":-0.010894595196870133,"238":-0.010912400703353827,"239":-0.011283197288411873,"240":-0.011283197288411873,"241":-0.009815469179426776,"242":-0.0029507229271171437,"243":-0.0015466843549160926,"244":-0.027382785037106998,"245":-0.010981770261366132,"246":-0.026659557451346308,"247":-0.00547309342248955,"248":-0.03345333260034147,"249":-0.012320581531448284,"250":-0.006464750945469826,"251":-0.008240626287597858,"252":-0.02390343014222541,"253":0.002225165279728821,"254":0.0066706690681075315,"255":0.005423605098640364,"256":0.005423605098640364,"257":-0.011975869616002218,"258":-0.011975869616002218,"259":0.009039730952250857,"260":0.009039730952250857,"261":-0.0082158217179003,"262":-0.004777808348951704,"263":-0.016820598566196544,"264":-0.001754883928577373,"265":-0.008730537444681058,"266":-0.004659723678385872,"267":-0.00810987640832941,"268":-0.00810987640832941,"269":-0.00810987640832941,"270":-0.0007709095316303424,"271":-0.0007709095316303424,"272":0.005286110744020087,"273":-0.03632137149498765,"274":-0.016262304680238992,"275":0.024175514233334004,"276":-0.007110602539846722,"277":0.0034268390427913686,"278":-0.006731644204161134,"279":0.004735184790586453,"280":-0.011458959467735298,"281":-0.0012413075774839197,"282":-0.05657530802112145,"283":-0.013247298093505775,"284":-0.0075123378007998145,"285":-0.00019647288872214584,"286":-0.021539787063819312,"287":-0.006856073510336059,"288":0.007460459564309161,"289":-0.011770013372407413,"290":0.0011552279842426904,"291":-0.008597501811616453,"292":-0.01210794400208959,"293":-0.01605867603161035,"294":-0.027508850458476848,"295":-0.03214944414030131,