{"1":-1.7173331928845719,"2":-5.564891464711211,"3":-1.9859453841870622,"4":-0.7872780018947168,"5":-0.9979817493551337,"6":0.12713117160313347,"7":-0.31568517533005214,"8":-2.70807644543543,"9":-2.70807644543543,"10":-2.5312070221120377,"11":-2.5312070221120377,"12":-3.0327465344640485,"13":-3.0327465344640485,"14":-4.00530498691219,"15":-4.00530498691219,"16":-0.4762392484278355,"17":-0.4762392484278355,"18":-0.4762392484278355,"19":-0.04307173209909765,"20":-0.04307173209909765,"21":-0.1732218402115624,"22":-0.1732218402115624,"23":-0.04248079266771332,"24":-1.4188210110044732,"25":-0.28387779779936995,"26":-0.4891225169833645,"27":-0.15121720955219015,"28":-0.09015810535845198,"29":-0.28634925159547575,"30":0.06528855539539546,"31":0.8456882751391499,"32":0.4790331348513731,"33":-0.09646490299784044,"34":-0.06986132975032833,"35":-3.933048886415019,"36":-1.376462000697783,"37":-1.3203079673649456,"38":-1.1399281765552631,"39":-0.5747661914818356,"40":-0.4357126833608498,"41":-0.8518446925321075,"42":-4.299369410316978,"43":-0.9267343014213418,"44":-0.9254224843117607,"45":-2.180320806472689,"46":-1.6669049789768977,"47":-2.314517696081708,"48":-1.1426841609676264,"49":-1.8083820835730606,"50":-1.8083820835730606,"51":-1.1426841609676264,"52":-1.1426841609676264,"53":-1.9576606014317488,"54":-1.9576606014317488,"55":-0.2732916421116083,"56":-0.23680418896615207,"57":-0.3532654712852068,"58":-0.031144371131151483,"59":0.2368272801119509,"60":0.09084740928659119,"61":0.11134005196558228,"62":-0.28056037994121774,"63":-0.6055911493697234,"64":0.12730488428428932,"65":-0.5887135757392494,"66":-0.005128982260761861,"67":0.4686238473548059,"68":-0.7388687504877955,"69":0.02692521778944812,"70":-0.5996005165602867,"71":-0.40253941400366666,"72":-0.021220627263573766,"73":-0.4209689688817688,"74":-0.6419385217770597,"75":-1.8179082027700932,"76":-0.73900046835718,"77":-0.4027635128123539,"78":-0.6630570775197893,"79":-0.4007406793017043,"80":-1.1895401294988805,"81":-0.36909057371654663,"82":-0.8923336022465906,"83":-2.5687321037716213,"84":-0.5706773956509075,"85":0.6926885311775324,"86":-1.1958957798660994,"87":-1.1958957798660994,"88":-0.5927589418666752,"89":-0.5927589418666752,"90":0.07511859806193799,"91":-0.38783162859585496,"92":-0.39245645371939464,"93":-0.5647494660817314,"94":-0.8266558334847292,"95":-1.0052557612032365,"96":-0.41939542245170935,"97":-0.3674015655333396,"98":-0.7850704985896624,"99":0.621952792523397,"100":0.6331562147648058,"101":-0.2996042562492902,"102":-0.14567590965514032,"103":0.13205463757649283,"104":-0.023854933463287376,"105":0.3703106182205278,"106":-0.2932419112507876,"107":-0.16862929427559026,"108":-0.7932787192347479,"109":0.08153093321640825,"110":-0.30166392730107283,"111":-0.6924373542641569,"112":-0.41717804481003706,"113":-0.20507815644531902,"114":-0.049689933722509405,"115":-0.5379002118116378,"116":-0.23576364901793112,"117":-0.5828780012428287,"118":-0.7817566668311704,"119":-0.2758878213380318,"120":-0.4602402743616385,"121":-0.07200766469540731,"122":-0.26977607038943874,"123":-0.2481194114401737,"124":-0.5744170182315163,"125":-0.17619185185384612,"126":-0.17619185185384612,"127":-0.13822994511411224,"128":-0.28286910452491276,"129":-0.15931461976816863,"130":-0.17619185185384612,"131":-0.17619185185384612,"132":-0.21959842469326007,"133":-0.5291945788397321,"134":-0.8646760329922754,"135":-0.4139398525589941,"136":0.8750282077402072,"137":-2.139687874387658,"138":-0.8508191538500143,"139":1.1654380452340731,"140":-0.005641259878019778,"141":-0.5040556187451521,"142":-0.4201734870716387,"143":-1.0785358449317797,"144":-1.010348802915943,"145":-0.6785742211458685,"146":-0.3715687227960678,"147":-0.11705863377457248,"148":-0.5619555889754974,"149":-0.009020247335854936,"150":2.332911469436556,"151":0.21446011502923623,"152":-0.077560149509184,"153":-0.7714657650182248,"154":-1.0139899424262526,"155":-1.2347402584600018,"156":-1.2587460785598457,"157":-0.7224481084032897,"158":-0.9438553515802784,"159":0.17373088400632142,"160":-3.027998373023352,"161":-0.21669497544274652,"162":-0.9724279670033897,"163":-0.5988985932486728,"164":-0.4628509122732949,"165":-0.2756791515068917,"166":-1.0395573873805146,"167":-0.6195908631040081,"168":0.2774111326644806,"169":0.04463368825777514,"170":-0.37292515924183833,"171":-0.08277740142791612,"172":0.21850224817545016,"173":-1.1419009208912245,"174":-0.6951629174307254,"175":-1.6140577418186166,"176":-0.5768566499719476,"177":-0.5937938432872705,"178":-1.1647135493608092,"179":-2.254605473351835,"180":-0.34605182925337413,"181":-0.18854107033275302,"182":-0.15266908375478194,"183":-0.40568343830278275,"184":-0.3554795688667029,"185":-0.8205394502780208,"186":-0.3869807688495155,"187":-0.3129148863911345,"188":-0.8508386530654869,"189":-0.4496149716265816,"190":-0.27210258110767616,"191":-1.1536799088896128,"192":-2.5106001149996784,"193":-0.8391350776900603,"194":-1.9919353310821903,"195":-1.383845118506519,"196":-0.9836424775228112,"197":-2.8917834251964245,"198":-2.462012248726798,"199":-0.07430783825304221,"200":-0.18676274549860394,"201":-0.13032444114337016,"202":-0.13032444114337016,"203":-0.5408788918422696,"204":-0.6118133196379362,"205":-0.37749655982794417,"206":-0.7711041263911633,"207":-0.9144207806362226,"208":-0.4133044123283326,"209":-0.5930029579678822,"210":-1.0872152257833174,"211":-0.2431561231472889,"212":-0.663602223683564,"213":-0.49811320098115097,"214":-0.6093654197957168,"215":-1.025124546875279,"216":-0.554356014527748,"217":-0.6465575520755481,"218":-0.7658331721013782,"219":-0.9072672589498836,"220":-0.8318950517016439,"221":-0.8747908516308525,"222":-1.6839784382988907,"223":-0.32582295507495107,"224":-1.560532814684635,"225":-2.125669851676572,"226":-0.6721739012263115,"227":-0.6676852709290255,"228":-0.7752669144280581,"229":-1.1965332195742542,"230":-0.5184938670207975,"231":-0.6437671943006541,"232":-0.199209421413876,"233":-1.158463964782071,"234":-0.7625467189867848,"235":-1.2706179088023797,"236":-0.8323538010470621,"237":-1.2087661356467843,"238":-5.222003143039501,"239":-1.087097186726366,"240":-1.087097186726366,"241":-0.30287525310769636,"242":-0.15054507095803493,"243":0.007975331299721722,"244":0.3815615529843668,"245":-0.3759943873694158,"246":-0.6936519742909251,"247":-0.27653520341691745,"248":-0.758973309108326,"249":-0.13492724756213068,"250":-0.6944969897019032,"251":-1.2094533338583198,"252":0.44798143713681965,"253":-0.5869219637653005,"254":0.10248614628005404,"255":-0.39690061705609503,"256":-0.39690061705609503,"257":-0.14430232478971222,"258":-0.14430232478971222,"259":-0.021361232923773343,"260":-0.021361232923773343,"261":0.12282382733031105,"262":0.9432918908130747,"263":0.6318233153058865,"264":-0.7184262789674509,"265":0.8954541712171946,"266":-0.19403045149928633,"267":-0.35645596851944983,"268":-0.35645596851944983,"269":-0.35645596851944983,"270":-0.6164297287261191,"271":-0.6164297287261191,"272":-3.2486284618544934,"273":0.24301556782343747,"274":-2.3058875405365913,"275":-0.006237008877899797,"276":-2.07508897611115,"277":-3.217045916340181,"278":-1.4791272551221564,"279":-1.8457711006591406,"280":-1.7123772803303243,"281":-0.13278154532538894,"282":-0.09307574955861075,"283":-0.02159614490085726,"284":-0.1961396193664835,"285":-0.25887064526104653,"286":-0.4784810222797081,"287":-1.434714245776489,"288":0.3275727640262426,"289":0.34153152867472825,"290":0.5137279939519199,"291":-0.5184422108683999,"292":-2.418555679759523,"293":-1.6839026901186607,"294":-1.0252299816713801,"295":-0.7904961826629828,"296":-0.06738962356945871,"297":-0.24876626799290513,"298":-1.0278710932239412,"299":-0.43153844686005904,"300":-1.3119008179209286,"301":1.0529856012354848,"302":-1.954215052577259,"303":-0.21802569848192954,"304":-0.7299645419239962,"305":-0.4463903289595845,"306":-0.7299645419239962,"307":-0.6405344455456643,"308":-1.3464718533411721,"309":-1.515000883308555,"310":-1.2162206795725945,