{"1":-0.33919414891041333,"2":-1.1728157317896963,"3":-0.33683924827095185,"4":-0.09109090836943459,"5":-0.414165788339456,"6":-0.011592191684731912,"7":-0.12931574269718532,"8":-1.056095380250432,"9":-1.056095380250432,"10":-0.2773736941451044,"11":-0.2773736941451044,"12":-0.2886810984550393,"13":-0.2886810984550393,"14":-0.6002822735592899,"15":-0.6002822735592899,"16":-0.1675785263534727,"17":-0.1675785263534727,"18":-0.1675785263534727,"19":0.05100654362677977,"20":0.05100654362677977,"21":0.03456820391131643,"22":0.03456820391131643,"23":0.04607856454931139,"24":-0.1926696655022194,"25":-0.2062218373673562,"26":-0.19106322609303916,"27":-0.0483271917348444,"28":-0.08870011415817367,"29":0.08060131306548668,"30":-0.0458120811052844,"31":0.511354380122701,"32":0.2151310944831209,"33":-0.047746165375948224,"34":-0.006502040086509342,"35":-0.5603870622737412,"36":-0.5061699191832608,"37":-0.2982831947708968,"38":-0.3363800804244167,"39":-0.6059087468759754,"40":-0.08009027580329231,"41":-0.27270485980547,"42":-1.5597313209119128,"43":-0.2807608361337566,"44":-0.3935039146057376,"45":-0.6135199039325372,"46":-0.4578695012320959,"47":-0.7047928955202927,"48":-0.43749125295508273,"49":-0.422875637585157,"50":-0.422875637585157,"51":-0.43749125295508273,"52":-0.43749125295508273,"53":-0.6474289051941196,"54":-0.6474289051941196,"55":-0.11822406787564987,"56":0.0028724279194391744,"57":-0.2257467497172005,"58":-0.054352071607006835,"59":0.04139725105487431,"60":0.1310653441667481,"61":0.0031720359177608848,"62":-0.0488120296212442,"63":-0.427253610301919,"64":0.046372725784012,"65":-0.4976038736363356,"66":0.039026069166695654,"67":0.3105649530653426,"68":-0.008646517974240653,"69":0.15839746405446398,"70":-0.13480102764550184,"71":-0.00884875510154337,"72":0.1255392793256379,"73":-0.20597937699030483,"74":-0.19398169081298788,"75":-0.3154785866759371,"76":-0.3321828522100829,"77":-0.22567448244618443,"78":-0.15193034420137264,"79":-0.10318912842907746,"80":-0.4873686045972111,"81":-0.2487188557583782,"82":-0.3668827734281689,"83":-1.3888685374932734,"84":-0.09438843359377824,"85":0.27525134357526965,"86":-0.5865594776685886,"87":-0.5865594776685886,"88":-0.2717354739000195,"89":-0.2717354739000195,"90":0.07287418736062634,"91":-0.15307539919491553,"92":-0.06532223077784582,"93":-0.2645228088303364,"94":-0.41097409807131247,"95":-0.44363228928085463,"96":-0.15048586330830682,"97":-0.17055082308537728,"98":-0.3763716776282952,"99":0.43594973720428104,"100":0.3179810256103226,"101":0.07809611974488939,"102":0.04171301183469206,"103":0.1944987902102841,"104":-0.03865694695298727,"105":0.065378045597833,"106":-0.0718482876986154,"107":0.02119416907436783,"108":-0.4245874115384447,"109":-0.03776646502321529,"110":-0.12377840777090388,"111":-0.2554073444225366,"112":-0.21011569367940125,"113":-0.018152461949885346,"114":-0.0842335822872769,"115":-0.09768878294842276,"116":-0.10872283970044705,"117":-0.15951614702420952,"118":-0.17584355234218574,"119":0.0015774707787250541,"120":-0.10179292690538788,"121":0.022960176279204436,"122":-0.10983873647948184,"123":0.035460280187934456,"124":-0.19290191274534707,"125":-0.03750616583670957,"126":-0.03750616583670957,"127":0.09875989660824747,"128":-0.08634520899039078,"129":-0.06484409367569993,"130":-0.03750616583670957,"131":-0.03750616583670957,"132":-0.03879269924119594,"133":-0.03223361750310877,"134":-0.08065005682561022,"135":-0.20769587712862336,"136":0.25308637168774306,"137":-0.6161791519615394,"138":-0.12188761469761644,"139":0.34974670261040763,"140":0.078269460297833,"141":0.0009556122330242056,"142":0.143955991691753,"143":-0.031240712958764294,"144":0.012928425629340323,"145":-0.19125315951279293,"146":-0.03186480258675717,"147":0.23779419537409674,"148":-0.16950540244293696,"149":-0.013075464630651956,"150":0.6879526615516449,"151":0.1262940303362502,"152":-0.05657595310959879,"153":-0.20662787026329857,"154":-0.22021235474271056,"155":-0.07280460467716093,"156":-0.24130894404608605,"157":-0.12820032077933297,"158":-0.2678793235858372,"159":0.3816352333896579,"160":0.14115640600207335,"161":-0.07526817206556263,"162":-0.14740971750809737,"163":-0.21641497493687362,"164":-0.06248069224241548,"165":-0.046221196364972045,"166":-0.30069403872618317,"167":-0.22482190218054882,"168":0.10813509174506758,"169":-0.01895949624877752,"170":-0.14132345153916367,"171":-0.07437268680448017,"172":-0.06238768263760641,"173":-0.4070723607994683,"174":-0.18066670437534105,"175":-0.33253168162360935,"176":-0.15515671451035606,"177":-0.27762850244663895,"178":-0.35775238788981123,"179":-0.7121875990459601,"180":-0.10045984065706776,"181":-0.08145728620075914,"182":-0.12234091091282417,"183":-0.1035685123943382,"184":-0.1274764264437378,"185":-0.2410412116842158,"186":-0.14542598328031503,"187":-0.14206227900589125,"188":-0.18342052118491392,"189":-0.14007241641263177,"190":-0.10892017512617697,"191":-0.3885132815605924,"192":-0.8901435546812428,"193":-0.1594244977516259,"194":-0.4820351826195178,"195":-0.3742263126101633,"196":-0.3292981781834542,"197":-0.640063831118409,"198":-0.1533372141204694,"199":-0.067198635712301,"200":-0.18301532874556503,"201":0.16484696286637862,"202":0.16484696286637862,"203":-0.17770017557890305,"204":-0.15874476234993487,"205":-0.10532356825820578,"206":-0.1155183395016268,"207":-0.19630286138635197,"208":-0.16609346533312502,"209":-0.19776960487617218,"210":-0.22545700501425564,"211":-0.08406376709756061,"212":-0.18162132517670984,"213":-0.26488136982474914,"214":-0.26764025275028375,"215":-0.24059781867352775,"216":-0.13735381058320215,"217":-0.18295100449311513,"218":-0.17986912781886885,"219":-0.24788458722996767,"220":-0.14642815174734278,"221":-0.1700248849506092,"222":-0.48392109111387405,"223":-0.10327923502399775,"224":-0.34623215713075456,"225":-0.6057212619172999,"226":-0.15678012109828027,"227":-0.29508958526593126,"228":-0.3052190296010483,"229":-0.476617363415862,"230":-0.10092965852352476,"231":-0.19008953725536176,"232":-0.09190210336037363,"233":-0.22470392770334655,"234":-0.19286696429407285,"235":-0.3609284305493359,"236":-0.2639492381406648,"237":-0.41172358403688764,"238":-0.8637477958633548,"239":-0.16207620835690273,"240":-0.16207620835690273,"241":-0.2559296318613765,"242":-0.12672695581669347,"243":-0.11038720108926903,"244":0.27052150087783733,"245":-0.2460464729305241,"246":-0.23010993373753919,"247":-0.13539121921775138,"248":-0.28123227362737524,"249":-0.05605178485672234,"250":-0.22198695287369857,"251":-0.5398032198520161,"252":0.1427093995806113,"253":-0.28729620298225517,"254":0.08737271238971342,"255":-0.3013972854393149,"256":-0.3013972854393149,"257":-0.14534399132802292,"258":-0.14534399132802292,"259":-0.004149580912415768,"260":-0.004149580912415768,"261":-0.15973627674089863,"262":0.4690211140999151,"263":0.11743675317832758,"264":-0.2245454830206176,"265":0.3607846814590939,"266":0.07366072725848194,"267":-0.23650953259705607,"268":-0.23650953259705607,"269":-0.23650953259705607,"270":-0.2781510384891506,"271":-0.2781510384891506,"272":-0.5363336485506374,"273":0.07477223464668414,"274":-0.5924423449565557,"275":1.3565632197504245,"276":-0.3552645443259843,"277":0.24850855183682308,"278":1.3337451393368864,"279":-0.5412656922573521,"280":-0.401344530064379,"281":-0.045765655356869495,"282":-0.03401013311707651,"283":0.10065181980010385,"284":-0.12433816371206241,"285":-0.3209980845822147,"286":-0.2021087277877515,"287":-0.18228511945886755,"288":-0.030456357199015266,"289":0.030082915154033274,"290":0.17577911429108134,"291":-0.17090103850169203,"292":-0.5486655065280743,"293":-0.7479545169432738,"294":-0.34478111886976015,"295":-0.10811280975077237,"296":-0.07945879517212218,"297":0.03256787462860611,"298":-0.40063163039507876,"299":-0.13909072899435637,"300":-0.3600590809952785,"301":0.1784775052035878,"302":-0.39390760437627925,"303":-0.19040470196485848,"304":-0.1018344869435947,"305":-0.13047451855278414,"306":-0.1018344869435947,