{"1":-0.8818385379510623,"2":-0.29218014993609076,"3":0.09724911623549931,"4":-0.19338755815857012,"5":-1.1120588613913158,"6":-0.6504701069718637,"7":-0.6197188226401416,"8":-0.8227375472656984,"9":-0.8227375472656984,"10":-3.7208839313914153,"11":-3.7208839313914153,"12":-1.4869919936952556,"13":-1.4869919936952556,"14":-0.9620837949772008,"15":-0.9620837949772008,"16":-0.5699580730570821,"17":-0.5699580730570821,"18":-0.5699580730570821,"19":-0.3041887130304307,"20":-0.3041887130304307,"21":-0.2537114357509973,"22":-0.2537114357509973,"23":-0.24969398342413185,"24":-0.8387250516061574,"25":-0.1987016179078838,"26":-0.25951604173548637,"27":-0.396775652280825,"28":-0.8975055277074827,"29":-0.09565799463486169,"30":-0.39397672980510257,"31":-0.43521615185876894,"32":-0.5004893329821041,"33":-0.46976191138397627,"34":-0.652016033410624,"35":-0.46082039771084493,"36":-0.2464044176853215,"37":-0.6740583965650502,"38":-0.5891308558618518,"39":-0.9133133743544974,"40":0.9347714397153104,"41":0.09302822387241427,"42":-0.3781844608988014,"43":-0.40747138399109817,"44":-0.40636815017229666,"45":-0.10412982772870505,"46":-0.023179877014710026,"47":-0.2850821644678323,"48":-0.5428131212258498,"49":-0.5171505586427001,"50":-0.5171505586427001,"51":-0.5428131212258498,"52":-0.5428131212258498,"53":-0.2975926025579019,"54":-0.2975926025579019,"55":-0.8196956617711473,"56":-0.14882876763597164,"57":-0.7020458892410699,"58":-0.6712310870673724,"59":-0.42723115742053563,"60":-0.6174086454050285,"61":-0.44730513565583785,"62":-0.7259044906487014,"63":-1.3644547965727947,"64":-0.3523511897961248,"65":-0.2283460798464242,"66":-0.36791014955465284,"67":0.19574626144953866,"68":-0.9333040758494435,"69":0.14982336791438433,"70":-0.1332698573223845,"71":0.4781036421249638,"72":0.1921449733151499,"73":-0.5298723473680105,"74":-0.08994027720346653,"75":-0.18956222985532367,"76":-0.24551627325276493,"77":-0.24758083078938264,"78":-0.44931116649109226,"79":-0.0380110902569919,"80":-0.3224899371580401,"81":-0.1869759683557981,"82":-0.3898013955238928,"83":-0.5941792926072981,"84":-0.568852847417529,"85":-0.3175715745233172,"86":-0.5024845296978819,"87":-0.5024845296978819,"88":-0.13578339861652555,"89":-0.13578339861652555,"90":-0.2632954612699092,"91":-0.906594378087668,"92":-0.4273924000807172,"93":-0.9556506714350466,"94":-1.6583471009361967,"95":-2.1090039461664887,"96":-0.4924508865571693,"97":-0.6772149278219375,"98":-0.9107463768909088,"99":0.08342939434532903,"100":0.002358869673128039,"101":-0.14935903543555118,"102":-0.3166999702004317,"103":-0.4591615438590859,"104":-0.24745454848517845,"105":-0.14768666203197212,"106":-0.16914897621135427,"107":-0.35072416076470225,"108":-0.4837695237575401,"109":-0.16844983186749984,"110":-0.25051151876909783,"111":-0.3511086186442778,"112":-0.37572022489046564,"113":-0.2815896259749482,"114":-0.20179115312952067,"115":-0.2978328436143125,"116":-0.32356427385460873,"117":-0.1293342821407122,"118":-0.39737234391674847,"119":-0.05221834844912898,"120":-0.44332625553762917,"121":-0.5880114454204477,"122":-0.24325246770391185,"123":-0.37952437114701576,"124":-0.3447484653075118,"125":-0.34463556985573507,"126":-0.34463556985573507,"127":-0.09262517344995258,"128":-0.5388153669553242,"129":-0.3481917170923001,"130":-0.34463556985573507,"131":-0.34463556985573507,"132":-0.5089796672156419,"133":-0.5739278621669865,"134":-0.79217798257047,"135":-0.054489595421876924,"136":-0.2175885130504338,"137":-0.4382728864696568,"138":-0.6426102913583023,"139":-0.2940648081501749,"140":-0.014910429053865748,"141":-0.007981856571843693,"142":-0.6760529853379582,"143":0.032529266406367885,"144":-0.3636233600227361,"145":-0.5155940902117058,"146":-0.4338194773303474,"147":-0.5868137832419258,"148":-0.5828664761383386,"149":-0.25952353503343983,"150":-0.12456853019128111,"151":-0.5313946532062515,"152":-0.4586922282217276,"153":-0.40519272355959646,"154":-0.582802472851955,"155":-0.4139241203410292,"156":-0.6653759587502289,"157":-0.16971759006515574,"158":-0.4682789390523814,"159":-0.4423251792774432,"160":-0.28766299317153665,"161":-0.6016081296547502,"162":-0.4786345850418614,"163":-0.5368220270048534,"164":-0.39490494676706067,"165":-0.5916611210339617,"166":-0.5663392044642894,"167":-0.6834669860652008,"168":-0.48404966334423105,"169":-0.6781808185819191,"170":-0.6667212800536575,"171":-0.29590371030338025,"172":-0.4407699047261677,"173":-0.8411559347239523,"174":-1.096307799193721,"175":-1.0022586647607565,"176":-0.5175350230603608,"177":-0.20968935690524426,"178":-0.7393218422100274,"179":-0.7166207059531107,"180":-0.543024476284147,"181":-0.3625872363690471,"182":-0.3521810996996295,"183":-0.1911193390573196,"184":-0.16081141523181652,"185":-0.4188560690772296,"186":-0.44612484908237504,"187":-0.26707561860983686,"188":-0.5473407501546179,"189":-0.5884055170498443,"190":-0.643187051299942,"191":-0.7915259602178761,"192":-0.6638893013452347,"193":-0.583805526593631,"194":-1.0782306587459232,"195":-0.8410618363122615,"196":-0.5072823374216942,"197":-2.57785681323036,"198":-2.574796719048302,"199":-1.076118598888236,"200":-0.336491921119467,"201":-0.6679581435429778,"202":-0.6679581435429778,"203":-0.5965177712768565,"204":-0.5624141477746182,"205":-0.4160049048862851,"206":-0.5690231419157301,"207":-0.666309371705054,"208":-0.43690047045856206,"209":-0.30280316288908116,"210":-0.31005878620646976,"211":-0.3834854487412358,"212":-0.7418752202603909,"213":-0.5017599933227715,"214":-0.2880211512200429,"215":-0.5833539502083487,"216":-0.6847220705071162,"217":-0.7041463975257786,"218":-0.5874693424399055,"219":-0.7528084430175931,"220":-0.8534297030706506,"221":-0.875580010182764,"222":-1.1058705546677763,"223":-0.633538495968505,"224":-1.0063938039395177,"225":-1.2174018417486607,"226":-0.9525329058607424,"227":-0.4962304095712595,"228":-0.6118204819269049,"229":-0.965070613635987,"230":-0.6451437495818466,"231":-0.6639481126768314,"232":-0.3496232961362684,"233":-0.6969297711526438,"234":-0.46115057184028907,"235":-0.9219530165848685,"236":-0.63696995549327,"237":-0.9711163137385412,"238":-0.8007243512378563,"239":-0.5989033481196528,"240":-0.5989033481196528,"241":0.0338033147477208,"242":-0.6105640829798826,"243":-0.5707658459649836,"244":-0.7300571158103166,"245":-0.45314280871033435,"246":-0.6490790137136383,"247":-0.16880468001059482,"248":-0.23275093690624427,"249":0.2629192509173599,"250":-0.2037486868120152,"251":-0.5120184498448008,"252":0.16265790118272797,"253":-0.3080802099752613,"254":0.05235398027272081,"255":0.07155786573394562,"256":0.07155786573394562,"257":0.0318628023777654,"258":0.0318628023777654,"259":-0.18036195186395898,"260":-0.18036195186395898,"261":-0.01604628421470078,"262":0.32205132342457365,"263":-0.5057686873397467,"264":-0.2851454847801138,"265":-0.6571312705099759,"266":0.13654664823445806,"267":-0.5905848791270534,"268":-0.5905848791270534,"269":-0.5905848791270534,"270":-0.0889014944624259,"271":-0.0889014944624259,"272":-0.6657092317954221,"273":-0.5711178335389397,"274":-0.4134898927987033,"275":0.00949481549019926,"276":-0.7217011840757115,"277":-0.9543236773076842,"278":-0.6309056657524765,"279":-0.48816870649518285,"280":-0.4997944290266215,"281":-0.638294603012713,"282":-0.46514282721964756,"283":-0.38783404976627933,"284":-0.3013443164860667,"285":-0.48789630282821084,"286":-0.5855246809252821,"287":0.012255581919834446,"288":-0.0275373298730327,"289":-0.6047406896739198,"290":-0.6332872482294662,"291":-0.5920255991445561,"292":-0.484396711868502,"293":-0.7241382165903039,"294":-0.3929046995684558,"295":0.25487481311948035,"296":-0.49527277107705214,"297":-0.9701952160635661,"298":-0.9052700281763049,"299":-0.009848120278497574,"300":-0.40710717343801806,"301":-0.03605769299644579,"302":-0.09339694930807751,"303":-0.5308550268882393,"304":-0.32198390959225387,"305":-0.08011858523785609,"306":-0.32198390959225387,"307":-0.46467355902698027,"308":-0.08014091712493632,"309":-0.5960842128331434,