{"1":0.014620700980258859,"2":0.01191660759229566,"3":0.03675290620240773,"4":0.2897446625703742,"5":0.1141387714681862,"6":0.031589058503670414,"7":-0.00254536550651166,"8":0.01773017887783973,"9":0.01773017887783973,"10":0.02526268755331736,"11":0.02526268755331736,"12":-0.007981287764941981,"13":-0.007981287764941981,"14":0.003731745246445853,"15":0.003731745246445853,"16":0.04294196882174437,"17":0.04294196882174437,"18":0.04294196882174437,"19":0.020037804942730164,"20":0.020037804942730164,"21":-0.0422962787421233,"22":-0.0422962787421233,"23":0.597194467524831,"24":1.1531800208404868,"25":0.5517491642710874,"26":-0.03680944509124241,"27":0.9566741792724496,"28":0.47345547811021,"29":0.3473583997386384,"30":0.22492940398538164,"31":0.051573182646650194,"32":0.03246680102402407,"33":0.057277865421908686,"34":-0.014702280350386315,"35":0.012593569233673767,"36":0.01702611814374138,"37":0.021817608934194405,"38":0.19436621551156577,"39":0.06592113915459878,"40":0.07886210477232718,"41":0.014231552279164065,"42":0.10717444692500142,"43":0.08994366066893056,"44":0.2783087634435808,"45":0.02757569212215441,"46":0.049580417167975926,"47":0.03506222866197226,"48":0.04252618699303676,"49":0.0166009167840599,"50":0.0166009167840599,"51":0.04252618699303676,"52":0.04252618699303676,"53":0.08552519722195565,"54":0.08552519722195565,"55":0.0020187116180174873,"56":0.06830873089985104,"57":0.17256569776341646,"58":0.09562620200043387,"59":0.17878848717719142,"60":0.007131359001085712,"61":0.16207165547310892,"62":0.12572354381189488,"63":0.24441870478342717,"64":0.06476366796366313,"65":0.16751197858321873,"66":0.0221584648242582,"67":0.044625811768386286,"68":0.019120127229898264,"69":-0.06164528257172708,"70":0.021839419166677664,"71":0.00033143384133108716,"72":0.045570384731609195,"73":0.05495678243286061,"74":0.040316363489198495,"75":-0.023380609750252003,"76":0.024458411910015104,"77":0.012898499883878312,"78":0.027009006814612074,"79":0.03203455980375875,"80":0.025304453155765905,"81":-0.043225957300835685,"82":-0.005419859904400748,"83":-0.03267318334937143,"84":0.19031867812572245,"85":0.06423327274032414,"86":-0.0846726207079782,"87":-0.0846726207079782,"88":-0.03589857732456617,"89":-0.03589857732456617,"90":-0.023172685607090918,"91":-0.011547008274647028,"92":-0.006082317590813183,"93":-0.026544894395704184,"94":-0.04554040113932275,"95":-0.007553709132452343,"96":-0.02819170214258121,"97":-0.0330095121977248,"98":-0.021511790614753883,"99":0.7792338006048712,"100":0.7413545127869301,"101":0.19265322431491078,"102":0.18664690102313156,"103":0.22438871063146262,"104":0.23040480080944162,"105":0.1983714626941259,"106":0.2510514282383659,"107":0.33501062471387055,"108":0.3239892819174377,"109":0.44450621367084686,"110":0.8034483666311175,"111":0.4916267419438256,"112":0.4192491053172063,"113":0.6255592829185975,"114":1.7469859782272996,"115":0.8211759033617302,"116":0.7353776861300951,"117":1.2349775365451765,"118":0.9879973566204258,"119":1.6625240251835047,"120":0.5820711699017626,"121":0.6957002148593199,"122":1.09608316146005,"123":1.7291216879436546,"124":8.43285429449034,"125":0.9230480251455884,"126":0.9230480251455884,"127":0.5145865312154903,"128":1.225578602984857,"129":0.17045632051965492,"130":0.9230480251455884,"131":0.9230480251455884,"132":0.02594312304588777,"133":0.00018632055411030995,"134":0.0384743419019547,"135":0.017738077635002306,"136":0.012158709363223644,"137":0.009289443045617853,"138":0.017782816928095573,"139":-0.0058521534278437905,"140":0.022478437464494877,"141":0.05152845071788785,"142":-0.0018896229141462106,"143":0.0214201983136893,"144":-0.001954104378321442,"145":0.02163319422583633,"146":0.032189357520282194,"147":0.0055612806145748945,"148":0.007020271733990757,"149":0.009275950509315276,"150":0.022711809095978384,"151":-0.00030378716316669004,"152":0.008071115980747293,"153":0.011824301459231485,"154":0.015919629009969148,"155":0.0028065791544536877,"156":0.02536258365956514,"157":0.001826703686242756,"158":0.1745508540527402,"159":-0.008548510341611039,"160":0.009143227425358752,"161":0.01770265569189123,"162":0.036206915965834516,"163":0.07031988417159184,"164":0.0357245603919553,"165":0.12658385451600904,"166":0.10145804365758021,"167":0.13210737883798965,"168":0.2737797118452723,"169":0.07605708610192907,"170":0.23432759907675488,"171":0.14533414131834374,"172":0.08739211609154311,"173":0.13781697235747556,"174":0.18536795351923185,"175":0.1654506915689906,"176":0.012472638412637639,"177":0.16173971007937366,"178":0.09362349560367261,"179":0.08631732728280533,"180":0.017164415583710603,"181":0.03341170392907808,"182":0.0915127608848865,"183":0.029093661071937595,"184":0.070498503781957,"185":0.11230763064362383,"186":0.07912532730174843,"187":0.08587275761048394,"188":0.06715251874624972,"189":0.0485548190082062,"190":0.06628881468026321,"191":0.08063654990862747,"192":0.14117513580707058,"193":0.0710802330088728,"194":0.06959313888771211,"195":0.08332466252031075,"196":0.11677185902707679,"197":0.13335090925985446,"198":0.4533346252914313,"199":0.2762029888790076,"200":0.34119959999549354,"201":0.007649326583098654,"202":0.007649326583098654,"203":0.025409644572468446,"204":0.022108071660484428,"205":0.020662239144689214,"206":0.02459479750992945,"207":0.013823297549668294,"208":0.0352846631759311,"209":0.027693270112211038,"210":0.013585474156144918,"211":0.03255217780023824,"212":0.033294257050819925,"213":0.030247499290423738,"214":0.01916579831667172,"215":0.041611922823673,"216":0.04208259180480364,"217":0.030131345483442373,"218":0.05297536642223549,"219":0.012711391791107288,"220":0.016684042187928627,"221":0.011325883407802582,"222":0.07466960010622972,"223":0.057607437599402664,"224":0.05347504599165356,"225":0.07012031295868645,"226":0.03948666925579294,"227":0.03621836323446567,"228":0.015339194948775302,"229":0.050190030458585194,"230":0.05290704820000293,"231":0.023924432498769656,"232":0.02288052367238847,"233":0.05798091173560074,"234":0.058212601566688046,"235":0.07082495710423681,"236":0.10008027105585862,"237":0.04582672193875443,"238":0.05453772803364276,"239":0.019297554295468845,"240":0.019297554295468845,"241":0.5761706419948204,"242":0.9617097025010063,"243":1.903990809292826,"244":0.44963602188556245,"245":0.5699925001048903,"246":0.2124841895817024,"247":-0.0627418447475811,"248":0.08951160436337131,"249":0.02238719789741781,"250":-0.0033578805838251208,"251":0.005407381881383483,"252":0.10565690398903166,"253":0.0077482649702469535,"254":-0.026354271487275358,"255":0.02522418801303316,"256":0.02522418801303316,"257":0.07557739383751502,"258":0.07557739383751502,"259":0.021222506662879392,"260":0.021222506662879392,"261":0.036991062561173245,"262":0.04242484235244636,"263":0.025479050202648096,"264":0.01852799821455736,"265":0.20925445961182415,"266":0.004157730796158508,"267":0.062170205695332784,"268":0.062170205695332784,"269":0.062170205695332784,"270":0.022244229241479535,"271":0.022244229241479535,"272":0.045718576848840925,"273":0.3764678793460741,"274":0.5374051070890846,"275":0.0034342267426505646,"276":0.007165454181101469,"277":0.5667283884655737,"278":0.18449762428854674,"279":0.07481563982511119,"280":0.10112953720904273,"281":-0.0005177036420917595,"282":0.03438772670925438,"283":0.06786279551984176,"284":0.1705406634603384,"285":0.09828133662617812,"286":0.016058520254350325,"287":0.08466896992288807,"288":0.060472180693431805,"289":1.4238948199985662,"290":3.2565861761167954,"291":2.1211996736325376,"292":1.178811060858698,"293":0.17309908888753095,"294":0.5551982369918006,"295":0.02499717163584586,"296":0.20105192883501172,"297":0.11779643576525722,"298":0.16272058409187518,"299":0.38033451110412286,"300":0.10877839169369201,"301":0.16616090505254913,"302":0.12927688320954075,"303":0.12975851781617176,"304":0.15912929790854966,"305":0.07707565781239922,"306":0.15912929790854966,"307":0.013714894594379079,"308":0.0161540732583132,"309":0.16608612936838335,