{"1":-2.43748290878219,"2":-1.902346824456801,"3":-2.7579912728772022,"4":-1.6740384526639893,"5":-20.21629362499882,"6":3.6314536759775065,"7":-2.7492152052397665,"8":-0.3891286863886043,"9":-0.3891286863886043,"10":-0.038169015521827165,"11":-0.038169015521827165,"12":-0.3802292410625876,"13":-0.3802292410625876,"14":0.06622813602605504,"15":0.06622813602605504,"16":-10.079481330120874,"17":-10.079481330120874,"18":-10.079481330120874,"19":-7.792710946036701,"20":-7.792710946036701,"21":-1.2370429209445004,"22":-1.2370429209445004,"23":8.517795094253678,"24":-0.4368416709450642,"25":-1.8626307290952275,"26":1.7998274633588025,"27":5.341109125175895,"28":1.731483887720449,"29":-3.3459466898483505,"30":2.5894710123621536,"31":-2.239216299599364,"32":3.6447870023253657,"33":-0.20105474339576457,"34":-0.21191886742971633,"35":-0.0789742504059684,"36":-0.09324262193325517,"37":-0.17762145547892105,"38":-0.4580234128226057,"39":-2.383666745435706,"40":-0.9581438962645842,"41":-0.16049317109312145,"42":-0.4110728393283565,"43":-0.8568498278445857,"44":-1.1360956483003155,"45":-0.2658532011184389,"46":-1.2750802320070485,"47":-0.9863674269814662,"48":-0.5781255496871798,"49":-0.5545716819021544,"50":-0.5545716819021544,"51":-0.5781255496871798,"52":-0.5781255496871798,"53":-1.2592254021245097,"54":-1.2592254021245097,"55":-0.06916433976431309,"56":-0.2695529400267076,"57":-1.1137600096421811,"58":-0.02502374688309894,"59":0.04283459851498472,"60":-0.03793643828130655,"61":-0.5320162169346512,"62":0.3136570351447343,"63":-0.5882539655905727,"64":1.5150664360315922,"65":-0.8079139487742948,"66":1.1623250224843327,"67":-0.04614899749394974,"68":-0.6121599099920334,"69":-0.7177457542508232,"70":-0.070478094549078,"71":-0.4306488360070242,"72":-0.7875781712190935,"73":-2.124929133161431,"74":-0.46484171506260363,"75":-1.0741915661044072,"76":-2.1746624198049402,"77":-3.1427493604824224,"78":-6.195688234660967,"79":-3.2004760352180943,"80":-2.8455279910196367,"81":-3.6941247993507376,"82":-2.795362204748582,"83":-3.8900203631802968,"84":-3.212806859065534,"85":-3.8028796852087416,"86":-3.7841266449948234,"87":-3.7841266449948234,"88":-2.915991560772065,"89":-2.915991560772065,"90":-0.03127611833545365,"91":0.016802002294322382,"92":0.0014968908386814687,"93":-0.005657412625040589,"94":0.003612988028500068,"95":0.028854248437543598,"96":0.008252996218641055,"97":-0.0475874297183593,"98":0.0012055628880565938,"99":-0.41928105555605644,"100":-0.9859188559430598,"101":-1.67323307775181,"102":-6.103504524810049,"103":-1.5733720384203504,"104":-9.257582580510906,"105":-2.3395483349506407,"106":-2.9835435578317036,"107":-0.9779761577701733,"108":-3.9566338005277237,"109":-2.4745799627787575,"110":-1.137807622017762,"111":-2.8858176069690407,"112":-2.8920166207499918,"113":-2.4331811791188427,"114":-3.304276895918213,"115":-3.628688131554404,"116":-12.927825717928481,"117":-2.7283700990427375,"118":-3.0286007234400834,"119":-2.905906830911297,"120":-3.529622967984074,"121":-6.225754905841198,"122":-3.7579644018950455,"123":0.4471259406760604,"124":-10.081959215117449,"125":-1.8723138569800142,"126":-1.8723138569800142,"127":-0.48257632878711365,"128":-0.7883492733608821,"129":-2.6661444918182093,"130":-1.8723138569800142,"131":-1.8723138569800142,"132":-0.5140009954762849,"133":-2.6590951859157514,"134":-0.34912444509120255,"135":-1.7487688474955672,"136":-0.12242505995434527,"137":-0.381059751045961,"138":-0.17029674313328358,"139":-0.9901513650469764,"140":0.23731350795329942,"141":0.004465499668103501,"142":-5.6481968134823575,"143":-0.47783668095350706,"144":-0.35478450591808275,"145":-3.7169175224627065,"146":0.10771778696978207,"147":0.18625981172788864,"148":0.38276213182733,"149":-0.26838819237800404,"150":-1.8393314523142446,"151":-0.500709142765043,"152":-0.19075930961111753,"153":-1.8649064286482897,"154":-0.8202780551100188,"155":-0.31002150271958673,"156":0.21450212775292066,"157":0.09847158921885124,"158":-0.5049030110031234,"159":-0.34126761652720683,"160":-1.1679361574495266,"161":0.5415688587399654,"162":-1.087762749018106,"163":-0.9552524334174048,"164":-0.5937144570578317,"165":-0.2399416520382598,"166":0.04144755362833252,"167":-1.5166960325796572,"168":-0.5012848841405195,"169":-0.7487580591363452,"170":-1.7792094392217308,"171":-1.8503685516682316,"172":-0.3077210511427504,"173":0.09418358619858624,"174":0.07682511569591544,"175":-0.7838171201377349,"176":-0.5556338394629625,"177":-2.714589954874251,"178":-0.5938103869519549,"179":-0.3151217439325338,"180":-2.389937827924805,"181":-4.123975838376747,"182":-3.8546161451592407,"183":-1.5499223161257882,"184":-1.4320734530064851,"185":-1.6404031610248229,"186":-1.828363806168038,"187":-1.5600580974141427,"188":-0.6983653977280433,"189":-0.5634925488742621,"190":-0.8145643861619898,"191":-1.2382136590988302,"192":-0.5643493861738269,"193":0.47924341553479355,"194":-0.36705223232389983,"195":0.8052733755284116,"196":-0.13172238643425227,"197":-0.20009925187937738,"198":-0.08743039452314849,"199":0.01005753180003377,"200":-0.5101537017825954,"201":0.07638042063295059,"202":0.07638042063295059,"203":-0.9425850988520805,"204":-0.9521403772796742,"205":-0.6779360694708108,"206":-0.5300562080801883,"207":0.2791306207216815,"208":-3.659030332958228,"209":-4.32470433676818,"210":-3.185514514174385,"211":-3.5493539884276335,"212":-4.855562892427685,"213":-6.3745260898768095,"214":-4.877900325088284,"215":-1.1711925642483954,"216":-0.818523757315031,"217":-0.7331737789218469,"218":-0.34304617013340266,"219":-0.6870128081187299,"220":-0.6061121804483454,"221":-1.4627941133032525,"222":-1.2717970636370615,"223":-4.358007938932028,"224":-2.710054563530485,"225":-1.8698433851014244,"226":-0.838815544041801,"227":-3.8727936062117405,"228":-2.8022727204619757,"229":-1.7689088703514573,"230":-0.13165703236917148,"231":0.25219961954476444,"232":0.06392660667845096,"233":-1.5859495647942787,"234":-0.3851413759718785,"235":-0.9010539941286746,"236":-0.5568703812543361,"237":-1.034697844433734,"238":-1.5601893134104592,"239":-2.358516846338129,"240":-2.358516846338129,"241":-6.980973813544114,"242":3.2756333801797544,"243":-8.896698401951738,"244":-3.998263494299697,"245":-6.102595278475706,"246":0.25410643878342,"247":-2.248037497069932,"248":-0.14621893613278125,"249":2.213203507478216,"250":0.6480972757068191,"251":1.1773906720962604,"252":-2.878003819715919,"253":-5.447455570366854,"254":-5.445797820817873,"255":-3.788581938821475,"256":-3.788581938821475,"257":-2.831269199068335,"258":-2.831269199068335,"259":-0.6229235775567794,"260":-0.6229235775567794,"261":13.199950527892174,"262":-4.991092552935077,"263":17.529991064766335,"264":4.634352955526065,"265":0.241437320557079,"266":-1.4513258710702939,"267":3.9286707549591853,"268":3.9286707549591853,"269":3.9286707549591853,"270":2.657364826773616,"271":2.657364826773616,"272":0.14924224291649502,"273":-0.5982771024432161,"274":-0.6794182372032016,"275":-0.4094198827631601,"276":-3.707531430676007,"277":-1.6059791317688101,"278":-1.4266504239722635,"279":-2.8752690967930565,"280":0.5044288416068081,"281":-9.160116748208122,"282":-5.107083758824123,"283":-6.508696043005054,"284":-20.65569752729966,"285":-19.84584801392677,"286":-1.1557829715146397,"287":-4.516358306720308,"288":-3.197826507666638,"289":-0.37937306870534016,"290":-1.0766901743565456,"291":-2.471761692604517,"292":-0.47373268766603926,"293":-3.360352173360248,"294":-4.29574634439784,"295":-4.651022384373045,"296":-0.6611123997659263,"297":-7.188980749473771,"298":-0.8531268473778635,"299":-3.2366232435656173,"300":-0.710769880163618,"301":0.5934379888038088,"302":-0.7882707791354266,"303":-0.32502821688265704,"304":-0.39813290723612793,"305":-0.47674085098765806,"306":-0.39813290723612793,"307":-21.433525513806213,"308":-1.4344063234956206,"309":-0.7448081248671268,"310":-1.00064976563552,"311":-0.7371565554278385,"312":-2.3878246283806,"313":-0.4216675633408302,"314":-1.23263387730595,