{"1":-0.8963095179761373,"2":-3.0056830980892233,"3":-0.8620592842407585,"4":-0.3116341722259808,"5":-0.521327722172009,"6":-0.6545242565837897,"7":-0.34320203551293904,"8":-3.2858979058842204,"9":-3.2858979058842204,"10":-5.186716806415696,"11":-5.186716806415696,"12":-0.9968947582608361,"13":-0.9968947582608361,"14":-1.3729632277176522,"15":-1.3729632277176522,"16":-0.4534678809311058,"17":-0.4534678809311058,"18":-0.4534678809311058,"19":0.05806430930747397,"20":0.05806430930747397,"21":0.2134636861187449,"22":0.2134636861187449,"23":-0.2529615086425976,"24":-0.7928846327339736,"25":-0.0729559991783596,"26":-0.4542839537292882,"27":-0.5664752774644963,"28":-0.7538219640086266,"29":2.56599209251707,"30":0.29421294702130263,"31":1.1863951122612235,"32":-0.14822645064681872,"33":-0.33542145750918295,"34":-0.07821652107955135,"35":-0.8638734782009792,"36":-2.422639237006649,"37":-0.8638750953915171,"38":-0.8111417627460726,"39":0.5271139689075843,"40":3.3803250602132096,"41":-2.043952580294796,"42":0.11585208905119337,"43":-0.5792681606091783,"44":0.056493056122374874,"45":-0.20939532904042313,"46":1.907381667530668,"47":-0.652017346339866,"48":-0.45520677973509294,"49":-1.5013859911730467,"50":-1.5013859911730467,"51":-0.45520677973509294,"52":-0.45520677973509294,"53":1.3214389462314022,"54":1.3214389462314022,"55":-2.741855049716829,"56":-0.5264099231216197,"57":-0.6955446775450314,"58":-0.8090015232872103,"59":-1.4581417463748387,"60":-1.8294524147856057,"61":-0.6882012591702213,"62":-0.8184815697174224,"63":-1.452970664916394,"64":-0.48895216524151963,"65":-0.49840846048319754,"66":-1.1589871275460153,"67":-0.2132877711036354,"68":-0.9553436236562494,"69":-1.9349138582598595,"70":-1.315186676684533,"71":0.7997925012152596,"72":-0.40212589767520246,"73":-0.7045888023149605,"74":-0.8014123689973376,"75":0.4541099325050837,"76":-0.967326245087551,"77":-0.8828689020436817,"78":-0.6221447434806473,"79":-0.19115496995368808,"80":-1.188032743837339,"81":-0.6255173655753614,"82":-0.2603693079013274,"83":-2.9470208097895236,"84":-0.36341084833012083,"85":0.023956554719837264,"86":-1.414917563097979,"87":-1.414917563097979,"88":-4.435049961963953,"89":-4.435049961963953,"90":-5.301192679870116,"91":-4.501466773930714,"92":-4.977705610783925,"93":-7.590800069903041,"94":-2.743479279757928,"95":-7.034648206477044,"96":-6.510796794185284,"97":-5.825082094525007,"98":-9.347430456944284,"99":-0.09949424403419815,"100":-0.6566688695376066,"101":-0.028893241499304168,"102":-0.3190951032653193,"103":-0.6756280134083283,"104":-0.8862776801196368,"105":-0.7669460843929725,"106":-0.511582825981828,"107":-0.6936639565339058,"108":-1.254276777707155,"109":-1.1058811067716645,"110":-2.910330872092258,"111":-0.9835801596846485,"112":-1.1139891021037611,"113":-1.2937368317773474,"114":-0.29350595748717856,"115":-0.4766201657819824,"116":-0.49135180739431616,"117":-0.9231152923237822,"118":-0.7374749316611551,"119":-0.2714980128721818,"120":-1.3813471335845722,"121":-0.6130788222048511,"122":-0.8997311598876641,"123":-1.622892176903707,"124":-1.15537219048632,"125":-0.6279904773153113,"126":-0.6279904773153113,"127":-1.304792039654946,"128":-1.0499275998472157,"129":-0.754430018877895,"130":-0.6279904773153113,"131":-0.6279904773153113,"132":-1.191722976685094,"133":-0.14039466324334704,"134":-1.4370745981070039,"135":-1.0226602049212765,"136":0.15213185429229803,"137":-2.1699993407945035,"138":-2.7304405247380927,"139":-0.06894024626820094,"140":-4.039617767402856,"141":-2.1663530750638422,"142":0.06151196904508449,"143":-0.26269762302378297,"144":-1.7049044119501469,"145":-1.4666460731526225,"146":-2.3486423241381456,"147":-5.950926395271203,"148":-1.6092734340020902,"149":-0.8915008989163575,"150":-0.359986419533878,"151":-1.4858217564861302,"152":-2.0289064125167484,"153":-1.4652225568736927,"154":-1.7384381207478476,"155":-1.6081323226203397,"156":-1.6268917370240588,"157":-1.487580528586185,"158":-1.0206568267821527,"159":-1.1510395876708168,"160":-2.0416029388083126,"161":-2.0577677254171554,"162":-0.8374690257162332,"163":-1.1100459286826267,"164":-2.31652869784498,"165":-1.148917506359442,"166":-1.62997158121423,"167":-0.941631501141569,"168":-0.9926014752346783,"169":-0.9704648262422864,"170":-0.8909419990795144,"171":-0.548176191145781,"172":-0.8257237785331948,"173":-1.4912541922259992,"174":-1.270341237863473,"175":-2.517379519628827,"176":-0.9869650659390148,"177":-0.5018614044022116,"178":-2.0612010743288742,"179":-2.050772039467395,"180":-1.0920184482689312,"181":-0.7208955584093759,"182":-0.5114343443950808,"183":-0.7645834100476798,"184":-0.6943192948864112,"185":-0.8433550206956819,"186":-0.6150110074125554,"187":-0.8528795166482239,"188":-1.3715985573728942,"189":-1.2716573093024284,"190":-1.108456182253268,"191":-2.361884486371097,"192":-3.2057097703109214,"193":-1.4386563653239506,"194":-3.176940675163955,"195":-2.337676426060773,"196":-2.5081970895379326,"197":-8.304454131601087,"198":-12.09219812941897,"199":-5.623195884568251,"200":-2.0866939331611474,"201":-1.6751244156718381,"202":-1.6751244156718381,"203":-1.6908624902123992,"204":-1.7411949685324322,"205":-0.9561653220077087,"206":-1.7577741354636354,"207":-1.631151413602081,"208":-0.8897427753367484,"209":-0.6542601653414897,"210":-1.2838208896282934,"211":-0.9009013660431284,"212":-1.286781263459435,"213":-0.6602749312731419,"214":-0.8120029660695567,"215":-1.2237792131174334,"216":-1.7505694043146316,"217":-1.5109101954354474,"218":-1.5274178192086456,"219":-2.1009665618410467,"220":-1.7207786887493488,"221":-2.1366707239341025,"222":-2.5636102105407543,"223":-0.9489920470001836,"224":-1.6120066383717795,"225":-1.994152930569405,"226":-2.40187787433083,"227":-1.1091857451408664,"228":-1.0731241277151073,"229":-1.3327045887081521,"230":-1.3390442762374235,"231":-1.2670152197833042,"232":-1.061838275750671,"233":-1.2864655512810628,"234":-1.2976662247235757,"235":-1.4346746104179835,"236":-1.3755735372275968,"237":-1.4568205479287615,"238":-2.5929965755159414,"239":-0.5445365416995886,"240":-0.5445365416995886,"241":-0.42271947643094276,"242":-0.9740483325015807,"243":-0.3194896624919292,"244":0.31592153863452577,"245":0.7750003794687532,"246":-0.9947517232586582,"247":-0.5679337540213343,"248":-0.6557174355170414,"249":-0.5204157954349831,"250":-0.5986834342131174,"251":-1.148665525099458,"252":0.24053918567221633,"253":-0.3892236344537219,"254":-0.22633280156655988,"255":-0.6236521195515334,"256":-0.6236521195515334,"257":-0.8218859722753511,"258":-0.8218859722753511,"259":-0.3179201612031044,"260":-0.3179201612031044,"261":-1.060642449988265,"262":0.007846966064669614,"263":-0.1202734493368477,"264":-0.19232187471584916,"265":-0.7296048800293411,"266":0.1742127964414515,"267":-0.48088088843760834,"268":-0.48088088843760834,"269":-0.48088088843760834,"270":-0.08803399615312868,"271":-0.08803399615312868,"272":-0.7847668998794585,"273":-0.037444360183678915,"274":0.22446854880291822,"275":-0.4520379347793191,"276":-1.0577928333368316,"277":-0.6419647964845066,"278":-0.8963717740873123,"279":-0.5212697855912467,"280":-0.9548527006891886,"281":-0.019094396036215988,"282":-0.013959793732690073,"283":-0.3268024158479106,"284":-0.019232327434216878,"285":0.2309622328622556,"286":-0.7017267665397797,"287":-0.19555141820041033,"288":0.28510128266149526,"289":-0.6019066764627787,"290":-0.16322943900430964,"291":-0.2503359051045533,"292":-0.8523109275185443,"293":-0.7142303277605591,"294":-0.3325272311340476,"295":-0.6153643531376737,"296":0.040740125900764146,"297":-0.6453098595705805,"298":-1.038778968825838,"299":-0.027970410453482586,"300":-0.45181630005068296,"301":-0.8668111128760536,"302":-0.6731897364350052,"303":-0.7746089860502585,"304":-0.6296828324221102,"305":-0.12617524812342573,"306":-0.6296828324221102,"307":0.038249366746818225,"308":-0.3059989016141744,"309":-1.5821783925661523,"310":-0.6449700563354703,"311":-0.7384518285502462,"312":-0.48932573784213407,"313":-0.6948082101518351,