{"1":-0.08101114353868213,"2":-0.042638232273125416,"3":0.2709201575444228,"4":-0.09597126926407368,"5":-0.01940447943576861,"6":-0.029852255051852013,"7":-0.03358830941802561,"8":-0.09776610884788564,"9":-0.09776610884788564,"10":-0.0306783599705433,"11":-0.0306783599705433,"12":-0.08829644657760555,"13":-0.08829644657760555,"14":-0.03407995253431173,"15":-0.03407995253431173,"16":0.015380283215866514,"17":0.015380283215866514,"18":0.015380283215866514,"19":0.040916093179610896,"20":0.040916093179610896,"21":0.03981631992445056,"22":0.03981631992445056,"23":0.004744323702040892,"24":0.0609363831621233,"25":0.056071129846180165,"26":0.0847746621561245,"27":0.0492127157595893,"28":-0.005865897850342916,"29":0.06343953215624747,"30":-0.014891671611056673,"31":0.07825581319112701,"32":-0.012902820924052066,"33":0.04530035606988797,"34":-0.19677743476885773,"35":-0.09683056714797006,"36":-0.05397748308135503,"37":0.06760656666473008,"38":-0.03171566111618723,"39":-0.156195362117868,"40":-0.13631846927257785,"41":-0.2806699595538268,"42":-0.09073086435170219,"43":0.05893990271243488,"44":-0.16941298443131625,"45":-0.22975567766034494,"46":-0.13071440059399392,"47":-0.039836422728313226,"48":0.02777415544877243,"49":-0.0412394458525589,"50":-0.0412394458525589,"51":0.02777415544877243,"52":0.02777415544877243,"53":-0.1690317824108311,"54":-0.1690317824108311,"55":0.019973977591023262,"56":0.007649260943884115,"57":0.06865446516139066,"58":-0.031112062592485383,"59":0.025408858797022482,"60":0.4550581739508669,"61":0.22905983956034065,"62":0.12024186113683132,"63":0.04340943876891535,"64":0.10906990117244347,"65":0.2296938777864922,"66":0.41340468668032987,"67":0.3083413015726776,"68":0.3115022864667252,"69":0.1106727388909286,"70":0.10072767005398675,"71":0.04000121053282779,"72":0.10169167231729759,"73":0.02437173199713011,"74":0.01915773427843681,"75":0.13188262662155925,"76":-0.06062781402304168,"77":0.006735835548503294,"78":0.16780499690725859,"79":0.12853942814360197,"80":0.003187413888913748,"81":-0.03728529891383742,"82":0.13162012410922158,"83":-0.03528815332076968,"84":0.0065304311872814436,"85":0.10648787988516067,"86":0.12138413051764707,"87":0.12138413051764707,"88":-0.02461194297143765,"89":-0.02461194297143765,"90":0.12210535636150932,"91":-0.08914594864953496,"92":-0.011134515452459692,"93":0.28997339409127865,"94":-0.05674411822821135,"95":0.03856153093385628,"96":0.024110689165441457,"97":0.1806494422641005,"98":0.1258883458567963,"99":0.2906382121004496,"100":0.28980828871159736,"101":0.055290770292433566,"102":0.02284452189045763,"103":0.0065154474971329535,"104":0.029919396551122107,"105":0.059429466880436266,"106":0.2041996165810267,"107":0.014621263245090013,"108":-0.018128321092449357,"109":0.034493169967109605,"110":0.027539548648551182,"111":-0.031398216115362115,"112":-0.047347033238059,"113":-0.018550157545867085,"114":-0.38657359358058635,"115":0.009059115865093254,"116":0.09082555965707095,"117":-0.10584326934372357,"118":-0.1313708092019199,"119":0.03413522496119248,"120":-0.0010128585407932211,"121":0.08931606905803596,"122":-0.05667207323669338,"123":-0.01955527415346503,"124":-0.0490561873657086,"125":-0.00013908562419462367,"126":-0.00013908562419462367,"127":0.12060225465726421,"128":-0.007765366200748358,"129":0.036527794932816604,"130":-0.00013908562419462367,"131":-0.00013908562419462367,"132":0.28501166284940793,"133":0.3145669753833192,"134":0.07351028559968564,"135":-0.03616285467817518,"136":0.12320647931590903,"137":0.3131743097531674,"138":-0.03008248347055459,"139":0.332165216836215,"140":0.14110104808608287,"141":0.0328288849781182,"142":0.7473416223632301,"143":-0.014325311702305221,"144":0.09734682228093822,"145":0.3158657840048501,"146":-0.11638792638369966,"147":0.1540336301537505,"148":0.06577224526731572,"149":0.019889997535245146,"150":0.006698607213212526,"151":0.011161229248142501,"152":-0.005454443601306508,"153":-0.09771974476828736,"154":-0.025846889356807318,"155":-0.026354231603720635,"156":0.01599975319164887,"157":-0.07359476437345824,"158":-0.07404433950872441,"159":0.00033562288060881573,"160":0.010477150268374244,"161":-0.03422797577801584,"162":-0.0011175395637101626,"163":-0.04370327744436349,"164":-0.12930363028796465,"165":-0.07943580080694321,"166":-0.0810350561250727,"167":-0.02735819458664579,"168":0.006636065785225298,"169":-0.034848447841163865,"170":-0.025836177965704116,"171":0.03253777117068232,"172":-0.020766440937676545,"173":-0.026824001851874252,"174":-0.05820018295910401,"175":-0.07074525395965392,"176":-0.03201089544785089,"177":-0.04066762621479528,"178":-0.11035290021407783,"179":-0.024933627186924073,"180":0.00039868305260715164,"181":-0.04898199309166836,"182":-0.05706111567876178,"183":-0.042328388269548364,"184":-0.034577023820867595,"185":-0.07790309948590443,"186":-0.12736540931851953,"187":-0.04113964006591876,"188":-0.03684099836472343,"189":-0.025128129698387985,"190":-0.014794269467839904,"191":-0.06622648367138564,"192":-0.08208170100960008,"193":-0.0708295431971867,"194":-0.04580580189905911,"195":-0.10209147782131028,"196":-0.09421445842029114,"197":-0.08406911469361888,"198":0.026866206555747035,"199":-0.07566496854656365,"200":-0.04979983292711761,"201":0.01817339970541812,"202":0.01817339970541812,"203":-0.05242759922112203,"204":-0.06048181785965172,"205":-0.2119620132995332,"206":-0.03764908302248293,"207":-0.04599638288966265,"208":-0.05859118116402679,"209":-0.04738549457300577,"210":-0.012371849649489591,"211":-0.021786688738799756,"212":-0.05426526948582917,"213":-0.07565391612146004,"214":-0.06776092940559508,"215":-0.0473553851745005,"216":-0.14494575959750305,"217":0.00877825678132825,"218":-0.10808550657713745,"219":-0.06433956554376405,"220":-0.07125902941244164,"221":-0.10292030953916256,"222":-0.1668097985853831,"223":-0.03050522669385214,"224":-0.07330364228404021,"225":0.010472034201665925,"226":-0.02541462761691049,"227":-0.18383544989043193,"228":-0.08598071622862845,"229":-0.04791343792145003,"230":0.016309549026952197,"231":-0.12119997009156931,"232":-0.005396636121784981,"233":-0.10743493710136882,"234":-0.08756568851213162,"235":-0.10031136448647573,"236":-0.05390573194633633,"237":-0.14155749173624407,"238":-0.05991101428672846,"239":-0.09337404932189758,"240":-0.09337404932189758,"241":0.06031194732967782,"242":0.07680311357908731,"243":0.20120829664958495,"244":0.30527422618730826,"245":0.17406881764875642,"246":0.41325724296717903,"247":0.7583069422045978,"248":0.14653674363895353,"249":-0.0901765140656231,"250":0.25287500684146036,"251":0.06525493691224948,"252":0.10531621836959776,"253":0.20520328044871358,"254":0.12999867758383923,"255":0.09511368769328676,"256":0.09511368769328676,"257":0.13254032937643206,"258":0.13254032937643206,"259":0.19596414580344548,"260":0.19596414580344548,"261":0.12213667889539026,"262":1.2198098450773531,"263":0.09164076405782007,"264":0.5033582769860667,"265":1.2595230696781956,"266":0.4119328925404828,"267":0.05336084000439645,"268":0.05336084000439645,"269":0.05336084000439645,"270":0.8832073291787581,"271":0.8832073291787581,"272":0.1590781146919769,"273":0.13969729336416414,"274":0.46907498679012993,"275":1.5988869923897355,"276":0.32011917583375227,"277":0.46582837149745027,"278":0.5822489761226262,"279":0.3575217462737349,"280":0.2500750519332027,"281":0.07014810689340056,"282":0.17797754288913037,"283":1.250170491117399,"284":0.1371806635388333,"285":-0.25741917128649616,"286":-0.9011142841329924,"287":0.40464044416339606,"288":0.9523440761737376,"289":-0.1631461841801185,"290":-0.10116678040260879,"291":-0.2114171344112795,"292":-0.11736548322169274,"293":-0.09138276640314041,"294":-0.008120041558069946,"295":0.1793261978136803,"296":0.023887231152539323,"297":0.045761350428441094,"298":0.250370452600829,"299":0.4603662412636671,"300":-0.21677618331984727,"301":-0.1526183806764003,"302":-0.1163668970033585,"303":-0.08850182998302991,"304":-0.023043992099652216,"305":-0.010556050213607782,