{"1":0.501414245307277,"2":0.3202592845926018,"3":-1.1376787190398923,"4":0.8527131782945736,"5":1.0065764445351386,"6":0.004604316491698346,"7":0.015448000388713301,"8":0.35511129118883644,"9":0.35511129118883644,"10":0.2750506991220052,"11":0.2750506991220052,"12":0.11868674072952856,"13":0.11868674072952856,"14":-0.48563097213259987,"15":-0.48563097213259987,"16":1.069783867247988,"17":1.069783867247988,"18":1.069783867247988,"19":0.3743566573795982,"20":0.3743566573795982,"21":0.6679123966147866,"22":0.6679123966147866,"23":0.08311356570958803,"24":0.06208657866756251,"25":1.8099547511312217,"26":-0.14315367547061772,"27":-0.08203629968954954,"28":-0.19155990170436973,"29":1.0447297886184685,"30":-0.33113083325033654,"31":0.07978263148966946,"32":0.011273321684234259,"33":-0.12284938142639476,"34":0.117096018735363,"35":-0.1402748561150189,"36":0.5503611055271455,"37":0.22208065853578618,"38":0.648882756320643,"39":1.4803104912945177,"40":0.5505803152481239,"41":0.07267879776379949,"42":0.7976101934971084,"43":0.2858900654862765,"44":0.8630713128848471,"45":-0.698065499971033,"46":0.4819288526286241,"47":-0.09863195371213693,"48":0.0494279766820388,"49":-0.11298120228435116,"50":-0.11298120228435116,"51":0.0494279766820388,"52":0.0494279766820388,"53":1.1391485059914757,"54":1.1391485059914757,"55":-0.22624883911654425,"56":-0.12782927453633594,"57":0.11925081532506332,"58":-0.29158603410181433,"59":-0.2859640494493496,"60":-0.3434931911920549,"61":-0.5090352798406594,"62":0.41934884297264646,"63":-0.3633720930232558,"64":-0.3996040875617303,"65":-0.43808927014383114,"66":0.07169370573677025,"67":0.39377754315086144,"68":0.051110873703878124,"69":-1.2036686776373329,"70":-2.1416193304691333,"71":-0.5034755034755036,"72":0.292716801261653,"73":0.18931904836551533,"74":-0.014877554992055786,"75":-0.026179391381415396,"76":0.23119733848085217,"77":0.37148198499311413,"78":0.1777236663801176,"79":0.21867826372843746,"80":0.793925135909438,"81":0.06882617931486035,"82":0.5024543283299249,"83":1.0908327671137967,"84":0.9141132519160603,"85":0.6299347811889715,"86":0.7984846033809024,"87":0.7984846033809024,"88":0.008046450688792839,"89":0.008046450688792839,"90":-0.4876190826136102,"91":-0.09001194217846725,"92":-1.4498060131530037,"93":-0.9697612562997382,"94":-6.510766733456768,"95":-0.037483629885578906,"96":-0.6144034344287831,"97":-1.5490268539049026,"98":-0.26654031524537314,"99":0.24966442422195523,"100":0.4727479558832877,"101":-0.058950358878775644,"102":0.2112726961025137,"103":0.06245060340727482,"104":0.23782799652326342,"105":0.15133234636369092,"106":0.1530650965238602,"107":0.5082560018143389,"108":0.34643151202136346,"109":0.42945104276879975,"110":0.39008777786643467,"111":0.7843420496263673,"112":0.22792921312792042,"113":0.1662016994347335,"114":-0.5315070210785472,"115":0.45542516823918106,"116":0.5976844289570035,"117":0.7163248198368346,"118":0.6865342590862789,"119":1.0925923189982143,"120":0.6365416059994686,"121":0.05138485843968882,"122":0.35961978989185917,"123":-0.11883266625496658,"124":4.96888877578287,"125":0.6009814771771926,"126":0.6009814771771926,"127":-0.489383523983294,"128":0.526252054536656,"129":0.202689156561989,"130":0.6009814771771926,"131":0.6009814771771926,"132":0.16999798346367279,"133":0.2792182234932995,"134":-0.2962723108601124,"135":0.3388861136942627,"136":0.15016968560001445,"137":0.23642429135975185,"138":-0.04456190291734419,"139":0.3381037075812573,"140":-0.36744311836765897,"141":0.04130298435498547,"142":0.3769338993956607,"143":0.10376994046191113,"144":0.2893455534607303,"145":0.6963878580664973,"146":-0.1437015361022297,"147":-0.15323333986534016,"148":-0.3017118629618582,"149":0.019914219150804435,"150":0.11309422082820819,"151":-0.39771148083655616,"152":0.12807437762470025,"153":0.3186685056206191,"154":0.24992705054424375,"155":-0.010536242205495483,"156":-0.03379499682209097,"157":-1.0109688652184305,"158":0.548886702272167,"159":-0.10946790342292512,"160":0.15541082793304611,"161":-0.1345215695543559,"162":0.23891868730282545,"163":0.670046293096394,"164":0.05427222023581846,"165":0.6347020884202613,"166":0.03511912199703038,"167":0.46318990495653756,"168":-0.23723473756200364,"169":0.832681112427976,"170":1.138722318739505,"171":1.0022623345940584,"172":0.6704554109044485,"173":0.0924242573934145,"174":0.21287742869756265,"175":0.47107894598005307,"176":0.09852215694941263,"177":0.5055849151663998,"178":0.20923529456938444,"179":0.09077515897458188,"180":0.3264519184469652,"181":0.38059563624542325,"182":0.5680269947260721,"183":0.10981665393430101,"184":0.30956555776153694,"185":0.2690072667734742,"186":0.5089517016671152,"187":0.2536633052650388,"188":0.3441809163843641,"189":0.2674909192975366,"190":0.48426392933639073,"191":0.25285994394205547,"192":0.3739523713415744,"193":-0.12874372019947922,"194":-0.14238041643968052,"195":-0.060889104016650986,"196":0.3390201587038405,"197":-0.01700613928949335,"198":1.011598634902008,"199":0.6071557101772596,"200":0.903059291788268,"201":0.01795966400315313,"202":0.01795966400315313,"203":0.10899980357227487,"204":0.1933414813198645,"205":0.17857772070424904,"206":0.13227475608056813,"207":0.005488556146955953,"208":0.17849474574236585,"209":0.09039155124468501,"210":0.1347005203699988,"211":0.21409648081094218,"212":0.330106111073046,"213":0.2189769126545211,"214":0.21421558698433862,"215":0.21662576299306463,"216":0.17947919910688856,"217":0.24859232613711996,"218":0.4621138004157239,"219":0.3275037968998069,"220":0.10017665311917531,"221":0.40367943359442676,"222":0.7019963136220846,"223":0.20056843880780456,"224":0.5093094147321002,"225":0.3221984764852324,"226":-0.3751646739022143,"227":0.4740454536239798,"228":0.17943693983660938,"229":0.26418488005475427,"230":0.25053254710835554,"231":0.27946882673245244,"232":0.1288756929098933,"233":0.18819458956451218,"234":0.3931756844164419,"235":0.6151151965976256,"236":0.6333143282522545,"237":0.27929048268669204,"238":0.0623413478006431,"239":-0.21237358857097208,"240":-0.21237358857097208,"241":0.7990031619521223,"242":0.178837859989535,"243":0.27652198250025967,"244":0.38685075392388735,"245":7.0854940112890645,"246":0.54430313497671,"247":-0.21953855902195385,"248":-0.22991200079311866,"249":-0.684931506849315,"250":0.05358406632291984,"251":0.073407344853865,"252":-0.3963011889035667,"253":-0.032144005143040826,"254":0.006530251955134916,"255":0.2548250115942977,"256":0.2548250115942977,"257":1.4989293361884368,"258":1.4989293361884368,"259":-0.054152403656200276,"260":-0.054152403656200276,"261":0.08869441816461685,"262":0.9123615273163441,"263":0.08974358974358974,"264":0.22346368715083798,"265":1.5362912331742626,"266":0.11737089201877934,"267":0.4804570834956499,"268":0.4804570834956499,"269":0.4804570834956499,"270":0.18662004737099092,"271":0.18662004737099092,"272":-0.12036950413896542,"273":0.089632506722438,"274":0.6209802616988246,"275":0,"276":0.7515657620041754,"277":0.46109338552148293,"278":1.2447042927077447,"279":0.08947211452430659,"280":-0.027130147364388332,"281":0,"282":0,"283":1.048686873677849,"284":1.0581984454379674,"285":-0.0325626831650928,"286":0.6182380216383307,"287":0.4576659038901602,"288":1.3461538461538463,"289":1.2408584974641204,"290":3.138264334418855,"291":2.547500481249599,"292":3.232069370523445,"293":0.5113987174100441,"294":0.08099639890323343,"295":-0.1053184321012762,"296":0.20294828508699103,"297":1.0262989095574087,"298":1.0800980586705304,"299":0.3953610415790284,"300":1.8318001303945117,"301":1.4241686518341719,"302":1.8278916696438374,"303":1.2025261522261026,"304":1.5995547330642959,"305":1.0838353519603925,"306":1.5995547330642959,"307":0.9711788117579088,"308":0.05951237569356717,"309":1.463257498938456,"310":1.8553686579009183,"311":1.94110314391118,"312":1.7306282540381275,"313":0.7797789388653341,"314":0.6208428783053241,"315":0.3440366972477064,"316":1.1419869823075806,"317":1.7819554018706747,"318":0.8492478866446811,