{"1":-0.10396200624121615,"2":-0.05241961375730331,"3":0.12566577651166405,"4":-0.07004151550451368,"5":-0.04154365290286231,"6":-0.013631947111597965,"7":-0.02362126797410275,"8":-0.07563699107568275,"9":-0.07563699107568275,"10":-0.019295333063151177,"11":-0.019295333063151177,"12":-0.08130236346065689,"13":-0.08130236346065689,"14":-0.08502642752789505,"15":-0.08502642752789505,"16":-0.008153193873611186,"17":-0.008153193873611186,"18":-0.008153193873611186,"19":0.002703358768806882,"20":0.002703358768806882,"21":0.0019415408635608533,"22":0.0019415408635608533,"23":-0.0022962421604250383,"24":0.008483813747114391,"25":0.060984339875445354,"26":0.028098053721872074,"27":0.04031611984822492,"28":-0.005782551562052526,"29":0.016922533049942123,"30":-0.029357622434562566,"31":0.002912204522111106,"32":-0.020867313605419185,"33":0.03223275387090166,"34":-0.12341764211325051,"35":-0.07748632792706278,"36":-0.052767819512168884,"37":-0.007948843350985946,"38":-0.056372645788866055,"39":-0.1194780856562424,"40":-0.10589288803082186,"41":-0.18725589609449889,"42":-0.11503485777427394,"43":-0.01808618171830942,"44":-0.11075921324248719,"45":-0.1418462014230208,"46":-0.09475965325591815,"47":-0.0588527804697794,"48":-0.03163951946842436,"49":-0.08971316946959304,"50":-0.08971316946959304,"51":-0.03163951946842436,"52":-0.03163951946842436,"53":-0.13460650052516446,"54":-0.13460650052516446,"55":-0.0025495278780601205,"56":0.030354180391100424,"57":0.0478237953824591,"58":-0.011782960080451411,"59":0.022126309327090254,"60":0.19381448670005383,"61":0.12381987433418343,"62":0.07847646970146757,"63":0.05528904103947218,"64":0.05799572627601492,"65":0.10986839646337357,"66":0.2155083040532135,"67":0.17178412874166066,"68":0.11238862368222617,"69":0.0055245870152889065,"70":0.007897974551773324,"71":-0.0009597396644624168,"72":0.01380459483620694,"73":-0.014765738885723606,"74":-0.014432931948644201,"75":-0.06711913452776744,"76":-0.0740757770972362,"77":-0.041445639770558235,"78":0.022147769533641254,"79":0.026333483828077958,"80":-0.02934663044514549,"81":-0.04754278176475796,"82":-0.07099902534475636,"83":-0.07485859137046959,"84":-0.049884112981866055,"85":-0.0010050421633295559,"86":-0.0348438816455674,"87":-0.0348438816455674,"88":-0.09785047803894126,"89":-0.09785047803894126,"90":0.0216831495929104,"91":-0.03565467107703474,"92":-0.011119528795435235,"93":0.10359324207992882,"94":-0.013809618300304527,"95":-0.012980963559662495,"96":-0.015793341572803876,"97":0.05211500518704687,"98":0.02993459462315995,"99":0.23852342354536446,"100":0.23561492535584072,"101":0.019426483302777783,"102":-0.0013028400793306943,"103":-0.015333078248565835,"104":-0.006799406889643589,"105":0.0118143190214334,"106":0.14326387628620807,"107":-0.015422294136870893,"108":-0.012172010111391893,"109":-0.00024311499112579515,"110":-0.0045615852294923764,"111":-0.05109977809424461,"112":-0.028058664271008005,"113":-0.019169581190911694,"114":-0.1853152683526415,"115":-0.0055345559044195775,"116":0.04270029890978905,"117":-0.1410423533007068,"118":-0.13665549513074218,"119":0.008934600229613676,"120":-0.005522070041764443,"121":0.037466132615910364,"122":-0.05704842754644404,"123":0.03584862870594194,"124":-0.09017964087150795,"125":-0.005375110158325536,"126":-0.005375110158325536,"127":0.030917569932843725,"128":-0.06225343347346335,"129":0.006623777250345866,"130":-0.005375110158325536,"131":-0.005375110158325536,"132":0.1260680718495062,"133":0.12383609388226843,"134":0.018533158562182683,"135":-0.04162025452290867,"136":0.09665089334142682,"137":0.16940519393112574,"138":-0.008145042568578925,"139":0.17106831173585665,"140":0.05482549518773505,"141":-0.006501124446485956,"142":0.35196188504074055,"143":-0.043564647712516946,"144":0.05458779051462814,"145":0.16940375231349789,"146":-0.03912075206455867,"147":0.11280545626145037,"148":0.03422214601271249,"149":-0.0067115543987996545,"150":-0.020390058877743297,"151":-0.002741987731107891,"152":0.01103661590121472,"153":-0.07196380117306056,"154":-0.03716541853357493,"155":-0.03058043293965451,"156":0.01964319494282811,"157":-0.0026997997846268107,"158":-0.062382918957181115,"159":-0.010071922962609663,"160":-0.00775076317544901,"161":-0.0024104139204107616,"162":-0.017962272538976337,"163":-0.015624628534019927,"164":-0.02149167678734995,"165":-0.06253188845764428,"166":-0.0391937693298719,"167":-0.06943990510758508,"168":-0.029494746654816523,"169":-0.033486701452694084,"170":-0.02711167710709944,"171":-0.04595254409814378,"172":-0.015219831600619821,"173":-0.036815555451544205,"174":-0.0648719743254898,"175":-0.052562212538665526,"176":-0.030222822091709456,"177":-0.08015763400764056,"178":-0.07323597846345838,"179":-0.06517951343531785,"180":-0.018461300630221326,"181":-0.0450306015507784,"182":-0.06581444812333478,"183":-0.04379645781198192,"184":-0.05691803638763089,"185":-0.08987252133754056,"186":-0.06397975381362407,"187":-0.058665984579302125,"188":-0.030003512828879322,"189":-0.028090169651848178,"190":-0.02456865440261599,"191":-0.051242521882684994,"192":-0.056420281718311094,"193":-0.04371198098310346,"194":-0.04685007211145807,"195":-0.062332972753479154,"196":-0.0429518548823188,"197":-0.05327040372889216,"198":-0.019734802636820217,"199":-0.04793885026486132,"200":-0.022095600549163832,"201":0.04989231394181905,"202":0.04989231394181905,"203":-0.02895727810480355,"204":-0.03200164051037822,"205":-0.08376873279173555,"206":-0.030749012871817125,"207":-0.0386778797343696,"208":-0.05078277081846498,"209":-0.03171483823240555,"210":-0.017615709243416815,"211":-0.02645554388646748,"212":-0.055478535046235476,"213":-0.0587361033284894,"214":-0.04839799930355121,"215":-0.0396036350821337,"216":-0.055107783411675215,"217":-0.015377129784235992,"218":-0.0699490043769162,"219":-0.032228339534705726,"220":-0.03346953561564189,"221":-0.05728942671050018,"222":-0.07350515807316577,"223":-0.04267668061360459,"224":-0.06295072154435757,"225":-0.005569071783290483,"226":-0.026904501314852003,"227":-0.1618976535874897,"228":-0.07553997373529968,"229":-0.06936641305671895,"230":-0.000703072412943373,"231":-0.05757506459715971,"232":0.011578369514759365,"233":-0.0692832087923829,"234":-0.051459158191976,"235":-0.07904635214116784,"236":-0.03724441573839632,"237":-0.11329136520311239,"238":-0.07428785781294042,"239":-0.1551236837539084,"240":-0.1551236837539084,"241":-0.01520597748072694,"242":0.09656820574277863,"243":0.13677042384790083,"244":0.1219923030455542,"245":0.05555355792510508,"246":0.338220070067863,"247":0.2979784589843315,"248":0.10851080771420352,"249":-0.0438325927954169,"250":0.15087224802059537,"251":-0.0038639692052210295,"252":0.07929912932416536,"253":0.057712853713555334,"254":0.058948163881927106,"255":0.01175351169552663,"256":0.01175351169552663,"257":0.017506516443440617,"258":0.017506516443440617,"259":0.08395520368495686,"260":0.08395520368495686,"261":0.1826116491903068,"262":0.8166657985794181,"263":0.29875560327881473,"264":0.4621620168783437,"265":0.7806868236547868,"266":0.26107350139143987,"267":0.062262437258678305,"268":0.062262437258678305,"269":0.062262437258678305,"270":0.902356317924651,"271":0.902356317924651,"272":0.03060866532437398,"273":0.0931537155661949,"274":0.20742317706937202,"275":0.9108501172771437,"276":-0.06144307022836881,"277":0.15129121338392792,"278":0.2657949909886026,"279":0.21304211870766826,"280":0.1714843362904772,"281":-0.13268460665827625,"282":-0.507301732832921,"283":-0.5883884365621666,"284":-0.2799556285985083,"285":-0.41558495464486334,"286":-0.7822218420859384,"287":0.1835684754261523,"288":0.3587027401413143,"289":-0.10386440085907331,"290":-0.1393284717002517,"291":-0.3032315856162114,"292":-0.10424439950605914,"293":-0.10740466196589438,"294":-0.15667857867165566,"295":-0.14309816491346428,"296":-0.048866418249563615,"297":-0.14258468011338987,"298":0.0017288836854085776,"299":0.27618131246136435,"300":-0.1399393605417178,"301":-0.018837473565959065,