{"1":0.004706948949354084,"2":0.17765690434561415,"3":-0.2304557891390253,"4":0.2950648000881848,"5":0.13513099044911486,"6":0.09058751685764557,"7":0.02157253179611618,"8":0.3120788616965424,"9":0.3120788616965424,"10":0.7884235175946013,"11":0.7884235175946013,"12":-0.07583949118442268,"13":-0.07583949118442268,"14":-0.07552115943180632,"15":-0.07552115943180632,"16":-0.10455322928105323,"17":-0.10455322928105323,"18":-0.10455322928105323,"19":0.17064848006871347,"20":0.17064848006871347,"21":0.1833245316220673,"22":0.1833245316220673,"23":0.048921051531488985,"24":0.19486620867743393,"25":0.08620689655172414,"26":-0.052525619523143385,"27":-0.030296252342675384,"28":0.022634328828873673,"29":0.020360511154047967,"30":0.08751763488182382,"31":0.052309946761428694,"32":-0.43421282846689624,"33":0.07187451088218372,"34":-0.033888223720648605,"35":-0.10393976330414434,"36":0.281917600904749,"37":0.005932453968245044,"38":-0.06566748798821104,"39":0.33586018182150235,"40":-0.2773355163549616,"41":-0.046722555321324744,"42":-0.15519665281113426,"43":-0.04542784738554512,"44":-0.10015438576846597,"45":-0.17912733902847308,"46":0.09062446528010809,"47":0.178857804336091,"48":0.12305302202740154,"49":-0.1277477756259483,"50":-0.1277477756259483,"51":0.12305302202740154,"52":0.12305302202740154,"53":0.06396955325062942,"54":0.06396955325062942,"55":-0.36691197440424733,"56":-0.04620345626495212,"57":0.13302337555413127,"58":-0.24050705209573714,"59":-0.08691944389809125,"60":-0.1554564794563552,"61":0.014476563803981712,"62":0.02831006184593121,"63":-0.04134113078947593,"64":-0.10752181390688959,"65":-0.2705781331852675,"66":0.2638635841877231,"67":0.260317377100171,"68":0.24857802177787858,"69":-0.23766307430516165,"70":-0.08480301395577694,"71":-0.05982957524924826,"72":-0.11754123260837829,"73":0.2532764067768425,"74":-0.06636978574166186,"75":-0.2508125077383958,"76":0.02411868957308838,"77":-0.382373354404416,"78":-0.12486310060526173,"79":0.06741978184783814,"80":-0.033187781763530766,"81":-0.3924682516413528,"82":-0.2984442245522153,"83":-0.030410065814791165,"84":-0.13770883681488838,"85":-0.05894850793033263,"86":-0.0703189722617531,"87":-0.0703189722617531,"88":-0.19459888635598244,"89":-0.19459888635598244,"90":-0.2674170576277386,"91":0.06009706904723511,"92":-0.1254879627594052,"93":-0.13979247095931713,"94":0.0878779548837833,"95":0.22844400150716038,"96":-0.342951891345755,"97":-0.1916682884143961,"98":0.16754697838271704,"99":0.055025413745823815,"100":0.3929203008759413,"101":-0.024894918320600312,"102":-0.0552327770422652,"103":-0.05159123368796864,"104":-0.14169927612038127,"105":0.10654845781210343,"106":-0.028828336767856677,"107":-0.04663353527625719,"108":-0.021373846883623093,"109":0.12817941757519688,"110":-0.2036346862063398,"111":-0.01039973641846792,"112":0.044936006869655154,"113":-0.20481458823064913,"114":-0.07638786216298787,"115":-0.06739901238621804,"116":0.07798559850066583,"117":-0.37045409797096523,"118":-0.3969931212030993,"119":-0.034144701509037034,"120":0.0261524096488025,"121":0.007621197039477723,"122":-0.08107813873584224,"123":-0.22834576888227803,"124":-0.18720924910175063,"125":-0.059992973517611736,"126":-0.059992973517611736,"127":-0.39070127502985486,"128":-0.19014511371869652,"129":-0.010668703088786535,"130":-0.059992973517611736,"131":-0.059992973517611736,"132":0.355430515451443,"133":0.12322900300678641,"134":0.10330909079181672,"135":0.11369008644725775,"136":-0.0187837575815768,"137":0.4526064286089641,"138":0.14343243468443556,"139":0.2948664642385582,"140":-0.006966014806000453,"141":0.2616376833242127,"142":0.5602279950418623,"143":-0.00820473383642406,"144":0.04659889985883148,"145":0.6201173798179106,"146":0.2044946202224469,"147":0.435034864867464,"148":0.06255368368716901,"149":-0.025114824497382837,"150":0.24772703204980417,"151":-0.17417119721540741,"152":0.16209359393046913,"153":-0.009277288990145238,"154":0.001418796096011199,"155":-0.04895040533118272,"156":0.1472651162680358,"157":0.08401368466653969,"158":0.04088044662834711,"159":-0.1686484767908462,"160":0.06996818522727807,"161":-0.04127708692266974,"162":-0.056474722289994006,"163":-0.030546542334781934,"164":0.14170846899113576,"165":-0.0488894524967593,"166":-0.1032110598970567,"167":0.05956980367281117,"168":-0.04585322055388086,"169":0.006571615599245462,"170":-0.18266517175211694,"171":-0.030719508129114004,"172":0.016459897805134016,"173":0.3429483566124287,"174":-0.07327275230404479,"175":0.15627474050952062,"176":0.02910695436066224,"177":0.13856813614018487,"178":0.09012259684046686,"179":0.013837232056882698,"180":0.0027415796658087355,"181":0.06930261739067134,"182":0.12057025098569951,"183":0.033389096021137016,"184":0.11119870517515665,"185":-0.08611043212776981,"186":0.1239546386708546,"187":-0.02049009848661254,"188":0.15017401644450512,"189":0.23544895992300846,"190":0.06316977703795729,"191":0.0999291300194396,"192":0.16067032728646696,"193":-0.005729582881118467,"194":-0.11123860832502258,"195":-0.050007613931492834,"196":0.1339972207022856,"197":0.1409341433567486,"198":0.11753133804393778,"199":-0.02383145805168052,"200":-0.004308160035184028,"201":0.14144487263081362,"202":0.14144487263081362,"203":0.030676250866366717,"204":-0.008400062859686613,"205":0.0006809913023574921,"206":0.0050712651628140315,"207":-0.09154690597952128,"208":-0.012291362325109106,"209":-0.038318283058160096,"210":0.11768574427895362,"211":-0.03252657414678664,"212":-0.016832796256360583,"213":-0.007202961454279649,"214":0.044037430689213564,"215":-0.07023418148431959,"216":0.11819169865218304,"217":0.15225579955230645,"218":0.29058119099483887,"219":0.26920261262390266,"220":0.03713029117514327,"221":-0.019439551430819046,"222":0.06477127127638238,"223":0.15410674224522475,"224":0.13363589092124373,"225":0.06273095316050173,"226":-0.021749976104039614,"227":0.16955191858728286,"228":0.04181526025005089,"229":-0.09008729972178314,"230":0.12459171632826549,"231":-0.019134331171554386,"232":0.07142022436789497,"233":0.1427030729121639,"234":-0.06730668769979131,"235":0.0897790134170176,"236":0.13100980253940275,"237":0.03248585482350874,"238":-0.3934476138373787,"239":-0.2456916371881347,"240":-0.2456916371881347,"241":-0.10472443998962966,"242":0.05998594404167758,"243":0.3286269019369522,"244":-0.417819610231715,"245":0.061380935352864555,"246":0.3664981072079484,"247":0.2739933793176213,"248":0.9930052958239538,"249":0.0954653937947494,"250":-0.05649806126280217,"251":-0.10197170831020264,"252":-0.0038486338817419197,"253":-0.09840962530677302,"254":-0.015667672492555074,"255":-0.06875214850464077,"256":-0.06875214850464077,"257":-0.1611230329041488,"258":-0.1611230329041488,"259":-0.041801217095902427,"260":-0.041801217095902427,"261":0.11783391114114522,"262":0.007851150511036187,"263":-0.07010839737292987,"264":-0.04712206838710245,"265":-0.057025646389679774,"266":0.015751111437800835,"267":-0.03659873139305672,"268":-0.03659873139305672,"269":-0.03659873139305672,"270":0.47866351043949135,"271":0.47866351043949135,"272":-0.2889758586719715,"273":-0.08270926975524961,"274":-0.44785931861472555,"275":-0.37455473508186143,"276":-0.9455838271636046,"277":0.14302256946622993,"278":0.253490648823981,"279":0.12968766886415217,"280":-0.024350186243265515,"281":-0.7146615386337657,"282":-1.3919307262852731,"283":-1.7181436210847973,"284":-0.3068398211951112,"285":-0.22103234097237096,"286":-1.1469295821310213,"287":0.3976544061809737,"288":0.35517848439939925,"289":-0.2619593875043533,"290":-0.05205844919375752,"291":-0.6751242647058564,"292":-0.30574249413709237,"293":-0.19586545854286352,"294":-0.22215607191705528,"295":-0.423979318906289,"296":0.027250612225006354,"297":-0.08002546153015588,"298":-0.566814078742039,"299":0.6534685778755851,"300":-0.17357366270656344,"301":0.1845902634263138,"302":0.1689904073669225,"303":-0.15818462096549113,"304":-0.03372284185513047,"305":-0.007741268229141063,"306":-0.03372284185513047,