{"1":-0.00027443543850724783,"2":0.24083302749406454,"3":-0.17842029577309526,"4":0.36591400698025645,"5":0.2665688199016367,"6":0.19377477817662675,"7":0.29346486322372245,"8":0.2714632628900576,"9":0.2714632628900576,"10":0.6888039008012508,"11":0.6888039008012508,"12":0.111447535497741,"13":0.111447535497741,"14":0.03587076074198381,"15":0.03587076074198381,"16":0.011247014917084242,"17":0.011247014917084242,"18":0.011247014917084242,"19":0.1342368155848046,"20":0.1342368155848046,"21":0.356809469484227,"22":0.356809469484227,"23":-0.01137679456913726,"24":0.1855217719395742,"25":0.12108725006874367,"26":-0.09809674584206227,"27":0.019246773575888276,"28":0.0857599332067106,"29":0.08098174820355747,"30":-0.11021273795713565,"31":-0.08045098206311121,"32":-0.07708734641393228,"33":0.06562170576496831,"34":-0.09380519951203767,"35":-0.21061965851765785,"36":-0.08143318660230248,"37":-0.003377135787459129,"38":0.09258492086132697,"39":0.2675875157726205,"40":-0.1273828882390156,"41":-0.12944351648425778,"42":-0.15923636028408805,"43":0.0032170367822961232,"44":0.13297635743634956,"45":-0.060609012860459555,"46":0.1594927565651889,"47":-0.0003836093578775124,"48":0.14187020102443404,"49":-0.1563524440470505,"50":-0.1563524440470505,"51":0.14187020102443404,"52":0.14187020102443404,"53":0.10283364395847072,"54":0.10283364395847072,"55":-0.15358188316053112,"56":0.08845896380503188,"57":0.07926211966902708,"58":0.11523330518411551,"59":0.1012056558624359,"60":-0.16232842572275263,"61":0.18612778737289631,"62":0.07029739660373557,"63":0.13544295325190467,"64":0.003576579306642791,"65":0.024535076099568065,"66":0.32708168694666706,"67":0.15857276146801447,"68":0.10943889637665338,"69":-0.12064960607326747,"70":-0.14965679897782358,"71":-0.0658341853466643,"72":-0.032612144258234554,"73":0.24481413481174152,"74":0.04332964747214296,"75":-0.27846155313381726,"76":0.06107525074501263,"77":-0.01853508470177645,"78":-0.03992326280852898,"79":0.098120132578011,"80":0.03745225084526804,"81":-0.1117096328374213,"82":-0.22861574410797225,"83":0.07091617045725851,"84":0.1323929182584348,"85":-0.01010817373419226,"86":-0.1432871815379667,"87":-0.1432871815379667,"88":-0.22458694019223857,"89":-0.22458694019223857,"90":-0.13421959023130448,"91":-0.10905819954299667,"92":-0.1990783963482602,"93":-0.06683682881751563,"94":-0.3070764842057979,"95":-0.16452753600260273,"96":-0.3489889392299528,"97":-0.15444086088901676,"98":0.06947649591366079,"99":0.07066054127974242,"100":0.16740227122837797,"101":-0.041865168945020625,"102":0.023293680090552216,"103":-0.10428618187593552,"104":-0.09347690551842913,"105":-0.014716730647192033,"106":0.1691505746601094,"107":-0.1026076666301623,"108":0.003681775644882479,"109":0.034083712781300846,"110":-0.1472550127414663,"111":-0.07529285379794576,"112":0.02076955216337767,"113":-0.05537430201936511,"114":-0.08790299105114163,"115":0.14422759564653295,"116":0.15977804821705133,"117":-0.289463308137185,"118":-0.234480557195632,"119":0.029190989687351565,"120":0.05309888591139761,"121":0.0032629759955243864,"122":-0.05449765220370445,"123":-0.01209943879251929,"124":-0.06150970131056838,"125":-0.02778679372875109,"126":-0.02778679372875109,"127":-0.31159315792178344,"128":-0.20043250228908172,"129":-0.03880328554427359,"130":-0.02778679372875109,"131":-0.02778679372875109,"132":0.2612336777642206,"133":0.1597572264742687,"134":0.14310084213859997,"135":0.12411648746573023,"136":0.2237312856547493,"137":0.5266281640063821,"138":0.13543764649678358,"139":0.5689177095254911,"140":-0.0907760086432432,"141":-0.011188167689069495,"142":0.6714539094571275,"143":-0.17581965423111245,"144":-0.11526889514138339,"145":0.6446569688130724,"146":-0.08687157849361715,"147":0.3164775968052175,"148":0.02095131312136367,"149":-0.12280561031354142,"150":-0.11803214534961837,"151":-0.3354512081038248,"152":0.09798369528533701,"153":-0.09187945513072143,"154":-0.06292617490001384,"155":-0.02045475851413353,"156":0.10506575676518792,"157":-0.010522372064969865,"158":0.04306543601970103,"159":-0.10760606249044913,"160":0.06470744422621644,"161":-0.11482958525543163,"162":-0.09677411810857084,"163":0.05185723321562108,"164":0.03280687578801622,"165":-0.13210290979796746,"166":-0.04351564723781465,"167":0.003632604236927406,"168":-0.0547162556654186,"169":0.09702258460804797,"170":-0.06413992280670106,"171":-0.16881209883745713,"172":-0.010176553837677016,"173":0.30480129342590523,"174":-0.06552190022829041,"175":0.13781471719244676,"176":0.026548504973146814,"177":0.10011453982977181,"178":0.14037278722980057,"179":-0.12228389113377558,"180":-0.02069470654697353,"181":0.1461365330484686,"182":0.03581354218729543,"183":0.05751694704465149,"184":0.0969656845414491,"185":-0.02989249970558261,"186":0.15833546152694727,"187":-0.0547417253423389,"188":0.18092316691163846,"189":0.2747964169616461,"190":0.15598714234597677,"191":0.1632256166025733,"192":0.19050170135870204,"193":-0.07623811832053495,"194":-0.03608226975695028,"195":-0.14599347277337316,"196":0.20678218925085246,"197":0.05729400852476829,"198":0.12243089514576,"199":0.08696213446221046,"200":-0.025684664388786083,"201":0.061665130704323556,"202":0.061665130704323556,"203":-0.0227662765344549,"204":-0.017857047876418675,"205":-0.028025544717588724,"206":0.021779035701146865,"207":-0.07539985816443712,"208":-0.009733916322722747,"209":0.00007284001049179256,"210":0.045768265503861594,"211":-0.016981219799238556,"212":-0.09542812073899476,"213":-0.034031888533779364,"214":0.050765407249130146,"215":-0.10760802529095326,"216":0.09916330951647634,"217":0.14788024098640878,"218":0.16872604818741865,"219":0.1832415921976016,"220":-0.06396972424809155,"221":-0.06004778114328496,"222":0.022705852483559053,"223":0.04124674416160318,"224":0.03735541247895946,"225":0.06808963941236368,"226":-0.13786854750835476,"227":-0.15722480622293744,"228":-0.07953364414142289,"229":-0.0730609680266428,"230":0.023929197181713158,"231":0.06150095370458997,"232":0.04082923006268935,"233":0.15807009326674398,"234":0.0030030437614178007,"235":-0.009091321616511938,"236":0.10218707589686704,"237":-0.13685358250221924,"238":-0.25686329196562563,"239":-0.33463202187572855,"240":-0.33463202187572855,"241":0.07172402115867627,"242":0.06800582683981587,"243":0.12354534113882354,"244":-0.13398010270105176,"245":-0.16061602862811492,"246":0.26782536228481557,"247":0.09676137528044693,"248":0.5387658268275531,"249":0.008605746705614675,"250":0.116161478301887,"251":-0.03428293547824357,"252":0.0470797574902265,"253":-0.04503732749042544,"254":-0.0010311156360946205,"255":0.09844652659500724,"256":0.09844652659500724,"257":-0.09956209331034271,"258":-0.09956209331034271,"259":0.03733978075994582,"260":0.03733978075994582,"261":0.140565651484746,"262":0.32001728162525556,"263":0.1642979616467809,"264":0.39119769237266655,"265":0.268517446840818,"266":0.0916530899207309,"267":0.07173719683784768,"268":0.07173719683784768,"269":0.07173719683784768,"270":1.3651468936303033,"271":1.3651468936303033,"272":-0.132051767533705,"273":0.043042304038966,"274":-0.13270169594372117,"275":-0.019134814654085508,"276":-0.2688460336357906,"277":0.004440903422484821,"278":-0.06370521070785884,"279":0.051783911455229426,"280":-0.10371975097862451,"281":-0.14487305467048872,"282":-0.9384067573325705,"283":-1.7025669729985646,"284":-0.28616491871033006,"285":-0.30041637326093895,"286":-0.6737657211775853,"287":0.30351604323243375,"288":1.0165153968271117,"289":-0.10969395255125736,"290":-0.19202821923142227,"291":-0.7060888456670213,"292":-0.34241607996121837,"293":-0.05550991865333299,"294":-0.4565829013738434,"295":-0.3243277209899875,"296":-0.159489183051716,"297":-0.2262917910801613,"298":-0.4847840548075193,"299":0.49127935745182977,"300":-0.148126755534432,"301":0.06090978852442641,"302":-0.023062692677929153,"303":0.11257612734701117,"304":-0.001605045119790427,"305":0.28704068117898296,"306":-0.001605045119790427,"307":0.2872322880783592,