{"1":-1.589073874158001,"2":-2.1820680252306937,"3":-1.6471864718531357,"4":0.025561510544825305,"5":-0.06219419928738257,"6":-0.04436602711300586,"7":-0.23364414407399628,"8":-0.30577575913497446,"9":-0.30577575913497446,"10":-1.1846928963500143,"11":-1.1846928963500143,"12":-1.2326939787110127,"13":-1.2326939787110127,"14":-1.764282639360107,"15":-1.764282639360107,"16":-0.24633291109030497,"17":-0.24633291109030497,"18":-0.24633291109030497,"19":0.019048970096397055,"20":0.019048970096397055,"21":-0.40754981169726506,"22":-0.40754981169726506,"23":0.2585144451539496,"24":-0.4786359192680259,"25":0,"26":-0.13364841630711563,"27":-0.06476732086482931,"28":0.052424436847654354,"29":-0.2691942336733221,"30":0.11565174668701403,"31":0.12274031840426411,"32":0.3660503594992508,"33":-0.016848505253959964,"34":-0.47173871510130927,"35":-0.8125607579422904,"36":-0.31394963998345937,"37":-0.625225898482693,"38":-0.42202590480078916,"39":-0.006228814318145703,"40":-0.44499258728274493,"41":-0.6027846143557196,"42":-1.3427506518243146,"43":-0.5340068884326503,"44":0.018348300602805845,"45":-0.9639794930721295,"46":-1.0582118697043272,"47":-0.836846881100461,"48":-0.18794816719137114,"49":-0.6777457582651952,"50":-0.6777457582651952,"51":-0.18794816719137114,"52":-0.18794816719137114,"53":-0.8484013228191811,"54":-0.8484013228191811,"55":-0.1520401559142671,"56":-0.26847864359036866,"57":-0.1370502838124571,"58":-0.028792792240922627,"59":0.10906820790205199,"60":-0.05205267742000946,"61":0.1089323661917102,"62":-0.145581075431238,"63":-0.11504669485046559,"64":0.05368544635567554,"65":-0.0550129483774468,"66":-0.025375886427980998,"67":-0.055266342460869367,"68":-0.567875153940611,"69":-0.4732785064073216,"70":-0.18487859311198834,"71":-0.5706606406760685,"72":-0.2556526192852246,"73":-0.1392926015886739,"74":-0.20392684678248274,"75":-1.8080180898824976,"76":-0.092935606837106,"77":-0.21718864768755253,"78":-0.5690247343622683,"79":-0.5497845305930357,"80":-0.4497878513264394,"81":-0.22440321017405118,"82":-0.18255895908230485,"83":-0.5884475792221396,"84":-0.11091090599065767,"85":0.27845995956965897,"86":-0.48216328336900993,"87":-0.48216328336900993,"88":-0.39535252746132676,"89":-0.39535252746132676,"90":-0.12338599795690047,"91":-0.4641613472171008,"92":-0.3683905565735046,"93":-0.15335483869368263,"94":0.0016646546058821654,"95":-0.2490425064959615,"96":-0.31689067996486836,"97":-0.22954610585321764,"98":-0.09206217975317085,"99":-0.29634190562035123,"100":0.1857198419418799,"101":-0.3065293099331987,"102":-0.15729706827341242,"103":-0.09556928890088406,"104":0.02622198634774353,"105":0.1404051271193032,"106":0.08664923786882872,"107":-0.15244805395873295,"108":0.04434120074885911,"109":0.07401816577173564,"110":-0.42140341513305013,"111":-0.13988066502255997,"112":-0.06139815554461325,"113":-0.2349197569875629,"114":0.05062007215360409,"115":-0.26972973923410287,"116":-0.08214465117779085,"117":-0.11567100148185083,"118":-0.5682275325666911,"119":-0.34025890999963315,"120":-0.3078263264654575,"121":-0.4226945978877534,"122":-0.1195159389523176,"123":-0.24806956806546376,"124":-0.22886525487516013,"125":-0.12708287500489335,"126":-0.12708287500489335,"127":-0.1962200964166917,"128":-0.1760243083013424,"129":-0.11619774068133043,"130":-0.12708287500489335,"131":-0.12708287500489335,"132":-0.03178630062961896,"133":-0.35451276673857035,"134":-0.4885358979131964,"135":-0.22520498821021862,"136":0.025505071838997195,"137":-0.3498402031564174,"138":-0.5801564340393197,"139":-0.017266424685920434,"140":-0.11374830717500783,"141":-0.16001065809859544,"142":-0.6496399713279255,"143":-0.8812561083921766,"144":-0.9032783829425864,"145":-0.46362629302665337,"146":-0.24651180544322376,"147":-0.36161125305464414,"148":-0.18878589135096624,"149":-0.1594068720214633,"150":-0.007087110067307334,"151":-0.6571252400172285,"152":-0.14438278088323825,"153":-0.39502644765153533,"154":-0.26265198558013575,"155":-0.5413819484564393,"156":-0.42735649432886863,"157":-0.34865720282813195,"158":-0.21495590619959104,"159":-0.16214788232543675,"160":-1.3339670477533372,"161":0.026257330864643547,"162":-0.4865717698585512,"163":-0.04890832316969557,"164":-0.2890284719942434,"165":-0.30207894600827695,"166":-0.3250330477661293,"167":-0.07978605534749655,"168":0.26205545381652806,"169":-0.019059801295079726,"170":-0.1574593302761852,"171":0.004241417142372028,"172":0.2534607237338829,"173":-0.22607174008458114,"174":-0.09235212159259054,"175":-0.40767483852674813,"176":-0.2329718828676478,"177":-0.15085751102523082,"178":-0.055768169501800025,"179":-0.315263584271672,"180":-0.1094705311489475,"181":0.04334927408630884,"182":0.10804092425904324,"183":-0.07452190612639681,"184":-0.1673835845572597,"185":-0.13555758886893055,"186":-0.09768024349557552,"187":0.0004064099897282403,"188":-0.32773889187346195,"189":-0.08787201258165059,"190":-0.08085640553903933,"191":-0.1795587213965822,"192":-0.5164141045306122,"193":-0.14148760346064082,"194":-0.5257034367236694,"195":-0.2566709203121343,"196":0.1395733074510188,"197":-0.812753720814314,"198":-1.2670811954902435,"199":0.1688627711380406,"200":0.13206384545498429,"201":-0.1795586875273898,"202":-0.1795586875273898,"203":-0.06552576309800562,"204":-0.15158216568584956,"205":-0.06405455767698492,"206":-0.299505750842675,"207":-0.43628416556686755,"208":-0.10168918256973841,"209":-0.18522671874546723,"210":-0.2541178355914474,"211":-0.04785767586882847,"212":-0.2991867432808784,"213":-0.10297631453114048,"214":-0.1073688317644017,"215":-0.3039295282630242,"216":-0.04847800445376793,"217":-0.11430332825070436,"218":-0.14929773887432007,"219":-0.10445159920085886,"220":-0.29040592360880824,"221":-0.2514833921247251,"222":-0.29711221347852,"223":-0.09791529551978218,"224":-0.682520030662795,"225":-0.671052779233668,"226":-0.14579853916390606,"227":-0.08807652861584658,"228":-0.3039575321713688,"229":-0.40301801002946325,"230":-0.2139159212212763,"231":-0.095461350884255,"232":0.1943171970289479,"233":-0.4195402111513725,"234":-0.3490552086846544,"235":-0.27188265695170966,"236":-0.36739436898383127,"237":-0.29252782669228533,"238":-2.1905335025688113,"239":-0.562634657968513,"240":-0.562634657968513,"241":-0.09564861108804101,"242":0.13934679382112436,"243":0.04465746575640667,"244":-0.4515391089080246,"245":0.00033298702682543757,"246":-0.3699348408330779,"247":-0.023444747230683162,"248":0.09264031627269459,"249":-0.03687297729717132,"250":-0.3049710277523635,"251":-0.06301671477921866,"252":-0.005834297892544291,"253":-0.05448106782892945,"254":0.06492101276779917,"255":-0.06162902824436978,"256":-0.06162902824436978,"257":0.1925545571245186,"258":0.1925545571245186,"259":-0.08302103969449129,"260":-0.08302103969449129,"261":0.20843847237892865,"262":0.3512021304176113,"263":-0.05840504945640046,"264":-0.19628739779273613,"265":0.4576449963200384,"266":-0.01080161351315298,"267":-0.08334649420861472,"268":-0.08334649420861472,"269":-0.08334649420861472,"270":-0.036898138873579345,"271":-0.036898138873579345,"272":-0.8144534784408057,"273":-0.1396610728335266,"274":-0.12812603391670052,"275":0.6796062817960626,"276":-0.4942669041977612,"277":-1.175433704854611,"278":-1.0059452620599845,"279":-1.3763807909527124,"280":-0.5651352615065196,"281":-0.45207956600361665,"282":-0.2751815363556423,"283":-0.17932375991445276,"284":-0.13770000005496458,"285":-0.18598148195346095,"286":-0.2249212775528565,"287":-1.0396720416131235,"288":0.1075925206549724,"289":-0.14528057587851884,"290":-0.3568984915654908,"291":-0.23890355404795927,"292":-1.0111070807850533,"293":-0.2957059420748209,"294":-0.6006720696914782,"295":-0.32529140688533476,"296":0.12322714691196564,"297":-0.4946815118640064,"298":-0.45736011519494146,"299":-0.09737409893951401,"300":-0.6137380465940533,"301":0.7277487530459935,"302":-0.09154680743758736,"303":0.13365084524305848,"304":-0.29436914665139996,"305":-0.22563916512686122,"306":-0.29436914665139996,"307":0.0024450008566218595,