{"1":0.008956402400837976,"2":-0.010130983674560879,"3":-0.13029840575394555,"4":0.002043293121497862,"5":-0.04373129253073421,"6":-0.0038023617328126896,"7":-0.03408927641612053,"8":-0.0006982265693278172,"9":-0.0006982265693278172,"10":0.028907529232404902,"11":0.028907529232404902,"12":-0.0021020487908991053,"13":-0.0021020487908991053,"14":-0.013665520129708411,"15":-0.013665520129708411,"16":-0.03244909778585514,"17":-0.03244909778585514,"18":-0.03244909778585514,"19":0.02693846942021764,"20":0.02693846942021764,"21":-0.018053561501872012,"22":-0.018053561501872012,"23":0.019233684493963593,"24":0.012035010338769074,"25":0.07827788649706457,"26":0.018068972355862717,"27":-0.0027804339275679033,"28":-0.0446657398384525,"29":0.014368413524959787,"30":-0.032926114637050474,"31":-0.026241800835120087,"32":0.02470501158493922,"33":-0.013347175598663642,"34":0.21228709244352456,"35":0.046573509570089155,"36":0.04651724904010546,"37":0.007374312625758883,"38":0.07783643503736924,"39":0.002373114051056349,"40":0.061749796451708354,"41":0.028542789859761594,"42":0.11685303615633241,"43":0.0042165621406678455,"44":0.08392722748207043,"45":0.031843795401775746,"46":-0.007080467779039756,"47":0.023532546510543727,"48":0.03200360990969264,"49":0.05919786568713424,"50":0.05919786568713424,"51":0.03200360990969264,"52":0.03200360990969264,"53":0.07070108753814722,"54":0.07070108753814722,"55":-0.018010784650795073,"56":0.022469085396672868,"57":0.029629704447094743,"58":-0.03557643501120612,"59":-0.024727126552567518,"60":0.003732580945835298,"61":0.002412289136078785,"62":0.048279679984069485,"63":-0.040791187454743104,"64":-0.03837582677416933,"65":0.0036507151881549,"66":0.04178299014349006,"67":0.04273034101163643,"68":0.03945646830708839,"69":-0.02206135550996219,"70":-0.1268293783852442,"71":-0.012151446478247042,"72":0.035785106180150024,"73":0.00009711604841687593,"74":0.002387693267482574,"75":0.02471693579735803,"76":-0.002308262043602287,"77":0.00002059869033734646,"78":-0.06732990715212236,"79":-0.051803206678433224,"80":0.0063744247901628,"81":-0.024753706062568395,"82":-0.03161048451248094,"83":0.0065283871893848724,"84":-0.013047282292994254,"85":-0.033292916268964835,"86":-0.04340835238591989,"87":-0.04340835238591989,"88":-0.004871470717410641,"89":-0.004871470717410641,"90":-0.020447294052233937,"91":-0.022255576480388693,"92":-0.02693936524229321,"93":-0.028126797480244492,"94":0.02328509406259137,"95":-0.010794026222067855,"96":-0.038115093254279794,"97":-0.02507496291458687,"98":-0.02814903037858158,"99":0.014990647310330132,"100":0.05164105709443767,"101":-0.011496243616915966,"102":0.01828838438450256,"103":0.024506221999866545,"104":0.006150427678007837,"105":-0.0035159696279461056,"106":0.012046039054525393,"107":0.008576196043819373,"108":-0.004871233555774512,"109":0.0017756512958907802,"110":0.0031877807936982056,"111":0.013664503809990944,"112":0.005772170378162689,"113":-0.012295107678742756,"114":-0.0008573442486700805,"115":0.012711455056455968,"116":0.019339346906870794,"117":-0.03820567759415551,"118":-0.007200950642630599,"119":-0.0022471482755641314,"120":-0.005988340598126522,"121":-0.031161351891009673,"122":0.013311305466913156,"123":0.01949298869420675,"124":-0.08895898474839214,"125":0.00821184036273645,"126":0.00821184036273645,"127":0.015421000683002242,"128":0.008666138079073613,"129":0.004609254687623847,"130":0.00821184036273645,"131":0.00821184036273645,"132":0.022523692139007095,"133":-0.002702110106812941,"134":0.021220461179501035,"135":0.01746776403123839,"136":0.015930480631265693,"137":0.002930630203423268,"138":0.05482915921161685,"139":0.06026038664521332,"140":0.09972416412687204,"141":0.03014047105410323,"142":-0.03942600470072962,"143":0.021709882617353744,"144":0.012839859300195842,"145":0.04185920852875491,"146":0.01761736883771675,"147":0.012721771757189585,"148":0.00045207283751222405,"149":0.009081019573706484,"150":0.02016099168551412,"151":-0.013231787922317724,"152":0.0019446447676170278,"153":0.008758305265972623,"154":0.006316380887222861,"155":-0.0024051766997310216,"156":0.00836899085065091,"157":0.009874077964817402,"158":0.031232778569864568,"159":-0.008653047292255411,"160":-0.003486912438972839,"161":0.003852138757306719,"162":-0.00024296359243720228,"163":0.015689606048837974,"164":0.018254299969454407,"165":0.028970738921782202,"166":0.02381576184664535,"167":0.01869221871953397,"168":0.020636940793122255,"169":0.05491981585075853,"170":0.019988846107848346,"171":0.03432872001084598,"172":0.0320855985659945,"173":0.010289483781562934,"174":0.02095317890719437,"175":0.03177389279093452,"176":0.012692492212764027,"177":0.010479525891751704,"178":0.016615277817223665,"179":0.009367479024998016,"180":0.008288951144486176,"181":0.02432651497901874,"182":0.025787653115972742,"183":0.0013010749383901947,"184":0.019363653739541905,"185":0.011760211905489053,"186":0.024422973638364237,"187":0.014063247705959774,"188":0.024848353180668123,"189":0.019748943313940892,"190":0.022905524916093125,"191":0.0026647752735634196,"192":0.016958455541658913,"193":0.021644038024886958,"194":-0.0010030633717279802,"195":0.010400932016579375,"196":0.02126458320295371,"197":0.021267589259552355,"198":0.03595458128519594,"199":0.035381082303109254,"200":0.0286718992364265,"201":-0.001358955496849782,"202":-0.001358955496849782,"203":0.00946560547863416,"204":0.010102605435773833,"205":0.013953159843423756,"206":0.0024053010807590924,"207":0.0005003869839376226,"208":0.0025563111049937397,"209":-0.0006070534193989858,"210":-0.011853934357032109,"211":0.0071626276953672165,"212":0.013770596038511513,"213":0.00813353037720269,"214":-0.0059871444544881795,"215":0.011301430173478915,"216":0.004120239380464064,"217":0.006177896089917655,"218":0.017564178741154495,"219":0.008611712424797115,"220":0.013803030047304083,"221":0.005199172932024081,"222":0.03189194742664044,"223":0.00006852542049367097,"224":0.022980888656542804,"225":0.014958460539928543,"226":-0.007012708881238325,"227":-0.0013687238944189856,"228":0.013773366114711708,"229":0.028601474852365735,"230":0.02201148557430095,"231":0.02959293106497688,"232":0.012422615022723533,"233":-0.003236542858927032,"234":0.010830554191429899,"235":0.03373113570887983,"236":0.056203353422520454,"237":0.013635707666832163,"238":0.004207392502467069,"239":-0.001033429923012908,"240":-0.001033429923012908,"241":0.04694092376737066,"242":0.00004295831362312319,"243":0.02256725619055927,"244":-0.002524775885341002,"245":0.2429875618482746,"246":-0.018971800568631084,"247":0.0005390511094649983,"248":-0.029517542251414283,"249":-0.027321679604359543,"250":0.00867265832508195,"251":0.01732283500506117,"252":0.0112878852077625,"253":-0.01216297770621426,"254":-0.0007451431868295295,"255":0.0038707904958714887,"256":0.0038707904958714887,"257":0.04948101462684504,"258":0.04948101462684504,"259":0.005602268357156673,"260":0.005602268357156673,"261":0.030336383833025463,"262":0.07673211536059465,"263":0.04099278511488642,"264":0.01132145574242192,"265":0.06722889388474829,"266":0.0209777163066978,"267":0.07083063757888833,"268":0.07083063757888833,"269":0.07083063757888833,"270":0.058792712463287225,"271":0.058792712463287225,"272":0.005286110744020087,"273":0.012516819476171104,"274":0.046660330078631296,"275":0.032007499459374346,"276":0.04261805875745115,"277":0.03153501511605831,"278":0.07424797244174788,"279":0.004735184790586453,"280":0.003012838988362531,"281":-0.0024826151549678394,"282":-0.0016879369298637235,"283":-0.03331755426178641,"284":-0.015588548402911816,"285":-0.0076121199039242225,"286":0.04046496307346136,"287":0.020056827678422196,"288":0.06714413607878246,"289":0.04503021867378316,"290":0.06402403091728284,"291":0.06899674593781666,"292":0.06510439616349847,"293":0.09547166509616581,"294":-0.003716469764355938,"295":0.0002339755488178566,"296":0.04061306764767045,"297":0.029662884009493455,"298":0.05303959978321019,"299":0.04634377556324776,