{"1":-0.05000357500124446,"2":-0.06965708457380729,"3":-0.6797583081570997,"4":-0.4211397271558397,"5":-0.20257079760842428,"6":-0.23884361994281111,"7":-0.11647043347120584,"8":-0.16855899116446238,"9":-0.16855899116446238,"10":-0.12414484044605101,"11":-0.12414484044605101,"12":-0.03105768306387905,"13":-0.03105768306387905,"14":-0.02229745883270985,"15":-0.02229745883270985,"16":0.1723594262996196,"17":0.1723594262996196,"18":0.1723594262996196,"19":0.2216296557730567,"20":0.2216296557730567,"21":-0.31236253627361776,"22":-0.31236253627361776,"23":-0.03709351132833144,"24":-0.012913433489848886,"25":0.3184713375796178,"26":0.08995536575264165,"27":-0.17212619799919876,"28":-0.4371776025797258,"29":0.6559932668906503,"30":-0.23877866275600082,"31":-0.30816996324190027,"32":0.09611274848052151,"33":-0.14093278990415709,"34":1.331584231896699,"35":0.3505549019076566,"36":0.15310097712155768,"37":-1.011808773578208,"38":1.4166436830074196,"39":0.14520697945678318,"40":1.341303792619078,"41":0.03116407999533477,"42":1.1496642498626128,"43":0.1512099450707951,"44":1.4761406852268673,"45":0.326663427669764,"46":-0.37238622111400077,"47":0.09069476101821727,"48":0.2622317959099678,"49":0.503234871740651,"50":0.503234871740651,"51":0.2622317959099678,"52":0.2622317959099678,"53":1.363340839449992,"54":1.363340839449992,"55":-0.40910750093625436,"56":0.42915537914870033,"57":1.3348415755677343,"58":-1.036873882058488,"59":-0.39247540374003503,"60":-0.17572474483881284,"61":0.4317032357117846,"62":0.7097609607203228,"63":-0.4956465974252251,"64":-0.4110967562430215,"65":0.6173747709332364,"66":0.01373709875301743,"67":0.3792025718051306,"68":1.6214566670998205,"69":0.09563420311243442,"70":-4.879379434660217,"71":-0.03601738999791526,"72":1.3571948823025464,"73":0.6222204852920247,"74":0.06352873690059702,"75":0.9382089594011077,"76":0.27628764680449625,"77":0.4656407164420636,"78":0.2544460788555277,"79":-0.06793110383934042,"80":0.36806498033167623,"81":0.22416872326970255,"82":0.14409904730220469,"83":0.6779581504555308,"84":0.09569690133984354,"85":0.2229669639129761,"86":0.5765562464898124,"87":0.5765562464898124,"88":0.25270866433111583,"89":0.25270866433111583,"90":-0.24243585987691452,"91":-0.844702073508496,"92":-0.1537599794391975,"93":-0.2690985100473444,"94":1.9517845688200237,"95":0.23373719365061763,"96":-0.6935517226197145,"97":-0.8892610068958602,"98":-0.9292663336636009,"99":-0.0569167349923152,"100":0.7394285141275707,"101":0.231531179053301,"102":0.6694592143456171,"103":0.5965904186209703,"104":0.2500160855742115,"105":0.15014906178518023,"106":0.1055255767986743,"107":0.15794762532534024,"108":0.277214141486671,"109":0.24365585119751898,"110":0.3426067772837509,"111":0.7915520360512084,"112":0.41568403593449355,"113":0.17243814667201296,"114":0.389699540769248,"115":0.11434807392431345,"116":0.2651780247757773,"117":-0.004738589525760339,"118":0.2570459273443816,"119":0.38887817914336864,"120":0.056186458038831266,"121":0.03736060799772711,"122":0.42234983670131193,"123":0.19018724475928273,"124":-0.16019660440690475,"125":0.12856506771656084,"126":0.12856506771656084,"127":0.5703926072551015,"128":0.07384982773691964,"129":0.2547889267600031,"130":0.12856506771656084,"131":0.12856506771656084,"132":0.608902209556681,"133":0.71779068288912,"134":0.4457232324863625,"135":0.3784061684811987,"136":0.03652489543003068,"137":-0.0870749065437656,"138":0.420003355562089,"139":1.3384037177375043,"140":0.19775683462499294,"141":-0.1910478062099905,"142":0.32448452799587213,"143":0.2367389042324617,"144":0.12786863180563968,"145":0.7480589769225735,"146":0.040573182960201404,"147":0.17957583617768344,"148":0.019148581242848656,"149":0.11758936804868836,"150":0.09735499647127271,"151":-0.049028913401828134,"152":-0.150965042404122,"153":0.06497902230295483,"154":0.002740666705309619,"155":-0.06396511621883463,"156":0.014064204216007903,"157":-0.2480331152573525,"158":0.10777640111177869,"159":-0.15918548464165433,"160":0.04007844609778721,"161":-0.2791030171517803,"162":0.024253762687628855,"163":0.07641848042018468,"164":0.1414900858944157,"165":0.18685488726290495,"166":-0.11205690823540004,"167":0.19484520029919034,"168":0.6043530204645156,"169":0.4675060966515585,"170":0.23704437313127202,"171":0.33052989637293356,"172":0.08199884133623053,"173":0.0204959761160676,"174":0.15809500980871483,"175":0.02333496872211127,"176":0.1027026630914171,"177":0.014239284794614726,"178":0.12350337737585507,"179":0.00037299495322035137,"180":0.015798754005880017,"181":0.07597395924586112,"182":0.16271509840641674,"183":-0.06179801871071838,"184":0.08759177237438107,"185":0.07189841635056016,"186":0.14470004048617552,"187":0.02388520784142867,"188":-0.15297978467999818,"189":0.04532564739495981,"190":0.12411779220924546,"191":-0.07935892630778055,"192":0.008158637203272034,"193":-0.019063829825564982,"194":-0.012944374082691584,"195":-0.024580997585861963,"196":0.01646831724338632,"197":0.13781216826762543,"198":0.37942107058422236,"199":0.15560818506796242,"200":0.08555043577871768,"201":-0.18382435181923967,"202":-0.18382435181923967,"203":0.04872107912516338,"204":0.07941462450631626,"205":0.17866526537046767,"206":-0.0610570604053991,"207":-0.04226926667353535,"208":-0.003750743534767842,"209":0.05885398400455172,"210":-0.10323688602263237,"211":0.07740615855361466,"212":0.28726874386978174,"213":0.05370884121308199,"214":0.012995057310333527,"215":0.27804049281005816,"216":-0.019277129190766795,"217":-0.025865292627229003,"218":0.0916904064084495,"219":0.030915002502844346,"220":0.31366056996874647,"221":0.04244028095509056,"222":0.2863509602232506,"223":0.0341156291824108,"224":0.350892706214205,"225":0.09068700882621465,"226":0.12072797394010504,"227":-0.04031388506117284,"228":0.10000133902653126,"229":0.26466179352756236,"230":0.030074996521768704,"231":0.16446652774597645,"232":0.09075726501943601,"233":-0.06988157971823777,"234":-0.11518237595736536,"235":0.33115071268942664,"236":0.28096091220995006,"237":0.03585151126700167,"238":0.16845945387312128,"239":0.1827473504648375,"240":0.1827473504648375,"241":0.5450634415638139,"242":-0.46856403617373177,"243":0.3118346585372622,"244":0.017121633219094434,"245":2.5408800881297897,"246":-0.7682883579972272,"247":-0.031242451488231036,"248":-0.31454753312885053,"249":-0.8055591689148045,"250":0.013196502558204676,"251":0.13222234047585263,"252":0.2145922746781116,"253":-0.03133313735515936,"254":0.07707623350118287,"255":-0.04904863420879223,"256":-0.04904863420879223,"257":0.24081774081774088,"258":0.24081774081774088,"259":-0.026231303453024046,"260":-0.026231303453024046,"261":0.03110306222667969,"262":0.3091896381336866,"263":0.025134987841792272,"264":-0.08733624454148471,"265":0.0244314900061553,"266":0.11197931880021494,"267":0.05518797474716332,"268":0.05518797474716332,"269":0.05518797474716332,"270":0.1899307964680701,"271":0.1899307964680701,"272":0.013151837969356218,"273":0.018793459875963165,"274":0.16265452179570591,"275":0.46034388196173043,"276":0.444616725572374,"277":0.45604277570390056,"278":0.7780465787886163,"279":0,"280":0.022909507445589918,"281":0.2349709369037955,"282":0.13243637542551467,"283":0.6603304302155792,"284":-0.004053649517995736,"285":0.12992021345896282,"286":-0.035513780231994765,"287":0.17406440382941687,"288":0.3418803418803419,"289":0.7082902208223675,"290":0.7854244729368756,"291":1.4307823006883458,"292":0.39949161868762506,"293":0.6426677835287403,"294":-0.02059488454891787,"295":0.31645569620253167,"296":0.2225900122278201,"297":0.24544419119087985,"298":0.5566418392411263,"299":0.36819622870987606,"300":1.1436940439531744,"301":0.6970474752120434,"302":0.8089572390547116,"303":0.5490230306848284,"304":0.5740127398115326,"305":0.62122843784218,"306":0.5740127398115326,"307":0.4812608762893169,"308":0.18043756108563266,"309":0.5373535269001908,"310":0.7731739570966111,"311":0.4560434764340956,"312":0.6958875678232024,"313":0.6830188307266376,