{"1":-0.0826448203286046,"2":-0.03586737479955615,"3":0.28673115853589565,"4":-0.1121541209626913,"5":-0.027547032246860288,"6":-0.024208178948472832,"7":-0.030725770693894205,"8":-0.09493273715868417,"9":-0.09493273715868417,"10":-0.022251924689472624,"11":-0.022251924689472624,"12":-0.06597499701740166,"13":-0.06597499701740166,"14":-0.031687156480568274,"15":-0.031687156480568274,"16":0.014312027716553752,"17":0.014312027716553752,"18":0.014312027716553752,"19":0.047752274263868646,"20":0.047752274263868646,"21":0.05310474208183441,"22":0.05310474208183441,"23":0.010691147162965764,"24":0.06629979269677472,"25":0.06479723706813356,"26":0.09932604557211028,"27":0.06621571358463071,"28":0.0035113734853487455,"29":0.06538934513285441,"30":-0.021038408005583736,"31":0.07214124732939853,"32":-0.007605599914694894,"33":0.04138556341970495,"34":-0.23020915716823107,"35":-0.07306184313107694,"36":-0.027116892621947275,"37":0.09757881676996694,"38":-0.012320081577168573,"39":-0.1545772471837129,"40":-0.12310280786568434,"41":-0.2381467851892709,"42":-0.0595603833409305,"43":0.05693342254501543,"44":-0.19059810370169178,"45":-0.2259329001372936,"46":-0.12333455928177428,"47":-0.032205278067130694,"48":0.03747915576330274,"49":-0.00919419415290601,"50":-0.00919419415290601,"51":0.03747915576330274,"52":0.03747915576330274,"53":-0.1616808929122165,"54":-0.1616808929122165,"55":0.04247787478465437,"56":0.00917790342916712,"57":0.0754168188529607,"58":-0.014848387206067237,"59":0.03918101728735235,"60":0.47794672221085294,"61":0.2360702132585588,"62":0.13555822441298315,"63":0.05067565783677942,"64":0.127044199126579,"65":0.24318720753472928,"66":0.4392262846816076,"67":0.318561865068707,"68":0.3075819473139359,"69":0.11506856226965256,"70":0.12825374130098188,"71":0.0557782032546425,"72":0.10623770053868492,"73":0.03422236702021894,"74":0.015018786423005859,"75":0.13364140494988574,"76":-0.05551969246054528,"77":0.008338879880713523,"78":0.15970203352292844,"79":0.1252806984972567,"80":-0.002833337028052829,"81":-0.03605848911882667,"82":0.13206537382803735,"83":-0.027673530898732174,"84":0.005544165113214372,"85":0.11445441114910504,"86":0.11568564603423198,"87":0.11568564603423198,"88":-0.023735553891565786,"89":-0.023735553891565786,"90":0.1419845514132645,"91":-0.055631295290020755,"92":0.01096719008447633,"93":0.3070804058949941,"94":-0.04827527186699487,"95":0.05932485050857328,"96":0.036478323638843735,"97":0.1816014452453889,"98":0.12278244847940889,"99":0.2891685556021112,"100":0.295008646861249,"101":0.0625665948887415,"102":0.019817165715227125,"103":-0.0029938448303598597,"104":0.02537880640475723,"105":0.061868334876466896,"106":0.22272740781779857,"107":0.01261018037467379,"108":-0.022952405744923965,"109":0.030872449883380462,"110":0.03679682445043575,"111":-0.03175462888660305,"112":-0.04378389183081843,"113":-0.014390039373026131,"114":-0.3695537192529259,"115":0.01225693270263789,"116":0.08807567673965816,"117":-0.1120731086434188,"118":-0.12235791034550453,"119":0.04687444315434991,"120":0.01665045004209273,"121":0.08670175869134467,"122":-0.0395124041201913,"123":-0.007737610564861441,"124":-0.047367306143353716,"125":0.006392353270543383,"126":0.006392353270543383,"127":0.1129331012783582,"128":-0.001002546680180072,"129":0.04661767897295056,"130":0.006392353270543383,"131":0.006392353270543383,"132":0.29756882461221895,"133":0.3290937852627525,"134":0.07456360293840622,"135":-0.03969899245811165,"136":0.12539232302883233,"137":0.3224996004809636,"138":-0.021248510054197423,"139":0.34606683950442696,"140":0.16283403297698107,"141":0.0350999107207034,"142":0.7914600474284597,"143":-0.003560336280733517,"144":0.11693370028678113,"145":0.3369076892119442,"146":-0.08713779918454884,"147":0.1778324915412269,"148":0.07138869567103054,"149":0.025473673808138683,"150":0.019403880445403338,"151":0.025002061716217133,"152":-0.0031270950653431717,"153":-0.0934792501139617,"154":-0.028662644753941785,"155":-0.02420408239270873,"156":0.019031387542601003,"157":-0.05034817147902332,"158":-0.06477679208257045,"159":0.005489417088158005,"160":0.007956156714774607,"161":-0.020152495235104234,"162":-0.003492606933825304,"163":-0.03271728227663566,"164":-0.10032513003499355,"165":-0.07900055353499437,"166":-0.06193720959895618,"167":-0.02492244970178878,"168":0.01610213731227511,"169":-0.030977297232284845,"170":-0.030394915113244242,"171":0.02623133518405696,"172":-0.02279100691541877,"173":-0.025857299131812173,"174":-0.05137594483985408,"175":-0.057078081206735604,"176":-0.031355997728911386,"177":-0.035664982556095404,"178":-0.09380935657745484,"179":-0.02499638116048436,"180":0.0012975285943671727,"181":-0.0437910269492843,"182":-0.0600276865423002,"183":-0.044122477736884824,"184":-0.034563596879481906,"185":-0.08181472715666957,"186":-0.12390977510469887,"187":-0.03767226408248492,"188":-0.029329786588819018,"189":-0.018599151810308356,"190":-0.019409711455893486,"191":-0.07156596063612108,"192":-0.07660100471174752,"193":-0.06047246378447482,"194":-0.04696687028702201,"195":-0.08889528366972324,"196":-0.07498513857102818,"197":-0.05549627233925508,"198":0.039625904121959765,"199":-0.059228037159453545,"200":-0.04362261941673434,"201":0.033052357220138634,"202":0.033052357220138634,"203":-0.054990370624965854,"204":-0.053399002489739375,"205":-0.21940238474363588,"206":-0.037418886200742435,"207":-0.04469141755003214,"208":-0.051817313799906166,"209":-0.0474163719814467,"210":-0.0081931342816714,"211":-0.021123062828990846,"212":-0.055238462054553614,"213":-0.08613812168089874,"214":-0.07601811105817206,"215":-0.04428413076748605,"216":-0.14136361262232094,"217":0.005651613256167448,"218":-0.10156067983130021,"219":-0.06531223856147866,"220":-0.05622530044104901,"221":-0.10095292496549235,"222":-0.17000233623819486,"223":-0.033571220908367116,"224":-0.06728060867927532,"225":0.012939071675864201,"226":-0.018155789069224992,"227":-0.18749476640232998,"228":-0.07961081704605517,"229":-0.03881231998406298,"230":0.0396007279439749,"231":-0.11298317761829799,"232":-0.013875503981000403,"233":-0.11266614557608202,"234":-0.07756029291337896,"235":-0.11244703667669133,"236":-0.04419788259028387,"237":-0.13757222153761545,"238":-0.05777511311732014,"239":-0.09749210226381291,"240":-0.09749210226381291,"241":0.0384852787227955,"242":0.08118556126514287,"243":0.16952050868108992,"244":0.33216809588590235,"245":0.17479382585205744,"246":0.4064723042398948,"247":0.8209463317020208,"248":0.20154660608594976,"249":-0.10048511707099267,"250":0.29749346695595524,"251":0.08595244947775238,"252":0.13776508497114642,"253":0.21952999482623164,"254":0.13772519743948491,"255":0.08659622775760412,"256":0.08659622775760412,"257":0.138984101406404,"258":0.138984101406404,"259":0.20466468766966564,"260":0.20466468766966564,"261":0.15372924368810592,"262":1.3518289517336382,"263":0.15883200844825407,"264":0.562892851032105,"265":1.3290514408539733,"266":0.4538083162247494,"267":0.07670963442819573,"268":0.07670963442819573,"269":0.07670963442819573,"270":1.007714071626184,"271":1.007714071626184,"272":0.18477596934727764,"273":0.19991688933584817,"274":0.5379568286555794,"275":1.4518714440827551,"276":0.2576703717541764,"277":0.43540036966289675,"278":0.5474612954235196,"279":0.4074793368183075,"280":0.24444835712227297,"281":0.07032338930790116,"282":0.16000785203654866,"283":1.0920805229964259,"284":0.03484871991409588,"285":-0.386343571057832,"286":-0.9350213652544979,"287":0.39390060555938256,"288":1.032162304803953,"289":-0.15786137466520478,"290":-0.10280116661615812,"291":-0.1927723355512014,"292":-0.11295560942596478,"293":-0.09591327352971751,"294":0.007828556237722883,"295":0.18293331161679482,"296":0.0324190775495119,"297":0.026253234470541953,"298":0.30063145609979713,"299":0.42604043948560255,"300":-0.21832645386512525,"301":-0.13782122706125813,"302":-0.11048587779480235,"303":-0.05408388712076351,"304":-0.01655552574361438,"305":0.00879910956599822,