{"1":-0.09846134954515151,"2":-1.3449582555928634,"3":0.5416657122569117,"4":-0.28866926604720594,"5":-0.16920566827927513,"6":0.11119649840106674,"7":-0.017438421201274423,"8":-1.1724689686988548,"9":-1.1724689686988548,"10":-0.7626662076185988,"11":-0.7626662076185988,"12":-0.515848999851824,"13":-0.515848999851824,"14":-0.463680322693235,"15":-0.463680322693235,"16":-0.07991528418877225,"17":-0.07991528418877225,"18":-0.07991528418877225,"19":-0.06285490775205224,"20":-0.06285490775205224,"21":-0.23107473389349686,"22":-0.23107473389349686,"23":0.07619222955999824,"24":0.10046322674709335,"25":0.044408169473525494,"26":0.15440060249101367,"27":0.02675320470100126,"28":0.18393586613632606,"29":-0.09126094685722641,"30":0.014723935582393322,"31":0.4970267907892395,"32":0.18160994033590525,"33":0.17927174231354404,"34":0.6252343527566331,"35":0.28058671238422794,"36":0.13313162292196956,"37":0.10286544555868149,"38":0.11024939809295087,"39":-0.20942155202342516,"40":0.25897054193689306,"41":-0.0006193799077245377,"42":0.3756646359147483,"43":-0.03796635684250904,"44":0.09412819419534124,"45":-0.09885324946707963,"46":-0.07040526414893111,"47":0.12892683916614878,"48":0.11923235292348822,"49":0.06681534742799244,"50":0.06681534742799244,"51":0.11923235292348822,"52":0.11923235292348822,"53":-0.0790853871019459,"54":-0.0790853871019459,"55":0.10871597571589775,"56":0.4184747689262554,"57":0.25841591053875124,"58":0.11702585403973954,"59":0.11873354644527287,"60":-0.025628379440227667,"61":0.18961396877810108,"62":0.22128650423656554,"63":0.009060866311027621,"64":0.2171674837417341,"65":0.08147181688553379,"66":-0.1369915125719603,"67":0.2436686063363424,"68":-0.030062052265614092,"69":0.3150626094946374,"70":-0.16670484331171587,"71":-0.016389937769131557,"72":0.20402184090841163,"73":-0.10119133254226093,"74":0.4756187071667848,"75":0.04001535361377129,"76":-0.01590589312983437,"77":0.12317000562094932,"78":-0.3704224122787431,"79":-0.03478539651630963,"80":-0.03400746047005998,"81":-0.04743070903778546,"82":-0.1240733436272296,"83":-0.5636584009283716,"84":-0.048095492222379244,"85":0.07023333701751805,"86":-0.0833800312536983,"87":-0.0833800312536983,"88":0.14793805663699766,"89":0.14793805663699766,"90":-0.18087270811359246,"91":0.20042305722267706,"92":-0.13466813709684944,"93":-0.2669244420782736,"94":0.4205234930006502,"95":-0.8872075984202421,"96":-0.4570589438641891,"97":-0.06541905658051539,"98":-0.3190967538853209,"99":0.20547521165708205,"100":0.2580024185565126,"101":-0.040223535888629036,"102":0.031509082248805775,"103":0.07523776715540273,"104":-0.11605020232867341,"105":-0.06590529842571025,"106":-0.061233805401543995,"107":-0.006266478888494409,"108":-0.03400932462854772,"109":0.051473661945327376,"110":-0.10266464836994493,"111":-0.06884590295772791,"112":-0.059067606949621876,"113":0.09547008901324316,"114":-0.2720394831593213,"115":-0.03303955770412004,"116":-0.010403085630874331,"117":-0.18494313405512086,"118":-0.1749022628557318,"119":-0.11663914446332091,"120":-0.1410751300844144,"121":-0.04459733565732865,"122":-0.15347002149776157,"123":0.05045798026138748,"124":-0.42664056539663053,"125":-0.02616063736529245,"126":-0.02616063736529245,"127":0.11041828155652744,"128":0.04291022209428563,"129":0.06063448628969126,"130":-0.02616063736529245,"131":-0.02616063736529245,"132":0.0721439269347871,"133":-0.0259314946562198,"134":0.22594647203322227,"135":0.08738486507187537,"136":0.3658578999244325,"137":-0.13732431205200402,"138":0.6198907750298782,"139":0.3587964330607333,"140":1.3793754638434654,"141":0.6337150021422017,"142":-0.3419102529385002,"143":0.36469868912261094,"144":0.0934219770296576,"145":0.2410218700582223,"146":0.4610019724873049,"147":0.4945127939890226,"148":0.17636351155207386,"149":0.09557478150869664,"150":1.0090495605006855,"151":0.12910053378463604,"152":0.05670678887287228,"153":-0.031064211370965156,"154":0.11176491909266706,"155":0.07794896517433691,"156":0.21128821930421676,"157":0.4458604069753611,"158":0.39141209586190917,"159":0.13824753743442442,"160":-0.2224809169268236,"161":0.1653111435037557,"162":0.0994837376450797,"163":-0.22889093947928874,"164":0.12753209558605394,"165":0.0673601587388365,"166":0.36260825545891223,"167":0.0483313652000979,"168":0.28890659928111473,"169":0.13060190771511265,"170":-0.1119376333051526,"171":0.04415239562103135,"172":0.0808312995216427,"173":0.4267521462131301,"174":0.31202565612727723,"175":0.08972650189974385,"176":0.25954295632139324,"177":0.19666849135826064,"178":0.12313157123705676,"179":0.2023584730012915,"180":0.044610358423571084,"181":0.27381809870195006,"182":0.16054146375047412,"183":0.3493563093132456,"184":0.345273254310812,"185":0.19325009471652455,"186":0.059393012066790374,"187":0.2691833703826328,"188":0.3686566225132019,"189":0.2221984247045854,"190":0.19592247481132233,"191":0.04976562908063986,"192":0.09547716824793684,"193":0.7172287962596686,"194":0.23133363518209182,"195":0.3210132207351981,"196":-0.03696838334072261,"197":0.13378260556052401,"198":-0.3028229518258161,"199":0.2239463326101958,"200":0.15262062992927466,"201":0.20119146334591032,"202":0.20119146334591032,"203":0.03459843296828752,"204":0.01653221948467537,"205":0.6621414900097047,"206":0.09081325476423019,"207":0.22200021492971495,"208":0.13292610598088944,"209":-0.07319597875905781,"210":-0.15264773634724188,"211":0.1995467730785429,"212":-0.031276671742794526,"213":0.06930203309030064,"214":-0.005718877796736521,"215":-0.04403302544315957,"216":0.15860096397126444,"217":0.11149950769866082,"218":0.05138905900739085,"219":0.06664256195998863,"220":0.1875356414447475,"221":-0.07238517062273131,"222":-0.04109384237684366,"223":0.11168716427345898,"224":-0.13992501850152517,"225":0.023398265726152223,"226":-0.011397272716216267,"227":-0.040721025302132674,"228":0.23660329437726296,"229":0.19673324707096151,"230":0.30690056241612385,"231":0.32324923374807846,"232":0.04419936821722703,"233":-0.0047789725234302916,"234":0.09312092192338095,"235":0.11053958129431624,"236":0.41158055950297434,"237":0.5037727731974159,"238":-0.9165557527974766,"239":0.05287224337963975,"240":0.05287224337963975,"241":-0.6593804970831262,"242":-0.21161094217817633,"243":-0.6611603263379493,"244":-0.9813908795095025,"245":0.990852980957032,"246":-0.39141594093710963,"247":-0.12264684206046966,"248":-0.9790607780832093,"249":-0.4644685532741123,"250":-0.1320210373818841,"251":-0.6194673394129853,"252":-0.03518853781917891,"253":-0.1818277577018684,"254":-0.11176956556196713,"255":-0.297911806930074,"256":-0.297911806930074,"257":-0.11878156856492028,"258":-0.11878156856492028,"259":0.14003854096564677,"260":0.14003854096564677,"261":-0.523837434344518,"262":-0.19845028923420538,"263":-0.5684949663593256,"264":-0.3978677140219,"265":-0.2568243299879476,"266":0.004732216233164277,"267":-0.18235444829248149,"268":-0.18235444829248149,"269":-0.18235444829248149,"270":-0.3047187087444674,"271":-0.3047187087444674,"272":0.16842671595057712,"273":0.32392578177078,"274":0.364998756655689,"275":0.10180183266165088,"276":-0.09877988900922846,"277":0.01656789988400531,"278":-0.02345889569695947,"279":0.611268907771161,"280":0.0835639225979597,"281":-0.11097015075703938,"282":-0.14690935463951735,"283":-0.041857742888869454,"284":-0.13052910662015774,"285":-0.021118426469512785,"286":-0.10188453511933401,"287":-0.05179472043132918,"288":0.0737705508978633,"289":-0.09003135012804714,"290":-0.014460012792376048,"291":0.035064871900624184,"292":-0.1422727354453992,"293":0.13545723554658218,"294":-0.26486162196356294,"295":-0.1071555350279001,"296":0.3016942707365206,"297":-0.24462421951307922,"298":-0.2916159600116367,"299":0.14180928356416644,"300":-0.10461227855688515,"301":-0.05497684117288704,"302":-0.2422969986458957,"303":-0.33901950105015877,"304":-0.14653039319996375,"305":-0.15363286917790864,"306":-0.14653039319996375,"307":-0.6495582926427235,"308":-0.641299227642595,"309":-0.32865743309811285,