{"1":0.030354964943810847,"2":0.3036716658441515,"3":-0.20283603557427338,"4":0.385566718355947,"5":0.299400864431996,"6":0.21648953787181147,"7":0.31461133722587825,"8":0.3147926918890538,"9":0.3147926918890538,"10":0.7449220203543081,"11":0.7449220203543081,"12":0.24823845314583337,"13":0.24823845314583337,"14":0.18279503698327715,"15":0.18279503698327715,"16":0.04243417220121862,"17":0.04243417220121862,"18":0.04243417220121862,"19":0.15011859635694014,"20":0.15011859635694014,"21":0.39007017496910457,"22":0.39007017496910457,"23":0.030369356887654853,"24":0.19550154509142992,"25":0.11699593375731322,"26":-0.12019934859995307,"27":0.05455592100864448,"28":0.13484708694176584,"29":0.1666498905860595,"30":-0.11851160259576737,"31":-0.011365857612752328,"32":-0.009012668729513562,"33":0.08577006657514258,"34":-0.047736285908771,"35":-0.08209354254409462,"36":-0.004875970898546522,"37":0.07919687103682937,"38":0.1886887274576562,"39":0.317753908890899,"40":0.0005345160318309672,"41":-0.023720981441866407,"42":-0.0018278480860535185,"43":0.08663800179862918,"44":0.16659448845155467,"45":0.023627289467576307,"46":0.2002535239619832,"47":0.013595643465014684,"48":0.23865087883396802,"49":-0.060120903764747435,"50":-0.060120903764747435,"51":0.23865087883396802,"52":0.23865087883396802,"53":0.15385218641775988,"54":0.15385218641775988,"55":-0.020639797084570366,"56":0.06418633339438984,"57":0.047698400721166045,"58":0.2164158450067318,"59":0.13326035377146753,"60":0.009435902629776116,"61":0.25195360906207787,"62":0.08261694116269014,"63":0.17013619411388162,"64":0.054646779642046395,"65":0.055844296629005974,"66":0.29195838485523196,"67":0.20913917053150832,"68":0.23141143770154793,"69":0.024519518645513216,"70":-0.06341184694970536,"71":0.03946782291438622,"72":0.035327333214242806,"73":0.24472885642872955,"74":0.1493555844465861,"75":-0.12068406655577946,"76":0.12141661102924345,"77":0.08641349989965164,"78":-0.027903463435129006,"79":0.1225546403419791,"80":0.12192059432235108,"81":-0.04215788818083832,"82":-0.12542500529153844,"83":0.12758320045332355,"84":0.187083029191088,"85":-0.013583214658123177,"86":-0.044510838747724435,"87":-0.044510838747724435,"88":-0.06592760344028947,"89":-0.06592760344028947,"90":-0.025207662373245676,"91":-0.009511758681579052,"92":-0.03950251824892681,"93":0.0384179219434313,"94":-0.18642720122381568,"95":0.022290804973154832,"96":-0.1844059731115203,"97":-0.037114706847742596,"98":0.13357469531039878,"99":0.10562331683878445,"100":0.16818424467831727,"101":0.024467193300805823,"102":0.05180122561164782,"103":-0.08378160191872552,"104":-0.02505870866569948,"105":0.041689432889165934,"106":0.42432468038360005,"107":-0.052364004227249794,"108":0.06284163017900996,"109":0.08498499887036792,"110":-0.0732948954062011,"111":-0.02977831396072783,"112":0.039389750325127065,"113":0.05697648425685764,"114":0.019599899427617362,"115":0.12226790024662287,"116":0.08577451513674234,"117":-0.2216406094200809,"118":-0.1827796081589913,"119":0.0840678827150077,"120":0.09701693132476963,"121":0.07432716809052753,"122":0.038542363090271536,"123":-0.008903743653058238,"124":0.024919721463829425,"125":0.015900944255300697,"126":0.015900944255300697,"127":-0.20172199932778223,"128":-0.12574091703788842,"129":-0.05105316566906121,"130":0.015900944255300697,"131":0.015900944255300697,"132":0.3289768198459414,"133":0.29861163993905937,"134":0.24213325643819583,"135":0.2401684142791573,"136":0.30541065659623967,"137":0.6229182242153346,"138":0.3106126201260113,"139":0.6131989790439365,"140":0.050274721953167734,"141":0.10471496012685422,"142":0.9805199844969412,"143":-0.03269403015668315,"144":-0.023418972739252975,"145":0.7815344259426998,"146":0.12489744193526664,"147":0.48701479111264223,"148":0.06900299372140084,"149":-0.03956283612597067,"150":0.034365320825680334,"151":-0.21534786878822199,"152":0.1590819077149901,"153":0.020531394301971817,"154":0.05591031606531166,"155":0.06263134831247652,"156":0.20670351951562527,"157":0.16889205139777985,"158":0.13322326383933003,"159":-0.06592937715426583,"160":0.10155976289323393,"161":-0.03443819375467416,"162":0.02354591567823139,"163":0.13634720661682792,"164":0.2131478219100389,"165":0.001936963555170812,"166":0.056663513326990156,"167":0.011289145109328602,"168":0.02469025407922598,"169":0.1536511893820688,"170":-0.00974401738791214,"171":-0.14263376142097922,"172":0.04467467410409265,"173":0.3943514003346418,"174":0.06458371160897003,"175":0.2749794013653789,"176":0.08753565737088681,"177":0.2506794660858539,"178":0.2100679663311386,"179":0.05749422855424624,"180":0.05175530870883388,"181":0.16077049140303237,"182":0.09994074560327787,"183":0.17630056549716733,"184":0.18212396312610363,"185":0.03408138665399829,"186":0.24593650451561044,"187":0.027327855373960708,"188":0.3230761856793246,"189":0.3919059957113828,"190":0.29216575806960243,"191":0.2831088946144765,"192":0.2952864103683738,"193":0.04016389674592857,"194":0.08382320147725764,"195":-0.01615443164766539,"196":0.3479091985513957,"197":0.1798937315614133,"198":0.1496460918203697,"199":0.14941339615146143,"200":0.015052161701185451,"201":0.20040770265931207,"202":0.20040770265931207,"203":0.05748050880405198,"204":0.07123119901245378,"205":0.04937169561271193,"206":0.06535239271223864,"207":-0.02049531667453741,"208":0.015665691040920193,"209":0.035169808342709497,"210":0.09921583638688064,"211":0.005800543217933218,"212":-0.04355356901831309,"213":0.033878199418805294,"214":0.13340102542119314,"215":0.009979337878577188,"216":0.17795762658517544,"217":0.270314556157975,"218":0.30290129821012945,"219":0.2827419797862659,"220":0.011285694487226272,"221":-0.0076879047002585965,"222":0.12840415385510995,"223":0.10276578748771786,"224":0.1505517035673546,"225":0.09054929461416902,"226":-0.008495159953767262,"227":-0.08752483831391111,"228":0.038276337027095986,"229":0.004732374764321312,"230":0.13647688648091139,"231":0.1707476564579521,"232":0.09687651628996419,"233":0.2691262070234162,"234":0.1168663226491361,"235":0.08059539776894298,"236":0.22237673717408918,"237":0.010461723563046532,"238":-0.19895040140293196,"239":-0.2057707674905329,"240":-0.2057707674905329,"241":0.14565666498200547,"242":0.18401466576374256,"243":0.17988645893056526,"244":-0.05546878307747016,"245":-0.1062763339958844,"246":0.26398580553527595,"247":0.13641602042459106,"248":0.7166160055319997,"249":0.059248814938557326,"250":0.24902538107201072,"251":0.2033467481736123,"252":0.10732077644431356,"253":-0.0034599668838236064,"254":0.03783836904383875,"255":0.16886035896968002,"256":0.16886035896968002,"257":0.05954108803832989,"258":0.05954108803832989,"259":0.07931602336870316,"260":0.07931602336870316,"261":0.1760221932234758,"262":0.3320314534414841,"263":0.21754280686435612,"264":0.43618162983906816,"265":0.32315218435694715,"266":0.27159710338495646,"267":0.1412147933069401,"268":0.1412147933069401,"269":0.1412147933069401,"270":0.5325200726231574,"271":0.5325200726231574,"272":-0.09863564527532367,"273":0.04240213675757337,"274":0.04768618201670494,"275":0.12452112066071042,"276":-0.31718248844050256,"277":0.03246684452754689,"278":0.051047458537936574,"279":0.13872373173260918,"280":-0.08951093419759792,"281":-0.046810567821973126,"282":-0.6017202527559924,"283":-1.3084730935695172,"284":-0.0695078899805226,"285":-0.16893000403852437,"286":-0.41556059949591506,"287":0.43672790913066917,"288":0.9293668381827307,"289":-0.024824178082967774,"290":-0.08702546713498244,"291":-0.6624671147361766,"292":-0.1477929452567578,"293":0.1798845824004942,"294":-0.25570244819372817,"295":0.08760634523389221,"296":-0.12725376803312793,"297":-0.10307134944508956,"298":-0.44957413615957803,"299":0.5899570063010524,"300":-0.01251267474674167,"301":0.14158908660276515,"302":0.13866584095105294,"303":0.21651420669671229,"304":0.055409835578396516,"305":0.3718892559791144,"306":0.055409835578396516,"307":0.39448093728649486,"308":0.03230460259472867,"309":0.20435952960010872,