{"1":-0.008144617685368172,"2":-0.6483349501774626,"3":0.01951290743752432,"4":-0.1743032928898092,"5":-0.04067198288180722,"6":0.05116140084030719,"7":-0.027263306590789266,"8":-0.5052984907340647,"9":-0.5052984907340647,"10":-0.30553087724394207,"11":-0.30553087724394207,"12":-0.16685799543705856,"13":-0.16685799543705856,"14":-0.16371811782146545,"15":-0.16371811782146545,"16":0.00916140167997083,"17":0.00916140167997083,"18":0.00916140167997083,"19":0.018848599089085663,"20":0.018848599089085663,"21":-0.039607008111232606,"22":-0.039607008111232606,"23":0.003910497683366626,"24":0.039315877527690286,"25":-0.07564327338456797,"26":0.036146321071220885,"27":0.014651861744243658,"28":0.10029128906431628,"29":-0.09151313240389045,"30":0.013029860025108683,"31":0.23950568392773275,"32":0.09885610958972711,"33":0.0725452568554242,"34":0.3177039558794156,"35":0.16374467608965634,"36":0.08076732695916741,"37":0.15968247970156385,"38":0.08352978724970041,"39":-0.046008654371774454,"40":0.16909697385093775,"41":0.11898041156039785,"42":0.1479671096139033,"43":0.04079684657509958,"44":0.044969806739588,"45":-0.016366940644790107,"46":0.013926488581225471,"47":0.11615897205001821,"48":0.04999428694487684,"49":0.05045547883887358,"50":0.05045547883887358,"51":0.04999428694487684,"52":0.04999428694487684,"53":-0.045851679390120664,"54":-0.045851679390120664,"55":0.21028840078206734,"56":0.1858798547675805,"57":0.06344749890303139,"58":0.0885053656377918,"59":0.09573674668307294,"60":-0.009596053230643609,"61":0.09561924374658251,"62":0.09530692572694127,"63":0.02457622739797177,"64":0.1265375169811976,"65":0.003697181926918029,"66":-0.036753308423331466,"67":0.1506078556537893,"68":0.009778618213213769,"69":0.11271383291483628,"70":-0.07020956585879329,"71":0.043139197660337955,"72":0.10462749880386277,"73":-0.023697812263383786,"74":0.24163268987005376,"75":0.07128394605371513,"76":-0.06112143200862419,"77":0.038991593455099435,"78":-0.04776268139720402,"79":0.051670070430609144,"80":0.025566577274744512,"81":0.04957316666481634,"82":-0.06666552291777957,"83":-0.20409965338561953,"84":-0.009157139389689949,"85":0.03771955475621304,"86":0.06652155720331138,"87":0.06652155720331138,"88":0.11009266146249502,"89":0.11009266146249502,"90":0.02936460735858737,"91":0.381600704468025,"92":0.06341316111843076,"93":0.019160117327858522,"94":0.15859162837416266,"95":0.04240880484001491,"96":-0.001958685849838354,"97":0.05057210730359632,"98":-0.004753295226821969,"99":0.15257104283917805,"100":0.10801517548709567,"101":0.023768270891466686,"102":0.016819750999058206,"103":0.03482687450063851,"104":-0.04252564944290618,"105":0.012279571074243628,"106":0.03865177924572406,"107":0.02550338514879108,"108":0.0014142483624268454,"109":0.06592429842059422,"110":-0.0009905350548254366,"111":-0.016598619670741124,"112":-0.01876309962871764,"113":0.08201149311760352,"114":-0.14294104063590304,"115":0.020149284619740984,"116":0.020047928961895334,"117":-0.05787394610101487,"118":-0.05083423398531317,"119":-0.005850042573015607,"120":-0.05162403454246403,"121":-0.023734004064791314,"122":-0.07166341436013832,"123":0.0385652445299807,"124":-0.10592111326560079,"125":0.017501393007988114,"126":0.017501393007988114,"127":0.035810602903868644,"128":0.026687315450984184,"129":0.06978642236847049,"130":0.017501393007988114,"131":0.017501393007988114,"132":0.08934457606977089,"133":0.05132418921020071,"134":0.08085086651061449,"135":0.10266617453720447,"136":0.19981961967295467,"137":-0.06506407049845839,"138":0.28665953491250706,"139":0.12088966852797185,"140":0.41304473391119245,"141":0.27739054151659437,"142":-0.014131466274703186,"143":0.16086535982236835,"144":0.10602738640571804,"145":0.1346194508993604,"146":0.2496203928941306,"147":0.3133053784689873,"148":0.10447948067934192,"149":0.08047339275856474,"150":0.5988574192690163,"151":0.15081101584036255,"152":0.09121158987408881,"153":0.06147940264071988,"154":0.11708143267172133,"155":0.09293342153930514,"156":0.08318600000053586,"157":0.28451868405034386,"158":0.16900534892402375,"159":0.14112497286529926,"160":-0.07604774340547815,"161":0.06546957642962276,"162":0.07044874959133762,"163":-0.0829289392381282,"164":0.1487492857966093,"165":0.03606019746072031,"166":0.18715668809732727,"167":0.05856669186619963,"168":0.14817695801016698,"169":0.10179014264150901,"170":-0.03569703357225387,"171":0.054291146150850504,"172":0.07132999892985042,"173":0.19100489888606437,"174":0.14078197585371457,"175":0.03063088201094688,"176":0.1298942742162482,"177":0.11776531425102055,"178":0.04744481180017396,"179":0.10186238447769289,"180":0.07575509094270375,"181":0.15386131780060486,"182":0.13984544050102202,"183":0.22287448039579577,"184":0.20589550257815054,"185":0.11467597440532164,"186":0.060350579968034626,"187":0.16341549147590148,"188":0.18633209230473452,"189":0.17067562835950073,"190":0.10711862738864378,"191":0.09456345977784072,"192":0.11471795017759817,"193":0.3479451343409484,"194":0.17437709465653944,"195":0.17115897177557265,"196":-0.003291849210535186,"197":0.17619817547930527,"198":-0.06783628215092427,"199":0.1286169959640848,"200":0.11051858678011894,"201":0.12510108976337422,"202":0.12510108976337422,"203":0.09077491118490368,"204":0.06308534349061597,"205":0.3567717887659388,"206":0.12243296186350688,"207":0.14412609880899407,"208":0.10980912389055873,"209":0.03303804102854814,"210":-0.004490503828247089,"211":0.14283772338014356,"212":0.01731254333429992,"213":0.06737364274381849,"214":0.05851128288735204,"215":-0.006316979534753603,"216":0.16614501340863852,"217":0.08078006859093462,"218":0.04519588073889627,"219":0.07663581223797215,"220":0.12617414773402338,"221":0.034353718984424395,"222":-0.0024408277663667266,"223":0.12910144163615334,"224":-0.00020953770537915362,"225":0.02751692375717807,"226":0.03897162836250416,"227":0.05518738986959956,"228":0.18708321364248748,"229":0.11885346596537658,"230":0.21806318159617366,"231":0.15771154245700314,"232":0.040455481303977796,"233":0.026331470304119267,"234":0.07972101861995833,"235":0.08173130195672611,"236":0.19871896373192696,"237":0.2691751419800748,"238":-0.6700271873278327,"239":0.028225182087113304,"240":0.028225182087113304,"241":-0.3029170634461752,"242":-0.0913435357997621,"243":-0.39403422533459087,"244":-0.5402580059613992,"245":0.06797354571552627,"246":-0.1927475340493645,"247":-0.09358163929178734,"248":-0.7921598402440972,"249":-0.29340928110359166,"250":-0.12492924632670785,"251":-0.5389721041405768,"252":-0.11254415961514092,"253":-0.0795024994118835,"254":-0.10988889778821423,"255":-0.28570685716786537,"256":-0.28570685716786537,"257":-0.1590727385370042,"258":-0.1590727385370042,"259":0.05102817255997469,"260":0.05102817255997469,"261":-0.2727031245110843,"262":-0.13631112883380725,"263":-0.30334598003974866,"264":-0.22623024819464152,"265":-0.1278639776248922,"266":0.023329570269250477,"267":-0.08551925029396978,"268":-0.08551925029396978,"269":-0.08551925029396978,"270":-0.26928895607388426,"271":-0.26928895607388426,"272":0.10566915904796129,"273":0.11812577895117682,"274":0.11490191197541999,"275":0.07396788245166558,"276":0.09757726227657887,"277":-0.0019308402216136056,"278":0.0001527521481862193,"279":0.22506463414802605,"280":0.05423110179052554,"281":-0.05238180643480989,"282":-0.036581773770609574,"283":-0.03665087179424614,"284":-0.06122644800902289,"285":0.04817654422069377,"286":-0.042933279604786614,"287":-0.040402592318555475,"288":0.04784094794981199,"289":-0.09335020298792476,"290":-0.043240652467828475,"291":-0.02903838474798534,"292":-0.14152489187328499,"293":0.008667722289836366,"294":-0.14698485038511838,"295":-0.14296131732657702,"296":0.0959724416537997,"297":-0.11618163420348399,"298":-0.17776872666845442,"299":0.06799162784746876,"300":-0.08178948134913658,"301":-0.03089460364151142,"302":-0.11784267952034115,"303":-0.20855383954932907,"304":-0.059022942118366936,"305":-0.08427942870508,"306":-0.059022942118366936,