{"1":-0.49189576859696094,"2":-1.9492084456752838,"3":-1.6191011475976955,"4":-0.5735220191068813,"5":-0.31079683375101486,"6":0.36414305690394966,"7":0.13999336601241402,"8":0.1793136417999459,"9":0.1793136417999459,"10":-0.7545715441985759,"11":-0.7545715441985759,"12":-1.1589655434452657,"13":-1.1589655434452657,"14":-1.720196396112119,"15":-1.720196396112119,"16":-0.1381226697531912,"17":-0.1381226697531912,"18":-0.1381226697531912,"19":-0.07210260979574085,"20":-0.07210260979574085,"21":0.07139052330702078,"22":0.07139052330702078,"23":0.17881117253599577,"24":-0.6084650236821723,"25":-0.07672338038564704,"26":-0.3042199647762578,"27":0.04454757616525007,"28":0.2455072969490708,"29":-0.3041385408815034,"30":0.2198395875888169,"31":0.1837827419011897,"32":0.3250877855612504,"33":-0.04005439155379231,"34":-0.01855022745725332,"35":-1.2188814978875788,"36":-0.185967217741542,"37":-0.3611476598523211,"38":-0.2116286080412565,"39":0.26886517777722285,"40":-0.19629182090278285,"41":-0.21967928759879518,"42":-1.5326342215512625,"43":-0.3192636451498395,"44":-0.3046215827200351,"45":-0.7630200013388561,"46":-0.2732137661111754,"47":-0.5362222849007974,"48":-0.10679688412733168,"49":-0.5418014185370064,"50":-0.5418014185370064,"51":-0.10679688412733168,"52":-0.10679688412733168,"53":-0.4968485377521825,"54":-0.4968485377521825,"55":-0.051783826653341136,"56":-0.15814395310015605,"57":-0.2801021490781982,"58":0.01827482702968447,"59":0.13331449739034862,"60":-0.24682497766588085,"61":0.07254264277967315,"62":-0.28475989136614843,"63":-0.18115783991346734,"64":-0.06879293973042361,"65":0.18262184120235908,"66":-0.23351249983898031,"67":-0.4824321469794557,"68":-0.4886647354200474,"69":-0.1408576722493191,"70":-0.3927599337472242,"71":-0.7986405898564781,"72":-0.21933719832794685,"73":-0.1065083229916709,"74":-0.140593190991388,"75":-2.0043231983926777,"76":-0.6543935627380768,"77":-0.13588107740701538,"78":-0.6140481186147176,"79":-0.31460257603765174,"80":-0.5333858635558186,"81":0.023311603135513836,"82":-0.644293200306152,"83":-1.4147907536527,"84":-0.38713898930701096,"85":-0.09906862216238399,"86":-0.5011103071091847,"87":-0.5011103071091847,"88":-0.21024973844201,"89":-0.21024973844201,"90":-0.18810855151887118,"91":-0.1678968112567914,"92":-0.28296730776673207,"93":-0.0818535127834672,"94":-0.10677723341703164,"95":-0.29185655797363497,"96":-0.2951992458536676,"97":-0.1887606167112916,"98":-0.2748822427982123,"99":0.01942455450912739,"100":0.19022226422608124,"101":-0.21763632710065994,"102":-0.13610284819160023,"103":-0.24793503589802635,"104":-0.02176317906024816,"105":0.2979026666918352,"106":0.04020090069277993,"107":-0.2279679662593046,"108":-0.1311893965472397,"109":0.13360472366487786,"110":-0.24301493107922456,"111":-0.1891169538466999,"112":0.0013619207788021503,"113":-0.1056657339198146,"114":0.1488926374863514,"115":-0.0797791767868381,"116":-0.039978925150817024,"117":-0.11777114371123587,"118":-0.44564802275644233,"119":-0.10333103043112524,"120":-0.2844672970710871,"121":-0.03720416693780437,"122":0.1122860219696058,"123":-0.194996364835881,"124":-0.053429169642780217,"125":0.0017406783452478258,"126":0.0017406783452478258,"127":-0.22465460919843172,"128":-0.2632887547286912,"129":-0.060299855145445336,"130":0.0017406783452478258,"131":0.0017406783452478258,"132":-0.0626403110149969,"133":-0.5346070654515964,"134":-0.2885016227358901,"135":0.06777474937792705,"136":0.07726408089838843,"137":-0.5344502287324056,"138":-0.37517176888036285,"139":0.39686510067860237,"140":0.007929805605034534,"141":-0.4204888050804605,"142":-0.7060288525949088,"143":-0.49258582919711746,"144":-0.8674462305159512,"145":-0.26530750827079963,"146":-0.25828259685136046,"147":-0.18966117598313392,"148":-0.20105664663886702,"149":-0.0972697284709575,"150":0.3542353972671173,"151":-0.5309656845296769,"152":-0.03407944134284835,"153":-0.1519252192446201,"154":-0.2019908038732786,"155":-0.5153513456332428,"156":-0.39603740080499295,"157":0.12017207412308206,"158":0.07503596540729607,"159":-0.19306186116617297,"160":-2.577388463306817,"161":0.07038751471509952,"162":-0.6086022065102135,"163":-0.05575543036776409,"164":0.027883344728512283,"165":-0.11977246083122106,"166":-0.20269228912969917,"167":-0.30356669574724315,"168":0.29098713870474924,"169":0.13464584607445051,"170":-0.04037689310618364,"171":-0.05361184428121757,"172":0.4737860435140886,"173":0.30763558288730897,"174":0.029962770221260815,"175":-0.44782621922338883,"176":-0.020445837026089375,"177":0.06662281506291734,"178":0.014367175825853451,"179":-0.2886575559208364,"180":-0.017771648393569928,"181":0.09393209488889398,"182":0.19063905440121698,"183":0.11579858707511237,"184":0.07091516365477568,"185":-0.08111483429364597,"186":0.32848818314146166,"187":0.29102506338469536,"188":0.0457069618579391,"189":0.3517255632540306,"190":0.15798556282306642,"191":0.056815636807454606,"192":-0.14538647754131162,"193":-0.08933205186062021,"194":-0.5019024090919844,"195":-0.4022165546336174,"196":0.3457402742269351,"197":-0.699991277380819,"198":-0.7054616433998113,"199":0.6120758595470424,"200":0.5338059364319363,"201":-0.18520044413248415,"202":-0.18520044413248415,"203":0.0864850490865845,"204":-0.025284701766451034,"205":0.19204917983272285,"206":-0.06920083785129882,"207":-0.22971305600565128,"208":0.12600411179478033,"209":-0.08805595967805585,"210":-0.2913898158530819,"211":0.06401041592950318,"212":-0.16453126403521762,"213":0.013749474799702177,"214":0.08767076503468207,"215":-0.06478840976182021,"216":0.11861478337465303,"217":0.23696568065220414,"218":0.2829472392292022,"219":0.14805236975026337,"220":-0.14294613142367296,"221":-0.1658137115864753,"222":-0.14308641828560198,"223":0.13241696140056747,"224":-0.32060653781858295,"225":-0.5891374696018504,"226":0.06290801579403671,"227":0.21687817105773377,"228":0.05294779049206777,"229":-0.12134872597389412,"230":0.05553981869631408,"231":0.13400452649329653,"232":0.17356827241239126,"233":-0.14929833377978152,"234":0.06744121064830932,"235":-0.0012875370396334684,"236":0.120683593757267,"237":-0.03871603878140961,"238":-3.1710215309609815,"239":-0.46437250285240184,"240":-0.46437250285240184,"241":0.0733264373838276,"242":0.16028186053954088,"243":0.35484991382552905,"244":0.010543393422172143,"245":-0.08939432236473917,"246":-0.31519351070178747,"247":-0.09081409722942135,"248":0.03317672438365693,"249":-0.022427277418563873,"250":-0.2686838932674225,"251":-0.02874164458349887,"252":0.2882602580804581,"253":-0.17528885229344787,"254":-0.02069497679796828,"255":0.10317610483106351,"256":0.10317610483106351,"257":0.08727286209020368,"258":0.08727286209020368,"259":-0.018499845730783004,"260":-0.018499845730783004,"261":0.4670491445182919,"262":0.3993569424686636,"263":0.7810099090971891,"264":-0.09575800583395022,"265":0.45140836051186395,"266":-0.0931341466072817,"267":0.14021781449188564,"268":0.14021781449188564,"269":0.14021781449188564,"270":0.014667055394996686,"271":0.014667055394996686,"272":-1.7925155694074126,"273":0.19950072550115183,"274":-1.1785063753385692,"275":-1.700783285682883,"276":-1.6835632473206354,"277":-2.565687463556501,"278":-2.2205265605904163,"279":-0.7651707176564067,"280":-0.666028056407483,"281":-0.004399927517228355,"282":-0.09692190286419966,"283":-0.3534186434348361,"284":-0.03174144866318393,"285":0.08976850047493612,"286":-0.2452072917968953,"287":-0.833216061135597,"288":0.29765487511064576,"289":0.4056416693595384,"290":0.4611665505919994,"291":-0.14484230232410378,"292":-0.4021913598111633,"293":-0.2092723091175699,"294":-0.4503073743618826,"295":-0.43396503647033297,"296":0.06519148494258636,"297":-0.40374391482329575,"298":-0.3414112699855635,"299":-0.06202359285798609,"300":-0.2795265200998761,"301":0.8130309842035051,"302":-0.5094530682831147,"303":0.34585308205722787,"304":-0.10123644537384069,"305":0.15087233368902342,"306":-0.10123644537384069,"307":-0.24863066879394646,"308":-0.7783865424585935,