{"1":-0.7066032129425479,"2":-1.9691676910549614,"3":-1.4680456202815813,"4":0.27545831129507015,"5":-0.2629122809147568,"6":-0.4026528912097125,"7":0.3848729886686124,"8":-2.964811702014722,"9":-2.964811702014722,"10":-6.156542560671825,"11":-6.156542560671825,"12":-1.2505904866645983,"13":-1.2505904866645983,"14":-2.3145706926965444,"15":-2.3145706926965444,"16":-0.20556778478922633,"17":-0.20556778478922633,"18":-0.20556778478922633,"19":0.21553551783391312,"20":0.21553551783391312,"21":0.7533959671705697,"22":0.7533959671705697,"23":-0.10362115545934913,"24":-0.5887496673882167,"25":-0.09138609630694933,"26":-0.5011286991790103,"27":-0.5566268276546258,"28":-0.5377083939383045,"29":3.1048634034119535,"30":0.5023651822893673,"31":1.4349842388808405,"32":0.22351366028771213,"33":-0.3572698422367131,"34":-0.03875685159441433,"35":-0.586105494482549,"36":-2.7900352000837287,"37":-1.1719316180965968,"38":-0.20413729435261807,"39":2.3064288636647152,"40":4.636499571831015,"41":-1.9499574695817792,"42":0.23231519323697825,"43":-0.3453445459365625,"44":0.23109796911121627,"45":0.22783154572496667,"46":3.2228523899354444,"47":-0.22745820596066757,"48":0.2989346098318606,"49":-1.4505926542889434,"50":-1.4505926542889434,"51":0.2989346098318606,"52":0.2989346098318606,"53":2.4804241580395043,"54":2.4804241580395043,"55":-3.238973502087365,"56":-0.6545829710109652,"57":-0.9695941209477483,"58":-0.8987700526964018,"59":-1.518380383064886,"60":-2.988886164991837,"61":-0.7978540459506163,"62":-1.0542847631214274,"63":-1.7572581616332414,"64":-0.6469147411186673,"65":-0.45646849716411353,"66":-1.6356513687840373,"67":-0.5951087656623653,"68":-1.5735091948423747,"69":-1.7858490763293382,"70":-1.8118125528007614,"71":0.5091908254354287,"72":0.09983914466848454,"73":-0.10645693729761252,"74":-0.2882621433694901,"75":1.3913613824411293,"76":-1.0314934233322735,"77":-0.6491449677888221,"78":-0.5083958293015609,"79":0.08660047564724138,"80":-1.1307663799578664,"81":-0.12767545012165904,"82":-0.09056430910255564,"83":-3.4398600264471035,"84":0.3891231370590962,"85":0.5372122512152018,"86":-1.3958050856862307,"87":-1.3958050856862307,"88":-4.140086221817739,"89":-4.140086221817739,"90":-6.037994269741738,"91":-5.242521588961079,"92":-5.84943940608364,"93":-8.461949609062398,"94":-3.3292570643488624,"95":-8.360368132623513,"96":-7.684992881810501,"97":-6.739755650988187,"98":-10.669766877096272,"99":-0.07962822184266205,"100":-0.5620894105432228,"101":0.0023665367018939065,"102":-0.17963445049042948,"103":-0.5879685561772483,"104":-0.7717365911907388,"105":-0.536729710937323,"106":-0.18504775525043993,"107":-0.6991398555694563,"108":-1.2970162300324017,"109":-0.8839710668338681,"110":-3.243255008037087,"111":-0.6171252672928906,"112":-0.9743307800612779,"113":-1.3497121288331337,"114":-0.2157835763747249,"115":-0.1219756130602967,"116":-0.44946352392525757,"117":-0.7034090475158568,"118":-0.8092314207698736,"119":-0.09885671097657678,"120":-1.4744085150623247,"121":-0.4492235257250612,"122":-0.6690606088329005,"123":-1.8144279180395406,"124":-1.2038647555558288,"125":-0.5898318381499852,"126":-0.5898318381499852,"127":-1.689481250103496,"128":-1.186315213276559,"129":-0.7435569463225296,"130":-0.5898318381499852,"131":-0.5898318381499852,"132":-1.086486238983495,"133":-0.11513513792930397,"134":-0.9421028450581304,"135":-0.27793601390750133,"136":0.7774841984648422,"137":-1.803724189631982,"138":-3.1690027292887386,"139":0.7755241438175275,"140":-4.965222951034274,"141":-2.87454499375022,"142":0.3705127238245396,"143":-0.2406479429725099,"144":-2.535598342656444,"145":-1.125369832931776,"146":-3.463150711680834,"147":-6.970066458001067,"148":-2.0949136310431737,"149":-0.8271870064581415,"150":0.7940889060693639,"151":-2.0427921412504526,"152":-2.2707102873671374,"153":-1.6819117667028705,"154":-1.814136021890893,"155":-1.5117013735256322,"156":-1.4504516446248017,"157":-1.4799760576245493,"158":-0.2974868789281535,"159":-1.2664662645864428,"160":-2.52142419780919,"161":-2.3106548725812237,"162":-0.881193069888436,"163":-1.0057006395337318,"164":-3.1725896853753515,"165":-1.0605503028629863,"166":-1.714708469927781,"167":-0.8969122040788968,"168":-0.540356477820815,"169":-0.6725277776521073,"170":-0.7258529572967594,"171":-0.6130873059786266,"172":-0.47015343893101935,"173":-0.5860506583762533,"174":-0.8439368968823988,"175":-2.9321963446149724,"176":-0.52510774116534,"177":0.12776982153245875,"178":-1.250378346951588,"179":-1.6500663703067247,"180":-0.8920540777369217,"181":-0.4059819999412517,"182":0.013665323461004242,"183":-0.3262972955479446,"184":-0.315793580599669,"185":-0.4476579436813055,"186":0.2983152161239344,"187":-0.2463679937511909,"188":-0.723303688832547,"189":-0.2526635329612832,"190":-0.46915944824660016,"191":-1.7958460299106358,"192":-1.7185789357468924,"193":-1.3862561240524025,"194":-3.183127768165863,"195":-2.449380533852157,"196":-1.7501070121199565,"197":-8.835535962395017,"198":-12.519109342003745,"199":-4.784019619667118,"200":-1.6208630293140782,"201":-1.9154770567820956,"202":-1.9154770567820956,"203":-1.4499273102129342,"204":-1.6420134193712137,"205":-0.5383511645786516,"206":-1.4520743376293304,"207":-1.6406748420501707,"208":-0.5718695650609602,"209":-0.4929434437374196,"210":-1.1038120580070991,"211":-0.6390939474194215,"212":-1.172915150594834,"213":-0.48528141243528133,"214":-0.4784636495096768,"215":-0.955775759069553,"216":-1.4856000774582787,"217":-0.7278137334818942,"218":-0.7412084308882347,"219":-1.5672301118980574,"220":-1.6016035889804048,"221":-2.047311948849819,"222":-2.2067328694036226,"223":-0.5649472346741491,"224":-1.1365238294133455,"225":-1.6884256881998154,"226":-2.572258559122857,"227":-0.5073940984544292,"228":-0.6622726748686985,"229":-1.1447656684480965,"230":-1.2671028657305268,"231":-0.8628918879289214,"232":-0.9417361497936967,"233":-0.6857645521766869,"234":-0.8962734556857912,"235":-1.0317103556337552,"236":-1.0289584504516833,"237":-1.054460468580995,"238":-2.9060999905150036,"239":-0.17828744248216521,"240":-0.17828744248216521,"241":-0.26860297962688495,"242":-0.8998865764489146,"243":0.06672162102571111,"244":0.44958279958518865,"245":0.8034540579040634,"246":-1.0477365791617024,"247":-0.5331233442538884,"248":-0.6966714261289062,"249":-0.6007485007624782,"250":-0.7674917750088943,"251":-1.0802562172408556,"252":0.37801943548028505,"253":-0.3729081303058497,"254":-0.1543552812279433,"255":-0.6367269397875139,"256":-0.6367269397875139,"257":-0.7037912372656832,"258":-0.7037912372656832,"259":-0.2317116288716643,"260":-0.2317116288716643,"261":-1.042610040500287,"262":-0.10874607642941303,"263":0.11530688681411627,"264":-0.22264017470462982,"265":-0.8166165227456923,"266":0.034678355057707,"267":-0.6745269015622969,"268":-0.6745269015622969,"269":-0.6745269015622969,"270":0.09123430064793348,"271":0.09123430064793348,"272":-1.3169289107883637,"273":-0.09821273553521859,"274":-0.12898606511252897,"275":-1.2073099864612065,"276":-1.0209869519033314,"277":-1.3034958933282468,"278":-1.5436571241351258,"279":-1.018652341645007,"280":-1.499871960626331,"281":-0.042650773027550604,"282":0.07035893214948685,"283":-0.3695239638694612,"284":-0.0049612513026975336,"285":0.323838150403434,"286":-0.7957412917185053,"287":-0.1937018710999402,"288":0.7871573317724505,"289":-0.5092494824112421,"290":0.47791492149574477,"291":0.022809636589833815,"292":-0.8366025121349558,"293":-0.607209460679665,"294":-0.3180899680457243,"295":-0.5787697382627688,"296":0.12786249507060243,"297":-0.8900869629730335,"298":-1.32286375109665,"299":0.17674413843667258,"300":-0.3563759596929956,"301":-0.24267508300104534,"302":-0.30148822540781683,"303":-0.7450308487792423,"304":-0.5144550650164037,"305":0.19446608262771026,"306":-0.5144550650164037,"307":0.243919820286721,"308":-0.36600372925933233,"309":-1.8685098691432946,"310":-0.49010136291320405,"311":-0.4669177355471308,"312":-0.43700682366730437,"313":-0.7556893306648793,