{"1":-0.11373642500733784,"2":-0.6397464573017163,"3":-0.12798634812286688,"4":0,"5":-0.01451885784372475,"6":0.014403040374111973,"7":-0.055879588162685206,"8":-0.4251033156851233,"9":-0.4251033156851233,"10":-0.33502585658600476,"11":-0.33502585658600476,"12":-0.058786554540618145,"13":-0.058786554540618145,"14":-0.13319907507051856,"15":-0.13319907507051856,"16":-0.04048967332996853,"17":-0.04048967332996853,"18":-0.04048967332996853,"19":0.0046445636931409726,"20":0.0046445636931409726,"21":-0.020385046108222664,"22":-0.020385046108222664,"23":-0.018840714794768024,"24":-0.011720071869491587,"25":0,"26":-0.001916716301103823,"27":0.004642641412495339,"28":0,"29":-0.07888506013082436,"30":0.00312446298292481,"31":-0.03879997099825275,"32":-0.007939356762630495,"33":-0.0020016893276003037,"34":0.0916030534351145,"35":-0.05808474078284696,"36":-0.031450583796806875,"37":-0.020399461505430636,"38":0.021260049438141526,"39":-0.1012773334448579,"40":0.07524560371151186,"41":-0.07241098573772375,"42":-0.05619260165906161,"43":-0.051633769467273424,"44":-0.017030328601110766,"45":-0.13980217373626735,"46":-0.02547096351848189,"47":-0.015662102116994772,"48":-0.09129829035587878,"49":-0.09881016555248262,"50":-0.09881016555248262,"51":-0.09129829035587878,"52":-0.09129829035587878,"53":-0.07242409108245157,"54":-0.07242409108245157,"55":-0.04188704199006303,"56":0,"57":-0.04194630872483222,"58":0,"59":-0.0002840890705096922,"60":-0.013349569956467335,"61":0.008321082850248246,"62":0.00784475235097422,"63":-0.0032163648644302207,"64":0.007286192569857449,"65":-0.008330417687142834,"66":-0.022154746276051053,"67":0.020670327858579526,"68":-0.08914338611591871,"69":-0.062173897484646475,"70":-0.09425646713723221,"71":0.001708002404844422,"72":0.01030183401204876,"73":-0.027048009573991803,"74":0.04594283437349987,"75":-0.06189694573104662,"76":-0.15481287559206763,"77":-0.011763378011535687,"78":-0.06844847483992206,"79":-0.029499403284890188,"80":-0.05697909539026686,"81":-0.0075526590256865395,"82":-0.09598467845166186,"83":-0.3407554754175969,"84":-0.014733520345641047,"85":0.018978405557866528,"86":-0.06761407775615647,"87":-0.06761407775615647,"88":-0.02867181910731757,"89":-0.02867181910731757,"90":-0.0023308634638717664,"91":-0.028007937563795743,"92":-0.025316831964206192,"93":0.008641941363873099,"94":-0.005460601758313766,"95":-0.09010730927776416,"96":-0.023684283811630878,"97":-0.007561230183041293,"98":-0.010655181579655953,"99":0.10048967090213318,"100":0.050786112331581285,"101":-0.029278537132901142,"102":-0.006015847455358991,"103":0.022157005521528356,"104":-0.04921057497986453,"105":-0.01848587178526046,"106":0.007187131558912527,"107":-0.01502079646300402,"108":-0.06760573412499463,"109":-0.028630432255905502,"110":-0.057402293008248784,"111":-0.04857653817576579,"112":-0.044584289925228726,"113":-0.009603353640146514,"114":-0.056624607665599624,"115":-0.01826977829387043,"116":-0.021580620346997773,"117":-0.03144980050646253,"118":-0.03552884793456378,"119":-0.06404542367009612,"120":-0.07017749994349613,"121":-0.05456372853782672,"122":-0.1302582603810477,"123":0.021438159126327787,"124":-0.05583231982371592,"125":-0.02038570751724397,"126":-0.02038570751724397,"127":-0.031139827904258822,"128":-0.044459397999097934,"129":-0.010517059792471473,"130":-0.02038570751724397,"131":-0.02038570751724397,"132":-0.012147783644134845,"133":-0.024942635031146708,"134":-0.03554689276426364,"135":-0.04484849327112225,"136":0.09292261182493028,"137":-0.18095431167047882,"138":-0.02093854591830247,"139":0.023415202469040233,"140":0.010911154035554621,"141":-0.02962427928486237,"142":-0.009681461932102176,"143":-0.03249860961780907,"144":-0.011569511820921377,"145":-0.041714895803143436,"146":-0.030819603388441544,"147":0.10043365209801056,"148":-0.033766345528116956,"149":-0.0012085553793587667,"150":0.3179599293835831,"151":0.08094578518154373,"152":-0.032543865623966814,"153":-0.054659953493793545,"154":-0.06985999674181723,"155":-0.04753026199301129,"156":-0.090040740147072,"157":-0.025899127469856967,"158":-0.06368207407531942,"159":-0.00643750449579944,"160":-0.17084007098326348,"161":-0.0028413560530761092,"162":-0.018912517943760573,"163":-0.04590038337327694,"164":-0.07349098109882578,"165":-0.12633464703155173,"166":-0.026899937782272117,"167":-0.023736086949233997,"168":-0.0048047853331585,"169":-0.013729667989739085,"170":-0.014398558720300514,"171":-0.008591956411993564,"172":-0.06362395458790535,"173":-0.08080021209624239,"174":-0.06498309863882853,"175":-0.17850928183140846,"176":-0.06770003950298539,"177":-0.06001259199841463,"178":-0.05425334690187465,"179":-0.07890802454236333,"180":-0.03466112188440619,"181":-0.023612135729567715,"182":-0.009158506807449365,"183":-0.04340041845555397,"184":-0.011573235344793424,"185":-0.024892644279592327,"186":-0.023895796281432582,"187":-0.05066776308160784,"188":-0.03556548357450412,"189":-0.014678374592121176,"190":-0.021474548879665524,"191":-0.09333617350892134,"192":-0.09023576526351706,"193":0.00013588105108099796,"194":-0.05996204566058817,"195":-0.046040395311944794,"196":-0.05459542568899288,"197":-0.12735360034951565,"198":-0.12960714644879145,"199":-0.029108869167962105,"200":-0.01666208183374932,"201":0.0023920487302173943,"202":0.0023920487302173943,"203":-0.03888263981631363,"204":-0.030482221595452563,"205":0.0014037139552230899,"206":-0.024945865157868376,"207":-0.024013067320872654,"208":-0.01720325093912727,"209":-0.04469147272790218,"210":-0.10954964560572375,"211":-0.012547944379593574,"212":-0.026605490006492368,"213":-0.046849678494206036,"214":-0.017692505655286437,"215":-0.08060548719816234,"216":-0.014558097900918368,"217":-0.017914450319187283,"218":-0.00935277694992635,"219":-0.021268482246639762,"220":-0.014646156779419241,"221":-0.02569149601467772,"222":-0.13029180971879803,"223":-0.02217729975531734,"224":-0.11079604402661122,"225":-0.09684613691525748,"226":-0.023058942885921488,"227":-0.024455260820142467,"228":-0.027094190238449854,"229":-0.11030481627228537,"230":-0.02545185934769475,"231":-0.030672932424532826,"232":-0.027757808007062484,"233":-0.05912756784238345,"234":-0.03992181598383802,"235":-0.07010463876475695,"236":-0.09955821833036602,"237":-0.021756599507553008,"238":-0.7728445698140245,"239":-0.029051807066243183,"240":-0.029051807066243183,"241":-0.08833922261484099,"242":-0.053113012688108585,"243":-0.020284853194517435,"244":-0.007205397419625899,"245":0,"246":-0.05850378605593401,"247":-0.04390937619784502,"248":-0.04689331770222743,"249":-0.036961744594344856,"250":-0.012561517327670964,"251":-0.057684384013185,"252":0,"253":-0.029475353812021654,"254":-0.010999527851267336,"255":-0.2058043811915725,"256":-0.2058043811915725,"257":-0.024320786596435526,"258":-0.024320786596435526,"259":-0.011166881661727066,"260":-0.011166881661727066,"261":-0.18167070041381397,"262":-0.009956071715651542,"263":-0.013449601323270974,"264":-0.023175451239652287,"265":-0.03668726330967706,"266":-0.013975912942808023,"267":-0.12986200855179347,"268":-0.12986200855179347,"269":-0.12986200855179347,"270":-0.07507017259591106,"271":-0.07507017259591106,"272":-0.02017732376402636,"273":-0.09644729500879184,"274":-0.029777149934607932,"275":-0.06039767426271621,"276":-0.028533153520203344,"277":-0.07872942135839307,"278":0.004651816451485033,"279":0.009470369581172906,"280":0.001252517168255106,"281":-0.0062418076274889205,"282":-0.018858436007040482,"283":0.018142909209962636,"284":-0.018569392201507464,"285":-0.0446903549799346,"286":0,"287":-0.02039775624681285,"288":0,"289":0.008321836998661833,"290":0.017944064676706943,"291":-0.008696183089629292,"292":-0.03906967479147893,"293":-0.05488442691102939,"294":-0.058079536973846414,"295":0,"296":-0.06173325167847864,"297":-0.04775298998748214,"298":-0.027170057481333998,"299":-0.04756432619812298,"300":-0.01390108868043306,"301":-0.02843491837037984,"302":-0.030332998194359053,"303":-0.018087343074461373,