{"1":-0.07005762546828873,"2":-0.13977281598376884,"3":-0.3424959055821518,"4":-0.6635984023040866,"5":-0.1145740965336964,"6":0.11810400526506784,"7":-0.8174332841731653,"8":-0.13557561767952528,"9":-0.13557561767952528,"10":-0.020128793293899647,"11":-0.020128793293899647,"12":-0.18062968164797596,"13":-0.18062968164797596,"14":-0.13080599565068898,"15":-0.13080599565068898,"16":-1.0169316687016257,"17":-1.0169316687016257,"18":-1.0169316687016257,"19":-0.7073765508513392,"20":-0.7073765508513392,"21":-0.04815009357615098,"22":-0.04815009357615098,"23":0.046689307928189205,"24":-0.03484071178591039,"25":-0.11214760352060366,"26":-0.24444857502516393,"27":-0.040960181031806875,"28":0.314004315092944,"29":0.01810836531587323,"30":-0.20077920208228398,"31":0.1863176625904461,"32":0.19417859085233047,"33":-0.2084092927731579,"34":0.4438483713856932,"35":0.10455064255980576,"36":0.04139297436794645,"37":-0.01053167715463671,"38":0.09180707461621773,"39":-0.7237515285943538,"40":-0.09294906079397483,"41":-0.028827636236495507,"42":-0.005362868018707223,"43":-0.10899349001315284,"44":-0.1291557496071341,"45":-0.12401659258200987,"46":-0.18339363878232245,"47":0.0065651442037895635,"48":-0.06631916376791169,"49":0.06588948233931402,"50":0.06588948233931402,"51":-0.06631916376791169,"52":-0.06631916376791169,"53":-0.20902737002742675,"54":-0.20902737002742675,"55":-0.015014634871203652,"56":-0.17598772249797912,"57":-0.15324193302796768,"58":-0.05504817082578084,"59":0.4968550645792131,"60":-0.0772500434228029,"61":-0.1598271730683153,"62":-0.07544529521249735,"63":-0.13437396845367444,"64":-0.10956212408588273,"65":-0.21637196428798627,"66":0.05425402839643867,"67":0.07622177767821248,"68":0.013491421028438061,"69":0.04061208552958312,"70":0.05408159946531558,"71":0.029775410242354826,"72":-0.05273944439089115,"73":-0.016666130787124755,"74":0.07242169734214826,"75":-0.022850610107460187,"76":-0.09109628676121734,"77":-0.15261881314294432,"78":-0.4887447804698004,"79":-0.3779282048292769,"80":-0.3099415239597636,"81":-0.23046103090703643,"82":-0.1711983833790961,"83":-0.038905336449879174,"84":-0.05476489392138201,"85":-0.01820119376608241,"86":-0.20690622466643271,"87":-0.20690622466643271,"88":-0.1254923728402455,"89":-0.1254923728402455,"90":-0.004980442424778646,"91":0.012069695070984984,"92":0.0009452949166922136,"93":-0.0024678773241021065,"94":0.003372540190277349,"95":0.003269729199885726,"96":-0.0021185612187507377,"97":0.000095764532107908,"98":-0.005039215264977472,"99":-0.18872986863476215,"100":-0.14844874625925247,"101":-0.5358251289917987,"102":-0.763808682806393,"103":-0.04454563114846727,"104":-0.6370092165447706,"105":-0.09732668596359723,"106":-0.17301331140940268,"107":-0.3514051645690701,"108":-0.943797127693062,"109":-0.6839803691074333,"110":-0.4341927856705038,"111":-0.3436493306468052,"112":-0.6138768888745569,"113":-0.4497193005414407,"114":-0.44523563827058943,"115":-1.0268745574744291,"116":-1.9038209879168162,"117":-0.23895156409347507,"118":-0.6763115534220911,"119":-0.8676137911276497,"120":-1.319664220947463,"121":-0.4314301873394366,"122":-1.4804730260745327,"123":-0.01496653261495584,"124":-0.5302550494608647,"125":-0.6022089086090157,"126":-0.6022089086090157,"127":0.016664647883996686,"128":-0.03286776001975178,"129":-0.3804936647776612,"130":-0.6022089086090157,"131":-0.6022089086090157,"132":-0.032303760395392414,"133":-0.11689193558286434,"134":0.0643302125409152,"135":-0.18793571958068694,"136":0.0769110454006941,"137":0.04719916882547473,"138":0.1510868859059392,"139":0.0459489321096187,"140":0.09690850420533483,"141":0.08614905358437207,"142":-0.28009898508472597,"143":-0.012918496227730947,"144":-0.011083791489243822,"145":-0.16215857752078336,"146":0.052587976113212476,"147":0.11018634036597999,"148":0.14284153722940646,"149":0.1766293910622818,"150":0.1076525224384407,"151":0.0651409249349953,"152":0.11120975088666496,"153":-0.033638421602240676,"154":0.1264431409691725,"155":0.18293386173698825,"156":0.2457219727138832,"157":0.06976989078013335,"158":0.06568508644808368,"159":0.07988003342723232,"160":0.012278689023079686,"161":0.08812878009757237,"162":0.08955782018413314,"163":0.07308212260966263,"164":-0.04171223380547753,"165":0.2859366843150593,"166":0.186668798069215,"167":0.0268123144944708,"168":0.10539086046905119,"169":0.11259184507157893,"170":-0.06566526089393604,"171":-0.19966179729460165,"172":0.013540454605709962,"173":0.14798547012951174,"174":0.33070970595842886,"175":0.0741410775985456,"176":0.1829241813774341,"177":-0.02578578917948965,"178":0.06997966615706358,"179":0.05832417831894082,"180":-0.049715013806803765,"181":-0.035328126795741766,"182":-0.1964575848050455,"183":0.15630154897855975,"184":-0.06465622579831681,"185":-0.06468415490630874,"186":0.09355174618936724,"187":-0.03129062277264422,"188":0.1266478282275861,"189":0.10501552799318298,"190":0.005306642059558497,"191":-0.021622636756231384,"192":0.042278563410171166,"193":0.20797152492000026,"194":0.25943709860381164,"195":0.3228223109448479,"196":0.015826770394449796,"197":0.026177578011341268,"198":0.05105476504075021,"199":0.12061988231827733,"200":0.05684837043415086,"201":0.03424774728220295,"202":0.03424774728220295,"203":0.002758954063882213,"204":0.05821855620735511,"205":0.3194242761582945,"206":0.12473815747273104,"207":0.36321762908637534,"208":-0.4672512839798918,"209":-0.4967941692054473,"210":-0.1547079221642595,"211":-0.5194454728293365,"212":-0.20466507690831143,"213":-0.9388434009538533,"214":-0.3831326630201702,"215":-0.006994662115179573,"216":0.023465157503167355,"217":0.03862693523859717,"218":-0.028158091284236547,"219":-0.012338832686469237,"220":0.0297598018266986,"221":-0.0851163472349383,"222":-0.07487712236068372,"223":-0.33040199769610384,"224":-0.19185173433865635,"225":0.024498550986037038,"226":-0.013520919279906563,"227":-0.47498774388518133,"228":-0.19352886001372493,"229":-0.05759321583941468,"230":0.121944461747237,"231":0.20682867212081113,"232":0.039402787707414094,"233":-0.07583763018134682,"234":0.06280944591028018,"235":0.02551072464572335,"236":-0.03491984532308834,"237":0.05622794020809574,"238":-0.08571511634709883,"239":-0.1874191965847618,"240":-0.1874191965847618,"241":-0.05460919169428058,"242":-0.2659800103371768,"243":-2.971057339459409,"244":-0.33907282843568803,"245":-0.7387989037899925,"246":-0.22315061864093932,"247":-1.5587610764522846,"248":-0.14802671635465203,"249":0.48587886461382224,"250":0.14517724197024545,"251":0.10761880149919645,"252":-0.29745966198949914,"253":-1.1371468119099686,"254":-1.7827755139322128,"255":-0.9018634752771109,"256":-0.9018634752771109,"257":-0.45229702044684306,"258":-0.45229702044684306,"259":-0.016031578678336156,"260":-0.016031578678336156,"261":-0.948896194257498,"262":-0.36435894315388984,"263":-0.3158077237336331,"264":0.3628266095846224,"265":-0.10384312087575895,"266":-0.31895160218173724,"267":-1.9794640305549578,"268":-1.9794640305549578,"269":-1.9794640305549578,"270":-0.370074871118798,"271":-0.370074871118798,"272":0.2468221934346284,"273":-0.48599113445296793,"274":-0.28602383292804,"275":-0.003809720492254781,"276":-0.3885241673784179,"277":-0.09377488723163868,"278":-0.07430829965753154,"279":-0.3517565270779808,"280":-0.8577802190166537,"281":-0.6569201330594329,"282":-0.21602753246131234,"283":-0.47142505772228077,"284":-0.8178375312931767,"285":-0.745348009162168,"286":-1.0241877349186743,"287":-0.5655178197822608,"288":-0.2132981083723815,"289":-0.052185155393319,"290":-0.16080335531458423,"291":-0.3763323584427987,"292":-0.07147269897136702,"293":-0.6371008572208923,"294":-0.4003786326322998,"295":-0.22032296269439677,"296":-0.2865348100684004,"297":-1.1918315978461063,"298":-0.2863832619466128,"299":-0.7641912543973824,"300":0.14846522353504032,"301":0.043047076245442836,"302":0.034374762714801776,"303":-0.04435548877213491,"304":0.0939796211888903,"305":0.009806755523603716,"306":0.0939796211888903,