{"1":0.022955371994725575,"2":-0.000023830730267827838,"3":0.18498729579780465,"4":0.2579118962325656,"5":0.09529843409744065,"6":0.06394305557851807,"7":-0.0564631249126889,"8":0.024474042627015635,"9":0.024474042627015635,"10":0.07258699357054316,"11":0.07258699357054316,"12":-0.006367790867128763,"13":-0.006367790867128763,"14":0.015395430663948568,"15":0.015395430663948568,"16":0.09288195535055327,"17":0.09288195535055327,"18":0.09288195535055327,"19":0.0906731142449758,"20":0.0906731142449758,"21":-0.27937316932342526,"22":-0.27937316932342526,"23":0.9822207456008166,"24":1.6886009178253871,"25":1.3564829098079985,"26":0.17782341324075918,"27":1.4698379074868653,"28":0.6797750374295084,"29":0.7350696286708368,"30":0.30599819634615544,"31":0.02192597492878079,"32":0.10218913425860426,"33":0.24364369641077843,"34":0.9335835417379093,"35":0.06990126213951361,"36":0.10506800640871206,"37":0.13631832311908185,"38":0.41761994790876367,"39":0.15253334940190508,"40":0.10441526780309648,"41":0.07726417461947653,"42":0.18862960484567792,"43":0.18679812547302388,"44":0.44558984519356865,"45":0.036677828318477046,"46":0.09052278990866819,"47":0.0923875059247492,"48":0.14757651313697098,"49":0.10803409826371899,"50":0.10803409826371899,"51":0.14757651313697098,"52":0.14757651313697098,"53":0.19823425578223258,"54":0.19823425578223258,"55":-0.012163843546160347,"56":0.05092095990935064,"57":0.2926811765827453,"58":0.043574389411721676,"59":0.2974336644123581,"60":0.08485819313179149,"61":0.22914866942581286,"62":0.14914231685377938,"63":0.37672493228359205,"64":0.10261270672326883,"65":0.3248304642746499,"66":0.09691970770363798,"67":0.16623405694493912,"68":0.06249560599135262,"69":0.11897914429230833,"70":0.014261756497946032,"71":0.05400471079464876,"72":0.14708791477511898,"73":0.09110713943242471,"74":0.13257028673028357,"75":0.057742884943086215,"76":0.05712743350091032,"77":0.06328226332693127,"78":0.12890568133204244,"79":0.021780844196027938,"80":-0.021786431237758586,"81":-0.11994145788040406,"82":-0.008888358845240696,"83":-0.1361452584959762,"84":0.2439042195767912,"85":0.22269511025471145,"86":-0.037318689380428594,"87":-0.037318689380428594,"88":-0.02186994886400173,"89":-0.02186994886400173,"90":-0.03412622406739679,"91":-0.0545427351807867,"92":-0.03370214094159693,"93":-0.05346085744894963,"94":0.08166304612622977,"95":-0.008850183781205806,"96":-0.013469085924845553,"97":-0.18581842240171148,"98":-0.11065629420683881,"99":1.141733556871765,"100":1.119008204966314,"101":0.3541783171492759,"102":0.3145874879518355,"103":0.4311041480850989,"104":0.411006845466013,"105":0.31581491299729875,"106":0.4101789140349249,"107":0.6458359342598066,"108":0.6803049393527745,"109":0.7966418374178521,"110":1.2406281707703837,"111":0.822116713544579,"112":0.6831569946286657,"113":0.8896771323802708,"114":2.1685988010466763,"115":1.076125804109007,"116":1.1620806649154303,"117":1.7428853602077055,"118":1.664525352114476,"119":2.4062131650106324,"120":0.8081383426598445,"121":0.9431687315856152,"122":1.5946244829565503,"123":2.3559852732006625,"124":10.282393497602426,"125":1.09299582569764,"126":1.09299582569764,"127":0.8785451133011208,"128":1.7810268907634215,"129":0.3464636786010569,"130":1.09299582569764,"131":1.09299582569764,"132":0.08186309580868997,"133":0.026623260480589127,"134":0.08792506179568219,"135":0.050332808863222576,"136":0.0372802567379865,"137":0.02688305069695961,"138":0.07185872274868967,"139":0.058967372324158496,"140":0.09701505269974481,"141":0.19040453850355368,"142":0.0010647042115817518,"143":0.0726281704488778,"144":-0.014589720127203165,"145":0.044397756021084644,"146":0.09797143775037036,"147":0.03385924389710196,"148":0.01607186473845897,"149":0.024302424933897167,"150":0.05232825906820019,"151":-0.0010833048958674499,"152":0.011709686998962486,"153":0.025604631159323012,"154":0.030601102886563366,"155":0.015406792356677525,"156":0.06201236366033104,"157":0.05366572991550311,"158":0.29444058705613796,"159":0.008516122894905852,"160":0.021220239945358148,"161":0.030402849131619857,"162":0.09011383662460591,"163":0.10777973577811284,"164":0.09574843264037391,"165":0.3189429754273347,"166":0.276004730980759,"167":0.2625502590105582,"168":0.6654871606760456,"169":0.40527683935852166,"170":0.4246678367025069,"171":0.3616123387935757,"172":0.17396712316880183,"173":0.27402024780632167,"174":0.34004457621345563,"175":0.29460764408739504,"176":0.024352949214232013,"177":0.3071331718199582,"178":0.14017938949604136,"179":0.1386942290786643,"180":0.0486567414958467,"181":0.05214886133196311,"182":0.155749992671784,"183":0.049118533556753455,"184":0.12202764754175155,"185":0.19475768172119612,"186":0.13302414599771611,"187":0.1436520269672531,"188":0.14000738254935854,"189":0.08258120116637106,"190":0.12900889359192258,"191":0.14930683177257323,"192":0.256056523830316,"193":0.13137450162955727,"194":0.13891499947997005,"195":0.16884415996712107,"196":0.22935667843086274,"197":0.26270901150594245,"198":0.7524501101666216,"199":0.44692783428633165,"200":0.5867635824952524,"201":0.016134205712665276,"202":0.016134205712665276,"203":0.04970600712574268,"204":0.05462479493808589,"205":0.04634107479704835,"206":0.050844098329944444,"207":0.038329717805916194,"208":0.06772583074398834,"209":0.04417382707432091,"210":0.03431531561975449,"211":0.04827139969412298,"212":0.0665456846569607,"213":0.05485207042591039,"214":0.039607140144994966,"215":0.0764731248385785,"216":0.08784946002936947,"217":0.05210572107613855,"218":0.09177626924907446,"219":0.03540516406618062,"220":0.034752064224297385,"221":0.033005142604276845,"222":0.18987716890580714,"223":0.10742627997903294,"224":0.10090602316411312,"225":0.11214400073055221,"226":0.0646373338943636,"227":0.08161231996160127,"228":0.009467014868247497,"229":0.06804511304266855,"230":0.1441665194728,"231":0.06435546963183585,"232":0.07009102394981329,"233":0.08460465251877446,"234":0.09967024929287327,"235":0.16699972833926363,"236":0.19655341695129153,"237":0.10618207154679443,"238":0.10958270022513512,"239":0.03987497328681372,"240":0.03987497328681372,"241":0.45693131389157005,"242":1.5674380680873907,"243":3.1945680540108405,"244":1.0879555469565645,"245":2.646651173252097,"246":0.8265679303717424,"247":-0.482755725786846,"248":-0.011539805750609311,"249":0.04962539164145263,"250":0.106075012916935,"251":-0.1688192404233111,"252":-0.21286948840083197,"253":0.05184829195742391,"254":-0.11167462130080663,"255":0.29408390438031684,"256":0.29408390438031684,"257":0.6163910711949674,"258":0.6163910711949674,"259":0.12648467441330202,"260":0.12648467441330202,"261":0.07772691241592192,"262":0.1318785991851735,"263":0.0573433019518787,"264":-0.011079857397483822,"265":0.36718992452205174,"266":-0.10068272668817636,"267":0.08934283881798832,"268":0.08934283881798832,"269":0.08934283881798832,"270":0.18914526421024258,"271":0.18914526421024258,"272":0.08963206058865107,"273":0.7905417558410092,"274":0.8658246577646074,"275":0.022312333686679245,"276":0.09088271959614817,"277":0.7901449983193392,"278":0.27809478848748165,"279":0.1324174063365297,"280":0.13072854581809865,"281":-0.018814044581039358,"282":0.1061045551119425,"283":0.37444227084071646,"284":0.39679916210351407,"285":0.2980735180529793,"286":0.029045475644905783,"287":0.35597345570073324,"288":0.12760490210880504,"289":2.281570428289193,"290":4.547911317417809,"291":3.2882751438669198,"292":2.0307060913485726,"293":0.4022063909891424,"294":0.9714570377826673,"295":-0.018726598723502075,"296":0.43541562666938505,"297":0.24709587037634276,"298":0.5240014530619324,"299":1.0508388611783541,"300":0.323655572966489,"301":0.4088822099161754,"302":0.38023133578218565,"303":0.3188795904951184,"304":0.37210179945023736,"305":0.23058733268619014,"306":0.37210179945023736,"307":0.0339859518260483,"308":0.09439739790578029,"309":0.3290890434529197,"310":0.5185075524885465,"311":0.4417305179822815,"312":0.5355991585495017,"313":0.3885720231774693,