{"1":0.10280550431972924,"2":-0.3916632234059525,"3":0.6575082056849583,"4":-0.5378157245836503,"5":-0.26545055868196776,"6":0.019156412156208225,"7":0.24255143169962823,"8":-0.9228648550768299,"9":-0.9228648550768299,"10":-1.4417951949632437,"11":-1.4417951949632437,"12":-0.9768504218134835,"13":-0.9768504218134835,"14":-0.12407321365934854,"15":-0.12407321365934854,"16":-0.045223127825670395,"17":-0.045223127825670395,"18":-0.045223127825670395,"19":0.061884330303832114,"20":0.061884330303832114,"21":-0.18006233902001512,"22":-0.18006233902001512,"23":0.23444571722246998,"24":-0.19433969859704692,"25":-0.04714053879300051,"26":-0.07917259894398287,"27":-0.015900181254348666,"28":-0.13498196279687869,"29":-0.1920261369581473,"30":0.16446023606983107,"31":0.25813095283874943,"32":-0.19609077228839,"33":-0.3006429787585425,"34":0.2072244765317594,"35":-0.27512334317434917,"36":0.06698412337331883,"37":-0.07407145221852973,"38":-0.2281197977373628,"39":-0.4184594537550561,"40":-0.3058741369935678,"41":0.05703759750931736,"42":-0.19526629621803115,"43":-0.46893567351471255,"44":0.07555170929844879,"45":-0.8425714742108688,"46":-0.415383171508104,"47":-0.46443736924762513,"48":-0.4282113423269447,"49":-0.2744853032432335,"50":-0.2744853032432335,"51":-0.4282113423269447,"52":-0.4282113423269447,"53":-0.13382104351694268,"54":-0.13382104351694268,"55":-0.5752803209186852,"56":0.2801146308290877,"57":-0.20640733537914324,"58":0.023476223306836408,"59":-0.2391589207975362,"60":0.043138446229434635,"61":-0.15004215335140758,"62":-0.01574529769760824,"63":-0.1490676291529487,"64":-0.20589288342786605,"65":0.16354809501788692,"66":0.2810707882026464,"67":0.14134458149248985,"68":0.36550143989492945,"69":-0.34227228837751644,"70":-0.43992214449485756,"71":-0.21405240552261562,"72":-0.19222200969024472,"73":-0.12957414478784202,"74":-0.3614615920531521,"75":-0.4713875701325798,"76":-0.36303034127898637,"77":-0.2915774270203244,"78":-0.28866378351457267,"79":-0.1168393710732718,"80":-0.25543131245247586,"81":-0.06487126961051026,"82":-0.2821912937325597,"83":-0.08621910198208904,"84":0.04449153211285606,"85":0.01852406531873685,"86":-0.10562598677226531,"87":-0.10562598677226531,"88":-0.4866619928314364,"89":-0.4866619928314364,"90":0.32715242167859415,"91":-1.0432474415737172,"92":-0.252225367505325,"93":-0.0005863548591671375,"94":-0.29830658484776995,"95":0.30349310126247886,"96":0.12765820869321942,"97":-0.05235331634215967,"98":0.6295839852800142,"99":0.10313051426582787,"100":0.16951366578669713,"101":0.4014866783929274,"102":0.17223184121640478,"103":0.0426445091757528,"104":-0.03353039699630456,"105":-0.08339294322249691,"106":-0.1541956381780114,"107":-0.253881091724641,"108":-0.38887962871988635,"109":-0.034166778477873194,"110":0.34875934695334987,"111":-0.027607297989676205,"112":-0.1984237359420864,"113":0.06540437381585074,"114":-0.3917032299099855,"115":-0.06846928091275051,"116":-0.16491812830419272,"117":-0.07284659076719135,"118":0.12523732219702555,"119":-0.08035495453083286,"120":0.11610014265704804,"121":-0.09327444611956515,"122":-0.11038176579917813,"123":-0.256023403645246,"124":-0.1903547819792193,"125":-0.09720295795752243,"126":-0.09720295795752243,"127":0.20486483102172093,"128":-0.11680615238595138,"129":-0.19060966644843824,"130":-0.09720295795752243,"131":-0.09720295795752243,"132":0.2629447564482166,"133":0.13803297093257916,"134":-0.11718173708202206,"135":-0.3185044873155811,"136":-0.0743256057776045,"137":-0.024121860156002484,"138":-0.07100457191347243,"139":0.4677522417069204,"140":0.22107774915527267,"141":-0.08785200118468683,"142":-0.050642987015427465,"143":-0.05891224606555978,"144":0.13088620346345148,"145":-0.1688600003601839,"146":-0.674051431875117,"147":-0.25290795002570343,"148":-0.33149403379917786,"149":-0.2777421784776979,"150":-0.5005836653400344,"151":-0.13622183365937723,"152":-0.21103248598290736,"153":-0.22643057785377962,"154":-0.1701703910387753,"155":-0.21359963768791623,"156":-0.17977418283964774,"157":-0.46038783738427735,"158":-0.311911264753164,"159":0.03577990792145114,"160":0.009309383112784397,"161":-0.42758610093200344,"162":-0.41409425055178195,"163":-0.17031364828491036,"164":-0.68735877977121,"165":-0.4212037250095695,"166":-0.3461910302529534,"167":-0.41910575720819176,"168":-0.3025538175058875,"169":-0.2748720587072415,"170":-0.2060712043685513,"171":-0.2646063957326801,"172":-0.07434045809219847,"173":-0.2880746478800902,"174":-0.505181144767769,"175":-0.5026786057702635,"176":-0.09987720352018559,"177":-0.40391991696684504,"178":-0.23840768489030106,"179":-0.05985421453051165,"180":-0.425885527680692,"181":-0.31184122928259034,"182":-0.25048163144305435,"183":-0.2882692677687133,"184":-0.22421240861380642,"185":-0.13312920835270514,"186":-0.11525419443414453,"187":-0.15603946273128877,"188":-0.35316675007904075,"189":-0.18512169516340637,"190":-0.11725895256951291,"191":-0.19154861694942515,"192":-0.37073030354826964,"193":-0.42124759746542395,"194":-0.4040207512573504,"195":-0.3925438607722047,"196":-0.43150825419934113,"197":-0.5084921773940603,"198":0.09659402827983476,"199":-0.35244455678010134,"200":-0.17871608047914855,"201":-0.11713979004173725,"202":-0.11713979004173725,"203":-0.25927199314141625,"204":-0.30230991387978456,"205":-0.3776960530545497,"206":-0.24782885769495877,"207":-0.19899558126352435,"208":-0.3208096112465546,"209":-0.4400264656876198,"210":-0.14262804015251973,"211":-0.4821257752012751,"212":-0.697090978415347,"213":-0.3749056553477411,"214":0.12330399879589948,"215":-0.33970224069166455,"216":-0.45999631461279367,"217":-0.2613398438163136,"218":-0.2719433857946425,"219":-0.45871888722832543,"220":-0.3776831186036853,"221":-0.3277251907885257,"222":-0.5371359296116223,"223":-0.5927137009630574,"224":-0.6554063492711417,"225":-0.19647344674203981,"226":-0.1970330192880776,"227":-0.6044399084780236,"228":-0.7477006819013496,"229":-0.6094305633763342,"230":-0.7188020333063014,"231":-0.6066077314205527,"232":-0.29563313153794457,"233":-0.26134733134446364,"234":-0.47206475146039617,"235":-0.4646651304911924,"236":-0.4582786586521115,"237":-0.3965336126972119,"238":-0.20545464930288704,"239":-0.43570769298408907,"240":-0.43570769298408907,"241":-0.9797637920185849,"242":-0.5372177091774931,"243":0.06806903255367058,"244":-0.3544174608928663,"245":0.18465297619445908,"246":0.25204957576738485,"247":0.2103335892406008,"248":-0.3761774225228225,"249":0.30625132572580455,"250":0.09679514834154002,"251":-0.6427617461204428,"252":0.008693313038001249,"253":1.086332158905483,"254":-0.038937395665372077,"255":-0.02809335499350829,"256":-0.02809335499350829,"257":0.4194708911304865,"258":0.4194708911304865,"259":0.451388942352849,"260":0.451388942352849,"261":-0.012926799420620971,"262":-0.43611403364555434,"263":-0.21554347015798658,"264":-0.22846614463380932,"265":-1.4609919827733369,"266":-0.436468676535648,"267":-0.15691153283012277,"268":-0.15691153283012277,"269":-0.15691153283012277,"270":-0.18425191092193327,"271":-0.18425191092193327,"272":-0.1875954524951759,"273":-0.09354094335099986,"274":0.1825110212111411,"275":-0.15891115361949093,"276":-0.14394086698998487,"277":-0.041585853944909434,"278":0.07453022373532892,"279":-0.01213669155948921,"280":-0.5143362393593662,"281":-0.07944619591014157,"282":-0.6028015604953787,"283":-0.4162656952623467,"284":-0.43412969293271875,"285":-0.19260969561061825,"286":-0.8483359032179894,"287":0.3120250486034729,"288":0.03801494806862571,"289":-0.6980557463927446,"290":-0.4335526311339617,"291":-0.5904272272141178,"292":-0.49277325745461686,"293":-0.27244054505325477,"294":-0.6956628676299557,"295":0.8559443944635554,"296":-0.18059569306556045,"297":-0.4346030139298125,"298":-0.23253063608589164,"299":0.3802568416301715,"300":-0.7608894152362187,"301":-0.20206292694445427,"302":-0.2921438907500078,"303":-0.5959764375060805,"304":-0.4087679748460813,"305":-0.24746512592259773,"306":-0.4087679748460813,"307":-0.3255867015980387,