{"1":-0.08848290580810494,"2":-0.048261916533670526,"3":0.3104405462586482,"4":-0.13274033139609726,"5":-0.03111507805765633,"6":-0.02649416601250565,"7":0.00043112057892460975,"8":-0.050912521824749646,"9":-0.050912521824749646,"10":0.012502729385601319,"11":0.012502729385601319,"12":-0.060771631131909545,"13":-0.060771631131909545,"14":-0.025946763926117708,"15":-0.025946763926117708,"16":0.01692254806730821,"17":0.01692254806730821,"18":0.01692254806730821,"19":0.04204815786999251,"20":0.04204815786999251,"21":0.05685316105542815,"22":0.05685316105542815,"23":0.019374785491831664,"24":0.05376586602025282,"25":0.0566067678022002,"26":0.11361776535860924,"27":0.06992429428513156,"28":0.009722506327855124,"29":0.05295303802217394,"30":-0.0346001295563263,"31":0.07202495066461023,"32":-0.00328338480362525,"33":0.0483365054289632,"34":-0.23039958594889573,"35":-0.07978974468046468,"36":-0.053370156966930704,"37":0.074386767836078,"38":-0.022118871082736136,"39":-0.14446860861401317,"40":-0.15196802952203575,"41":-0.2947673458388953,"42":-0.0802467164530265,"43":0.04515434495811854,"44":-0.22620425102001862,"45":-0.24774453841654348,"46":-0.12820880758192438,"47":-0.02119220339366229,"48":0.031236489959200864,"49":-0.04540337491636215,"50":-0.04540337491636215,"51":0.031236489959200864,"52":0.031236489959200864,"53":-0.1622833075524594,"54":-0.1622833075524594,"55":0.013666715009164276,"56":0.00048649497200999037,"57":0.08393413850998108,"58":-0.02156635722987659,"59":0.037748551778963885,"60":0.4676707909890503,"61":0.23534457846339932,"62":0.15702484123595617,"63":0.06653151262788631,"64":0.14192954483069353,"65":0.28189131374914816,"66":0.4382266539200202,"67":0.359428729121987,"68":0.3303599559813415,"69":0.10574402436036584,"70":0.07387012772945994,"71":0.059782977957300365,"72":0.09792537454835787,"73":0.018969901429884334,"74":-0.016814986685493027,"75":0.11485077020709783,"76":-0.057605472865389584,"77":-0.005757451334043429,"78":0.14945059884508163,"79":0.11748183989794664,"80":-0.017429661344841363,"81":-0.0487849852745543,"82":0.10937414221656,"83":-0.05925933553803581,"84":0.0009582050060523706,"85":0.10696940926281848,"86":0.07895764852294657,"87":0.07895764852294657,"88":-0.040775164097080985,"89":-0.040775164097080985,"90":0.11538502674739781,"91":-0.12288029138066003,"92":-0.03893989699612832,"93":0.24192783967228138,"94":-0.05510849714618182,"95":0.006770706874065224,"96":-0.04283778518234649,"97":0.16209381369362486,"98":0.07808238595401584,"99":0.3136448711094701,"100":0.3212079140053828,"101":0.07165217620988809,"102":0.03421458190252377,"103":-0.0006297240814698846,"104":0.0274515907007854,"105":0.06714807469110601,"106":0.2791366207927933,"107":0.01769940574040782,"108":-0.027993033069701634,"109":0.028490832905233007,"110":0.017329414432514567,"111":-0.024193959737294934,"112":-0.0438654059788148,"113":-0.0015684506061609538,"114":-0.34069732108383843,"115":0.007545690263749877,"116":0.0949749685232161,"117":-0.16283258979929277,"118":-0.13538777263916513,"119":0.06183023047971786,"120":0.02516723696172843,"121":0.07698041030915773,"122":-0.030507141819737293,"123":-0.0006774211066308267,"124":-0.07266356182788747,"125":0.011605595675239389,"126":0.011605595675239389,"127":0.11739591274662065,"128":-0.0013690861339191451,"129":0.042377493015148454,"130":0.011605595675239389,"131":0.011605595675239389,"132":0.3353085923554144,"133":0.3812660976617412,"134":0.08062976820327722,"135":-0.03558761176472647,"136":0.12691701569309594,"137":0.3847940196594833,"138":-0.03072034118977951,"139":0.38890651396003345,"140":0.15948977563963362,"141":0.05736667964655784,"142":0.9201886872719008,"143":0.000016393368308498246,"144":0.14612700499642528,"145":0.3744450823281255,"146":-0.07044892699930938,"147":0.24230843734297222,"148":0.07601617147223146,"149":0.03067163364740877,"150":0.03673554568466436,"151":0.035233665196142766,"152":-0.004026767462971814,"153":-0.0947987897915197,"154":-0.028313170054695982,"155":-0.0273674462938365,"156":0.01785175511277931,"157":-0.043216025729719165,"158":-0.06654202386296817,"159":0.007894848074731564,"160":0.01925569627985152,"161":-0.016482619547897676,"162":-0.003311999571778204,"163":-0.02705272811150411,"164":-0.08773989252095038,"165":-0.07970400652401985,"166":-0.06683883796889226,"167":-0.03392631148435171,"168":0.017091808755186316,"169":-0.04645246792291638,"170":-0.036430694824886034,"171":0.03607530393176911,"172":-0.012562773526028193,"173":-0.013670588742937612,"174":-0.03986191263658692,"175":-0.03846321969347033,"176":-0.029929027991070084,"177":-0.0336220047941658,"178":-0.09537123050002821,"179":-0.023739124622757818,"180":0.007820123554316036,"181":-0.042970466991908034,"182":-0.05609244988660038,"183":-0.05451565379993538,"184":-0.03550041712688161,"185":-0.09486475966791241,"186":-0.138015909379424,"187":-0.040674234766510664,"188":-0.03646401607113145,"189":-0.01357965511278908,"190":-0.01892221059916982,"191":-0.08769206217864978,"192":-0.07487344624912015,"193":-0.061747056760088154,"194":-0.05344506630351695,"195":-0.09969796030011069,"196":-0.03957552681387699,"197":-0.06023076574276476,"198":0.05206981077516326,"199":-0.05492935464362797,"200":-0.04639738893048165,"201":0.04047191572015177,"202":0.04047191572015177,"203":-0.058982077124026144,"204":-0.054722844936909584,"205":-0.23984357255869432,"206":-0.050663017260566434,"207":-0.05225875104318459,"208":-0.060159027853453506,"209":-0.05312478072339738,"210":-0.012736941380813244,"211":-0.02548592144665862,"212":-0.0734999066491444,"213":-0.09238812189011222,"214":-0.08786557699783698,"215":-0.04910698339977501,"216":-0.16101008267519012,"217":0.00773318280261065,"218":-0.1098154780519389,"219":-0.0711959321218191,"220":-0.06004957028655886,"221":-0.1218332360492955,"222":-0.19567245629891572,"223":-0.042310743102099674,"224":-0.08147529858663513,"225":0.015150955279461469,"226":-0.011479262820996539,"227":-0.20664863263201866,"228":-0.10194828598429892,"229":-0.043918465722535965,"230":0.05175563373335801,"231":-0.11227472248334322,"232":-0.001950612484996339,"233":-0.09981894284081362,"234":-0.07664480053566863,"235":-0.11409162249569844,"236":-0.04826569052722779,"237":-0.14339009763809235,"238":-0.05486394022945727,"239":-0.09890628961332407,"240":-0.09890628961332407,"241":0.04053456818967405,"242":0.15647628041456685,"243":0.09589925592539605,"244":0.31131737731754616,"245":0.2620478972358248,"246":0.385158421407892,"247":0.7531082458197839,"248":0.29317095714866737,"249":-0.08124787494969415,"250":0.304881980145795,"251":0.11941935499272771,"252":0.13068972672399365,"253":0.17668216951675156,"254":0.12982393313873977,"255":0.05060946578915787,"256":0.05060946578915787,"257":0.13335911562751485,"258":0.13335911562751485,"259":0.22617921631357688,"260":0.22617921631357688,"261":0.1864500372992096,"262":1.368711394327001,"263":0.2975847690275025,"264":0.6016191213929181,"265":1.4984992726867088,"266":0.4346755150422652,"267":0.07760448015435586,"268":0.07760448015435586,"269":0.07760448015435586,"270":1.1402896056171632,"271":1.1402896056171632,"272":0.20737007196949775,"273":0.21007574826377268,"274":0.5968028572237496,"275":1.5618162969053788,"276":0.25228353938936254,"277":0.3998207556006732,"278":0.5532541402097364,"279":0.3509378639745948,"280":0.2324928225538686,"281":0.0468183432515914,"282":0.1059624269577557,"283":0.5736886983712512,"284":-0.145305451770809,"285":-0.5627611151852696,"286":-1.1363809155187545,"287":0.4813087272637979,"288":1.0672944070004855,"289":-0.15623442791093073,"290":-0.11026235425631828,"291":-0.20111836765487295,"292":-0.10738828410099127,"293":-0.08455869796225857,"294":0.02459876469546929,"295":0.15998046746280364,"296":0.07369094126019093,"297":0.17294902947401125,"298":0.31170379387116487,"299":0.5523082367582757,"300":-0.23909692281224598,"301":-0.16262118177141757,"302":-0.12135282907386236,"303":-0.03251264009095112,"304":-0.02233878505352424,"305":0.010304089475575262,