{"1":-0.06927479374152479,"2":0.07791521258319442,"3":-0.10747041943500629,"4":0.1602612371218269,"5":0.08648078928451108,"6":0.13580065709674286,"7":0.1325972941769089,"8":0.14550460551116895,"9":0.14550460551116895,"10":0.3502133763314529,"11":0.3502133763314529,"12":0.08417241988144092,"13":0.08417241988144092,"14":0.07375496420074651,"15":0.07375496420074651,"16":-0.03228163827761593,"17":-0.03228163827761593,"18":-0.03228163827761593,"19":0.06090181190783858,"20":0.06090181190783858,"21":0.15207185262152356,"22":0.15207185262152356,"23":-0.003894161082653086,"24":0.10459955894884243,"25":0.10247308306306076,"26":-0.08842396808741584,"27":0.03267714605586461,"28":0.07159862015574575,"29":0.02257396801358541,"30":-0.08783342745002035,"31":-0.05582212580319476,"32":-0.03992243277064056,"33":0.041708580682296104,"34":-0.08854721221122734,"35":-0.13875880265483037,"36":-0.07033810665440521,"37":-0.002118982808023695,"38":-0.0037820905054293807,"39":0.04855104893652942,"40":-0.07407953419875005,"41":-0.09253497483882106,"42":-0.15806080871900713,"43":-0.007951170382569372,"44":0.03948744648100366,"45":-0.04703635241824575,"46":0.0578592070048054,"47":-0.03292385877618398,"48":0.04636426180454428,"49":-0.09863027936744762,"50":-0.09863027936744762,"51":0.04636426180454428,"52":0.04636426180454428,"53":0.0019194768276458718,"54":0.0019194768276458718,"55":-0.07052109976299559,"56":0.0658961961874096,"57":0.030421133542036793,"58":0.10996497908037053,"59":0.07914790953961956,"60":-0.04905823270912374,"61":0.1209253701616021,"62":0.051463172481535036,"63":0.10271070376135288,"64":-0.01150376937603556,"65":-0.0023304466979880978,"66":0.18086616994763488,"67":0.08823436169594251,"68":0.03815912502981733,"69":-0.04757821629796388,"70":-0.08784676182874862,"71":-0.04741075645859022,"72":-0.04966951875993478,"73":0.06631711373695792,"74":0.0015325793015099065,"75":-0.23733732051965217,"76":-0.04059671555954847,"77":-0.05175619546143395,"78":-0.08921256552179713,"79":-0.009481286606500494,"80":-0.03356236570846732,"81":-0.11137043532925722,"82":-0.21927586444210684,"83":-0.051919208697201735,"84":-0.01623718700107596,"85":-0.08046361276614489,"86":-0.17112028553765185,"87":-0.17112028553765185,"88":-0.19208854581024998,"89":-0.19208854581024998,"90":-0.06991060070933941,"91":-0.06174362957681423,"92":-0.08971451371748679,"93":-0.020724297826250626,"94":-0.17404861021298268,"95":-0.07618672204094618,"96":-0.17722376123931594,"97":-0.08467833476816677,"98":0.017718137628716657,"99":0.07542452201943911,"100":0.1150421631866019,"101":-0.006282432333045651,"102":0.0016514985905693447,"103":-0.0831174316037602,"104":-0.08699555939794693,"105":-0.029933867919584578,"106":0.12255229410659174,"107":-0.059730686722229365,"108":-0.01417162412419043,"109":0.004497686854498917,"110":-0.08527215778292399,"111":-0.08824094710561903,"112":0.01083108039320077,"113":-0.015402471016879915,"114":-0.029520941769158787,"115":0.12336562089922942,"116":0.13479159380689765,"117":-0.18933045858458164,"118":-0.13358242478635496,"119":0.01956015833309649,"120":0.02658895046642501,"121":-0.010321896155188692,"122":-0.027453594262152103,"123":0.05520767170259655,"124":-0.05249080970399056,"125":-0.008649255437418624,"126":-0.008649255437418624,"127":-0.14603420205462359,"128":-0.15352213748912186,"129":-0.04432515667400355,"130":-0.008649255437418624,"131":-0.008649255437418624,"132":0.11642138083262171,"133":0.05751162408460564,"134":0.04609162003249473,"135":0.03605094194206554,"136":0.133657334529528,"137":0.26265788515128086,"138":0.06921897111368053,"139":0.2674188141046536,"140":-0.014265528300156483,"141":0.01951859150121832,"142":0.22771240199606813,"143":-0.09965641009018728,"144":-0.06583623390551668,"145":0.27294506285505127,"146":0.001888307094279118,"147":0.1703336921078582,"148":0.012026078633008308,"149":-0.07897046156081611,"150":-0.0721289299475304,"151":-0.16736076834205182,"152":0.04959151161991859,"153":-0.038025803889936066,"154":-0.02887712168654455,"155":-0.013619298081913367,"156":0.04466322962374886,"157":0.026530182103905786,"158":-0.004033672869271365,"159":-0.043275536034141304,"160":0.006212916969219162,"161":-0.027810074640066074,"162":-0.08447277699121042,"163":0.030946646982722315,"164":0.05286713157577905,"165":-0.07845814734847928,"166":-0.014027854461281963,"167":-0.019172929610190015,"168":-0.060132404773574955,"169":0.04005345094000179,"170":-0.05630270822091399,"171":-0.16253913240447151,"172":0.004267411209413152,"173":0.1250444960894807,"174":-0.022671710404894685,"175":0.07852664053522407,"176":0.015966613323227435,"177":-0.03109244653001786,"178":0.04644868461298035,"179":-0.05539174455624818,"180":-0.024794091047801614,"181":0.0736663399898908,"182":-0.030938635516578494,"183":0.040466296988538375,"184":0.027514864703135633,"185":-0.050137360520488394,"186":0.05032963069356272,"187":-0.056563557655497976,"188":0.05452902091288225,"189":0.1026071288898554,"190":0.031106810408727092,"191":0.05371880231876436,"192":0.07235314872408183,"193":-0.02573486260992608,"194":-0.026256692132648474,"195":-0.08292921534311798,"196":0.1025977576299128,"197":0.018992998647439974,"198":0.045384177158935224,"199":0.05215965121084626,"200":-0.016285419863422412,"201":0.052489947339607324,"202":0.052489947339607324,"203":-0.009112548048881841,"204":0.008190426256992345,"205":-0.0018115112561120916,"206":0.02476175184263596,"207":-0.026278274564284637,"208":-0.010524379634616582,"209":0.0016144143747482131,"210":0.02844158510994621,"211":-0.021303526054357314,"212":-0.08350626254412916,"213":-0.03780721335912962,"214":0.0031789282101629124,"215":-0.049831758484255695,"216":0.06410534112397864,"217":0.054350788541779854,"218":0.06745100958056538,"219":0.059841526495423514,"220":-0.030708096181343902,"221":-0.035651661154412595,"222":0.013290015831325941,"223":0.02315938481904084,"224":-0.011830194661190285,"225":0.033257185931376804,"226":-0.04704156191413145,"227":-0.13751588275932441,"228":-0.05423903930734636,"229":-0.053141177313179355,"230":0.03270962939516203,"231":0.042166830135389466,"232":0.05420343222943308,"233":0.05677820897303226,"234":0.006709176535985295,"235":-0.010623748818233636,"236":0.0752070301806449,"237":-0.1084394438882067,"238":-0.18712891582018565,"239":-0.23958988830971267,"240":-0.23958988830971267,"241":0.03968493911385129,"242":0.07467526990961734,"243":0.04896502425325505,"244":-0.10060770007433545,"245":-0.15019761843052307,"246":0.19772580564254683,"247":0.03022637639172976,"248":0.3366901642027242,"249":-0.007865929562221777,"250":0.09159390205592832,"251":0.00883143741920761,"252":0.04249586778264566,"253":-0.037473014746583586,"254":-0.019475607736144332,"255":0.04908551793294552,"256":0.04908551793294552,"257":-0.07387571530165907,"258":-0.07387571530165907,"259":0.028112498993244445,"260":0.028112498993244445,"261":0.16327251500955733,"262":0.2816179632123546,"263":0.2816058913707864,"264":0.3602664617210558,"265":0.23627121177598798,"266":0.094124500088963,"267":0.12008874251817603,"268":0.12008874251817603,"269":0.12008874251817603,"270":0.7171201925784491,"271":0.7171201925784491,"272":-0.07755372237374093,"273":0.04326572233996909,"274":-0.08635633168293722,"275":0.08059029273478568,"276":-0.1944388152563029,"277":0.024937979021869783,"278":0.023202141893620243,"279":0.04337808629859369,"280":-0.017281368854605794,"281":-0.12447418305299285,"282":-0.7271508601364695,"283":-1.3884395613128857,"284":-0.23267139445456742,"285":-0.29357407525205154,"286":-0.4559764390949531,"287":0.16209143343379154,"288":0.41306186402907363,"289":-0.020032518862256987,"290":-0.1152455887470149,"291":-0.48396749080540347,"292":-0.14315543857124896,"293":0.029740705327345962,"294":-0.3411752869714654,"295":-0.15579653660059634,"296":-0.12851916448298312,"297":-0.17835431075332017,"298":-0.29515525395830333,"299":0.3197625033032923,"300":-0.07609294413456619,"301":0.08177027916882751,"302":-0.010409151822642349,"303":0.1083678730987142,