{"1":0.08683774327836102,"2":0.20785474346527438,"3":-0.010896488693947631,"4":0.24799557403509082,"5":0.18797941070998578,"6":0.19627808453988904,"7":0.17612191070353556,"8":0.2802318506918384,"9":0.2802318506918384,"10":0.45280133592322724,"11":0.45280133592322724,"12":0.2465266703366437,"13":0.2465266703366437,"14":0.30262404534567267,"15":0.30262404534567267,"16":-0.009619060810772517,"17":-0.009619060810772517,"18":-0.009619060810772517,"19":0.11506101904635418,"20":0.11506101904635418,"21":0.20433438985763502,"22":0.20433438985763502,"23":0.04838544649638074,"24":0.16856013061119313,"25":0.0604634105616489,"26":-0.020341246997636557,"27":0.05922751754006464,"28":0.10614877737702164,"29":0.09507017001005924,"30":-0.0441040197891196,"31":0.04186278564748645,"32":0.024588805318000062,"33":0.03871103866485466,"34":-0.015170663864330764,"35":-0.0022204287978487836,"36":0.042631751547252766,"37":0.10072239243164516,"38":0.11184666076313635,"39":0.13985486697253297,"40":0.046788291749419925,"41":0.07516387203398206,"42":0.06325111762174221,"43":0.11044952890269742,"44":0.12400548421108645,"45":0.07357065411021281,"46":0.13584242848635772,"47":0.10617170337163012,"48":0.1602885654038739,"49":0.0729266465563157,"50":0.0729266465563157,"51":0.1602885654038739,"52":0.1602885654038739,"53":0.12125257364126912,"54":0.12125257364126912,"55":-0.0014638551807047984,"56":0.03541700036604041,"57":-0.004038975238578546,"58":0.1764143097497486,"59":0.08174500950483307,"60":-0.03448059338429155,"61":0.11115352815705365,"62":0.02684481104484887,"63":0.06701945662998152,"64":0.02388005114208286,"65":-0.015402504605461886,"66":0.11268978943752325,"67":0.025268776644841395,"68":0.10059796770992319,"69":0.04067743914688185,"70":0.021485730748303844,"71":0.020743882863946128,"72":0.037852526467409636,"73":0.13557359359720547,"74":0.10148652520062806,"75":-0.013196165873378574,"76":0.09927122907705616,"77":0.07851415149447208,"78":0.007932759998772465,"79":0.06438170332849544,"80":0.09373633688000038,"81":-0.03376052928582379,"82":0.0018347111531185623,"83":0.0780849548059055,"84":0.125211636122894,"85":-0.015146632339264221,"86":0.012170828828783287,"87":0.012170828828783287,"88":0.01974464440367235,"89":0.01974464440367235,"90":0.011700537334515065,"91":0.008713856076428161,"92":0.010521634971612792,"93":0.03289224393514911,"94":-0.09997083501689782,"95":0.03721544736692861,"96":-0.06929169054737783,"97":-0.011061252587328818,"98":0.07992068171814881,"99":-0.03515851491020483,"100":0.008819228771478727,"101":0.029532592793928475,"102":0.06053926570516116,"103":-0.036100350214483656,"104":-0.004827153826859776,"105":0.0666767318969218,"106":0.14138634789510915,"107":-0.005405795957096227,"108":0.05681852205655599,"109":0.08712828102240869,"110":-0.009185173304768757,"111":0.030618825229253105,"112":0.05654021393078129,"113":0.05860762525397614,"114":0.02417133563242417,"115":0.10956747694871491,"116":0.07349670385935755,"117":0.011834267183066127,"118":0.031213660672935017,"119":0.08091528379907409,"120":0.09127374960921986,"121":0.050179514569843764,"122":0.08296286256582702,"123":0.025181643095622985,"124":0.09780023413484784,"125":0.04078095198670173,"126":0.04078095198670173,"127":-0.06474911609684336,"128":0.022518951975583568,"129":-0.011315494960250194,"130":0.04078095198670173,"131":0.04078095198670173,"132":0.11435430731994098,"133":0.059467026606246975,"134":0.144169512966206,"135":0.16092630188856114,"136":0.08131693421288733,"137":0.23496794676278018,"138":0.1723005572514893,"139":0.18740051867827529,"140":0.04675698884959778,"141":0.1542720114238878,"142":0.14723956737492533,"143":0.055852948460533014,"144":-0.053404217930618725,"145":0.255739297893916,"146":0.1334422860472113,"147":0.15459976612453502,"148":0.032517951664040146,"149":-0.002224507508844731,"150":0.04485316706082215,"151":-0.10169169266183314,"152":0.07200587316085755,"153":0.07282528626566384,"154":0.08637642871648582,"155":0.07743545003028371,"156":0.10230275191883753,"157":0.10056082581148118,"158":0.12413247137397754,"159":-0.0065103494933355655,"160":0.06754909005210741,"161":-0.0024327562305810346,"162":0.0180366322967348,"163":0.09949448139605277,"164":0.14338228028127642,"165":0.04474667941712607,"166":0.0813190660100343,"167":0.10049660382641028,"168":0.07208978353164558,"169":0.12768042195685975,"170":-0.002936364742786801,"171":-0.030540268613628768,"172":0.05435047947717331,"173":0.272276972614632,"174":0.09866397364015422,"175":0.22567339679622217,"176":0.08001760350725412,"177":0.19675829135788508,"178":0.18892589982394614,"179":0.10661595251903644,"180":0.04460534865217114,"181":0.13920001973136342,"182":0.0980109533066229,"183":0.1605390323762677,"184":0.16336936226138138,"185":0.08446219933346488,"186":0.1543126445944951,"187":0.056306211128497374,"188":0.17403534462833808,"189":0.22072790353388017,"190":0.16445455419334154,"191":0.20156819363590814,"192":0.20905154191832864,"193":0.08219463116348397,"194":0.09469204971568407,"195":0.041601201060741666,"196":0.23227147659996128,"197":0.17964477613808177,"198":0.16907491775161027,"199":0.14260525266781487,"200":0.03462145362858954,"201":0.05554034145920589,"202":0.05554034145920589,"203":0.05971994304662162,"204":0.08225912556920059,"205":0.062126565934689765,"206":0.08764205143236625,"207":0.040515658353033696,"208":0.054173206951074984,"209":0.04500632189263144,"210":0.08079712685844136,"211":0.029623575904241917,"212":0.008233880916963782,"213":0.03075728309666237,"214":0.09182361999686373,"215":0.05236806696168994,"216":0.14977260928253477,"217":0.16235615218726096,"218":0.23480134118386498,"219":0.16492094736928464,"220":0.03780523194300717,"221":0.05581541906105095,"222":0.12261148009396791,"223":0.10946037950878526,"224":0.12216183393595176,"225":0.07857298276130797,"226":0.06842277937237562,"227":0.09813264449556142,"228":0.08417083579473708,"229":0.08445335854033686,"230":0.10893267943458335,"231":0.12949763970080952,"232":0.06039631511953936,"233":0.19121954862412543,"234":0.1128070677185698,"235":0.1273101474393721,"236":0.18348344584473705,"237":0.10145339555693822,"238":-0.07396532540233952,"239":0.008899483706250433,"240":0.008899483706250433,"241":0.11218257368642753,"242":0.09536690723010446,"243":0.05439433728379367,"244":0.0015516906799826202,"245":-0.0418951506889024,"246":0.05377685520923145,"247":0.05579490704025866,"248":0.3799835897002708,"249":0.047167726840465905,"250":0.12222910397520992,"251":0.1679065856312988,"252":0.011018563513512228,"253":0.01481016272851133,"254":0.02750652719723936,"255":0.08227570797038565,"256":0.08227570797038565,"257":0.07752381459654115,"258":0.07752381459654115,"259":0.061265036564994615,"260":0.061265036564994615,"261":-0.00007148051465409588,"262":0.02412264740422232,"263":0.050522725796698725,"264":0.06997134614247338,"265":-0.09297839866714674,"266":0.06527978204820767,"267":0.057591335293733684,"268":0.057591335293733684,"269":0.057591335293733684,"270":0.07509560448317668,"271":0.07509560448317668,"272":0.02028330712341926,"273":0.03460724821248248,"274":-0.0372886128897765,"275":-0.05746893710137055,"276":0.07260807643696132,"277":0.14507914143072287,"278":0.19281415644146876,"279":0.018491882862307907,"280":0.04255279730159471,"281":0.016911010031710697,"282":-0.07697292574970038,"283":-0.15174453921772557,"284":0.005412162166932147,"285":0.0036575626854701976,"286":-0.07429249589396718,"287":0.08202922138462078,"288":0.22228926501674567,"289":0.11217035658867358,"290":0.12563100763392865,"291":-0.12681083177718808,"292":0.0468587293924414,"293":0.19338169505194555,"294":-0.03965293778585954,"295":0.18678463519644944,"296":-0.010536099501531587,"297":-0.03249635426731595,"298":-0.1215784178299317,"299":0.10981865053581982,"300":0.05855988094886683,"301":0.1026009346506977,"302":0.1981279252859433,"303":0.2107920493346298,"304":0.08368354794768845,"305":0.2531121839925023,"306":0.08368354794768845,"307":0.2940650318553834,"308":0.07323342277877692,