{"1":1.1247514232336164,"2":0.1578390081793497,"3":1.0486786729221045,"4":0.5307524634554666,"5":0.20652555141074336,"6":0.1770803332551183,"7":1.6173763996984736,"8":-0.7921229128902381,"9":-0.7921229128902381,"10":-0.09933592129154079,"11":-0.09933592129154079,"12":-1.425578695920402,"13":-1.425578695920402,"14":-0.09012230122141318,"15":-0.09012230122141318,"16":-0.013141112221356721,"17":-0.013141112221356721,"18":-0.013141112221356721,"19":0.5743887488632917,"20":0.5743887488632917,"21":2.0377035603463938,"22":2.0377035603463938,"23":0.2716316159404206,"24":0.08102027257779776,"25":0.029433437881652758,"26":-0.3659736299361902,"27":-0.2935328997716311,"28":-0.3475170106195353,"29":0.33037302942145486,"30":0.47529026204474545,"31":0.637414502483812,"32":-0.8829512967407118,"33":-0.23805186928714184,"34":0.23486309766228142,"35":-0.684786674538886,"36":1.0057288406558857,"37":0.49543847919745687,"38":0.9050201610223425,"39":1.1130348336579692,"40":-0.7602334216427984,"41":-0.6361258284837525,"42":-0.6811997843968003,"43":-1.0257708743722382,"44":0.040305900740658984,"45":-3.0320168361188147,"46":-0.9254157367365652,"47":-2.0831529299435365,"48":0.1532799571354566,"49":-0.7623872079417033,"50":-0.7623872079417033,"51":0.1532799571354566,"52":0.1532799571354566,"53":0.21198030912202892,"54":0.21198030912202892,"55":-1.7209670134140644,"56":0.3500379187995992,"57":-0.2929990960381874,"58":-0.4012976152278276,"59":-0.7917423598835391,"60":0.032226414024878025,"61":0.011833283384997006,"62":0.12781837457493728,"63":-0.29117472215192586,"64":-0.4865990712802508,"65":0.3668564885325156,"66":1.0221900237546961,"67":0.15759749650721933,"68":2.03000969695806,"69":-0.8946702400737507,"70":-2.4165851433028678,"71":-0.7266456702235278,"72":-0.6472834140782027,"73":-0.11804321662171802,"74":-1.138378571307988,"75":-0.6913937429535864,"76":-0.7928740690277394,"77":-0.9908556996990949,"78":-0.1908597055419321,"79":-0.28462036532909707,"80":-0.7269051475467014,"81":-0.38551153026627194,"82":1.198004124315931,"83":0.14848127330413785,"84":1.012008021998926,"85":1.22635607470425,"86":0.8131413736928366,"87":0.8131413736928366,"88":-1.2818572936772803,"89":-1.2818572936772803,"90":-1.571388911145359,"91":-4.374210321456857,"92":-2.695224909291859,"93":-2.0709338242929043,"94":-0.5338113063340835,"95":0.7194866027803712,"96":-2.6880672603087383,"97":-1.3786102435971266,"98":0.0075358237372533665,"99":-0.796310789942563,"100":-0.19982115784563792,"101":0.507203916579992,"102":-0.06879712661842596,"103":0.028223244807449532,"104":-0.37174613872340334,"105":-0.2401506426256539,"106":-0.5767323822985642,"107":-1.0218914021677228,"108":-1.3135586097864453,"109":-0.1817603541168098,"110":-0.3999607204886715,"111":-0.21843479065335725,"112":-1.0155113420984976,"113":-0.7651582564678465,"114":-1.6608172339542886,"115":-0.6091989020710353,"116":-0.523015419100378,"117":-1.214534337345878,"118":-0.9392023408679462,"119":-1.3560635477946654,"120":-0.43848937367119056,"121":-0.4171639024416649,"122":-0.7726873737623454,"123":-1.8442082504290553,"124":-0.7675915376591669,"125":-0.8715236758572549,"126":-0.8715236758572549,"127":-0.22367718829975658,"128":-0.7582970404497056,"129":-0.6546628583864047,"130":-0.8715236758572549,"131":-0.8715236758572549,"132":1.067430475962448,"133":1.0662473410505644,"134":-0.11314132217908668,"135":-0.4594995830863615,"136":-0.3974274068859902,"137":0.3950156779122356,"138":-0.5899365660841216,"139":1.905625792331727,"140":-0.6313016143167953,"141":-0.15509702835949923,"142":1.7708984521659366,"143":-0.36861278982613843,"144":0.12410755227117232,"145":0.5455291307414649,"146":-2.19726459835789,"147":-0.52144734668531,"148":-0.7204648889867769,"149":-0.9403886768937406,"150":-1.3532879105941173,"151":-0.9067479053464718,"152":-0.5056411020865075,"153":-0.6039146247022109,"154":-0.41658944326536673,"155":-0.6819490525515812,"156":-0.3569336386344122,"157":-2.0175827196500737,"158":-0.6603251555174525,"159":-0.24259527695946126,"160":0.08038278825674317,"161":-1.1778330400677142,"162":-0.877500023092284,"163":-0.5189281996628385,"164":-3.2559245488426303,"165":-1.0569766605266682,"166":-1.804379805022176,"167":-0.9160738619752755,"168":-0.8603668580672954,"169":-0.7008061213201282,"170":-0.5841029231321357,"171":-0.4566332093313643,"172":-0.27426160748664286,"173":-0.09247893748209446,"174":-1.0289697715626738,"175":-0.9455604005172367,"176":-0.2592051527000039,"177":-0.4849376259718565,"178":-0.415166389966767,"179":-0.09352453246567194,"180":-0.8495702960528284,"181":-0.545021518352613,"182":-0.284526660874477,"183":-0.6120137408356854,"184":-0.32156036724068926,"185":-0.29300816908239247,"186":-0.13421975279349407,"187":-0.37722465421568785,"188":-0.5032740244557639,"189":-0.07843469984091955,"190":0.0032574712534088057,"191":-0.23434016273338454,"192":-0.5139250055034341,"193":-1.0649542171767177,"194":-0.8890318073334824,"195":-1.0652169866310706,"196":-1.0607906450601385,"197":-1.1741760512870574,"198":0.31713369891642884,"199":-0.8679405871068413,"200":-0.5013362496814722,"201":-0.3465601860646652,"202":-0.3465601860646652,"203":-0.7912008833601814,"204":-1.0192881805221385,"205":-1.1310646963197926,"206":-0.8802682692480248,"207":-0.8450012205510642,"208":-0.9249186835731518,"209":-1.1004369174412385,"210":-0.5661700111630172,"211":-1.1454576600683946,"212":-1.5969447581723863,"213":-0.8357703779188077,"214":0.12681089850356608,"215":-0.9849001337455556,"216":-1.476310145398502,"217":-0.3424616346562823,"218":-0.30324618152554805,"219":-0.7799299796214383,"220":-1.1862858046714635,"221":-1.0721158825872794,"222":-1.491496196675115,"223":-1.3631910028111633,"224":-1.342066742348126,"225":-0.46550138916138706,"226":-1.3044921477045959,"227":-1.6044913552856062,"228":-1.7014487564604348,"229":-1.4835869659841796,"230":-2.3655141633721053,"231":-1.7170707555263345,"232":-0.8474611865059005,"233":-0.5216647022584451,"234":-1.4740050273222836,"235":-0.9698137396409612,"236":-1.1624122774545738,"237":-1.2520805560384618,"238":-1.1709091249051737,"239":-0.9976949783581239,"240":-0.9976949783581239,"241":-1.1623867027667503,"242":-0.8773096360704447,"243":1.0212546925625428,"244":-0.8429072239898767,"245":0.5847252191054635,"246":1.715091875757858,"247":0.8026820189684537,"248":-0.06778991427673287,"249":0.6533648792023055,"250":0.02366679587693099,"251":-1.2948630979201843,"252":0.027293784393856657,"253":2.0063516706287925,"254":-0.08743985705242419,"255":-0.013647816349384057,"256":-0.013647816349384057,"257":0.9297501441833638,"258":0.9297501441833638,"259":0.7010752896184709,"260":0.7010752896184709,"261":0.13226637857511503,"262":-0.2487597008103668,"263":-0.2058790519442517,"264":-0.1382033549803925,"265":-1.2228260211480553,"266":-0.26120869071458674,"267":-0.3168675779308155,"268":-0.3168675779308155,"269":-0.3168675779308155,"270":0.6243927066137425,"271":0.6243927066137425,"272":-0.8095262113362198,"273":-0.37225424653796313,"274":-0.17320709298602255,"275":2.098816633488166,"276":-0.6183186416853639,"277":2.30027391098168,"278":1.67853707559971,"279":0.20088847616150507,"280":-0.6021603617034934,"281":-1.1691592620336253,"282":-1.8168507900387114,"283":-1.0421930851938672,"284":-0.9144960087474285,"285":-0.7477853712529721,"286":-3.73876191135589,"287":1.5504874026486297,"288":0.9155622373459389,"289":-1.9516980937957573,"290":-0.8930559692322779,"291":-2.0731329437408723,"292":-1.7407664776268907,"293":-0.5450270098575323,"294":-1.1196493745164724,"295":1.456720187016471,"296":-0.30686423636505733,"297":-0.9025111858303991,"298":-1.2159410639885806,"299":2.369943073045593,"300":-1.7760544473169126,"301":-1.4840541267661838,"302":-1.2869972159105396,"303":-2.1137803347392117,"304":-1.6238495722690258,"305":-1.2607164075869273,"306":-1.6238495722690258,"307":0.5340666893822164,"308":-0.7523073094492259,"309":-1.969256366364938,"310":-1.4758679296412032,"311":-0.23203200905877797,"312":-1.6528603880628747,"313":-0.43816794084461286,