{"1":-0.23820884111376217,"2":-0.14653231397078725,"3":-0.6719359600220924,"4":-0.4207457726125048,"5":-0.2883373993301519,"6":-0.09718537133718796,"7":0.37105965124833684,"8":-0.0867864701408263,"9":-0.0867864701408263,"10":0.8790307745324197,"11":0.8790307745324197,"12":0.28819411299677533,"13":0.28819411299677533,"14":0.5994438717570372,"15":0.5994438717570372,"16":-0.05953137539794806,"17":-0.05953137539794806,"18":-0.05953137539794806,"19":0.40553738952849994,"20":0.40553738952849994,"21":0.253356618943819,"22":0.253356618943819,"23":0.10371939984165968,"24":0.3693147506087757,"25":0.6635461448612842,"26":0.01476149787770309,"27":0.08402581370942253,"28":-0.11515110951231966,"29":0.10891080541387455,"30":0.1949800653253022,"31":-0.11143950878461784,"32":-0.18039654416127004,"33":-0.1727451224999088,"34":-0.9401038507812172,"35":-0.8799142084720719,"36":-0.8137702569283078,"37":-0.5498291395050607,"38":-0.8558547948282218,"39":-0.9749972864237404,"40":-0.6477173634449658,"41":-0.6829442665905905,"42":-0.5767660787974087,"43":-0.5336931867335011,"44":-0.10478709665062524,"45":-0.601092619065791,"46":-0.5831198210682365,"47":-0.5272859973035287,"48":-0.6908983758977252,"49":-0.721499150291554,"50":-0.721499150291554,"51":-0.6908983758977252,"52":-0.6908983758977252,"53":-0.3064686390146196,"54":-0.3064686390146196,"55":-1.2858797382527003,"56":0.3679361105173711,"57":0.2887642043591465,"58":-0.19828689124772603,"59":-0.0622762554103895,"60":0.5856841741763512,"61":0.5217096072824856,"62":0.5058395140100558,"63":0.21804336261249424,"64":0.22851040817729462,"65":0.20783152760890466,"66":0.6809490291459959,"67":-0.03174207605847812,"68":0.43242686366251437,"69":-0.824460512868038,"70":-0.9746507403481086,"71":-0.5410482588247119,"72":-0.5672337538715517,"73":-0.5714730338925857,"74":-0.7330773743619581,"75":-0.8907239990912412,"76":-0.7531004862430195,"77":-0.5319246525819317,"78":-0.5666931892029421,"79":-0.7488384663145684,"80":-1.2498969480913775,"81":-0.6584858443431356,"82":-0.4516879397350557,"83":-0.4399953148524065,"84":-0.3653403840081433,"85":0.33988123469538456,"86":-0.8770985973052987,"87":-0.8770985973052987,"88":-2.1964533763172405,"89":-2.1964533763172405,"90":-0.6094220024499943,"91":-1.6646680560119034,"92":-0.9985077122008175,"93":-0.5591986458984941,"94":-1.0785624299743772,"95":-0.07299734912924727,"96":-0.9356234631258271,"97":-0.4214767975688307,"98":0.17707525063916663,"99":-0.48890262674837714,"100":-0.3438050120205114,"101":0.25887838209550695,"102":-0.7235843359464198,"103":-0.4202697394701449,"104":-0.3866110475053053,"105":-0.5466880363365489,"106":-0.5105923398346577,"107":-0.3370003602202467,"108":-0.5456827620931524,"109":-0.36285707690418656,"110":-0.0944743108675592,"111":-0.604231176511294,"112":-0.1798431611991469,"113":-0.45794055124928335,"114":-0.652935289289668,"115":0.23239567309017994,"116":0.6378608506826788,"117":-0.006862911212368594,"118":-0.24151972023232382,"119":-0.25959304337548783,"120":-0.27553854682326584,"121":-0.31548382150696863,"122":-0.3901408096860841,"123":0.3183381639395275,"124":-0.329977156432089,"125":-0.29857905322253897,"126":-0.29857905322253897,"127":-0.1488318945415612,"128":-0.24196873738090252,"129":-0.3062018367261703,"130":-0.29857905322253897,"131":-0.29857905322253897,"132":-0.20531880568299954,"133":-0.10254547469814757,"134":-0.5547208406691495,"135":-0.7786251298991491,"136":-0.3195605030470481,"137":-0.5067212504443734,"138":-0.9310530252046165,"139":0.6499562187925929,"140":-0.9801887871866208,"141":-0.7633193762066472,"142":-0.08172397136455256,"143":-0.4994280055343818,"144":-0.5971909571257172,"145":-0.45779119712613703,"146":-1.3041752291202036,"147":-0.3253336702747438,"148":-0.5610498259624641,"149":-0.6390239395838297,"150":-1.145038615659844,"151":-0.7459329907660823,"152":-0.47841920010758,"153":-0.6603671245166667,"154":-0.5618350110740467,"155":-0.602084496260757,"156":-0.5750456223153959,"157":-0.7182418915342703,"158":-0.4909992014988853,"159":-0.45826023513357717,"160":-0.4323279275559393,"161":-1.0620157442790612,"162":-0.9031186153160866,"163":-0.27090674486027,"164":-1.4463700959029486,"165":-0.6280194507912911,"166":-0.7728245299633416,"167":-0.4324881484563594,"168":-0.8743068043592757,"169":-0.7326796247601037,"170":-0.5199954802279372,"171":-0.3903813122503119,"172":-0.362684094593114,"173":-0.42105436761179615,"174":-0.5044232747129582,"175":-0.5178891626734092,"176":-0.36013535144956976,"177":-0.4829585551303417,"178":-0.4816976943024174,"179":-0.2902797485517863,"180":-0.6979672460474409,"181":-0.48419735193139624,"182":-0.592171696563802,"183":-0.4339758702403069,"184":-0.36746779147561104,"185":-0.30655810189098287,"186":-0.5116809846608239,"187":-0.6754565412849536,"188":-0.642562027221135,"189":-0.49529728385109606,"190":-0.395541060383934,"191":-0.3310210032100116,"192":-0.5042112671183379,"193":-0.6838609245376186,"194":-0.4743303734165836,"195":-0.6960641673026249,"196":-0.4656551052128082,"197":-0.5290090499627897,"198":0.25630626689100966,"199":-0.45687648961877114,"200":-0.5836166259327975,"201":-0.6250858933190839,"202":-0.6250858933190839,"203":-0.7006857032720282,"204":-0.6371099503609605,"205":-0.32752006696437164,"206":-0.4848908062642041,"207":-0.5216884439042322,"208":-0.5688644872153035,"209":-0.6602111314270751,"210":-0.7305914611182425,"211":-0.9148351754046897,"212":-1.029455393219627,"213":-0.6091370465587482,"214":-0.4303483154052714,"215":-0.5175911626218297,"216":-1.0168938267524896,"217":-0.5881143547120182,"218":-0.5239375332204372,"219":-0.7731516919118255,"220":-0.9066910520212996,"221":-0.8692031018148794,"222":-0.7810906916605349,"223":-0.718161887772985,"224":-0.6652934980103775,"225":-0.3548900648789436,"226":-0.41998134351718086,"227":-0.9092459464820468,"228":-0.897187151472504,"229":-0.4984562309641727,"230":-0.8888167765760411,"231":-0.6332437351367319,"232":-0.4730055472360135,"233":-0.46789970424801663,"234":-0.8944633666559643,"235":-0.5115554341560236,"236":-0.6735746304456942,"237":-0.7817317308906522,"238":-0.7904259329255034,"239":-0.6096413054040368,"240":-0.6096413054040368,"241":-0.17780613409154045,"242":-0.21802613507389945,"243":-0.36562675516977294,"244":-0.561076995938266,"245":-0.6487409794046535,"246":-0.1776011607353225,"247":-0.1743928896471616,"248":-0.7114768079918554,"249":-0.8205527774911763,"250":-0.5186532601260883,"251":-1.023051182132023,"252":-0.7126229928273433,"253":-0.009857260374682708,"254":-0.27932524351176147,"255":-0.19203054152995147,"256":-0.19203054152995147,"257":-0.35285542855986174,"258":-0.35285542855986174,"259":-0.2214465045976559,"260":-0.2214465045976559,"261":0.02311663158167443,"262":0.6068636292053997,"263":0.12075497317619899,"264":0.4118109926115894,"265":-0.18822611366000963,"266":0.060409169050520184,"267":0.08822915412214238,"268":0.08822915412214238,"269":0.08822915412214238,"270":0.7229362473569398,"271":0.7229362473569398,"272":0.0010200824922841356,"273":0.045973351044096056,"274":0.08971227303393337,"275":0.25589485765306663,"276":0.4647092633912706,"277":1.4549693395847583,"278":0.9337024601867858,"279":0.18754238686088687,"280":-0.2027416231736674,"281":-0.07256643671096263,"282":-0.5117498635615623,"283":-0.48579550545080297,"284":-0.3532518065265101,"285":-0.5591550425251074,"286":-0.8111682833628387,"287":0.09943526948502202,"288":0.3449775784219449,"289":-0.12868125043819312,"290":0.09174823074332439,"291":-0.4080591449996196,"292":-0.15892016541334542,"293":-0.07325406570579629,"294":-0.3778068974215554,"295":-0.22692425952470696,"296":-0.06514542913299504,"297":-0.7162820929073976,"298":-0.27914579448465204,"299":0.2735852308594253,"300":-0.25329118529234673,"301":-0.31784286814194385,"302":-0.31475803782677847,"303":-0.01573959162535754,"304":-0.6304942327676528,"305":0.1080105501071893,"306":-0.6304942327676528,"307":0.12573343715402707,"308":0.012451018946172177,"309":-0.261149525569329,"310":-0.20509580294143337,"311":0.08207762457900092,