{"1":-0.13555982443907383,"2":-0.9706065764310198,"3":-0.021331058020477817,"4":-0.07972955734149764,"5":-0.16084483693473955,"6":0.02499663606742398,"7":-0.02715685782146464,"8":-0.1178518795929886,"9":-0.1178518795929886,"10":-0.12020251942298382,"11":-0.12020251942298382,"12":-0.32527799828955506,"13":-0.32527799828955506,"14":-0.25594323859559526,"15":-0.25594323859559526,"16":-0.20179153344468231,"17":-0.20179153344468231,"18":-0.20179153344468231,"19":-0.016972502036182727,"20":-0.016972502036182727,"21":-0.056240240023643556,"22":-0.056240240023643556,"23":-0.022375971333039958,"24":-0.03579773146850918,"25":0,"26":-0.014947502574478945,"27":-0.021385908722904818,"28":0.005419871613680804,"29":-0.12599660552420522,"30":0.02428481579547908,"31":-0.054284503326664735,"32":-0.0014926965704376918,"33":0.006009905635291446,"34":0,"35":-0.18287353050270844,"36":-0.03778317769713158,"37":-0.022959636598133156,"38":-0.05057074738563531,"39":-0.019740943413467278,"40":-0.04690906603938061,"41":-0.024576671325116872,"42":-0.11719785041362113,"43":-0.09368328547405927,"44":-0.04785975956757868,"45":-0.042880555680146856,"46":-0.04838817252458892,"47":0.01815692492169349,"48":-0.01845593424061536,"49":-0.061733123210514586,"50":-0.061733123210514586,"51":-0.01845593424061536,"52":-0.01845593424061536,"53":-0.07469303746744703,"54":-0.07469303746744703,"55":-0.006221638492819035,"56":0.06056204742763859,"57":0.005196851262706231,"58":-0.008695198511382014,"59":0.0009910877008702402,"60":-0.00624291626747237,"61":0.010833905515186905,"62":-0.04493745811554367,"63":-0.07151691296397183,"64":-0.012271609942830934,"65":0.02082268468883501,"66":0.005938326817112899,"67":-0.03654565043166097,"68":-0.04807196291756491,"69":-0.059837573357095164,"70":-0.029841935631957105,"71":-0.0062795386638748694,"72":-0.05995770359673418,"73":-0.051679551441441915,"74":-0.06643023945042463,"75":-0.1910085066756554,"76":-0.15307365578582238,"77":-0.022792270925613076,"78":-0.1019960880706263,"79":-0.030702572083888748,"80":-0.11054280143619236,"81":-0.04802269366650888,"82":-0.11695334963204443,"83":-0.19574234532935486,"84":-0.050091114744591506,"85":-0.043855654771137106,"86":-0.14689339504191937,"87":-0.14689339504191937,"88":-0.0702281992104615,"89":-0.0702281992104615,"90":-0.01558067117060344,"91":-0.018422472619915434,"92":-0.08863967942121809,"93":-0.0101858200802206,"94":0.01324971292288667,"95":-0.02470990567610174,"96":-0.022148982139885136,"97":-0.005235255461640259,"98":-0.017252865569124465,"99":0.027069018920948554,"100":-0.015147780053987626,"101":-0.09268953161445206,"102":-0.05890108173171198,"103":-0.046717176692767835,"104":-0.08293576370293217,"105":-0.0035507164323330676,"106":-0.1485797540975582,"107":-0.053095985009387385,"108":-0.07661752615706516,"109":-0.04126030222819272,"110":-0.07399688710505739,"111":-0.09705946344677753,"112":-0.033536012203305494,"113":-0.033790453615132256,"114":-0.15184619024131127,"115":-0.1396376455546926,"116":-0.1288694617961032,"117":-0.07714732586560127,"118":-0.0912206545521731,"119":-0.06885406172541196,"120":-0.13330993548889483,"121":-0.06121999054640953,"122":-0.06867124556321756,"123":-0.017517055678461055,"124":-0.1846381972817278,"125":-0.03781008945143412,"126":-0.03781008945143412,"127":-0.018402949759603694,"128":-0.06330155807660884,"129":-0.012403526279677606,"130":-0.03781008945143412,"131":-0.03781008945143412,"132":-0.008964074458440309,"133":-0.12488687377595925,"134":-0.04475540585641946,"135":-0.07156566557225769,"136":0.10682432729934899,"137":-0.2584454368815134,"138":-0.06297847815190423,"139":-0.01331442130402112,"140":-0.01749726467529676,"141":-0.11933907496614293,"142":-0.4739172041311232,"143":-0.08015029677058005,"144":-0.07936408348484103,"145":-0.15236094641478085,"146":-0.04078405464543647,"147":-0.006700461507004929,"148":-0.005827099803499804,"149":0.03109787578297952,"150":0.2007653445936346,"151":0.04946732203126403,"152":0.009379157271120639,"153":-0.1679685324274259,"154":-0.1598829103566477,"155":-0.2364243064611921,"156":-0.10866432068382366,"157":-0.06447202574421002,"158":-0.05794204668847874,"159":-0.0743404203588886,"160":-0.5324185714453535,"161":0.014427825081329428,"162":-0.023499165723809036,"163":-0.04067600670317147,"164":-0.047249402707714966,"165":-0.02383965108183049,"166":-0.040385666595127795,"167":-0.021246812657921648,"168":0.005595366358730258,"169":0.010501399326501099,"170":-0.016136514361736094,"171":-0.02349604146081636,"172":0.013336553397984563,"173":-0.06678197463767306,"174":-0.03959692633823862,"175":-0.22811072251357448,"176":-0.06738390160330066,"177":-0.14399912034027423,"178":-0.061820809037991475,"179":-0.10494903257319108,"180":-0.018361790468593955,"181":-0.04313432081307528,"182":-0.027071743183215573,"183":-0.054556316767302715,"184":-0.02633809836802917,"185":-0.040554934611448504,"186":-0.07850381455431217,"187":-0.04927924172489738,"188":-0.046350094772830815,"189":-0.040494112615099095,"190":-0.015214081069572508,"191":-0.07284587073257859,"192":-0.13141530215546382,"193":-0.047567947993343976,"194":-0.13238179345980586,"195":-0.08185517592927549,"196":-0.0664649034752623,"197":-0.09615095258242443,"198":-0.15517834108032447,"199":-0.01951874735852069,"200":-0.005044539866451207,"201":-0.00969095777598078,"202":-0.00969095777598078,"203":-0.060232797030334614,"204":-0.018680585678378502,"205":-0.04694584684279604,"206":-0.07240773600079192,"207":-0.05869129857283982,"208":-0.059118550955199856,"209":-0.07958186603074198,"210":-0.12047522457341427,"211":-0.02523052613797166,"212":-0.1410759423909131,"213":-0.06976114529618713,"214":-0.04934393803606598,"215":-0.06179583770547811,"216":-0.021349027478770266,"217":-0.04233707256347921,"218":-0.03336427171612539,"219":-0.0175658050072486,"220":-0.026766977166092807,"221":-0.08439119267148618,"222":-0.10652510097176943,"223":-0.027684760819552644,"224":-0.26502315860014053,"225":-0.14529132735868322,"226":-0.050702383819793376,"227":-0.08404494122005796,"228":-0.05925535241052013,"229":-0.07491853016394225,"230":-0.02395903445027199,"231":-0.021715755019325236,"232":-0.026175839814187703,"233":-0.12169716697849635,"234":-0.033186457448260744,"235":-0.12196770332580142,"236":-0.0908954868697952,"237":-0.08337909577366133,"238":-1.098709362565194,"239":-0.08011918552543254,"240":-0.08011918552543254,"241":-0.06870828425598743,"242":-0.014753614635585718,"243":-0.02292197931291367,"244":-0.060504691800855444,"245":-0.04392708104546453,"246":-0.010516582643510651,"247":0.002363415583628182,"248":-0.06983749755707216,"249":-0.020249033758609848,"250":-0.07397665130963431,"251":-0.02856166452997068,"252":0.011619800139437602,"253":-0.0760300611164722,"254":-0.0004967621245530194,"255":-0.1207970812760378,"256":-0.1207970812760378,"257":-0.030493245086652177,"258":-0.030493245086652177,"259":-0.030309918920966888,"260":-0.030309918920966888,"261":0.02640463125383552,"262":-0.0995468912245025,"263":0.18812040190928134,"264":-0.0607860499934024,"265":0.06771006213187179,"266":-0.09316107812113412,"267":-0.07196706297945929,"268":-0.07196706297945929,"269":-0.07196706297945929,"270":0.10171753706718328,"271":0.10171753706718328,"272":-0.15709959858024478,"273":-0.005029322804559894,"274":-0.13980253128936798,"275":-0.127906663875641,"276":-0.6190742897585376,"277":-0.1583261498442327,"278":-0.06926050627510882,"279":-0.26847196711173227,"280":-0.19495462698218802,"281":-0.09986892203982273,"282":-0.025144581342720643,"283":-0.11551397596747959,"284":-0.12559521960867615,"285":-0.29701882638552735,"286":-0.0800049233799003,"287":-0.18199363605687816,"288":0.08668234105333632,"289":-0.014224275338019385,"290":0.0661655152912056,"291":-0.030044566416973097,"292":-0.11452076993055649,"293":-0.04909318609326171,"294":-0.13021697900388407,"295":-0.11926960025962108,"296":-0.01088094705507986,"297":-0.30832599631820906,"298":-0.0383370591410549,"299":-0.044660756813172206,"300":-0.0360021992823719,