{"1":0.013769307403837586,"2":0.001490695795328352,"3":-0.05350659688022539,"4":0.027148092846477536,"5":0.013585311137115388,"6":0.011863410586911996,"7":-0.020057670070555728,"8":0.012748851734528879,"9":0.012748851734528879,"10":0.016951464132712854,"11":0.016951464132712854,"12":0.0009758136219563118,"13":0.0009758136219563118,"14":-0.011544719547278284,"15":-0.011544719547278284,"16":-0.02402137745382931,"17":-0.02402137745382931,"18":-0.02402137745382931,"19":0.01628670334113441,"20":0.01628670334113441,"21":0.0032555396093765752,"22":0.0032555396093765752,"23":0.013184304333532937,"24":0.01257682423054362,"25":0.05870841487279843,"26":0,"27":0.005910676367534841,"28":-0.004532335818881619,"29":0.008863272562823085,"30":-0.02332283034539746,"31":0.010620899003288414,"32":0.001860447809787816,"33":-0.00782830384606703,"34":0.015267175572519083,"35":0.005056506939834983,"36":0.02335188591961448,"37":0.018230920134811538,"38":0.019387316400013156,"39":0.02764331337703782,"40":0.01241207668361347,"41":0.007224016807089369,"42":0.03441921019930479,"43":0.005101437006182603,"44":0.02227261325740531,"45":0.0016738179897157132,"46":0.01588208675622184,"47":-0.0004476782173667825,"48":0.005794251930798808,"49":0.0055661690632415675,"50":0.0055661690632415675,"51":0.005794251930798808,"52":0.005794251930798808,"53":0.021336520280572924,"54":0.021336520280572924,"55":-0.002366681964426692,"56":-0.005261666075584644,"57":-0.01135515340157496,"58":-0.004483364533919393,"59":-0.009896337716248694,"60":-0.0008082567205727476,"61":-0.017758861205678506,"62":0.011517121123288196,"63":-0.016081824322151106,"64":-0.012120396674858981,"65":-0.018698652821819282,"66":0.014453624991368132,"67":0.012129638834972464,"68":-0.0021724593636386555,"69":-0.029107221152839553,"70":-0.020905605350350628,"71":-0.009903116748834255,"72":-0.006238373851287303,"73":-0.005883183851265012,"74":-0.005575304118000267,"75":-0.004441501828787697,"76":0.0024211894023501365,"77":-0.00938020598340836,"78":-0.034539423169860126,"79":-0.01810606424158881,"80":0.008148315760483072,"81":-0.018261734674959788,"82":-0.0068316507652812445,"83":0.001731320892679595,"84":0.000561680327369616,"85":-0.012175983139730295,"86":-0.014553206527687833,"87":-0.014553206527687833,"88":-0.003303468027665804,"89":-0.003303468027665804,"90":-0.008880809445870285,"91":-0.00033607977987293834,"92":-0.018836228420951288,"93":-0.012781282446031812,"94":-0.04448839701230562,"95":-0.0022346893680548503,"96":-0.011038542870952388,"97":-0.011258410880996555,"98":-0.003640859731085329,"99":0.01757549330156166,"100":0.014960635850243011,"101":-0.013893437988094212,"102":-0.005307779189798863,"103":-0.0020452331624707144,"104":0.00003331371978046102,"105":-0.0033022475052110374,"106":0.007132925074178946,"107":0.008924726570094167,"108":-0.008835273769402085,"109":0.0036663459189249323,"110":-0.00006041639113182548,"111":0.0011224190556660026,"112":-0.0005507505932567519,"113":-0.009610663763391213,"114":-0.009778712775322423,"115":0.013616213304083356,"116":0.0024025243769144056,"117":-0.01635625789748972,"118":0.0017744327399745984,"119":-0.001817714371101637,"120":0.008689939751138128,"121":-0.02550705617575693,"122":-0.0013442469164165784,"123":0.0013933180744933119,"124":-0.018391808657123518,"125":0.0038659045723577756,"126":0.0038659045723577756,"127":-0.007405836988349172,"128":0.005750409652176006,"129":-0.007427321431515879,"130":0.0038659045723577756,"131":0.0038659045723577756,"132":0.001601962715346128,"133":-0.009095735990027259,"134":-0.0029612434648796163,"135":0.005217972161523771,"136":0.008854489291644969,"137":0.007218096096066374,"138":0.0122784569617517,"139":0.006712264120312797,"140":0.025291498721423056,"141":0.01531438983923503,"142":-0.01876352560889124,"143":0.006464356187434673,"144":0.007049499373565374,"145":0.015745214165171342,"146":0.006180948429526597,"147":-0.0007454235993614496,"148":-0.003557623724769114,"149":0.0012945986513577049,"150":0.009118098363024681,"151":-0.011470122673536205,"152":0.005220175845386877,"153":0.009487338996458474,"154":0.006008066824328785,"155":-0.0004958937182360026,"156":0.002144631688293659,"157":0.004854875464871206,"158":0.021327230174811106,"159":-0.001060482414257491,"160":0.000059886725536769866,"161":0.005591832860840463,"162":0.0014102022928773432,"163":0.0160766058521933,"164":0.007898553758329426,"165":0.018967828172754927,"166":0.015372308457185048,"167":0.013966673023207563,"168":-0.0058740150437103025,"169":0.033694324244766455,"170":0.018400405405898893,"171":0.02732146798498576,"172":0.024006545166554056,"173":0.006089964506050345,"174":0.006765842654622489,"175":0.025868539312563332,"176":0.004689030551979801,"177":0.013883771375944046,"178":0.006908307897536471,"179":0.007022143166616725,"180":0.011001074394454245,"181":0.019605028573439817,"182":0.018654486069112627,"183":0.0045526873214215575,"184":0.013647259238638205,"185":0.008688352591828884,"186":0.017509747075211864,"187":0.012268700163797473,"188":0.02229146841425225,"189":0.014744656114093577,"190":0.014677639162254435,"191":0.007413858777097481,"192":0.014231473763185492,"193":0.011516785470592192,"194":-0.002354847035206397,"195":0.005062420585938837,"196":0.017003633597477107,"197":0.005841033471643865,"198":0.021262348123412704,"199":0.021959389525586896,"200":0.02171930834380715,"201":0.0035804304664781746,"202":0.0035804304664781746,"203":0.006494690247186123,"204":0.006039600446690645,"205":0.0047887393582485525,"206":0.003688578415002551,"207":0.0009188923591208096,"208":0.004785446418811833,"209":-0.0002378580209401607,"210":0.0030073129463464247,"211":0.005529593132122082,"212":0.004851244700820871,"213":0.0071486537084188275,"214":-0.0017335832592439565,"215":0.0018110583943145193,"216":0.004068825433288783,"217":0.005860836814549256,"218":0.012359523239060236,"219":0.006386930318204762,"220":0.000808113430564323,"221":0.006581208619762874,"222":0.01926387319637524,"223":0.0024649819247184734,"224":0.010569604520626842,"225":0.01069546961323362,"226":-0.0090988473284606,"227":0.00963824204476275,"228":0.008043367543153277,"229":0.012162601812297702,"230":0.011052514883831495,"231":0.013593659651759814,"232":0.005656015424982142,"233":0.002823142339554878,"234":0.012270888774768906,"235":0.01565545301902625,"236":0.03207698257470879,"237":0.010553965648402818,"238":-0.0024292832003707174,"239":-0.007324320553274597,"240":-0.007324320553274597,"241":0.04625968320934324,"242":0.027388586069210043,"243":0.016304081659368218,"244":0.01625737498127628,"245":0.10099987786029878,"246":0.006068113175408625,"247":0.002363415583628182,"248":-0.010006673749227757,"249":-0.012320581531448284,"250":0.004336329162540975,"251":0.004260576882109838,"252":-0.011951715071112704,"253":-0.0029242331198643156,"254":-0.003832096658606785,"255":0.010978485749353247,"256":0.010978485749353247,"257":0.020362612292805393,"258":0.020362612292805393,"259":0.0020700085675737683,"260":0.0020700085675737683,"261":0.019649334945586457,"262":0.050067540355625106,"263":0.014036269720958958,"264":0.01569160760519915,"265":0.057158388979988095,"266":0.009322705449121334,"267":0.0586801480545274,"268":0.0586801480545274,"269":0.0586801480545274,"270":0.017257175385440082,"271":0.017257175385440082,"272":0.003524073829346725,"273":0.00938761460712833,"274":0.02937872634580489,"275":0,"276":0.01895395242557941,"277":0.0009680403388490455,"278":0.030562046415686096,"279":0.004735184790586453,"280":-0.0004400804550268554,"281":0,"282":0,"283":-0.04464256257558202,"284":0.006666528598831534,"285":-0.007415647015202077,"286":0.04417448923246825,"287":0.013371218452281465,"288":0.05222321695016413,"289":0.011450627949946744,"290":0.031062002445420928,"291":0.009603683480604202,"292":0.04658015271907768,"293":0.03428851334802841,"294":0.0008762843209831352,"295":-0.024053589218021518,"296":0.016388517112343286,"297":0.022325166043422447,"298":0.02735075555136641,"299":0.009637533295185748,