{"1":-0.02446815465582098,"2":-0.02423314097855896,"3":-0.042662116040955635,"4":-0.006378364587319811,"5":0.004970946390349484,"6":-0.008467793606662338,"7":-0.005058462523087502,"8":-0.05157696847192669,"9":-0.05157696847192669,"10":-0.07595207048707776,"11":-0.07595207048707776,"12":-0.041586104305759694,"13":-0.041586104305759694,"14":-0.028325922461824103,"15":-0.028325922461824103,"16":-0.003206341723692876,"17":-0.003206341723692876,"18":-0.003206341723692876,"19":-0.03610040413908549,"20":-0.03610040413908549,"21":-0.051123870471881834,"22":-0.051123870471881834,"23":-0.008713306089729625,"24":0.005440615237407255,"25":0,"26":0.012953540706504792,"27":0.008102232096912803,"28":-0.0051899541692453175,"29":0.0016533187065277642,"30":-0.014630516135457435,"31":0.0028411312256420088,"32":-0.015994089093638236,"33":-0.02512292122364628,"34":-0.03198771671678076,"35":-0.05604836180468157,"36":-0.05358523224491321,"37":-0.040117752478346036,"38":-0.07274116210640119,"39":-0.061363512788541796,"40":-0.0161258250556556,"41":-0.11172862818735421,"42":-0.05886468052154878,"43":-0.01786809200865154,"44":0.007648938138445055,"45":-0.019510263512627246,"46":-0.0829019508708557,"47":-0.02800584570376269,"48":-0.03118515427020903,"49":-0.09548361929178109,"50":-0.09548361929178109,"51":-0.03118515427020903,"52":-0.03118515427020903,"53":-0.04332148863591104,"54":-0.04332148863591104,"55":-0.14918743459610967,"56":0.007586368087700932,"57":0.00021891245889187018,"58":-0.010434238213658418,"59":-0.005481641876808441,"60":0.0065290888595428,"61":0.029764626777780794,"62":0.01410452633163059,"63":0.009573245835350196,"64":0.012663986598321256,"65":-0.009120352246116056,"66":-0.005354438665876898,"67":-0.04002323634206903,"68":-0.03800434281349588,"69":-0.035715022430167435,"70":-0.054773986702347746,"71":-0.07183149382918395,"72":-0.001458998522672339,"73":-0.05360600847224177,"74":-0.07182910086594549,"75":-0.06554269187239066,"76":-0.004556284622411685,"77":-0.008021829595523056,"78":-0.09174055087917368,"79":-0.00003144876994576329,"80":-0.07392021404937961,"81":-0.05275265860087321,"82":-0.021857366270288545,"83":-0.044108518441824486,"84":-0.013968345971977984,"85":0.004855211495050152,"86":-0.042166385430993006,"87":-0.042166385430993006,"88":-0.07471998230065666,"89":-0.07471998230065666,"90":-0.1161777327220253,"91":-0.23703424826539474,"92":-0.11388505604751727,"93":-0.12879264491359996,"94":-0.07339857169546543,"95":-0.20573920588535882,"96":-0.13464356702892816,"97":-0.07925288589099819,"98":-0.12270167378707712,"99":-0.0200016578475522,"100":-0.023385671533590488,"101":-0.02400291181784206,"102":-0.022164845293998547,"103":-0.017901035032971364,"104":-0.025730669514557394,"105":-0.04882315482594995,"106":-0.06785804463365656,"107":0.006593557310220675,"108":-0.03214363162556512,"109":-0.03835835481845463,"110":-0.046661010876820855,"111":-0.04084050020135094,"112":-0.019958674717178618,"113":-0.05109927669440024,"114":-0.11179727335801377,"115":-0.021756010919406772,"116":0.004230494801963469,"117":-0.03718670184736303,"118":-0.048593055222803466,"119":-0.051637945034030686,"120":-0.02564075557156069,"121":-0.02012128222153487,"122":-0.04192731590337418,"123":-0.026693998040766317,"124":-0.03648677881714799,"125":-0.0237014805713342,"126":-0.0237014805713342,"127":-0.01968529532888441,"128":-0.03705589643863264,"129":-0.03329842724190155,"130":-0.0237014805713342,"131":-0.0237014805713342,"132":-0.047212052766014145,"133":-0.07436558632280708,"134":-0.012315829152357814,"135":-0.06665466437284659,"136":-0.028524541249020118,"137":-0.03945636574016053,"138":-0.06107060095989192,"139":-0.01788035624587371,"140":0.09996959078901671,"141":-0.057617009669484576,"142":-0.12063438456867427,"143":-0.022310201290235317,"144":-0.0606329828832228,"145":-0.059380245351414875,"146":-0.058360814451651574,"147":-0.030172238632285693,"148":-0.028293423617762627,"149":-0.035754434953296214,"150":-0.038713033766257426,"151":-0.04504173789140814,"152":-0.03479747229093705,"153":-0.07035144407485924,"154":-0.044153559898532965,"155":-0.031886461354185144,"156":-0.019708490866486683,"157":-0.0771583536400666,"158":-0.02576877197936354,"159":-0.026229266390921015,"160":-0.021262615067709136,"161":-0.02904870877950333,"162":-0.021288762268336155,"163":-0.06156577024332856,"164":-0.11136505383100312,"165":-0.03874430537124519,"166":-0.03234845091026378,"167":-0.02609462206925945,"168":-0.006084966646353988,"169":-0.036272915681352616,"170":-0.028166261636948506,"171":-0.012634693762976032,"172":-0.023638376426271167,"173":-0.018919591379096427,"174":-0.015133615700950127,"175":-0.03598690216108508,"176":-0.026894370822260462,"177":-0.020088249217988755,"178":-0.02688417493479359,"179":-0.01947639481705906,"180":-0.04967524804056718,"181":-0.026231103950079,"182":-0.043241878930291536,"183":-0.03286813570967562,"184":-0.03819498481685946,"185":-0.02605631618885749,"186":-0.014169783427458546,"187":-0.03305686288850244,"188":-0.037071790083233594,"189":-0.022196969180236746,"190":-0.021289575797628458,"191":-0.03249711649567257,"192":-0.05701827422771496,"193":-0.0269864693133794,"194":-0.03922744484647789,"195":-0.017210885485687402,"196":-0.025944701548521455,"197":-0.047482688563513384,"198":-0.004568873689338164,"199":-0.024655178190621282,"200":-0.014233918383636175,"201":-0.0473525778460443,"202":-0.0473525778460443,"203":-0.060535040383673515,"204":-0.05193208543495248,"205":-0.0050793039461355105,"206":-0.047258203952767835,"207":-0.02607904765488206,"208":-0.03448140797636463,"209":-0.04274840598718282,"210":-0.06647357255968131,"211":-0.03140821189606206,"212":-0.036852986197131544,"213":-0.021576001874182252,"214":-0.0352461618000608,"215":-0.03830203273591803,"216":-0.05676003714770303,"217":-0.033286384085327414,"218":-0.03625295101902774,"219":-0.03577299095038194,"220":-0.032583057025068723,"221":-0.05309637816188776,"222":-0.054579184588213606,"223":-0.06138033705181377,"224":-0.044265892474181,"225":-0.01158096230580873,"226":-0.03291306542766704,"227":-0.061329822980110506,"228":-0.04835260445140067,"229":-0.04887894048247241,"230":-0.07326201831877352,"231":-0.01898465974940063,"232":-0.04806638966078622,"233":-0.02267602528283177,"234":-0.044741233638932065,"235":-0.032526003883663446,"236":-0.034041702055912434,"237":-0.04000968908164841,"238":-0.03739856727248185,"239":-0.034154047942011025,"240":-0.034154047942011025,"241":-0.023614902128583547,"242":-0.03513847493595766,"243":-0.03714669691440316,"244":-0.04818106498157791,"245":0.0073076766141317445,"246":-0.01555401345972417,"247":-0.01749738248639865,"248":-0.05731842882649947,"249":-0.023785356681484703,"250":-0.006385265348786549,"251":-0.02402056017123903,"252":-0.012283630002787807,"253":-0.029475353812021654,"254":0.002341810284947725,"255":-0.01963899560560388,"256":-0.01963899560560388,"257":0.002583331551017601,"258":0.002583331551017601,"259":-0.009248812430544453,"260":-0.009248812430544453,"261":-0.0017433214523038948,"262":-0.022930714888565584,"263":-0.03364119713239309,"264":0.013042223753666893,"265":-0.0375655665395493,"266":-0.025627665708034895,"267":-0.021469473503882164,"268":-0.021469473503882164,"269":-0.021469473503882164,"270":0.004834262910967953,"271":0.004834262910967953,"272":0,"273":0.006258409738085552,"274":0.01692717307247879,"275":-0.025761150862164305,"276":-0.014832706358489336,"277":-0.01604636969447358,"278":-0.020375950638054918,"279":-0.0046635064930016755,"280":-0.033716757720665604,"281":-0.01872542288246676,"282":-0.0025319053947955826,"283":-0.03636489770911884,"284":-0.018569392201507464,"285":-0.029662588060808306,"286":-0.012940863472072309,"287":0.003342804613070366,"288":-0.005921364282330649,"289":-0.04879407502083108,"290":-0.015316088518849313,"291":-0.02237923531583476,"292":-0.017023746159211192,"293":-0.00042438074106406626,"294":-0.029472751580866513,"295":0.008095854922279792,"296":-0.01088094705507986,"297":-0.05067825888745213,