{"1":0.1989198808350437,"2":0.31207209249141177,"3":-0.08489269056526574,"4":0.4195667921200573,"5":0.1656877343224877,"6":0.041638012390555534,"7":0.0757697099590981,"8":0.4009859471762321,"9":0.4009859471762321,"10":0.7478604199307359,"11":0.7478604199307359,"12":0.18712525598071733,"13":0.18712525598071733,"14":0.005213765854658825,"15":0.005213765854658825,"16":-0.10227660660046914,"17":-0.10227660660046914,"18":-0.10227660660046914,"19":0.1476898685930091,"20":0.1476898685930091,"21":0.24837231675633853,"22":0.24837231675633853,"23":0.08603818841158739,"24":0.1985444794817247,"25":0.04310344827586207,"26":0.005823846285195472,"27":0.008049704952456799,"28":0.00769691658617061,"29":0.024104977403904937,"30":0.0935941165516474,"31":0.06388173111919052,"32":-0.3914667375779631,"33":0.09323806441259747,"34":-0.033888223720648605,"35":0.0008216270126446545,"36":0.3531357949763133,"37":0.04739810831321922,"38":0.026695600800913155,"39":0.23503493092921798,"40":-0.19015595203855296,"41":0.08890264664388492,"42":-0.09229160831477051,"43":0.0808330731574246,"44":-0.060121850668959115,"45":-0.06319640373144297,"46":0.13995155489327743,"47":0.09770848043456049,"48":0.17092377815427745,"49":0.12414023191964968,"50":0.12414023191964968,"51":0.17092377815427745,"52":0.17092377815427745,"53":0.13133688042040048,"54":0.13133688042040048,"55":-0.3310435850529705,"56":-0.06748570070301835,"57":0.1003182565262582,"58":-0.16336365611770998,"59":-0.02074149385931609,"60":-0.12196883465818309,"61":-0.0037922369669001477,"62":-0.004822930886264121,"63":-0.03778615156076573,"64":-0.055763316393765056,"65":-0.3131575098627206,"66":0.12738305157600122,"67":0.20270297381371333,"68":0.23114589418637954,"69":-0.1531323597449885,"70":-0.03858881428033478,"71":0.030240670556970606,"72":-0.0723085006352795,"73":0.22323245858811613,"74":-0.04901229933407031,"75":-0.11441371603000294,"76":0.09484793490113924,"77":-0.04272011427251016,"78":-0.015981524080522114,"79":0.04588587563538926,"80":0.05229559444321452,"81":-0.23562274850110063,"82":0.052972162702801195,"83":0.08704602992261284,"84":-0.018388877650209745,"85":0.032135672358170386,"86":0.00932089619721349,"87":0.00932089619721349,"88":-0.08154929855429499,"89":-0.08154929855429499,"90":-0.10371968904648066,"91":0.02423198212424338,"92":-0.08162390209687731,"93":-0.09665400895779563,"94":0.24969025261841116,"95":0.2929356249323799,"96":-0.1923194639452822,"97":-0.08160259711654483,"98":0.3131982614667228,"99":-0.010948561905649634,"100":0.14968779104829347,"101":0.03461307374683359,"102":-0.046605043273045904,"103":-0.03452371429830736,"104":-0.130099381830091,"105":0.08084352760359018,"106":-0.07384016698181875,"107":-0.03174504693868019,"108":0.03220320667773097,"109":0.14599346673576266,"110":-0.14155323753163462,"111":0.05330184810365496,"112":0.048236138899070524,"113":-0.16071868575113887,"114":0.039542254376092545,"115":-0.031074453748878447,"116":0.09926471797063803,"117":-0.3198104052250583,"118":-0.17205549256278577,"119":0.03290642673026778,"120":0.0922859903231589,"121":0.031095671673517872,"122":-0.03542145966210136,"123":-0.16836341960070506,"124":-0.032926723886644804,"125":-0.033069841990922166,"126":-0.033069841990922166,"127":-0.18995740235612985,"128":-0.12145247005363041,"129":0.05964989691384803,"130":-0.033069841990922166,"131":-0.033069841990922166,"132":0.18358508020597936,"133":0.016015917850270345,"134":0.1027723728623412,"135":0.21140322448287968,"136":-0.012443870218183661,"137":0.21439669614493947,"138":0.20782267852413283,"139":0.2287073895111722,"140":0.021609898958757867,"141":0.2885755124603643,"142":0.16675729622482,"143":0.0806739499445237,"144":-0.019854730945977117,"145":0.37574983208479307,"146":0.24174445473918627,"147":0.27978486382256346,"148":0.020207054732084173,"149":0.02061256221317198,"150":0.302522952822945,"151":-0.1614684190691114,"152":0.13172671075230685,"153":0.04571627258136965,"154":0.05622495972442948,"155":0.0003290414214977555,"156":0.08803396624435761,"157":0.0953501214368574,"158":0.14968431725019768,"159":-0.10264520878963096,"160":0.08789436505967843,"161":0.024147138923502343,"162":0.02383258822695733,"163":-0.04622757321373089,"164":0.20900439695015427,"165":-0.017963844466742346,"166":-0.09724538851884512,"167":0.16957970071429004,"168":0.0043666889017703325,"169":-0.010973115503942643,"170":-0.1529881337651803,"171":0.04547396435545539,"172":0.059005120188189875,"173":0.3796809895098129,"174":0.08553781513103256,"175":0.21390513484983953,"176":0.09813775768340063,"177":0.19808620374034655,"178":0.12869909457906847,"179":0.10167160594450941,"180":0.04286163728858375,"181":0.0934704853721883,"182":0.14083805282767436,"183":0.11063683547033379,"184":0.20345337295996577,"185":0.08310193259325299,"186":0.167161659422247,"187":0.05623242167679071,"188":0.20210932962341643,"189":0.2257068030761199,"190":0.17620607263213378,"191":0.1543932041175307,"192":0.2029049327395015,"193":0.07551798193864334,"194":-0.009137245798115923,"195":0.010681649857274489,"196":0.17326746206865667,"197":0.23843634233430122,"198":0.20313641018706213,"199":0.10972330029868005,"200":0.03438834838737112,"201":0.031890166889788574,"202":0.031890166889788574,"203":0.05130120432422233,"204":0.03567653655301212,"205":0.10243227818702727,"206":0.05096749082387131,"207":-0.014380585290637765,"208":0.022872750292230043,"209":-0.022346850313456762,"210":0.1871769627510067,"211":0.015515793975930336,"212":0.0070560182782420655,"213":0.026101727355716142,"214":0.08372356603160858,"215":0.014032149068909372,"216":0.13422905702066495,"217":0.2132425741459766,"218":0.35828129762790945,"219":0.2846750945594296,"220":0.08148524020038123,"221":-0.020211236413145678,"222":0.08702151140455194,"223":0.2007037669250281,"224":0.1710221987722204,"225":0.07007692291468176,"226":0.037657996364856894,"227":0.17412102110778394,"228":0.09762791291136705,"229":-0.02416368846518438,"230":0.14717662935235165,"231":0.11547395761046803,"232":0.050445848376050595,"233":0.22202331710806944,"234":0.0063358010512623575,"235":0.15611853216314242,"236":0.16715819630638748,"237":0.07309954435207167,"238":-0.3084121210739709,"239":-0.03248143765439962,"240":-0.03248143765439962,"241":-0.1829105228668775,"242":0.11016155869295706,"243":0.2771823612123823,"244":-0.3003085883688118,"245":0.1251564455569462,"246":0.43395235604081106,"247":0.02560788503048768,"248":0.8056197879096357,"249":0,"250":0.032840830934934576,"251":0.02795347448958259,"252":0,"253":-0.05846856725869001,"254":-0.036903603688138,"255":-0.034376074252320386,"256":-0.034376074252320386,"257":-0.2236230329041488,"258":-0.2236230329041488,"259":-0.041801217095902427,"260":-0.041801217095902427,"261":-0.007400089526725471,"262":-0.0112766051429814,"263":-0.09283540053546341,"264":-0.07420971049430693,"265":-0.2643215494036083,"266":0.04808464297261976,"267":-0.02847230567618248,"268":-0.02847230567618248,"269":-0.02847230567618248,"270":0.09385515945063805,"271":0.09385515945063805,"272":-0.05942564301357483,"273":-0.06432905668800926,"274":-0.048083285780496116,"275":-0.34266808460356846,"276":-0.017668046697246156,"277":0.029189907699979367,"278":0.14181815010521326,"279":0.06484383443207609,"280":0.17909443117693247,"281":-0.37978249809999914,"282":-0.5677158719910426,"283":-0.4481856378915202,"284":-0.010800403483730153,"285":-0.06910830299136148,"286":-0.41246249601986357,"287":0.04454706154820534,"288":-0.04253654396382239,"289":-0.040476430009327935,"290":0.21727144017743796,"291":-0.29158886269195516,"292":-0.16339951704962657,"293":-0.1636217142792735,"294":-0.12619921748080182,"295":-0.37573948266247786,"296":0.06312449319682305,"297":0.04670977159921576,"298":-0.17745705385834698,"299":0.1411267034757584,"300":-0.018800630756585696,"301":0.11225659553045828,"302":0.2037701607232137,"303":-0.0013751848073219608,"304":-0.005580556219394184,"305":0.019389026499710915,"306":-0.005580556219394184,"307":0.05577556130713954,"308":-0.05185259812942446,