{"1":0.2136555360131968,"2":0.3753103700035487,"3":-0.0254909955248937,"4":0.41622597628027325,"5":0.3474373265361375,"6":0.2530687346873756,"7":0.3375640999667967,"8":0.4553587253789398,"9":0.4553587253789398,"10":0.7837703391289774,"11":0.7837703391289774,"12":0.3874189530713256,"13":0.3874189530713256,"14":0.39519359244068014,"15":0.39519359244068014,"16":0.029704222514169043,"17":0.029704222514169043,"18":0.029704222514169043,"19":0.16239016736504766,"20":0.16239016736504766,"21":0.39358252445215386,"22":0.39358252445215386,"23":0.053059443005055246,"24":0.2513623411027177,"25":0.06633003914237402,"26":-0.02122900062739172,"27":0.06370520430871354,"28":0.14208492840692538,"29":0.16091856794916626,"30":-0.049246213084257084,"31":0.054858379172053204,"32":0.03538153092626395,"33":0.05654157470121694,"34":-0.01622930711296773,"35":0.058050191573155385,"36":0.09746032848881103,"37":0.19330320200944479,"38":0.27172931318780386,"39":0.32169106079516824,"40":0.1144634487194593,"41":0.16204374715040176,"42":0.16074189263587127,"43":0.1914977337221977,"44":0.22761479765530798,"45":0.15446763690168264,"46":0.24870732060715275,"47":0.15658706118617277,"48":0.3041768499638776,"49":0.15701810493933072,"50":0.15701810493933072,"51":0.3041768499638776,"52":0.3041768499638776,"53":0.24831119059606135,"54":0.24831119059606135,"55":0.0034906468987205563,"56":0.04057735803273188,"57":0.01797790046194786,"58":0.2109088651807558,"59":0.10198270319786898,"60":-0.0671743960144634,"61":0.16932261290702266,"62":0.037378700971780254,"63":0.08295093706470566,"64":0.04178152793893575,"65":-0.001880587042703552,"66":0.1765413742809932,"67":0.027995289788109,"68":0.18486541161887043,"69":0.07916614410098216,"70":0.0656792792399723,"71":0.08013687058970642,"72":0.08671054557300265,"73":0.26923181751346326,"74":0.19938929923736426,"75":0.0609926252496219,"76":0.21063253435449159,"77":0.1476860078388078,"78":0.04691902119987634,"79":0.13885003936050427,"80":0.1689800615911417,"81":0.0019631007027341996,"82":0.09053174334358649,"83":0.2068620252002082,"84":0.2661733810510653,"85":0.03810685518973894,"86":0.09601146170080604,"87":0.09601146170080604,"88":0.11690989101477889,"89":0.11690989101477889,"90":0.03361517578291556,"91":0.030062349827855994,"92":0.031064491237067338,"93":0.05970447070208518,"94":-0.14749438237026377,"95":0.09167390545026655,"96":-0.10584782523126574,"97":-0.004124522235862793,"98":0.15072061210204413,"99":-0.06958407875685699,"100":-0.0007670616934282171,"101":0.032220915647194204,"102":0.07815763178951315,"103":-0.03975546206226965,"104":-0.0009812979764870222,"105":0.08043089745059923,"106":0.18394105452054174,"107":-0.008708669685174919,"108":0.07030389801164871,"109":0.10890229563532397,"110":-0.011320440401989984,"111":0.06236951193721996,"112":0.06829580227785428,"113":0.07667557783925161,"114":0.02316163781465863,"115":0.12620007855588167,"116":0.0828904051941776,"117":0.015216049357891615,"118":0.04024098160046463,"119":0.10883110437500798,"120":0.1058913165185966,"121":0.06525709322905096,"122":0.10137682896609707,"123":-0.010105064048713142,"124":0.11069811865504847,"125":0.0438323064005853,"126":0.0438323064005853,"127":-0.10876684043412321,"128":0.029366225191971185,"129":-0.013535786988414095,"130":0.0438323064005853,"131":0.0438323064005853,"132":0.20006663063006158,"133":0.1367134379596529,"134":0.26314029520799187,"135":0.30825934562079527,"136":0.1297345986769768,"137":0.37503523140101536,"138":0.320762594915994,"139":0.3425820438922006,"140":0.07156298331998301,"141":0.2299955611687871,"142":0.3051376916154864,"143":0.1012355066950833,"144":-0.10696577226915993,"145":0.45452755841609954,"146":0.1970526004018176,"147":0.2431601453003882,"148":0.0402786369903248,"149":0.001082082970868814,"150":0.1032161394716904,"151":-0.1841944750954494,"152":0.11995092661391615,"153":0.12880725543625776,"154":0.1457841215160312,"155":0.13641699384642503,"156":0.17077088034407195,"157":0.16961460303296705,"158":0.21931894382516515,"159":-0.029869688882591117,"160":0.128390728660304,"161":-0.04927324615374973,"162":0.06423818521377,"163":0.15533781217569947,"164":0.2312482136629801,"165":0.08511766023007289,"166":0.11450967982258087,"167":0.13819196074580825,"168":0.11387958618504057,"169":0.18906785818593028,"170":0.016825156130636676,"171":-0.021865924122894925,"172":0.06825159222045246,"173":0.47023115200460075,"174":0.1355494978210403,"175":0.3604893317267327,"176":0.12248669470039206,"177":0.37597716749825366,"178":0.32716845207655415,"179":0.1903023401024736,"180":0.08949674179228229,"181":0.2249982134002699,"182":0.18214975845201703,"183":0.2597298177835585,"184":0.27219660145789687,"185":0.17939480067326075,"186":0.2948735171980352,"187":0.1130384337807731,"188":0.37651411953992053,"189":0.42920691846811515,"190":0.3592196799445797,"191":0.3701236539022362,"192":0.37731684531172643,"193":0.14947260386051142,"194":0.17931185898407975,"195":0.08377153653461439,"196":0.380649192783468,"197":0.3140584020002902,"198":0.2847177242144616,"199":0.21929819871563594,"200":0.03932360728104095,"201":0.06049988550183072,"202":0.06049988550183072,"203":0.08015844381897727,"204":0.11042661688948835,"205":0.08568733922115257,"206":0.13468562162293227,"207":0.04819170666323186,"208":0.07468493072982338,"209":0.05941910079201712,"210":0.12921129448905264,"211":0.04857512238598172,"212":0.03154972856502222,"213":0.05232421001247059,"214":0.1524187163771097,"215":0.08805725810603593,"216":0.23490788416532143,"217":0.31474522950680134,"218":0.4419132381168619,"219":0.3366143507037488,"220":0.056342903295009905,"221":0.08695791505182643,"222":0.1971591315732366,"223":0.16538017858718915,"224":0.2249487474488886,"225":0.11544916479844936,"226":0.08387073701808545,"227":0.18322230896349995,"228":0.1368904324477317,"229":0.1344187473035054,"230":0.17884562282241045,"231":0.23579396604412983,"232":0.07150540495271906,"233":0.32662768950138615,"234":0.1890815460341727,"235":0.20420744154102383,"236":0.25807255293480125,"237":0.16414309582021008,"238":-0.0890955588181534,"239":0.05818135516478007,"240":0.05818135516478007,"241":0.13692061648712264,"242":0.11258147135977979,"243":0.07412192956602083,"244":0.016169776057368745,"245":-0.04747565094672878,"246":0.059978659998950315,"247":0.06700937789194344,"248":0.5329571085422165,"249":0.061865571375295664,"250":0.15478879180241317,"251":0.22640853900400135,"252":0.013155554262891063,"253":0.0246429317171638,"254":0.03346458809485636,"255":0.10871973994470688,"256":0.10871973994470688,"257":0.10870745955109991,"258":0.10870745955109991,"259":0.0800454486843831,"260":0.0800454486843831,"261":-0.0066131596487748745,"262":0.022833837721270733,"263":0.024984289901518908,"264":0.06777931179887031,"265":-0.19056435613628342,"266":0.07445289182812978,"267":0.05895752724036038,"268":0.05895752724036038,"269":0.05895752724036038,"270":0.08742573420347874,"271":0.08742573420347874,"272":0.021824169171802354,"273":0.04111787633290481,"274":-0.02743080713856852,"275":-0.06665603980277118,"276":0.10815270829909301,"277":0.2406576139546419,"278":0.2535151512751783,"279":0.021174836129679672,"280":0.03581873569110594,"281":0.023669400365998076,"282":-0.0718525074065067,"283":-0.13810688714831976,"284":0.016255399843901938,"285":0.008349938342650742,"286":-0.07953599264665778,"287":0.11703596023094179,"288":0.36496292717913636,"289":0.15598076923621995,"290":0.17521379190432732,"291":-0.15999559263844437,"292":0.04987988358334394,"293":0.26198788008219254,"294":-0.00837448999089746,"295":0.2866754088959639,"296":-0.007540784190109978,"297":-0.029358269076723606,"298":-0.158813348700507,"299":0.1333310514066371,"300":0.09707110790544732,"301":0.12793777560585567,"302":0.2993567963334148,"303":0.3167398122483852,"304":0.09556299325302126,"305":0.39689744325531245,"306":0.09556299325302126,"307":0.43993155713085896,"308":0.09330203152817323,"309":0.2922064528980504,"310":0.2185073043635778,"311":0.2572991167758694,"312":0.44042827237899096,