{"1":0.031403313765783744,"2":0.019855271961835674,"3":0.11821666525206553,"4":0.5262936421009734,"5":0.15425118600958238,"6":0.05123387485843589,"7":0.03338708207565386,"8":0.024673813105373733,"9":0.024673813105373733,"10":0.05273207942594681,"11":0.05273207942594681,"12":-0.017189253557177375,"13":-0.017189253557177375,"14":0.005501127898328444,"15":0.005501127898328444,"16":0.09921530527591056,"17":0.09921530527591056,"18":0.09921530527591056,"19":0.047048119889749385,"20":0.047048119889749385,"21":-0.048747929338468554,"22":-0.048747929338468554,"23":0.8231210690945115,"24":2.1493386554818925,"25":0.5944850658861838,"26":-0.036454050578221125,"27":1.4259432182995524,"28":0.7557593198341943,"29":0.6745516426705009,"30":0.3361642598870733,"31":0.07856510588822327,"32":0.05195666354258453,"33":0.10312701508807429,"34":-0.02512840606110836,"35":0.03436352333224402,"36":0.02795919860626596,"37":0.0433140098000277,"38":0.5129475922455402,"39":0.1603620830190483,"40":0.16753144983470503,"41":0.029259501753172684,"42":0.22502884530536518,"43":0.20131918395171142,"44":0.6331447773006679,"45":0.07393684551814075,"46":0.1009998639458598,"47":0.07236779880803114,"48":0.10284093584186801,"49":0.03888429071991703,"50":0.03888429071991703,"51":0.10284093584186801,"52":0.10284093584186801,"53":0.19788437141543305,"54":0.19788437141543305,"55":0.0035035234957144987,"56":0.08098298620582511,"57":0.26880518831946104,"58":0.1371865053359237,"59":0.2796492390952666,"60":-0.0049141157327868695,"61":0.2910679496940088,"62":0.17904395770904624,"63":0.3528972753860319,"64":0.10095568213257006,"65":0.33942921501858114,"66":0.037235591223734696,"67":0.08741119515236523,"68":0.04456271105271112,"69":-0.11406797654589307,"70":0.05280323212635471,"71":0.012069829258980619,"72":0.11860490969731284,"73":0.143335070520668,"74":0.09600987592149451,"75":-0.006999741094800976,"76":0.08351629136122521,"77":0.05454941723786336,"78":0.13233903715453374,"79":0.08457108863688038,"80":0.08366942597366311,"81":-0.039373078145046814,"82":0.00579028934799436,"83":-0.012753472081586004,"84":0.37191493459880387,"85":0.17069238418536894,"86":-0.07652077263641435,"87":-0.07652077263641435,"88":-0.03126869913885566,"89":-0.03126869913885566,"90":-0.04159429006562025,"91":-0.02709791184364107,"92":-0.014557804707569545,"93":-0.04705948009233602,"94":-0.08651150385844443,"95":-0.014925619801247562,"96":-0.056133259276631584,"97":-0.058546080886466595,"98":-0.04624342569325478,"99":1.361023239059307,"100":1.2293105905011172,"101":0.336632821645417,"102":0.3159329915412896,"103":0.4371452751677648,"104":0.3599661811337222,"105":0.3081342985294991,"106":0.44867815605615374,"107":0.5250877393078661,"108":0.5480204562246053,"109":0.7580107806530408,"110":1.523584373198546,"111":1.0003161185304912,"112":0.7097568629515486,"113":1.0288586883618387,"114":2.4877582250629677,"115":1.1411315876989299,"116":1.0643554536395001,"117":2.114834379787774,"118":1.6889796088763598,"119":2.7442650696815525,"120":0.8470937644468217,"121":1.1022753406764845,"122":1.6603470551066042,"123":2.461395591360723,"124":11.733382796733421,"125":1.1826919786338053,"126":1.1826919786338053,"127":1.0194992987168194,"128":1.9224697569471143,"129":0.253015882843581,"130":1.1826919786338053,"131":1.1826919786338053,"132":0.06961003265077148,"133":0.0021115805310067057,"134":0.08886009359640228,"135":0.040248604630199775,"136":0.027949078487470462,"137":0.026144466719510134,"138":0.03963101451152666,"139":-0.0060561971699067685,"140":0.041661284562450565,"141":0.07924701987521943,"142":0.004388299656764946,"143":0.04391252427454283,"144":-0.0193236495652626,"145":0.06410493189240285,"146":0.07216781705081068,"147":0.005494244140523144,"148":0.015638924869013544,"149":0.015929768174628434,"150":0.04417792600718989,"151":-0.0023466147234063664,"152":0.015833226813025403,"153":0.022195683192198376,"154":0.03574048006694712,"155":0.008038085698734591,"156":0.05508974034307875,"157":0.025859187801437894,"158":0.37953097668174046,"159":-0.01813605800428762,"160":0.01853986877709995,"161":0.03214792428731568,"162":0.08311280199226821,"163":0.13603248285034752,"164":0.08489012029328512,"165":0.2650385738736315,"166":0.1839280068624235,"167":0.21111278863938976,"168":0.5198125285642672,"169":0.1937968673577165,"170":0.4024617531335661,"171":0.24402967494288502,"172":0.1654609662708227,"173":0.31936208669944016,"174":0.3225023472154271,"175":0.3342429616092718,"176":0.019933168935539092,"177":0.43353017980030917,"178":0.21715218909547723,"179":0.1955080683649436,"180":0.03647462350891837,"181":0.0621989544862419,"182":0.17414949968463206,"183":0.062188969929161425,"184":0.142880240122122,"185":0.280710605315044,"186":0.18522215173622178,"187":0.16499556393465517,"188":0.17359196380328556,"189":0.11493188337773728,"190":0.17829320068172544,"191":0.21685782310964316,"192":0.35353342525767645,"193":0.16696459165370134,"194":0.175503806103579,"195":0.19269879042368676,"196":0.24463612159580597,"197":0.32149051262296796,"198":1.0783968817665215,"199":0.5318285689212608,"200":0.5509847573041313,"201":0.019133406212599412,"202":0.019133406212599412,"203":0.043305621252015314,"204":0.04126519720107181,"205":0.041765220741467685,"206":0.047904680803592205,"207":0.022056775877112317,"208":0.05196865968212022,"209":0.03925043804705438,"210":0.03447171688243109,"211":0.05250315273308452,"212":0.06192331145530494,"213":0.04489411672831893,"214":0.03182406066165604,"215":0.08353808724852772,"216":0.0856724542474776,"217":0.06981270316357105,"218":0.1352574960456998,"219":0.0363546490544149,"220":0.03423110464504525,"221":0.02446295746150421,"222":0.1605443497564517,"223":0.10529288655103185,"224":0.09857440711638253,"225":0.10454223085736579,"226":0.0783102640994237,"227":0.0780552273972903,"228":0.028026326710746362,"229":0.08003776630472252,"230":0.10505133091769683,"231":0.054822095116364544,"232":0.045570936537114554,"233":0.11865883417750764,"234":0.1188929320356705,"235":0.1304426721338861,"236":0.155853487387629,"237":0.07235549717713102,"238":0.06726520516481763,"239":0.06223307875754564,"240":0.06223307875754564,"241":0.9237871476177009,"242":1.4871278342345557,"243":3.0957936787629095,"244":0.7914880293457323,"245":0.6415740114708031,"246":0.3659886484358573,"247":-0.066110943576148,"248":0.16699250519121947,"249":0.07395600784005205,"250":0.0012781179005507681,"251":0.0278314018535174,"252":0.0909012443376919,"253":0.00278052038797132,"254":-0.020478989931227883,"255":0.05367737119492031,"256":0.05367737119492031,"257":0.09051191091545532,"258":0.09051191091545532,"259":0.038315284786624285,"260":0.038315284786624285,"261":0.03825269186898775,"262":0.04534302255176277,"263":0.009402702668851754,"264":0.0210240184552473,"265":0.3252785695954097,"266":0.007055539745583079,"267":0.04084431997497023,"268":0.04084431997497023,"269":0.04084431997497023,"270":0.0236628334543465,"271":0.0236628334543465,"272":0.07337103009538291,"273":0.627645906611344,"274":0.9380214494257796,"275":-0.01829983152185472,"276":0.001954632421439194,"277":1.0497278958913665,"278":0.2805320455128038,"279":0.1257355576531724,"280":0.17344628642372015,"281":0.0025786302438235596,"282":0.045286976258927567,"283":0.128963437093426,"284":0.21237128319873838,"285":0.10938525486764385,"286":0.008054168111106883,"287":0.11546124192904078,"288":0.08674697131638985,"289":2.702010108812849,"290":5.753016030616616,"291":3.703895195217115,"292":2.3921684795575193,"293":0.2877614595103192,"294":0.9859546228865363,"295":0.11666535877466408,"296":0.29285032571627917,"297":0.13523627375923725,"298":0.23156388646982118,"299":0.5325092923767919,"300":0.18188117651033137,"301":0.32033932457591946,"302":0.22091994849110705,"303":0.23440885471507394,"304":0.2450337922374327,"305":0.14504749386789545,"306":0.2450337922374327,"307":0.026447032547259608,"308":0.014928360452632447,"309":0.2466701434561272,"310":0.40078612157384597,"311":0.3424322859555457,"312":0.3858014193614177,