{"1":-1.1185943864693084,"2":-3.962440000877706,"3":-1.4739079892241829,"4":-0.6932969248291169,"5":-0.5206658912952755,"6":0.1374941645619837,"7":-0.13242033345761445,"8":-0.5678301531142178,"9":-0.5678301531142178,"10":-1.854990987160607,"11":-1.854990987160607,"12":-2.4399971775326432,"13":-2.4399971775326432,"14":-2.873104782965439,"15":-2.873104782965439,"16":-0.27409085251130016,"17":-0.27409085251130016,"18":-0.27409085251130016,"19":-0.13381997200226037,"20":-0.13381997200226037,"21":-0.2900017910940873,"22":-0.2900017910940873,"23":-0.09121413862940403,"24":-1.1306670681725146,"25":-0.05032664841670531,"26":-0.25646575099532076,"27":-0.07432558505234813,"28":0.021934768883449113,"29":-0.5103907115837686,"30":0.13411207257512298,"31":0.08730104438840075,"32":0.1705071963253854,"33":-0.04647384894387806,"34":-0.05533152677371217,"35":-2.893723536369252,"36":-0.49074695060203394,"37":-0.7935274495320134,"38":-0.662869924481687,"39":-0.0220432599450604,"40":-0.4428717018623433,"41":-0.5756725927083615,"42":-2.0044971401815075,"43":-0.509348789603691,"44":-0.39574935836581204,"45":-1.2382327442906274,"46":-1.101132921047561,"47":-1.2822307213512716,"48":-0.5678017846847485,"49":-1.1407593586741742,"50":-1.1407593586741742,"51":-0.5678017846847485,"52":-0.5678017846847485,"53":-1.1552959432484762,"54":-1.1552959432484762,"55":-0.08900869265908656,"56":-0.24976283742946503,"57":-0.06196303721889407,"58":0.037370924326121206,"59":0.16914936656256976,"60":-0.1513824557784546,"61":0.09723709670507213,"62":-0.2126881206138469,"63":-0.05769274394001572,"64":0.0465411019186763,"65":0.15186719534352905,"66":-0.0888512920580895,"67":-0.1200555457557988,"68":-0.7941673875753963,"69":-0.35531925362995864,"70":-0.3623947873490301,"71":-0.4971655531803826,"72":-0.40015710394294735,"73":-0.23958487583684263,"74":-0.4345166659366744,"75":-2.1393903930910136,"76":-0.4894026394181763,"77":-0.1873627071871557,"78":-0.618495878985922,"79":-0.41232236152536694,"80":-0.6112474670263741,"81":-0.11124437971835743,"82":-0.5401036904515766,"83":-0.751069638296628,"84":-0.5638225024774145,"85":0.06016640030394993,"86":-0.555326945161695,"87":-0.555326945161695,"88":-0.354301419069036,"89":-0.354301419069036,"90":-0.17593117482464163,"91":-0.152110980525473,"92":-0.344625763384227,"93":-0.06258150585384223,"94":-0.06757625237105168,"95":-0.23145837189937712,"96":-0.19558894472741187,"97":-0.09168773977563488,"98":-0.1359797838408326,"99":0.015749655916185046,"100":0.18859358195843257,"101":-0.4000647421933192,"102":-0.24640503527778224,"103":-0.2227559920454849,"104":-0.044074025884031975,"105":0.2491480754914523,"106":-0.2543379338017828,"107":-0.2130229151030954,"108":-0.21888534016415673,"109":0.07698544010914621,"110":-0.17733746994124733,"111":-0.4130800531826465,"112":-0.13014257751041158,"113":-0.1883885884765174,"114":0.07840555812536948,"115":-0.4356878680000096,"116":-0.11717803901469781,"117":-0.3761074637888303,"118":-0.5683650009918387,"119":-0.30260982542412895,"120":-0.396092664844924,"121":-0.17037918385660156,"122":-0.15342143192875024,"123":-0.21544985149366136,"124":-0.34664470407975445,"125":-0.11905932553929288,"126":-0.11905932553929288,"127":-0.30333859590487344,"128":-0.22211566296517693,"129":-0.0895170049921713,"130":-0.11905932553929288,"131":-0.11905932553929288,"132":-0.15470682055741847,"133":-0.5995652921317784,"134":-0.7628347671798908,"135":-0.18930302483708883,"136":0.36214905388925933,"137":-1.210131021342599,"138":-0.6431662114736754,"139":0.3593985624032985,"140":-0.15015309002857724,"141":-0.47846706802047434,"142":-1.0564283761634554,"143":-1.0782870205566932,"144":-1.0599054602868403,"145":-0.5106617809911711,"146":-0.2717125156692003,"147":-0.6087093718037657,"148":-0.1968786244061002,"149":-0.024148297983711986,"150":0.8542528533285947,"151":-0.08105739088797193,"152":0.018831683899613427,"153":-0.38743453090819846,"154":-0.6052865086591219,"155":-1.1504053468810091,"156":-0.8611539870639353,"157":-0.41825979172012384,"158":-0.5377901558466306,"159":-0.6162436405776033,"160":-3.7496891904416008,"161":-0.01755417968370887,"162":-0.7486987313245367,"163":-0.22027962679591007,"164":-0.2851571811134992,"165":-0.2265473480318786,"166":-0.53276814272441,"167":-0.37747453650968765,"168":0.064372340644681,"169":-0.006059444458461738,"170":-0.20272927152397352,"171":-0.0275099509691622,"172":0.314325290278343,"173":-0.47639376462748984,"174":-0.4983968608742332,"175":-1.073683425646696,"176":-0.3838441156042215,"177":-0.2948743910632269,"178":-0.6352320879849173,"179":-1.0015693957524827,"180":-0.19354570055889228,"181":-0.085139670697012,"182":-0.024649615646122558,"183":-0.23849388607330702,"184":-0.19689740731487,"185":-0.44612110429249746,"186":-0.24075818289724915,"187":-0.1263571744790079,"188":-0.5241915811184339,"189":-0.24279161399777904,"190":-0.08119458604644247,"191":-0.5444679234009319,"192":-1.3740397654572867,"193":-0.49919969782251994,"194":-1.1598796711911206,"195":-0.7378590663556716,"196":-0.4316970529191564,"197":-1.7130086696778783,"198":-2.2555227200567676,"199":-0.019348808784798832,"200":0.10071520550560059,"201":-0.4468271408478006,"202":-0.4468271408478006,"203":-0.27309275563018465,"204":-0.3208349010205729,"205":-0.17459603128766643,"206":-0.5594567797816279,"207":-0.579642879773218,"208":-0.1960869254810574,"209":-0.31483377918239136,"210":-0.6970444494342722,"211":-0.13137363965297177,"212":-0.4151228876790052,"213":-0.16760450009258604,"214":-0.23337747819725108,"215":-0.5835363406792018,"216":-0.2857508943188582,"217":-0.3168813393536752,"218":-0.387133797597856,"219":-0.3789164349680179,"220":-0.5369156478145223,"221":-0.5794040888559749,"222":-0.8519849132634542,"223":-0.18401414835840008,"224":-1.067004117365962,"225":-1.2613491612646681,"226":-0.33338147950671226,"227":-0.23668911757257816,"228":-0.31682443358526907,"229":-0.4980024453750771,"230":-0.3025783389370982,"231":-0.2669025892479507,"232":0.005721548308707414,"233":-0.8427729320549773,"234":-0.3973702359034151,"235":-0.6393372038508883,"236":-0.4214774269810986,"237":-0.5969414468350192,"238":-4.347207494406134,"239":-0.9098684746744545,"240":-0.9098684746744545,"241":-0.029217278063895735,"242":0.042048895498366434,"243":0.090505295410408,"244":-0.07444594033673024,"245":-0.08774252964583282,"246":-0.36294034202138115,"247":-0.12219046251947471,"248":-0.29093792133371676,"249":-0.07402370474658616,"250":-0.3795695601268332,"251":-0.3593066828420966,"252":0.22342352057455406,"253":-0.2588308395882368,"254":-0.042752286781864976,"255":-0.04823101239486949,"256":-0.04823101239486949,"257":0.0269433908624577,"258":0.0269433908624577,"259":-0.036487230349060484,"260":-0.036487230349060484,"261":0.374554589723498,"262":0.39060146639877047,"263":0.6591768164361705,"264":-0.1901846819045212,"265":0.3848881942807387,"266":-0.30530289841493263,"267":0.052265258268418435,"268":0.052265258268418435,"269":0.052265258268418435,"270":-0.1509955717986411,"271":-0.1509955717986411,"272":-2.4301689983091137,"273":0.15079789166198354,"274":-1.518583425092685,"275":-1.8217592102411864,"276":-1.8479817750741399,"277":-3.514138829643593,"278":-3.1642643671867026,"279":-1.044535089640179,"280":-0.9127133249055666,"281":-0.11883607651690571,"282":-0.12969711105848328,"283":-0.42217209548760026,"284":-0.14957842255756126,"285":-0.13227020439108084,"286":-0.25064147418660226,"287":-1.216438199422601,"288":0.260172760153777,"289":0.3781374099714361,"290":0.22680232037426418,"291":-0.27798638267905096,"292":-1.2759073600617914,"293":-0.5517139986184064,"294":-0.5860773302867671,"295":-0.670024199891276,"296":0.021710628361628015,"297":-0.3595868914930059,"298":-0.40159828453802837,"299":-0.26717849375481495,"300":-0.7221715114905702,"301":0.8331454072694217,"302":-1.2514318480672424,"303":0.19361899486263767,"304":-0.4915436435273226,"305":-0.15977488515462834,"306":-0.4915436435273226,"307":-0.2690411360422357,"308":-1.0662535062854328,"309":-0.4901266234495102,