{"1":-0.5376027574462333,"2":-2.2548707349300203,"3":-0.7637660485609663,"4":-0.3248658910884246,"5":-0.6133413682100433,"6":-0.46580722136526753,"7":-0.38259771122556097,"8":-1.7607251522872485,"9":-1.7607251522872485,"10":-2.5107983617127574,"11":-2.5107983617127574,"12":-0.4659189387438416,"13":-0.4659189387438416,"14":-0.6912536188139216,"15":-0.6912536188139216,"16":-0.46966833539923714,"17":-0.46966833539923714,"18":-0.46966833539923714,"19":-0.059016434850786004,"20":-0.059016434850786004,"21":0.0019582143240408634,"22":0.0019582143240408634,"23":-0.11695346709108212,"24":-0.5334887035764773,"25":-0.04809225829616093,"26":-0.3988680297379066,"27":-0.33724589113074255,"28":-0.5353370481759634,"29":1.5596518829321702,"30":0.45875496645400293,"31":0.7566255553229801,"32":-0.09043456655656623,"33":-0.29053903463545305,"34":0.06357019182473844,"35":-0.6553829774086104,"36":-2.0773218200717407,"37":-0.8306553638295782,"38":-0.9873022576692803,"39":-0.9293535246942444,"40":1.216825182245202,"41":-2.503337788361657,"42":-0.3082831016125178,"43":-0.440993711715167,"44":-0.28414662438150584,"45":-0.32537690293055244,"46":0.982053737326289,"47":-0.4118024211985354,"48":-0.8210491835105715,"49":-1.2018887999888888,"50":-1.2018887999888888,"51":-0.8210491835105715,"52":-0.8210491835105715,"53":0.1111554677177562,"54":0.1111554677177562,"55":-1.9020589807706463,"56":-0.4409184792936415,"57":-0.5301761837650139,"58":-0.594030684384793,"59":-1.1891708045460732,"60":-1.1448705939070627,"61":-0.465013615754059,"62":-0.566227633399488,"63":-1.1398873932569789,"64":-0.43585224129434164,"65":-0.4328351928438279,"66":-0.8927572502240957,"67":-0.0016411201670933906,"68":-0.84284629119988,"69":-1.447369443341163,"70":-0.81522669869726,"71":-0.09338338862747264,"72":-0.5045781013042712,"73":-0.8345435768763898,"74":-0.8511462325325336,"75":-2.0243130436871244,"76":-1.4607721192660854,"77":-1.1186041275296312,"78":-0.9798361153587298,"79":-0.5870154829320193,"80":-1.3284357982128099,"81":-0.857372098265853,"82":-1.011628722487469,"83":-3.0472820324773253,"84":-0.7378781909817991,"85":-0.8624486432089249,"86":-2.2777105695005124,"87":-2.2777105695005124,"88":-4.261438312708218,"89":-4.261438312708218,"90":-3.5022698505595304,"91":-2.8923742311744425,"92":-3.090392592382205,"93":-4.298181814370331,"94":-1.6922013182924616,"95":-4.5769345596777935,"96":-4.159734722163137,"97":-3.5905138706620017,"98":-5.808036272629834,"99":0.19339783355650253,"100":-0.3747763819919463,"101":0.025266781713862763,"102":-0.4732665935601692,"103":-0.5900999136723892,"104":-1.2089377919711226,"105":-0.6622750230029419,"106":-0.5586629940453434,"107":-0.5123906866279442,"108":-1.0246249844179796,"109":-0.9829489472713426,"110":-2.140867536788921,"111":-1.0267407091928602,"112":-0.8817117328141415,"113":-0.9846311698992194,"114":-0.1433767155705099,"115":-0.4725411545057048,"116":-0.6469195968153016,"117":-0.89109296696929,"118":-0.7134279472915379,"119":-0.24478819035288435,"120":-1.1743245458278668,"121":-0.65417760310098,"122":-0.9461190689426262,"123":-0.7226651485713251,"124":-1.0780524207432638,"125":-0.45820639097897464,"126":-0.45820639097897464,"127":-0.8439309082868407,"128":-0.8352008166566232,"129":-0.6775253355308515,"130":-0.45820639097897464,"131":-0.45820639097897464,"132":-0.5907590319604932,"133":-0.5953337050795326,"134":-0.832059135063969,"135":-1.262717690707733,"136":0.2700252215114043,"137":-1.43173256127421,"138":-1.6820924724250936,"139":-0.24025016565013235,"140":-2.2277358511577283,"141":-1.1239108616809101,"142":-0.9007135546047436,"143":-0.43985109584147963,"144":-1.108422938895524,"145":-1.6030061364877568,"146":-1.0783509792726873,"147":-3.1813354793687854,"148":-0.8297876890382891,"149":-0.5593619877053153,"150":-0.3771557980227458,"151":-0.842089891030332,"152":-1.0945373315706561,"153":-0.8975325265343674,"154":-1.0054657114888021,"155":-0.9570211854140704,"156":-1.0100601141424375,"157":-0.6160782475650768,"158":-0.7410282637685639,"159":-0.619208820078549,"160":-1.4329491556326421,"161":-1.0203026549609566,"162":-0.662140047918369,"163":-0.650771599184452,"164":-1.2683300201592225,"165":-0.7145354236056818,"166":-1.027689717717752,"167":-0.8125183320541831,"168":-0.7748559297116229,"169":-0.857741644162068,"170":-0.7506920730236875,"171":-0.5632618954227315,"172":-0.47829096930698123,"173":-1.0002719767566826,"174":-0.9243419381464482,"175":-1.7685585098278174,"176":-0.5872792534620652,"177":-0.6703549552583061,"178":-1.4810030016068771,"179":-1.2869312248200742,"180":-0.765484743878158,"181":-0.5821575762621926,"182":-0.5841579281432288,"183":-0.4568277256587814,"184":-0.6207745888559952,"185":-0.6841051180020414,"186":-0.6216098916518908,"187":-0.7492367841175609,"188":-0.9026239598886296,"189":-0.9122204437333614,"190":-0.6589671579860035,"191":-1.5036596689839392,"192":-2.309855058512099,"193":-0.6492316509980034,"194":-2.0231276411936707,"195":-1.3653347564788685,"196":-1.532744197195719,"197":-5.088117388061929,"198":-7.078182193608582,"199":-3.7141664007199067,"200":-1.4280759523492925,"201":-0.8664599166713733,"202":-0.8664599166713733,"203":-1.1143486109099285,"204":-0.9359971906440485,"205":-0.42614442313974465,"206":-0.8793245566367744,"207":-0.9571879596937285,"208":-0.7040106804774279,"209":-0.478527804151472,"210":-0.7636674446949636,"211":-0.6525974562634904,"212":-0.9911515336163016,"213":-0.5844622550355452,"214":-0.6933271706480426,"215":-0.7101072602506635,"216":-0.8852951631534962,"217":-0.8671013016737297,"218":-0.7730675556838651,"219":-1.0981462984280597,"220":-0.8065650912698044,"221":-1.2468616240358241,"222":-1.4884272667523573,"223":-0.652189441460193,"224":-1.1771564571290756,"225":-1.4290517396524305,"226":-1.2706944540740173,"227":-0.8440881568708822,"228":-0.763806986697446,"229":-0.9302080908007009,"230":-0.6145881301647669,"231":-0.5758117202580935,"232":-0.44917128695293074,"233":-0.8991270669471099,"234":-0.6706509601654853,"235":-0.7935253984584312,"236":-0.8500973571746697,"237":-1.0185796633975723,"238":-2.045319262991931,"239":-0.5072205703911086,"240":-0.5072205703911086,"241":-0.5176231941673101,"242":-0.627879136519377,"243":-0.4434652370011063,"244":0.10632170362955895,"245":0.7310017911139254,"246":-0.742251653211889,"247":-0.48779116151206475,"248":-0.49215229549881223,"249":-0.40749751549473684,"250":-0.49596493236745176,"251":-0.8674422768912394,"252":0.14445971994307483,"253":-0.506997395113971,"254":-0.2605351600583282,"255":-0.5536020514662228,"256":-0.5536020514662228,"257":-0.7329772244416026,"258":-0.7329772244416026,"259":-0.269077141109217,"260":-0.269077141109217,"261":-0.8092692949390394,"262":0.011495513722192818,"263":0.12282712734325996,"264":-0.013672669078459765,"265":-0.27685720718457985,"266":0.15362970486830008,"267":-0.2741940261671954,"268":-0.2741940261671954,"269":-0.2741940261671954,"270":-0.0008532536173109229,"271":-0.0008532536173109229,"272":-0.5203772591461673,"273":0.08584606968373137,"274":0.19984693684056387,"275":-0.2906851339333698,"276":-0.9055368066709046,"277":-0.520992042289214,"278":-0.5721989550693625,"279":-0.39601502918030823,"280":-0.566590495199178,"281":-0.08475610157635205,"282":-0.13108982143154202,"283":-0.4804888372569476,"284":-0.22779499781904045,"285":0.032706395220198026,"286":-0.579499139166161,"287":-0.23944788938172695,"288":0.0025618423992656014,"289":-0.21936892641888184,"290":0.0447506058536391,"291":-0.14081867243998492,"292":-0.48532226770365217,"293":-0.5085331204071677,"294":-0.2847489265516195,"295":-0.676278011324557,"296":0.07931141882614257,"297":-0.6543207508743599,"298":-0.7822828077006587,"299":0.03040431631540097,"300":-0.366598587188953,"301":-0.08818705325965981,"302":-0.3680888220272467,"303":-0.40994822070201,"304":-0.24520076137357139,"305":0.006837380535169135,"306":-0.24520076137357139,"307":-0.2816652960302857,"308":-0.2396250228631588,"309":-1.22996617007182,"310":-0.47622387352033146,"311":-0.5662040339321843,