{"1":-0.10754257920317573,"2":-0.6311061694224837,"3":-0.06399317406143344,"4":0.0004086586242995731,"5":-0.02359742788036104,"6":-0.014961893589499646,"7":-0.048261271211934714,"8":-0.5220749757506697,"9":-0.5220749757506697,"10":-0.41252680164112765,"11":-0.41252680164112765,"12":-0.046579470939170003,"13":-0.046579470939170003,"14":-0.18424413208742865,"15":-0.18424413208742865,"16":-0.02067407832374573,"17":-0.02067407832374573,"18":-0.02067407832374573,"19":-0.00757445355813322,"20":-0.00757445355813322,"21":-0.06828973090707657,"22":-0.06828973090707657,"23":0.010323893554636183,"24":-0.030018910550613485,"25":0,"26":-0.010951202479035181,"27":-0.007293310363193535,"28":-0.019801288248517814,"29":-0.004240726186298012,"30":-0.02053890473188985,"31":-0.005030685966812706,"32":-0.025851581450245173,"33":-0.011953231558818712,"34":-0.016720541144261677,"35":-0.06435795054661855,"36":-0.06308144762239752,"37":-0.11906937377265195,"38":0.003334286570319603,"39":-0.07502356506423427,"40":-0.062489702000874725,"41":-0.22232628068493576,"42":-0.0949872327166057,"43":-0.09441181924714802,"44":-0.05809880589634056,"45":-0.17018871097239374,"46":-0.03783259677529738,"47":-0.009982278494161112,"48":-0.09045863361484552,"49":-0.1189944153411745,"50":-0.1189944153411745,"51":-0.09045863361484552,"52":-0.09045863361484552,"53":-0.08992203841603896,"54":-0.08992203841603896,"55":-0.11285246021945562,"56":-0.014703208016926326,"57":-0.02688865943899501,"58":-0.01739039702276403,"59":-0.020049329026898644,"60":-0.022367678765999377,"61":-0.025219480160197857,"62":-0.00291994933746257,"63":0.0026297382150648734,"64":0.0031956559222471367,"65":0.01082618346426361,"66":-0.08708817599068706,"67":-0.03743600283499085,"68":-0.1425588166757904,"69":0.05875087912080132,"70":-0.05984176754601468,"71":-0.03971538623076265,"72":0.009292944080980053,"73":-0.07837573823629672,"74":0.06054531780190481,"75":-0.12243045038196809,"76":-0.11685466892400881,"77":-0.023134560413755376,"78":-0.153154725060822,"79":-0.03885221491003331,"80":-0.09861783431196539,"81":-0.05593202190556522,"82":-0.09611342768339187,"83":-0.4307433944553126,"84":-0.02095251895796698,"85":0.0292242655247308,"86":-0.1449914820591733,"87":-0.1449914820591733,"88":-0.09657221023870902,"89":-0.09657221023870902,"90":-0.12559082831160326,"91":-0.2286931756920052,"92":-0.20979601210617646,"93":-0.12345132035983003,"94":-0.02730300879156883,"95":-0.5699710160467161,"96":-0.2148142928514018,"97":-0.07280458332349311,"98":-0.12313382277490822,"99":0.055117039014684954,"100":0.04318309816613271,"101":-0.03693477008527174,"102":-0.033825340869677784,"103":0.009977807533724056,"104":-0.07417305817418267,"105":-0.04663474733162787,"106":-0.03849042850128953,"107":-0.036102793641463564,"108":-0.07397553343500653,"109":-0.07255883574632385,"110":-0.12593377028775313,"111":-0.04739851828655631,"112":-0.047632839798777,"113":-0.06260217813414155,"114":-0.06461191041024417,"115":-0.03990875331551981,"116":-0.05480026589750777,"117":-0.03672782332901235,"118":-0.05791620676716441,"119":-0.08897612649540589,"120":-0.0903918777664541,"121":-0.0741750125188475,"122":-0.13369687896120552,"123":0.008701817903218265,"124":-0.1024892470606962,"125":-0.045038243274115645,"126":-0.045038243274115645,"127":-0.03296488102758331,"128":-0.01987947392332265,"129":-0.03719249660204651,"130":-0.045038243274115645,"131":-0.045038243274115645,"132":-0.09550752103776741,"133":-0.09749944064654376,"134":-0.01991347533306706,"135":-0.12313759910329791,"136":0.06838728346522865,"137":-0.1686698828154652,"138":-0.047408904048040296,"139":-0.03271478655649587,"140":0.09264071390117823,"141":-0.07135765882218012,"142":-0.1811564553657028,"143":-0.013919215002904356,"144":-0.06625053901010038,"145":-0.09579428993535312,"146":-0.04725890292952184,"147":-0.06747523152868096,"148":-0.062321207781560244,"149":-0.04109844816686548,"150":0.13275106637556955,"151":-0.03433918059467084,"152":-0.14535914318027887,"153":-0.14192560613666055,"154":-0.1096379080112531,"155":-0.15005627242687075,"156":-0.08430375877230852,"157":-0.12850883124152027,"158":-0.04841582747034931,"159":-0.0915222523482129,"160":-0.20321984753299488,"161":0.007169338451883223,"162":-0.023936374582261406,"163":-0.08167379103651022,"164":-0.17870792724465073,"165":-0.1437662767620758,"166":-0.05002527838822472,"167":-0.04778592793412928,"168":-0.00013956808466105558,"169":-0.036572074893119255,"170":-0.030804798912555668,"171":-0.03306899174487895,"172":-0.08743622400250842,"173":-0.08096018939980856,"174":-0.0683736112193704,"175":-0.17231544951768413,"176":-0.09926126770043195,"177":-0.08758240584888788,"178":-0.08670187210467871,"179":-0.09345754116355696,"180":-0.08805699211795726,"181":-0.07721705143385729,"182":-0.058454482858237254,"183":-0.08769259473859431,"184":-0.05134969395911397,"185":-0.043174096480800665,"186":-0.0627615466661412,"187":-0.08667699387909691,"188":-0.059228416357304865,"189":-0.1151683338486898,"190":-0.03663753235915594,"191":-0.1910547374209505,"192":-0.1303190776042526,"193":-0.028228667506645953,"194":-0.1232777877539835,"195":-0.06541895711006768,"196":-0.12610029873053027,"197":-0.3962027577426512,"198":-0.2953798027867043,"199":-0.14750641922088642,"200":-0.05995068631122322,"201":-0.03648882896996854,"202":-0.03648882896996854,"203":-0.12703185796799946,"204":-0.09958340685589442,"205":-0.0439108670077777,"206":-0.10967195968859755,"207":-0.049745825646330205,"208":-0.056130874340584266,"209":-0.08687012853777817,"210":-0.12822411126257355,"211":-0.053142346059324025,"212":-0.05870540681254858,"213":-0.06330845394335324,"214":-0.0630369159118652,"215":-0.07592061012555451,"216":-0.0752709559255701,"217":-0.03182832868376465,"218":-0.03665761053008836,"219":-0.06267298930712961,"220":-0.06925977648463427,"221":-0.07645155417775536,"222":-0.1394586655462361,"223":-0.07237110274493752,"224":-0.19262140208499665,"225":-0.12035316800965504,"226":-0.07677858267014367,"227":-0.06433138089113086,"228":-0.06410060195755002,"229":-0.10732129912753136,"230":-0.07815201612728126,"231":-0.06898664425860443,"232":-0.04264266808990247,"233":-0.09482403704114807,"234":-0.06175913938665553,"235":-0.08010014089322871,"236":-0.11032447299588155,"237":-0.04220707498218161,"238":-0.3067105703960632,"239":-0.040743726975213966,"240":-0.040743726975213966,"241":-0.12643479825060874,"242":-0.032436473041477024,"243":-0.05334925910468982,"244":-0.020333201027516304,"245":-0.021963540522732264,"246":-0.031844228604587695,"247":-0.039721596140053654,"248":-0.0662995768606529,"249":-0.07129952134584042,"250":-0.0021284217829288504,"251":-0.03254171393545871,"252":-0.012283630002787807,"253":-0.01824446655932139,"254":-0.0004967621245530194,"255":-0.16885561188451803,"256":-0.16885561188451803,"257":-0.022844597138711176,"258":-0.022844597138711176,"259":0.0029245024440182725,"260":0.0029245024440182725,"261":-0.1983156193753995,"262":-0.006851878882034229,"263":-0.010642347379079183,"264":-0.027975795105240762,"265":-0.06250124467788806,"266":-0.030286574863333367,"267":-0.13175233258665559,"268":-0.13175233258665559,"269":-0.13175233258665559,"270":-0.04409987607052217,"271":-0.04409987607052217,"272":-0.04387872135739944,"273":-0.026933756887859324,"274":-0.022155647120782142,"275":-0.012225066355396955,"276":-0.136663722011026,"277":-0.043777093184159274,"278":-0.06433340370247395,"279":-0.025900159753055936,"280":-0.06244031440534783,"281":-0.00748311520497284,"282":-0.050289162685441285,"283":0.004133775254623752,"284":-0.01842842400117942,"285":-0.03727470796473253,"286":-0.02493310636216699,"287":-0.05099439061703213,"288":-0.029606821411653245,"289":0.02469581067646584,"290":-0.003750535854612106,"291":0.008424809575093986,"292":-0.03228065133582004,"293":-0.06555196663555482,"294":-0.08793759759509864,"295":-0.024053589218021518,"296":-0.038463905335875105,"297":-0.03607329731566471,"298":-0.03095968630807061,"299":-0.05416606641306582,"300":-0.03564470329167889,