{"1":-2.1315927767865412,"2":-0.24366278200348912,"3":-0.049869375940733596,"4":-0.06460601566274538,"5":-2.4760758707916946,"6":-1.2104176762932335,"7":-1.1020962926679925,"8":-2.5926370140854935,"9":-2.5926370140854935,"10":-9.034798904112778,"11":-9.034798904112778,"12":-2.6972516425222275,"13":-2.6972516425222275,"14":-2.6424388334482916,"15":-2.6424388334482916,"16":-1.3652026285721282,"17":-1.3652026285721282,"18":-1.3652026285721282,"19":-0.5815505496221158,"20":-0.5815505496221158,"21":0.4039319405202919,"22":0.4039319405202919,"23":-0.6048615743694405,"24":-1.8558470150356343,"25":-0.587382944222817,"26":-0.7797599424456265,"27":-1.040887754930257,"28":-1.9293373159829976,"29":0.7817470287797508,"30":-0.7791413964003457,"31":-0.9275324789922181,"32":-0.8911720149879687,"33":-0.9395798216716831,"34":-1.3499452336256703,"35":-1.4788659623585039,"36":-0.9710418354684496,"37":-1.8550664165213764,"38":-0.9206647407971804,"39":-1.0300603036209406,"40":3.5089820524423256,"41":-0.391573878166529,"42":-2.5783155560895015,"43":-1.3236297184431973,"44":-1.7015690973730742,"45":-1.2587981675402506,"46":-0.4576386687101506,"47":-2.4197707355130893,"48":-0.9294316629470512,"49":-1.4694928096616486,"50":-1.4694928096616486,"51":-0.9294316629470512,"52":-0.9294316629470512,"53":-1.2347070536840992,"54":-1.2347070536840992,"55":-3.2185988157103687,"56":-0.14183275487817615,"57":-1.5398328873599936,"58":-1.1918386151602813,"59":-0.9904775984639447,"60":-1.977479484586052,"61":-0.8593988036090767,"62":-1.4359223344617225,"63":-3.4291466072960675,"64":-0.6124601407534616,"65":-0.7942479201501302,"66":-1.0611575668672226,"67":0.3869469993920771,"68":-2.2697336606789067,"69":0.7379117376743167,"70":-1.3238058385417375,"71":1.2098701245195524,"72":0.8223196742141017,"73":-1.870427073918111,"74":-0.570177735397448,"75":0.8576716440541823,"76":-0.38317154893997163,"77":-0.6326772299167023,"78":-0.9726893399292944,"79":-0.22749499990271094,"80":-1.3965508524608135,"81":-0.49584475421649854,"82":-0.20783533243277397,"83":-1.533928404092193,"84":-0.884347188760084,"85":0.11569130921012949,"86":-0.9952874246428767,"87":-0.9952874246428767,"88":0.21027472370502664,"89":0.21027472370502664,"90":-2.201270098408756,"91":-4.478209123234549,"92":-3.134201782351319,"93":-6.007003075556465,"94":-5.884915913229516,"95":-8.037201434077605,"96":-4.531503300679791,"97":-4.97751616323448,"98":-5.789699606564634,"99":-0.4043062098798469,"100":-0.6327462933809374,"101":-1.062008115399128,"102":-1.2006535729120342,"103":-1.096957426502235,"104":-0.6565190695192853,"105":-0.40553512338145836,"106":-0.6026518542979091,"107":-1.0026804136249627,"108":-1.642367875060042,"109":-0.6299153498666752,"110":-2.3003151065041703,"111":-1.2612812844092058,"112":-1.7500833816423973,"113":-1.6070323343727813,"114":-0.5445023581600141,"115":-1.2153389332019735,"116":-0.7189487072091194,"117":-1.1598286211612496,"118":-2.233613556445696,"119":-1.1655405770337328,"120":-1.43453535900783,"121":-1.3982998322079356,"122":-1.2076051010971005,"123":-2.292713946766234,"124":-1.164340051197699,"125":-1.3096334077518916,"126":-1.3096334077518916,"127":-0.6689489820996073,"128":-1.3578652914967275,"129":-1.0506873110975787,"130":-1.3096334077518916,"131":-1.3096334077518916,"132":-1.642895135706567,"133":-1.0930742588232052,"134":-2.008081057526348,"135":-0.1132365317572539,"136":-0.5505319789207075,"137":-1.228902566637517,"138":-2.344437718323329,"139":-0.2223923673049324,"140":-1.3236647403939106,"141":-0.5340086243505748,"142":-0.40801157865990056,"143":-0.13332917884451234,"144":-1.3397906721170258,"145":-1.5286446514520122,"146":-2.0320085372372674,"147":-1.9178166358358357,"148":-1.5509738920585934,"149":-0.77746858341041,"150":-0.2687273245147219,"151":-1.5353987542665952,"152":-1.5333062113826617,"153":-1.2279778904378658,"154":-1.613647141841298,"155":-1.2476949410283718,"156":-1.7987114027968842,"157":-1.3754186157424675,"158":-1.2179841271113343,"159":-0.6629680798688415,"160":0.45486911363916516,"161":-1.4747564948667757,"162":-1.2884012872379729,"163":-1.5785946851842088,"164":-2.4057985506037785,"165":-1.4611101428526854,"166":-2.3132233413084737,"167":-1.683186819098359,"168":-0.9095450495724795,"169":-1.2523765637277657,"170":-1.500829433526547,"171":-0.5166172899409833,"172":-1.172121946678733,"173":-1.7554723042049694,"174":-1.7043555695410135,"175":-2.013852954451245,"176":-1.2826059510442125,"177":-0.24361339420041972,"178":-1.5298714456637246,"179":-1.8739385955246433,"180":-1.1797553971719585,"181":-0.7447197766054872,"182":-0.7056330632818231,"183":-0.42181345839848117,"184":-0.3992755278266562,"185":-0.8404471602734147,"186":-0.7593584781191378,"187":-0.710426015921233,"188":-1.2992236971952913,"189":-1.2274151598770209,"190":-1.4061100375878968,"191":-1.7993264357171794,"192":-1.319607951563782,"193":-1.616924508548792,"194":-2.481104352907639,"195":-2.1403803344509553,"196":-2.0957632161933004,"197":-6.911658957172321,"198":-5.668917036600826,"199":-2.2092682136859843,"200":-1.000520568475467,"201":-1.3297011933134026,"202":-1.3297011933134026,"203":-1.6209646781298346,"204":-1.6407599195696885,"205":-1.073020460547016,"206":-1.6614086064350557,"207":-1.9359273216816297,"208":-1.0845120750271815,"209":-0.88113153638424,"210":-0.9891967371445984,"211":-0.9786142480398325,"212":-1.8398370689652528,"213":-1.2664927091259588,"214":-1.018997223427849,"215":-1.806465218589501,"216":-2.040187788582126,"217":-1.6189175705479806,"218":-1.463090871391628,"219":-1.9514379195334333,"220":-2.3502862489682657,"221":-2.3143157698976955,"222":-3.095207715513201,"223":-1.6749987296242212,"224":-2.5092262505908147,"225":-3.218232845002129,"226":-3.2758424252175424,"227":-1.6300474657691106,"228":-1.8565646813055094,"229":-2.401467996433848,"230":-2.325844813216312,"231":-1.9455663125395657,"232":-1.047576913384698,"233":-1.657195992757495,"234":-1.4301312847042973,"235":-2.3577208364313225,"236":-1.9563202271542606,"237":-2.900941112615993,"238":-2.169993339991244,"239":-1.2056988563294606,"240":-1.2056988563294606,"241":0.7226937749503071,"242":-1.1468877298829938,"243":-0.9375258942377509,"244":-1.1601224087281672,"245":-0.8351314632781908,"246":-1.4923980971924258,"247":-0.3630554366828388,"248":-0.8108594132756368,"249":0.22196621889013246,"250":-0.5071176583445685,"251":-1.6094515169070647,"252":0.14897577894582953,"253":-0.44211348726609034,"254":0.11048959746949616,"255":0.04125451038944872,"256":0.04125451038944872,"257":0.06009190526687869,"258":0.06009190526687869,"259":-0.49715293390780446,"260":-0.49715293390780446,"261":-0.48291302068911,"262":0.7765000565795401,"263":-1.0093841120450575,"264":-0.5396990278632013,"265":-0.7279432922655644,"266":0.14777207375632895,"267":-1.2174469822498803,"268":-1.2174469822498803,"269":-1.2174469822498803,"270":-0.5231226400473599,"271":-0.5231226400473599,"272":-1.6492290202141016,"273":-1.1550355867840008,"274":-1.7761483451790934,"275":0.7246737447467373,"276":-1.4464957967026635,"277":-1.142756194325214,"278":0.8270071614599992,"279":-1.1089195878829365,"280":-2.2734116760945504,"281":-1.2221688021651613,"282":-0.7170920684242977,"283":-0.32707841416560957,"284":-0.3268697436690431,"285":-0.8750013653691413,"286":-1.0136895966642807,"287":-0.1075918692693183,"288":0.4104928773347729,"289":-1.6141435653233733,"290":-1.8742730529638765,"291":-1.18520932810187,"292":-2.039781937318878,"293":-1.8282573525110053,"294":-0.5744732141361405,"295":0.6469779512855011,"296":-0.9499194643581693,"297":-1.199337912887991,"298":-2.3064721587415877,"299":-0.5618763388847914,"300":-1.3778397437445564,"301":-0.3243650616463629,"302":-0.48669412169967785,"303":-1.583663234284602,"304":-1.1581237532528852,"305":-0.4930073488440261,"306":-1.1581237532528852,"307":-0.6034317776886129,"308":-0.4403240299812521,"309":-1.9218112360839008,"310":-1.0387815329224437,"311":-1.1265638004065548,"312":-1.0424845925833393,"313":-0.9684337226256434,"314":-1.2194847028008862,