{"1":-0.024276616485711198,"2":-0.046683660331614266,"3":0.1169497682487573,"4":-0.0009842054706076936,"5":-0.01792236958578439,"6":-0.06030701754385965,"7":-0.036526283114834426,"8":-0.10339941553039536,"9":-0.10339941553039536,"10":0.045692782353525696,"11":0.045692782353525696,"12":-0.032503634790598784,"13":-0.032503634790598784,"14":-0.01538258339542127,"15":-0.01538258339542127,"16":-0.008220797988570581,"17":-0.008220797988570581,"18":-0.008220797988570581,"19":-0.08831977355779738,"20":-0.08831977355779738,"21":-0.03931799376674705,"22":-0.03931799376674705,"23":-0.02733292657380062,"24":0.00904272591173183,"25":0.04310344827586207,"26":-0.021017648006349615,"27":-0.051025410807639476,"28":-0.06074547645365916,"29":0.014408046542432523,"30":0.04311914550389022,"31":0.13345602341818605,"32":-0.03390821241748748,"33":0.09392792916201709,"34":0,"35":-0.12334121017543392,"36":-0.10368750434533391,"37":-0.056790640138848936,"38":-0.024324035989480075,"39":-0.10130246235139123,"40":-0.24883225511695078,"41":-0.47363152105656897,"42":-0.2124065701418908,"43":0.059319174666417784,"44":-0.11092952375018034,"45":-0.20655910344773393,"46":0.04744628406591983,"47":-0.1719119847977631,"48":-0.04081163701232082,"49":-0.15083716933774272,"50":-0.15083716933774272,"51":-0.04081163701232082,"52":-0.04081163701232082,"53":-0.22296031185648263,"54":-0.22296031185648263,"55":-0.0936100751627933,"56":0.0020753448838100874,"57":0.03562316701983817,"58":-0.11571509396704079,"59":-0.03749326406983537,"60":0.26808165186868615,"61":0.14394423252606567,"62":0.04307289055185394,"63":-0.0017774896143550947,"64":0.03715019860124326,"65":0.18300122000813338,"66":0.36612476615199757,"67":0.2596646669739767,"68":0.40269883764195913,"69":0.01909710877196652,"70":-0.11957351395933913,"71":0.06565117326398207,"72":-0.023287575666758487,"73":-0.03458378457590133,"74":0.04185390411738349,"75":0.11482404499084753,"76":-0.18653071863336185,"77":-0.033677294891502396,"78":0.13412687749957297,"79":0.04800296841393975,"80":0.024007682061172653,"81":-0.04249852776013571,"82":0.102511069798297,"83":-0.24486576563906923,"84":-0.05390990396240053,"85":0.014461309366885833,"86":0.004432971608114011,"87":0.004432971608114011,"88":-0.07395819786588881,"89":-0.07395819786588881,"90":-0.35520964874123595,"91":-0.15431008795218282,"92":-0.5860927036769503,"93":-0.14595852415010535,"94":0.10530746992495676,"95":-0.5243607308377567,"96":-0.22594647729306372,"97":0.3534672960437798,"98":0.07570113839038073,"99":0.32568051290382755,"100":0.24375130217375302,"101":0.08151071443916649,"102":0.03911017488917029,"103":0.021122182403710887,"104":-0.03243908693713643,"105":0.05433969737731756,"106":0.11884739937492458,"107":0.047529673626412874,"108":0.055787309002327645,"109":0.04994351618719717,"110":-0.08400997621660389,"111":0.016555696805605202,"112":-0.006070313279459255,"113":-0.03321201814240765,"114":-0.24056899112262914,"115":-0.006681753846296504,"116":-0.03774692981735084,"117":-0.00130381193703899,"118":-0.14290144343103567,"119":-0.05281216977413761,"120":-0.09608265612376427,"121":-0.014125704528304306,"122":-0.08705551876253209,"123":-0.08730846316317795,"124":0.029992001491201792,"125":-0.05612239214637674,"126":-0.05612239214637674,"127":0.36143409005320526,"128":-0.1038069384478843,"129":-0.02238251948088099,"130":-0.05612239214637674,"131":-0.05612239214637674,"132":0.1967135476443828,"133":0.3203903739088389,"134":0.11430317503624343,"135":0.018560661408605184,"136":0.14588520033246608,"137":0.29269086936880334,"138":-0.020494505376242422,"139":0.37221355594867334,"140":0.10447353098952955,"141":0.14359729441216604,"142":0.5273616557942997,"143":-0.023640347447473287,"144":0.055450079391204554,"145":0.23054210455539614,"146":-0.09427235300092601,"147":0.1629046660057202,"148":0.05664490268754652,"149":-0.022487549305024557,"150":-0.06030445503497567,"151":-0.08854165623503107,"152":0.03933557068028204,"153":-0.0563804285457509,"154":0.019443158485878215,"155":-0.052020698821536024,"156":0.005464544681417771,"157":-0.12319839211986205,"158":-0.09632880800762572,"159":0.04637474586890744,"160":0.015990753372149558,"161":-0.013969445791882529,"162":0.02154095857554253,"163":-0.01400474228918043,"164":-0.24936766349907746,"165":-0.059807784659281826,"166":-0.23544925454877097,"167":-0.044675049219125545,"168":-0.050304708294253764,"169":-0.09995920500182848,"170":0.019534263741839808,"171":0.07899008220777762,"172":0.04016944878499237,"173":-0.0291835362405429,"174":-0.05896809225427363,"175":-0.0688720451328842,"176":-0.007125329899341365,"177":-0.10407857185631217,"178":-0.07358923535389714,"179":-0.00942630110015849,"180":0.02085362428976291,"181":-0.0811736043600674,"182":-0.06304729513384945,"183":-0.034073363800096165,"184":-0.02311807676029204,"185":-0.05472733975888272,"186":-0.1631361967080706,"187":-0.05069977126944816,"188":-0.027923146494924278,"189":-0.035249757576495636,"190":0.032599049568399346,"191":-0.0003400923160305491,"192":-0.04289048508631693,"193":-0.034958763811010346,"194":0.014833894987449081,"195":-0.15749913837868748,"196":-0.1303808328978115,"197":-0.14382051095359139,"198":-0.0007129059029355456,"199":-0.09341711474978825,"200":-0.052379112641889464,"201":0.03187523771494999,"202":0.03187523771494999,"203":-0.017051940331864288,"204":-0.02829359419533503,"205":-0.22788759013293583,"206":-0.038592488531921265,"207":-0.055671521577065355,"208":-0.07237935929070784,"209":-0.07783729142936519,"210":-0.10276496262144791,"211":-0.035724019795360246,"212":-0.11542366300557505,"213":-0.03448925610918829,"214":-0.020534319839787013,"215":-0.020613139429237926,"216":-0.1503216293328938,"217":0.030150910212049624,"218":-0.08904712766242427,"219":-0.08219289975771751,"220":-0.1284263390887535,"221":-0.11018253134081807,"222":-0.14182400658331748,"223":-0.03884274625050091,"224":-0.05353834709081673,"225":-0.013990353063630959,"226":-0.0477424013226701,"227":-0.24564314829143793,"228":-0.10555425935413401,"229":-0.084929751453941,"230":-0.06385126440601324,"231":-0.12501526281244252,"232":0.03880922009004745,"233":-0.0875492052211667,"234":-0.11967201615160278,"235":0.02159616346351151,"236":-0.05625324029154369,"237":-0.15383533075615374,"238":-0.047817948395496274,"239":-0.04641541028322049,"240":-0.04641541028322049,"241":-0.05307671422476362,"242":0.1395925468641514,"243":0.31162066924883003,"244":-0.18976876095940753,"245":0.05778907307603892,"246":0.9031517923259516,"247":0.29960126434810896,"248":-0.14702790956220746,"249":0.11596409798380601,"250":-0.029779630732578916,"251":-0.05549297675421766,"252":0,"253":-0.017130839069980835,"254":0.026804189898610782,"255":0.019011365853205814,"256":0.019011365853205814,"257":0.17846924177396278,"258":0.17846924177396278,"259":0.08552900191419527,"260":0.08552900191419527,"261":0.11043382161441974,"262":0.2746437357290421,"263":0.1905472272031796,"264":0.17454650841116573,"265":0.752056420174189,"266":0.1828733206653561,"267":-0.02167543785618506,"268":-0.02167543785618506,"269":-0.02167543785618506,"270":0.2817110455838844,"271":0.2817110455838844,"272":-0.05294222841974802,"273":-0.11640576402941291,"274":0.041712545108219534,"275":2.694983036762089,"276":0.44586876241547513,"277":1.04786123645047,"278":0.8984954244900081,"279":0.07119757150644679,"280":0.5115237171493233,"281":-0.38247235203315644,"282":0.361574244041867,"283":0.7473548510313215,"284":-0.145442746913366,"285":-0.3526094095809239,"286":-1.18189659962012,"287":0.5072102432245928,"288":0.19521057744270165,"289":-0.1739646219461765,"290":-0.137848798947333,"291":-0.4540739046007498,"292":-0.09160742478784129,"293":-0.0882963542718111,"294":-0.08022864658421225,"295":0.30213553866235376,"296":-0.09668736135131784,"297":-0.4123519867375989,"298":-0.456774055870933,"299":0.8397377601043434,"300":-0.19224951287013375,"301":-0.36797976667437204,"302":-0.3253380326835249,"303":-0.2633344256113246,"304":-0.06475420672586651,"305":-0.17571989358704407,