{"1":0.04314761879078798,"2":0.03919372900335946,"3":0.14642403541338192,"4":0.04940711462450593,"5":0,"6":0.016969285593076533,"7":-0.06996077454868876,"8":0.004670820972141268,"9":0.004670820972141268,"10":-0.0006018465334567402,"11":-0.0006018465334567402,"12":0.0027087088365178556,"13":0.0027087088365178556,"14":0.01500646078892735,"15":0.01500646078892735,"16":0.015555903243375274,"17":0.015555903243375274,"18":0.015555903243375274,"19":-0.014789398242052415,"20":-0.014789398242052415,"21":-0.0030807115664365226,"22":-0.0030807115664365226,"23":0.004892105153148897,"24":0.10454461790385185,"25":-0.6275862068965518,"26":0.0025536121289752856,"27":0.06213048847340244,"28":0.08039232283399224,"29":0.17755681818181818,"30":0.030232275405707887,"31":0.09280401270597388,"32":0.016627868307283005,"33":-0.05068569011984277,"34":-0.0342868292229449,"35":0.16006322941033457,"36":0.18866307782142966,"37":0.10420638516945405,"38":0.20293962001416535,"39":0.10410184968784482,"40":0.02747313271352414,"41":0.0792428595302092,"42":0.09751971148531421,"43":0.09867183006687738,"44":0.0752439008988912,"45":0.1941709956539849,"46":0.07578652557579717,"47":0.06265974246608841,"48":0.1966785289093765,"49":0.16031821012312175,"50":0.16031821012312175,"51":0.1966785289093765,"52":0.1966785289093765,"53":0.14987763397426096,"54":0.14987763397426096,"55":-0.030101377351717307,"56":0.022840175869354194,"57":-0.015471399736880971,"58":0.046654225539856035,"59":0.04908776134115588,"60":0.10002056550305716,"61":0.037880061191069916,"62":0.033111212284259756,"63":-0.003245368271770044,"64":0.0049681584092709785,"65":0.1423342822285482,"66":0.09173802185349271,"67":-0.0031665458201657615,"68":0.12662852748966053,"69":0.12939166847460992,"70":-0.05470989731451309,"71":0.06110779568291806,"72":0.136566679232363,"73":0.08257073913052422,"74":0.113446506912912,"75":0.11110424766239482,"76":0.16503746882956088,"77":0.03206887226862602,"78":0.03200299279279156,"79":0.028093348455273462,"80":-0.10025630515951656,"81":-0.03825177146602905,"82":0.21795699626006712,"83":-0.06788180449764639,"84":0.10959430703874892,"85":0.13699573929174536,"86":0.1480391217667151,"87":0.1480391217667151,"88":0.13256936671096023,"89":0.13256936671096023,"90":0.1542343075077593,"91":0.09211179200195269,"92":-0.055386311848106384,"93":-0.0639306071473755,"94":0.3716304597540878,"95":0.06461827555596553,"96":0.13603522074262808,"97":0.005083662416800083,"98":-0.13721060863488632,"99":0.16549832249933982,"100":0.11207848128410888,"101":0.11593193080943548,"102":0.04559863864426342,"103":0.051790235553688876,"104":0.11938167559787338,"105":0.022916833573953646,"106":0.13727295746395837,"107":0.014209025774639644,"108":0.2145301316561763,"109":0.12542181967611665,"110":0.10584709724052183,"111":0.13432687959304418,"112":0.05063171144588369,"113":0.060119267752002964,"114":0.07036734411980447,"115":0.03477094475635535,"116":0.08334074506386965,"117":0.39272435951559576,"118":0.21940287007096798,"119":0.34286856340894417,"120":0.015787459049682373,"121":-0.02301647287711711,"122":0.11198955476458358,"123":0.04779424437909913,"124":0.08753006327520671,"125":0.05457667830756355,"126":0.05457667830756355,"127":0.28574520996260266,"128":0.11075762961965485,"129":0.13450827673716131,"130":0.05457667830756355,"131":0.05457667830756355,"132":0.0798067581600378,"133":0.1235663053171187,"134":0.0643804591390904,"135":0.0434609673292355,"136":0.019208587756598436,"137":0.03514791691714192,"138":0.10544168085796982,"139":0.05633876982623571,"140":0.07260289477627224,"141":0.14149523243292877,"142":0.005961089941222339,"143":0.08843171310200745,"144":0.03285211984558361,"145":0.04304113074424949,"146":0.02012491307945552,"147":0.07844756017117502,"148":0.0107211775146446,"149":0.020340420114289475,"150":0.04985415033322962,"151":0.015535838161504917,"152":-0.022917515463535685,"153":0.019596444784114993,"154":0.02367863507796161,"155":0.019241763274748733,"156":0.04063625533767065,"157":0.053167222153620464,"158":0.06610158434944632,"159":0.03824272330029829,"160":-0.02871481889253305,"161":-0.013746151521137895,"162":0.061987873622222654,"163":0.05204002117556579,"164":0.0910004432619523,"165":0.11789626408035972,"166":0.08035821895214629,"167":0.1458070264880104,"168":0.14919648636987887,"169":0.3078818549077893,"170":0.024269874446647355,"171":0.1769727340528859,"172":0.036377576831073774,"173":0.05795366098739001,"174":0.1430709596063179,"175":0.10688207522523042,"176":0.03868134426963905,"177":0.09429514059563929,"178":0.025117517746032214,"179":0.02354805590502504,"180":0.033667675625840277,"181":0.0415679428025107,"182":0.032154450838263474,"183":0.025936631504413128,"184":0.0349803109649379,"185":0.04224428097438839,"186":0.050395966815910714,"187":0.01881606313306136,"188":0.10384812241891492,"189":0.045115772474948,"190":0.03443707580481964,"191":0.014303619570755332,"192":0.034408881247250445,"193":0.04464932929531315,"194":0.026289725050406387,"195":0.01164710304230223,"196":0.09265463738739965,"197":0.07141035114069244,"198":0.14267065146324404,"199":0.1401144661060643,"200":0.12159764060945447,"201":0.006302720763917354,"202":0.006302720763917354,"203":0.03246573195699866,"204":0.03600127287863446,"205":0.07629555725101238,"206":0.036208421744629515,"207":0.03419233735506122,"208":0.03256646186537818,"209":0.011260597534008134,"210":0.04363419848366383,"211":0.06123605980238173,"212":0.06110998306743747,"213":0.030811497823937967,"214":0.05276408424162936,"215":0.04874377250341062,"216":0.04387131072932006,"217":0.02308379548063301,"218":0.03406100559610104,"219":0.022517124042454765,"220":0.01597908840831684,"221":0.03321675965362307,"222":0.1263314098465698,"223":0.08354753345537275,"224":0.06279858267298755,"225":0.03235572811943886,"226":0.1094316548325342,"227":-0.042133903712727294,"228":0.034330740695635534,"229":0.03948752694460486,"230":0.09513309160484093,"231":0.04378930784080898,"232":0.06226660889238561,"233":0.021676206973770172,"234":0.032615998653691615,"235":0.09853608385685607,"236":0.08815107127191482,"237":0.07137626371605045,"238":0.06022304353670993,"239":0.02767444860038947,"240":0.02767444860038947,"241":0.3113153430490939,"242":-0.0818163657331514,"243":0.43091156154580335,"244":0.5812263116195298,"245":1.557271844908176,"246":-0.20738952851764975,"247":-0.0481384276538781,"248":0.23457662519772765,"249":0.1909307875894988,"250":0.042581638769846025,"251":0.08369483457876876,"252":-0.06676401318581107,"253":0.09692025582053013,"254":-0.09504313857185893,"255":-0.022470534492176703,"256":-0.022470534492176703,"257":0.08887696709585119,"258":0.08887696709585119,"259":0.14687869516572902,"260":0.14687869516572902,"261":0.05177055290950507,"262":0.030202613624007835,"263":0.01746240380582282,"264":-0.054655561556735316,"265":0.13619012929006516,"266":-0.19555442380903004,"267":0.017642040664870604,"268":0.017642040664870604,"269":0.017642040664870604,"270":0.2149094188673205,"271":0.2149094188673205,"272":0.011394063692816044,"273":0.39822331137999695,"274":0.06893955833460588,"275":-0.005263435260354034,"276":-0.025030317655988264,"277":0.1670091439211086,"278":0.2538023555314607,"279":-0.10171932031242277,"280":-0.13472411272947588,"281":-0.010277418785069166,"282":0.1330671989354624,"283":0.7797650878533231,"284":0.2636382072601906,"285":0.06896551724137931,"286":-0.021174154799271636,"287":0.423728813559322,"288":0.010178268898591948,"289":0.6541787632437337,"290":0.4516659292984345,"291":1.013850652892842,"292":0.8768772441249673,"293":0.3632535843704768,"294":0.21408573468669076,"295":-0.037221524318641286,"296":0.10883806723519512,"297":0.2533427163969036,"298":0.31976839356235087,"299":0.7384005400503165,"300":0.44759650096061104,"301":0.3579122457926027,"302":0.6063870336522579,"303":0.2772945098324022,"304":0.3157331768716342,"305":0.22724167464176614,"306":0.3157331768716342,"307":0.07369607411388718,"308":0.08747072480478031,"309":0.13674643425637573,