{"1":-0.03801951030017542,"2":0.1574852594722272,"3":-0.15227572570354192,"4":0.2167817635425307,"5":0.14330554753562127,"6":0.1650935700720126,"7":0.15798840159476646,"8":0.19697002023426757,"9":0.19697002023426757,"10":0.4308027116637243,"11":0.4308027116637243,"12":0.16099470033415103,"13":0.16099470033415103,"14":0.16320607182561214,"15":0.16320607182561214,"16":-0.004663580365871722,"17":-0.004663580365871722,"18":-0.004663580365871722,"19":0.10161242912834476,"20":0.10161242912834476,"21":0.1988900754230496,"22":0.1988900754230496,"23":0.029494485793394504,"24":0.12385292601262327,"25":0.10692255969551762,"26":-0.11062450145802022,"27":0.052023231370344286,"28":0.09750337369213335,"29":0.09681003531137272,"30":-0.10329260441601507,"31":-0.013108114643455682,"32":-0.013454789183791283,"33":0.06036180633349128,"34":-0.04449961740726835,"35":-0.08912291187597798,"36":-0.0227432335352179,"37":0.030857965857666037,"38":0.054369149019066976,"39":0.11642782525331932,"40":-0.03286866151076201,"41":-0.05088694120819137,"42":-0.059545980030290324,"43":0.037206968144932934,"44":0.065590161992852,"45":-0.016912019277241785,"46":0.08536951254222486,"47":0.000686123300269903,"48":0.11099916778832075,"49":-0.06550576004862907,"50":-0.06550576004862907,"51":0.11099916778832075,"52":0.11099916778832075,"53":0.04425235799451169,"54":0.04425235799451169,"55":-0.01870475922033757,"56":0.056001474695534514,"57":0.0181785040176623,"58":0.18091464653195138,"59":0.1068038279779136,"60":0.011768478015868777,"61":0.1687630175248484,"62":0.06223077593738269,"63":0.1407633742099712,"64":0.03262382788131543,"65":0.024956324015661058,"66":0.1896264826966491,"67":0.14387716410773743,"68":0.1258299164287051,"69":0.0019563545365617885,"70":-0.054962288643081614,"71":-0.007101868976506331,"72":-0.004288200353296107,"73":0.10596911400624237,"74":0.06309309547472192,"75":-0.15981393187253595,"76":0.022496722950554493,"77":0.022514385538986603,"78":-0.06212415176058822,"79":0.03805832785331448,"80":0.04957511205022236,"81":-0.07510259204005987,"82":-0.16019720212759475,"83":0.0038749127097165714,"84":0.04583905429656049,"85":-0.06801409627069227,"86":-0.10255313582828313,"87":-0.10255313582828313,"88":-0.1131694399548917,"89":-0.1131694399548917,"90":-0.025168410689086596,"91":-0.016400710221439352,"92":-0.030048709191995426,"93":0.019794039186479928,"94":-0.12634087835323898,"95":-0.007129642576461814,"96":-0.11788181498853817,"97":-0.03293270404964821,"98":0.06724284259048369,"99":0.11316669951564817,"100":0.1520341134508644,"101":0.025852634821479314,"102":0.03807409684991109,"103":-0.07262032471112592,"104":-0.027496041852572983,"105":0.03634473984914155,"106":0.32144840069844405,"107":-0.04080666372205599,"108":0.05091756274767101,"109":0.06668320316071369,"110":-0.05246524364616262,"111":-0.041641908701987806,"112":0.03467724462253852,"113":0.044982947883849156,"114":0.025833284633996312,"115":0.10629412854739297,"116":0.07888088032713209,"117":-0.16173217977618126,"118":-0.13613546802500565,"119":0.06379307134589934,"120":0.08578512273310637,"121":0.05551017554717658,"122":0.03232343968246387,"123":0.040471361913258286,"124":0.02559745696342497,"125":0.020974058274939644,"126":0.020974058274939644,"127":-0.12372664244110432,"128":-0.10590216926189866,"129":-0.042415666365177934,"130":0.020974058274939644,"131":0.020974058274939644,"132":0.18687647079828518,"133":0.14187151710499785,"134":0.13114625339559816,"135":0.11589403480878202,"136":0.18491961485789626,"137":0.39092378406819095,"138":0.16458908621374474,"139":0.3422066208327493,"140":0.03560704666548031,"141":0.08060502496857624,"142":0.5102827639622927,"143":-0.02709468937208931,"144":-0.0016220477120426624,"145":0.4414785569377711,"146":0.09710240913188195,"147":0.29764337916793876,"148":0.051189136426726956,"149":-0.026561432397210205,"150":0.003191130018276811,"151":-0.11902871186096159,"152":0.09453407645771589,"153":0.009786403576029001,"154":0.0340986156896575,"155":0.03270799392645932,"156":0.12381618834337632,"157":0.10076595959378276,"158":0.062452393809315165,"159":-0.025460359726212967,"160":0.049773224937285365,"161":0.008592388413968866,"162":-0.010476870792308302,"163":0.08769198014317892,"164":0.1347787227302677,"165":-0.012170595291335129,"166":0.04163412119222221,"167":-0.009716082641693047,"168":-0.0005637267266667134,"169":0.09245223947727385,"170":-0.02814802304960634,"171":-0.13770279273948344,"172":0.03865943872908534,"173":0.2164675794781945,"174":0.04260246841045545,"175":0.1668138960499288,"176":0.056260849259761186,"177":0.09750449981433928,"178":0.10646186984884493,"179":0.019479613471103996,"180":0.01905920719519702,"181":0.0913506647921121,"182":0.0294806012624646,"183":0.10773137351690337,"184":0.09254604981979736,"185":-0.01835323356862878,"186":0.11431758817487359,"187":-0.011920013230927173,"188":0.13624684099967926,"189":0.19151592798022915,"190":0.12139684641804294,"191":0.14429661491460088,"192":0.14931538843456849,"193":0.01908622676858507,"194":0.03061312389722326,"195":-0.025987606063149482,"196":0.209419597246205,"197":0.09591722313447915,"198":0.08830311485923115,"199":0.0934016524751815,"200":0.018136555231705764,"201":0.14247016779404442,"202":0.14247016779404442,"203":0.04365230438580775,"204":0.059111736563199485,"205":0.04339121730321199,"206":0.04709188632392192,"207":-0.004025555526343344,"208":0.006941225421071062,"209":0.027554687535722322,"210":0.0634789714578448,"211":-0.0013213122888344753,"212":-0.04705200396791859,"213":0.013488454464459149,"214":0.07367410608659541,"215":0.004185633165492253,"216":0.11710806009746477,"217":0.13393366444683996,"218":0.15674207169245796,"219":0.13468614633469445,"220":0.012751109248004766,"221":-0.0026308333077637025,"222":0.07885361037548505,"223":0.06410658542856712,"224":0.06685666776395865,"225":0.058900661866823634,"226":0.018200367623968594,"227":-0.09856720474068398,"228":0.011454644346115928,"229":-0.011721698720236928,"230":0.08439111586625758,"231":0.0906899620958026,"232":0.07967060988931557,"233":0.1480200166387861,"234":0.06862580350110603,"235":0.04565609171903884,"236":0.15792608969382732,"237":-0.012098257884747332,"238":-0.16041514604449492,"239":-0.18911190569108471,"240":-0.18911190569108471,"241":0.09662652916271913,"242":0.15715058508602386,"243":0.13141887346532738,"244":-0.06350102609120867,"245":-0.09379708730111921,"246":0.22861369292895328,"247":0.11211500482692405,"248":0.5097439838284477,"249":0.04273253811620241,"250":0.19500380356102912,"251":0.14445173827830265,"252":0.09443833459792947,"253":-0.013716195702252992,"254":0.030967066805282398,"255":0.1258977336408718,"256":0.1258977336408718,"257":0.03201369217124503,"258":0.03201369217124503,"259":0.05994981129349644,"260":0.05994981129349644,"261":0.1734487211985103,"262":0.28729662535210193,"263":0.24522828724974688,"264":0.38182500848067646,"265":0.2832291242256948,"266":0.24102454086324016,"267":0.13395929522686784,"268":0.13395929522686784,"269":0.13395929522686784,"270":0.4500150412574248,"271":0.4500150412574248,"272":-0.07490539312701977,"273":0.03456180703847281,"274":-0.005190649291703986,"275":0.07266458952808841,"276":-0.3258880955835868,"277":-0.02753045149088562,"278":0.05255405587438167,"279":0.11792342764203262,"280":-0.015330442018215706,"281":-0.07674831866742515,"282":-0.6136319534586188,"283":-1.2629143297757046,"284":-0.11713529587045823,"285":-0.1787651407283513,"286":-0.382794965936769,"287":0.29650791118362985,"288":0.5053391090620908,"289":-0.0024529003135121408,"290":-0.062268575011213134,"291":-0.5093032985945127,"292":-0.06925992170355516,"293":0.12708090405283212,"294":-0.278868932622232,"295":-0.001087152606606967,"296":-0.12221597682933727,"297":-0.11663720497768659,"298":-0.34394357218589666,"299":0.4867560421812867,"300":-0.019389636811207922,"301":0.1169050112506112,"302":0.09345780381117996,"303":0.14825917403095928,"304":0.06268955936005638,"305":0.2398592659447965,"306":0.06268955936005638,