{"1":0.6590755883833408,"2":-0.04078085523547159,"3":1.0613300097752765,"4":0.03966348046548962,"5":0.049891119098247394,"6":0.12332967898279557,"7":1.428137177536676,"8":-0.9310165214166544,"9":-0.9310165214166544,"10":-0.6190836756111651,"11":-0.6190836756111651,"12":-1.494706310378957,"13":-1.494706310378957,"14":-0.13201176179029073,"15":-0.13201176179029073,"16":-0.1598906938103295,"17":-0.1598906938103295,"18":-0.1598906938103295,"19":0.5351650191325494,"20":0.5351650191325494,"21":1.8977113025295935,"22":1.8977113025295935,"23":0.25322600875892665,"24":0.005034432961423363,"25":0.027011494252873525,"26":-0.3754696764980441,"27":-0.3207866750800843,"28":-0.3607177592553863,"29":0.27919139501544565,"30":0.4529403008976387,"31":0.5970994881798548,"32":-0.8739025263273987,"33":-0.258233601721217,"34":0.23243430001698462,"35":-0.7478362524742295,"36":0.9956642101510065,"37":0.6386096315971201,"38":0.7464975579623747,"39":0.8485541430292036,"40":-0.778160302888173,"41":-0.5700613178535807,"42":-0.7585349731433313,"43":-1.0797406045678848,"44":-0.004560061485029188,"45":-3.061054308161026,"46":-0.8653766201318795,"47":-2.106204612394147,"48":-0.05499027752162711,"49":-0.943307904603758,"50":-0.943307904603758,"51":-0.05499027752162711,"52":-0.05499027752162711,"53":0.10864367489679516,"54":0.10864367489679516,"55":-1.1329703594667428,"56":0.3493332812283916,"57":-0.29824113614044356,"58":-0.4070900915761708,"59":-0.8050482120442743,"60":0.09591121427316374,"61":-0.0447414871185301,"62":0.11883638417170239,"63":-0.30491535884401566,"64":-0.48778093028747826,"65":0.306094855574242,"66":0.9897631968426248,"67":0.0645379397341106,"68":2.101425306677614,"69":-1.0299081739075886,"70":-2.3382146499983545,"71":-0.781997227020998,"72":-0.767420495303254,"73":-0.21624602889682887,"74":-1.3001765117525066,"75":-0.8312720234346305,"76":-0.8968680920754863,"77":-0.9852244969860466,"78":-0.2845354512388285,"79":-0.3756065308314387,"80":-0.8101271140679298,"81":-0.44843800105710585,"82":1.016948595917249,"83":0.07382472828088638,"84":0.9116925754624461,"85":1.1707689440236724,"86":0.7039331168627303,"87":0.7039331168627303,"88":-1.3345760750865132,"89":-1.3345760750865132,"90":-1.4661200090799618,"91":-4.327473978687419,"92":-2.608263140814252,"93":-1.8406104786476156,"94":-0.5604668055716022,"95":0.8465978041507647,"96":-2.2289529213230033,"97":-1.282252193953461,"98":-0.06475358023861588,"99":-0.8104916982838555,"100":-0.21366469044998926,"101":0.4802235301427382,"102":-0.0873282823275785,"103":0.010281244828186153,"104":-0.3871680873032064,"105":-0.2694531912721594,"106":-0.6003838653755373,"107":-1.0202943938762226,"108":-1.312202240313971,"109":-0.22680579680327417,"110":-0.4250596567383127,"111":-0.25824947548704813,"112":-1.0188846685801032,"113":-0.783266819259345,"114":-1.6631939129839783,"115":-0.6259996010048816,"116":-0.5318172439870454,"117":-1.2704139202201397,"118":-0.9047521733946366,"119":-1.3705451932659862,"120":-0.4492836630581474,"121":-0.4683646212440893,"122":-0.7446130250097287,"123":-1.8121021561493964,"124":-0.7909398914452717,"125":-0.8733998312885234,"126":-0.8733998312885234,"127":-0.11919662691603605,"128":-0.7862042828832361,"129":-0.6612404463762607,"130":-0.8733998312885234,"131":-0.8733998312885234,"132":1.0184442595314342,"133":1.0308955002916136,"134":-0.17812603857835185,"135":-0.5474716254632304,"136":-0.4378602873076458,"137":0.3427437294407758,"138":-0.612935707124052,"139":1.840654253690853,"140":-0.6034303934407586,"141":-0.17849365273326434,"142":1.6949984321239233,"143":-0.31887345296227565,"144":0.19449301113762463,"145":0.45424079044122667,"146":-2.1055439100621722,"147":-0.5405775166314841,"148":-0.6988408518570628,"149":-0.9458948445389077,"150":-1.4584655970255413,"151":-0.8812992255967051,"152":-0.5002012278303485,"153":-0.599449091827184,"154":-0.450897452583952,"155":-0.7158639503270234,"156":-0.39635702919072147,"157":-2.123782218756384,"158":-0.7062747491722043,"159":-0.19060377406915308,"160":0.062053694903799084,"161":-1.1840632033422542,"162":-0.8704807286466187,"163":-0.5291550024234493,"164":-2.887618640290249,"165":-1.0856284389242186,"166":-1.7941308435470527,"167":-0.9381448183452981,"168":-0.8905624316236564,"169":-0.7463367497792235,"170":-0.5999904052270724,"171":-0.4719970603404495,"172":-0.28199404996288635,"173":-0.15240468289373865,"174":-1.0392960143528862,"175":-0.960753666049138,"176":-0.30488796403847784,"177":-0.5654128797524405,"178":-0.4710228379079662,"179":-0.15060575331147907,"180":-0.8587722424444322,"181":-0.5534154023537503,"182":-0.32570625636177564,"183":-0.6408030164490854,"184":-0.3559462830562501,"185":-0.3252573691876548,"186":-0.18289432515211157,"187":-0.41019805527444997,"188":-0.6336858163605914,"189":-0.1470025933712722,"190":-0.08291152591740891,"191":-0.26929737708475754,"192":-0.5779121027827241,"193":-1.151464573091617,"194":-0.9134973370357962,"195":-1.1294615232220067,"196":-1.0977789855670066,"197":-1.2196861363531468,"198":0.24207651428588228,"199":-0.9248051325082391,"200":-0.5168662926739573,"201":-0.33091595858514466,"202":-0.33091595858514466,"203":-0.825801524008553,"204":-1.0496723634896816,"205":-1.1593248919129917,"206":-0.9316189685046061,"207":-0.8673447396297034,"208":-0.9462496383992116,"209":-1.1171558623967335,"210":-0.6193273324949384,"211":-1.1960100114242578,"212":-1.6397755453974,"213":-0.8651601343583462,"214":0.06368078021333101,"215":-1.0305540753095448,"216":-1.5568101412130053,"217":-0.41857610390919886,"218":-0.384328006128289,"219":-0.8679170997315464,"220":-1.26165213054156,"221":-1.1165130279414432,"222":-1.5910193177308796,"223":-1.4305657233758775,"224":-1.4454837259625277,"225":-0.49643254194785835,"226":-1.3551374413066917,"227":-1.7208926649367267,"228":-1.771884116433239,"229":-1.5249461509515587,"230":-2.4742138050216838,"231":-1.7956797424798392,"232":-0.8786304556752733,"233":-0.5538107294018859,"234":-1.5443140224566712,"235":-1.0219730778859155,"236":-1.2117420095530682,"237":-1.2899481555959502,"238":-1.170398352757302,"239":-1.0512814458873638,"240":-1.0512814458873638,"241":-1.1799361854582053,"242":-0.8819880571009522,"243":0.9707564229436332,"244":-0.778299361647961,"245":0.5392582564940871,"246":1.644274306527604,"247":0.7769190527060831,"248":-0.023901994468220167,"249":0.6139361904622457,"250":0.016138372302755943,"251":-1.3445714373239843,"252":0.01673177272316617,"253":1.9641940743611903,"254":-0.09523450888205165,"255":-0.028235815557128174,"256":-0.028235815557128174,"257":0.871423462088698,"258":0.871423462088698,"259":0.6707106913903629,"260":0.6707106913903629,"261":0.13648256360211053,"262":-0.23277376454278587,"263":-0.1864471475198426,"264":-0.1327623796287758,"265":-1.0710949602518554,"266":-0.26271541285631983,"267":-0.30230546609245007,"268":-0.30230546609245007,"269":-0.30230546609245007,"270":0.6252524595849747,"271":0.6252524595849747,"272":-0.7912933965177726,"273":-0.3492172920882388,"274":-0.14718741711741368,"275":2.0227783245962474,"276":-0.6739104143710826,"277":1.9621618230798532,"278":1.554913202620737,"279":0.1983318401163524,"280":-0.5559110162008549,"281":-1.1706617476027645,"282":-1.795816401024589,"283":-1.0971925133689844,"284":-0.9348035793038656,"285":-0.7674020132790746,"286":-3.7634436203332577,"287":1.4935672625180787,"288":0.8797406033359523,"289":-2.175690646853843,"290":-1.081075143585573,"291":-2.159472035412028,"292":-1.6490106224714784,"293":-0.583614067938445,"294":-1.1258237172191188,"295":1.4103670741358783,"296":-0.30490671533911096,"297":-0.9132125171771355,"298":-1.0978353618198309,"299":2.0973872113428635,"300":-1.68280278390026,"301":-1.6139208949292216,"302":-1.3677014308153765,"303":-2.0760464882436347,"304":-1.6061113073982716,"305":-1.2687298496793247,"306":-1.6061113073982716,"307":0.477433101565806,"308":-0.7465942270774084,"309":-1.8559956531432782,"310":-1.4914220358368286,"311":-0.2481734094007617,"312":-1.5824390945777411,"313":-0.4278847018916796,