{"1":0.034087352226946276,"2":0.026438045022807385,"3":0.015993188233339006,"4":0.5652731493094941,"5":0.2176364236031214,"6":0.046449609046710014,"7":0.025717464340615476,"8":0.03578138401472901,"9":0.03578138401472901,"10":0.05258806138671439,"11":0.05258806138671439,"12":-0.016745814695068143,"13":-0.016745814695068143,"14":0.004163482531055002,"15":0.004163482531055002,"16":0.08475452191230043,"17":0.08475452191230043,"18":0.08475452191230043,"19":0.032901940786376246,"20":0.032901940786376246,"21":-0.06571905445505283,"22":-0.06571905445505283,"23":0.7496932846697743,"24":1.888482990403229,"25":0.7232959942613233,"26":-0.044596848476001025,"27":1.231624610939322,"28":0.6677670017890354,"29":0.6005049536281066,"30":0.30660010320312375,"31":0.07611788374727717,"32":0.04519110873647181,"33":0.08425845174815805,"34":-0.01901963544839759,"35":0.033451701024132315,"36":0.042624564165873444,"37":0.0474638230038743,"38":0.4514639147859343,"39":0.15238200732481494,"40":0.16389086902628508,"41":0.03471561375577674,"42":0.2207974900012532,"43":0.1738687510230271,"44":0.5364521907807783,"45":0.07462548942545205,"46":0.0969705797851384,"47":0.06248345387170562,"48":0.09469158216001142,"49":0.03948779302167155,"50":0.03948779302167155,"51":0.09469158216001142,"52":0.09469158216001142,"53":0.18488991166922075,"54":0.18488991166922075,"55":0.004765421479730497,"56":0.09899424480031689,"57":0.26181138702979095,"58":0.13907996773857043,"59":0.26566760514950194,"60":0.010934527746055508,"61":0.28070966894292837,"62":0.19028009469070173,"63":0.34885290269423114,"64":0.10337381916329286,"65":0.28701437967113247,"66":0.041817445259588276,"67":0.08459709521106208,"68":0.043422749334706835,"69":-0.10233438637004674,"70":0.05123342818115252,"71":0.004709735491967418,"72":0.10591769170830932,"73":0.1286700931203026,"74":0.10093534267970283,"75":-0.009236887548826359,"76":0.0784824163409941,"77":0.05990976352141353,"78":0.09989808104706294,"79":0.07514079779642233,"80":0.09933985030311221,"81":-0.028514586399374486,"82":0.042170513472929216,"83":0.0053751731562224625,"84":0.39391044632307687,"85":0.14916086850398544,"86":-0.07997777253551713,"87":-0.07997777253551713,"88":-0.021960242414821612,"89":-0.021960242414821612,"90":-0.03923720672055883,"91":-0.021163262257262352,"92":-0.01143138279355322,"93":-0.05258997932476606,"94":-0.08467428720028797,"95":-0.012830453020444887,"96":-0.05182142043774518,"97":-0.05705867380064919,"98":-0.03381934890888798,"99":1.148493401988287,"100":1.060416381567845,"101":0.28612452110206016,"102":0.27131061576307014,"103":0.3639841977828243,"104":0.3303869426002101,"105":0.2956716669978544,"106":0.3676207963372448,"107":0.4884032065252233,"108":0.5013891901268731,"109":0.6846460710773282,"110":1.4496362588194351,"111":0.8783300664372593,"112":0.6182383568029547,"113":0.9712740361026877,"114":2.3439765030999893,"115":1.0474998287797304,"116":0.9321548440302218,"117":1.9620984214514177,"118":1.5600120008274732,"119":2.6679309797101958,"120":0.8423001161657921,"121":1.0131416457545614,"122":1.5279036138591906,"123":2.2696642069565165,"124":11.168230664800431,"125":1.2192909697652436,"126":1.2192909697652436,"127":0.9245836741653979,"128":1.7855197495616444,"129":0.2398661475966709,"130":1.2192909697652436,"131":1.2192909697652436,"132":0.058011645670477154,"133":0.005715611862436097,"134":0.08634229248203194,"135":0.04019701791308279,"136":0.024627634895545897,"137":0.019386159537170856,"138":0.04070985708710038,"139":-0.007158611405740659,"140":0.04659261777707724,"141":0.09814496712489713,"142":0.00805935564356202,"143":0.046192273656580275,"144":-0.0022483333360807795,"145":0.06288664310992038,"146":0.06661711207014026,"147":0.011794506676293545,"148":0.015649796967380673,"149":0.019450702023871457,"150":0.048434875488770235,"151":0.0003244109603943446,"152":0.017415744681478586,"153":0.025250923353654895,"154":0.03278957809519532,"155":0.006645917695988076,"156":0.04853702907087544,"157":-0.00046551045582962636,"158":0.3356854023958553,"159":-0.01763000062713972,"160":0.018860378556841122,"161":0.03613931784061983,"162":0.07692167048505538,"163":0.13662167227837807,"164":0.07194846210594298,"165":0.24067244666070553,"166":0.17452778384670706,"167":0.20837538450050389,"168":0.47302702794538454,"169":0.19877936765474757,"170":0.39929178665803067,"171":0.2455225100549224,"172":0.14334465672486058,"173":0.28375615510587726,"174":0.29672675302095664,"175":0.3188469621099018,"176":0.02368285858901922,"177":0.34589625534599844,"178":0.19427676124340856,"179":0.179028181227332,"180":0.03487984567583394,"181":0.058676769291088296,"182":0.16182661557469669,"183":0.057296744515586015,"184":0.12865852178295734,"185":0.23380490875689836,"186":0.16983997600850906,"187":0.15186245113776115,"188":0.15814583649531083,"189":0.10532261539378202,"190":0.1587676532905724,"191":0.1823153305799481,"192":0.297155416125435,"193":0.1553950653728259,"194":0.14850023775783142,"195":0.16869382825077744,"196":0.23637830649361494,"197":0.27805617089526613,"198":0.9715669558979857,"199":0.5103030787811595,"200":0.5513301329626366,"201":0.015158518479214967,"202":0.015158518479214967,"203":0.040525325520801785,"204":0.03836946253408156,"205":0.038452934829665955,"206":0.04576904313396702,"207":0.023231421646508415,"208":0.05257871107310306,"209":0.04256340911862471,"210":0.026273657002094754,"211":0.055615117840375636,"212":0.061324601345347986,"213":0.046016394446059324,"214":0.03312755066024773,"215":0.08179808896614647,"216":0.08237573334261536,"217":0.0663019892287036,"218":0.11997690367040717,"219":0.03168651752086721,"220":0.03435272192133172,"221":0.021800334639412368,"222":0.1436034212683816,"223":0.10047882685241676,"224":0.10930522921142133,"225":0.11434437187661287,"226":0.07800017074654843,"227":0.0714206418611599,"228":0.029101278659977622,"229":0.08859991682299731,"230":0.10680835157539678,"231":0.05149778674524361,"232":0.04418163952341739,"233":0.1186061568572393,"234":0.11815299806523522,"235":0.13403707291824357,"236":0.1653320975043895,"237":0.07847032941568266,"238":0.08319146207413239,"239":0.04509182531839834,"240":0.04509182531839834,"241":0.8073603455086943,"242":1.3430427871266135,"243":2.712561495473712,"244":0.7123190736349718,"245":0.7348568583274488,"246":0.2752479945683668,"247":-0.07081293516657443,"248":0.17045651702014744,"249":0.04635181254370524,"250":0.002974861292789538,"251":0.015737530909769912,"252":0.15084389694913364,"253":0.016056579531297403,"254":-0.028905907648994797,"255":0.04814378409187091,"256":0.04814378409187091,"257":0.128894918139866,"258":0.128894918139866,"259":0.0398287419803435,"260":0.0398287419803435,"261":0.04360255508817331,"262":0.058548186700972255,"263":0.030637230829108027,"264":0.027253348707496773,"265":0.36011209589668103,"266":0.005588776395821701,"267":0.0818148495294542,"268":0.0818148495294542,"269":0.0818148495294542,"270":0.03155414142785024,"271":0.03155414142785024,"272":0.06694068927573395,"273":0.5374400105187036,"274":0.8598805849932741,"275":0.0034480362025644667,"276":0.012605957039455037,"277":0.97910610094372,"278":0.29615921155952857,"279":0.11102695415967492,"280":0.14155451684453685,"281":0.0014488705611066487,"282":0.05402855393295723,"283":0.1378743873797117,"284":0.23222262301572436,"285":0.1330603889457523,"286":0.02391359241581168,"287":0.13512045124995828,"288":0.11840346635009341,"289":2.5476256395281367,"290":5.36685211899968,"291":3.453772806447579,"292":2.2260491681654453,"293":0.287725343071878,"294":0.9010773743042428,"295":0.07599370424057628,"296":0.2734151925660162,"297":0.1745590080551233,"298":0.266684025911001,"299":0.5516054591115821,"300":0.19639232375696664,"301":0.29701261170368876,"302":0.23010476400766697,"303":0.23253946469771616,"304":0.2686978106902184,"305":0.1415159022666177,"306":0.2686978106902184,"307":0.05235814179695904,"308":0.023481627382500155,"309":0.2711948541813138,"310":0.4565720891237296,"311":0.39330767871365313,"312":0.4385364597984067,