{"1":-0.22081021932252165,"2":-0.22482291961549872,"3":-0.11474208373852823,"4":-0.3743104225370285,"5":-0.23566394364590837,"6":-0.12590376314909613,"7":0.22219506832727087,"8":-0.19939519046005105,"9":-0.19939519046005105,"10":0.3311460697635429,"11":0.3311460697635429,"12":0.02126579344101498,"13":0.02126579344101498,"14":0.20235420151398675,"15":0.20235420151398675,"16":0.0033644572381702487,"17":0.0033644572381702487,"18":0.0033644572381702487,"19":0.24823366044221107,"20":0.24823366044221107,"21":0.24469996568733388,"22":0.24469996568733388,"23":0.14396552772974247,"24":0.26000261143506465,"25":0.43402962400999195,"26":0.21102667488597993,"27":0.15318917669657495,"28":-0.01942307606893512,"29":0.2061832583781391,"30":0.2698486857027289,"31":0.0829316099130526,"32":-0.042246370199839234,"33":-0.02828598383584735,"34":-0.5651263300314862,"35":-0.33736105904863223,"36":-0.27334888868451657,"37":-0.10316218633705443,"38":-0.40336097338314403,"39":-0.6017758295772517,"40":-0.277101997077037,"41":-0.339383746865507,"42":-0.1979757199928125,"43":-0.10846437232008554,"44":0.033829620548425865,"45":-0.32908934135709567,"46":-0.3242563780199501,"47":-0.19478543808209547,"48":-0.2967192726419392,"49":-0.19555887180075038,"50":-0.19555887180075038,"51":-0.2967192726419392,"52":-0.2967192726419392,"53":-0.10491529191192006,"54":-0.10491529191192006,"55":-0.6398616107610291,"56":0.26318545172327223,"57":0.2615402948097074,"58":-0.12008653518139933,"59":-0.005857472968195054,"60":0.8112282624019334,"61":0.43729553523445697,"62":0.43695510719255704,"63":0.1745117257337907,"64":0.26774320965355725,"65":0.364505147291335,"66":0.7365965322755379,"67":0.36315072806047155,"68":0.586539539225281,"69":-0.35637565564191354,"70":-0.32303575735765166,"71":-0.08663797670781337,"72":-0.05158627270955085,"73":-0.1870991768612078,"74":-0.24906776628252647,"75":-0.2313786474682904,"76":-0.3158070035859999,"77":-0.11328270911558835,"78":-0.017130795453317305,"79":-0.11770526426365402,"80":-0.5312259946537554,"81":-0.19800985879077238,"82":0.03230136990535737,"83":-0.16255261515318642,"84":-0.008427640823794658,"85":0.46774513477896296,"86":-0.1810009443270273,"87":-0.1810009443270273,"88":-1.0563044042399286,"89":-1.0563044042399286,"90":0.16719005453527824,"91":-0.6816257556136787,"92":-0.006522094989040106,"93":0.22705984543350244,"94":-0.486306796882932,"95":0.5160298942659729,"96":-0.1089203871664921,"97":0.10686982477476459,"98":0.47559692699614686,"99":0.16703525246697914,"100":0.17003456417649954,"101":0.2932677600235656,"102":-0.18084578559464015,"103":0.02065694563395737,"104":0.00034402159768243123,"105":-0.1331350136380276,"106":-0.07048538813765926,"107":-0.03761220248679842,"108":-0.18799135017328195,"109":-0.05428593202098675,"110":0.30640628231009215,"111":-0.08803349826406182,"112":0.026745020226358163,"113":-0.11674763602610394,"114":-0.5211851396307414,"115":0.09299335320026825,"116":0.4452159739259325,"117":0.11795348661001803,"118":0.05023319922085445,"119":0.019862084451827133,"120":-0.0017966176044035276,"121":0.036487518022953136,"122":-0.13149200078292944,"123":0.2937170711042345,"124":-0.20161473496413096,"125":-0.08335614129438196,"126":-0.08335614129438196,"127":0.3515132829347434,"128":0.028313193484017285,"129":-0.049900285945931655,"130":-0.08335614129438196,"131":-0.08335614129438196,"132":0.18328126768499242,"133":0.26735514995717846,"134":-0.12159916651286884,"135":-0.35152123032588256,"136":-0.005357000663960276,"137":-0.10641445055833709,"138":-0.33602949660215,"139":0.590469003727133,"140":-0.1610036036929401,"141":-0.24506580363388863,"142":0.35738700855866057,"143":-0.10799174947760903,"144":-0.09389196450388781,"145":-0.10775784362760854,"146":-0.5827164256840276,"147":-0.03108692089045695,"148":-0.2228421462403014,"149":-0.2618329550190712,"150":-0.4753461982515177,"151":-0.19652812405569198,"152":-0.22252234150298178,"153":-0.36235490305847873,"154":-0.2906168852377077,"155":-0.30799831683991297,"156":-0.2395585944772307,"157":-0.26467717454435746,"158":-0.2640799438437903,"159":-0.1458641569485617,"160":-0.16019879015637473,"161":-0.4731505261023199,"162":-0.3733512822326781,"163":-0.1036312694441921,"164":-0.6207494892344236,"165":-0.2932441012925431,"166":-0.36972064070132227,"167":-0.25808904681618716,"168":-0.39425649030147425,"169":-0.41191978131109486,"170":-0.2288865634008379,"171":-0.12069719875484197,"172":-0.14001195902975394,"173":-0.2577374039410977,"174":-0.2765595109666412,"175":-0.2819518947148454,"176":-0.1984468068639088,"177":-0.26229870863535787,"178":-0.27548023455609605,"179":-0.10290144119252287,"180":-0.38692562037203015,"181":-0.35837604584906557,"182":-0.3603577453973128,"183":-0.27601770796968605,"184":-0.24713720146216422,"185":-0.17150076497004907,"186":-0.28786038458862084,"187":-0.3156138050275158,"188":-0.3026312513757017,"189":-0.3017846715076017,"190":-0.15587581219533964,"191":-0.16328214367990967,"192":-0.293798715384902,"193":-0.3456114523554821,"194":-0.17901112178454714,"195":-0.30127498766415517,"196":-0.2983175530727351,"197":-0.10383706500239276,"198":0.21074734555604224,"199":-0.24886925513255398,"200":-0.27924502747079794,"201":-0.23766957468248306,"202":-0.23766957468248306,"203":-0.4156050235954968,"204":-0.39085561618287434,"205":-0.2727242713833056,"206":-0.31763890448269894,"207":-0.29302729727641685,"208":-0.35478419748893464,"209":-0.38597841973114155,"210":-0.40753079055325026,"211":-0.5010743724093518,"212":-0.5498300986464355,"213":-0.36527046310203237,"214":-0.26660607361147504,"215":-0.27284511720038296,"216":-0.6159534683494672,"217":-0.3166728099227293,"218":-0.3037790952658479,"219":-0.4306034704227948,"220":-0.4589514750815511,"221":-0.4882585529850594,"222":-0.49507926562654236,"223":-0.4497874877442368,"224":-0.4122756512156873,"225":-0.20551125880283372,"226":-0.1858257873860225,"227":-0.5648601395219666,"228":-0.5396626395668327,"229":-0.33286474876782335,"230":-0.5137677424593323,"231":-0.40811196361681534,"232":-0.25105334013136993,"233":-0.331828747907675,"234":-0.5102220003541509,"235":-0.35249316923662954,"236":-0.4314237078851597,"237":-0.4606927215838441,"238":-0.37944666746410505,"239":-0.36177740694029137,"240":-0.36177740694029137,"241":-0.07008457832537651,"242":-0.015853862120847495,"243":0.032025639875644885,"244":-0.0051980827624213966,"245":-0.1063108493477034,"246":0.21411829048337871,"247":0.1975769959507475,"248":-0.3935085758442507,"249":-0.42361656156669203,"250":-0.06366421249449106,"251":-0.46189693784085395,"252":-0.27393428455695956,"253":0.1798850158787011,"254":-0.05973581716370879,"255":-0.09242377935585577,"256":-0.09242377935585577,"257":0.01900449809734006,"258":0.01900449809734006,"259":0.06544054849992698,"260":0.06544054849992698,"261":0.09426717552541919,"262":0.9964348376998979,"263":0.20924682775150305,"264":0.5419293326645576,"265":0.6756256516244523,"266":0.2503935493664885,"267":0.0168182031124004,"268":0.0168182031124004,"269":0.0168182031124004,"270":0.8153102596959199,"271":0.8153102596959199,"272":0.08151111424941399,"273":0.08676643382682342,"274":0.35904985407785184,"275":1.005316829366005,"276":0.38684007828517375,"277":1.1225017270372906,"278":0.9140409739146151,"279":0.3123158499939105,"280":0.05714080726299531,"281":-0.0855759447816018,"282":-0.3330870023752581,"283":0.10577484728908271,"284":-0.30122512045347527,"285":-0.5382022245097858,"286":-0.9674013741141532,"287":0.16746723525445595,"288":0.33060514830801013,"289":0.0633366971368603,"290":0.1243140187724423,"291":-0.1878823137577108,"292":-0.0007095229125866354,"293":-0.07889976149512634,"294":-0.15128495919203833,"295":-0.024847436151750113,"296":-0.0025017413704697677,"297":-0.3964672302683908,"298":0.08078119563013875,"299":0.264490815953923,"300":-0.1448718986286195,"301":-0.13483003789625414,"302":-0.08371331163292961,"303":-0.020052801666336162,"304":-0.25406456358712637,"305":0.0749730818971508,"306":-0.25406456358712637,"307":0.011426397563356616,