{"1":0.5176259273057802,"2":1.2935615422897333,"3":-0.473643363249879,"4":0.41167078371269894,"5":0.17828526424092983,"6":0.3408472262990722,"7":0.46550989524500025,"8":0.9164867979449722,"9":0.9164867979449722,"10":0.4062340843421812,"11":0.4062340843421812,"12":0.10853074699976939,"13":0.10853074699976939,"14":-0.21195707810262332,"15":-0.21195707810262332,"16":0.14874148211492239,"17":0.14874148211492239,"18":0.14874148211492239,"19":0.10183078313268679,"20":0.10183078313268679,"21":0.39673699333496415,"22":0.39673699333496415,"23":0.2371675622495663,"24":0.2664352350163457,"25":-0.06157734059256524,"26":-0.04705800240478372,"27":0.10620090661661608,"28":0.3100827022696608,"29":0.13353836331643576,"30":0.14673881219879004,"31":0.12630801035493056,"32":0.3035098132202992,"33":0.009060049082798616,"34":0.06287251995349129,"35":0.2804211511514896,"36":0.1788051273285427,"37":0.12016443863635218,"38":0.42091584914016444,"39":0.8544023120031567,"40":0.32769479808094326,"41":0.3745744683497775,"42":-0.12415380614728777,"43":0.041432572468795004,"44":0.03759015879652128,"45":0.12778457983495578,"46":0.7366672959903613,"47":0.30767450303434435,"48":0.47745192313106194,"49":0.16181369655398947,"50":0.16181369655398947,"51":0.47745192313106194,"52":0.47745192313106194,"53":0.4418096311307658,"54":0.4418096311307658,"55":0.023881470739618077,"56":0.00012134515458595008,"57":-0.20032346154048175,"58":-0.014186006350292879,"59":0.03609695256200579,"60":-0.3023052306426396,"61":0.029385948891484936,"62":-0.1464818368789177,"63":-0.15518229165319386,"64":-0.09860215435652564,"65":0.11347808459573316,"66":-0.20454693254768747,"67":-0.5073922859176335,"68":-0.08635988929828009,"69":0.04106981225292039,"70":-0.3253232234909683,"71":-0.7237318622717586,"72":0.22383164409701378,"73":0.31015878500706895,"74":0.33799999096446864,"75":0.08281244218207084,"76":-0.12142867354119669,"77":0.15525934003652547,"78":-0.09189849336182554,"79":0.08647384105437539,"80":0.0030457460396118297,"81":0.32746846517642025,"82":-0.2029589085289537,"83":-0.6780743058848082,"84":0.37625331230653114,"85":0.10197095749970653,"86":-0.031070328482551424,"87":-0.031070328482551424,"88":0.2765935734633489,"89":0.2765935734633489,"90":-0.1372815432293032,"91":-0.0958520201390729,"92":-0.10572655251856145,"93":-0.0732180555184877,"94":-0.07839006467760937,"95":-0.2229450436457916,"96":-0.2886784750241847,"97":-0.19659611996235188,"98":-0.30814436893058605,"99":-0.0784246543646216,"100":0.055164356685649285,"101":0.0463748786442445,"102":0.085058238815614,"103":-0.04334438479797509,"104":0.06953946141724698,"105":0.18481366875622718,"106":0.26015302029208814,"107":-0.02227602175742882,"108":0.03528191414848575,"109":0.1692851981149499,"110":-0.11791045071525164,"111":0.21072619387925634,"112":0.10132448558252649,"113":0.019646937694811017,"114":0.10026763733649513,"115":0.2980022069163409,"116":0.05864774808160064,"117":0.1721256312210046,"118":0.02854051134975455,"119":0.12655360396859106,"120":0.014241208994784926,"121":0.11730711279125206,"122":0.2727699049786886,"123":-0.14903333539099106,"124":0.17681423899051302,"125":0.0827959994849568,"126":0.0827959994849568,"127":-0.08487478560487993,"128":-0.10469777384866868,"129":0.0167955021001564,"130":0.0827959994849568,"131":0.0827959994849568,"132":0.075570721696822,"133":-0.11063563933865028,"134":0.358100090694222,"135":0.5906414208574022,"136":0.23029433829002932,"137":0.2864030705437721,"138":0.08455633368815496,"139":0.537943959854138,"140":0.14084783782898325,"141":-0.3180955959649805,"142":0.3640573489100094,"143":0.3121284394455355,"144":-0.43226688932261403,"145":0.3289615236076314,"146":-0.35076207439605467,"147":0.07497814281158588,"148":-0.19593524432624243,"149":0.04016583444057975,"150":0.5877654367592224,"151":-0.44691096321728985,"152":0.0007000873121283391,"153":0.1179910546303955,"154":0.18790819246073676,"155":0.2568915037712992,"156":0.2497903478700092,"157":0.5275177435006644,"158":0.7570118097283636,"159":0.18054293987135006,"160":-0.24103769142970122,"161":0.04328178880726252,"162":-0.05784065448299547,"163":0.1202655709521292,"164":0.26323944285693446,"165":0.11270514787021779,"166":0.1846426828374489,"167":0.05433536182297882,"168":0.37547332159156965,"169":0.32666491579038975,"170":0.1967250134960592,"171":0.05925966621608181,"172":0.27779993739548803,"173":1.084449496611919,"174":0.46127790796048995,"175":0.3302079412749501,"176":0.35081347916708117,"177":0.6178137355022005,"178":0.7470233521417686,"179":0.5614099112013407,"180":0.23319122584159602,"181":0.3272454291970689,"182":0.43582801506633223,"183":0.41915409153957506,"184":0.41932635625841763,"185":0.41529849446724043,"186":0.8981358075680378,"187":0.6402050763709629,"188":0.7736322292822,"189":1.0727308664190471,"190":0.5779088029465886,"191":0.6876994492392001,"192":1.2787083745947763,"193":0.3075227766532387,"194":0.34720702522801794,"195":0.08211363429753815,"196":0.9412703956575588,"197":0.5542150010914033,"198":0.7888884283803415,"199":0.9710695249209096,"200":0.571799924978919,"201":0.03302267587018304,"202":0.03302267587018304,"203":0.3583559189856409,"204":0.20067552657554555,"205":0.4562123894096225,"206":0.3859328241652104,"207":0.1536904836401236,"208":0.35824719437011543,"209":0.17697190285851527,"210":0.17778490552069606,"211":0.24205214028769073,"212":0.17396348830080585,"213":0.1982579777676367,"214":0.37415380594970343,"215":0.4411849503004657,"216":0.435679965202843,"217":0.7688733191163666,"218":0.8855191610913477,"219":0.7141922645650607,"220":0.24514194930021704,"221":0.2422727309171781,"222":0.5599725177149394,"223":0.40333537466745195,"224":0.65039530469947,"225":0.4700986320689032,"226":0.28960194379798154,"227":0.6099775189581857,"228":0.4459173719354992,"229":0.34729090817320546,"230":0.33953558201304535,"231":0.5093464786941315,"232":0.19807066969979514,"233":0.7134285524742179,"234":0.48038517288925053,"235":0.582819574801019,"236":0.5239534087613954,"237":0.5543877906387406,"238":-0.014652567836519248,"239":0.3254368619194109,"240":0.3254368619194109,"241":0.14942865363514685,"242":0.16631920464951838,"243":0.3886274170530905,"244":0.12145080893562576,"245":-0.016509341461530824,"246":-0.042776610026509454,"247":0.04192578289825442,"248":0.1811701263489699,"249":0.002826778103027547,"250":-0.05310585952318292,"251":0.2775088967462267,"252":0.10047100115922383,"253":0.0014855953424915969,"254":0.02258093510790686,"255":0.1319242865069699,"256":0.1319242865069699,"257":0.06155247684126024,"258":0.06155247684126024,"259":0.02120820631706713,"260":0.02120820631706713,"261":0.08357083415277919,"262":0.06892313415164031,"263":0.20227709685821924,"264":-0.014241061419519419,"265":0.17337597411862488,"266":0.03586024237075014,"267":0.005359076306866967,"268":0.005359076306866967,"269":0.005359076306866967,"270":0.07572941724360796,"271":0.07572941724360796,"272":-0.20809076007146646,"273":0.06044177743835563,"274":-0.222450962755462,"275":-0.5565383094399838,"276":0.19924320873147472,"277":-0.19808011760331157,"278":-0.22649474976553563,"279":-0.38568579583580903,"280":-0.40375930643591507,"281":0.03085356646391826,"282":0.0710721280710547,"283":-0.04618132082090565,"284":0.07737060880668754,"285":0.0625414632180217,"286":-0.07309265815777226,"287":0.0761536184160711,"288":0.31829631583451556,"289":0.2457705162882024,"290":0.49652385034905094,"291":0.16137488730721436,"292":0.357289158583863,"293":0.18498892774388462,"294":0.048859737815261775,"295":0.08584709127602913,"296":0.06175384279252624,"297":-0.1559040927668206,"298":-0.0924708900486636,"299":0.12726957762164628,"300":0.19879067838682601,"301":0.41772125174210883,"302":0.3221451105678361,"303":0.19132161456500107,"304":0.2003665115163199,"305":0.3160856070697879,"306":0.2003665115163199,"307":0.10395485556595513,"308":-0.0022380885504559578,"309":0.027316232725751677,"310":0.33749768926599655,"311":0.37296455803793366,"312":0.29993719652163187,"313":0.1278604643233867,