{"1":0.21140334514704967,"2":0.06078801907591842,"3":-0.43940045374802783,"4":0.2946593001841621,"5":0.4338090774032183,"6":0.024266855109013358,"7":-0.19749474264622424,"8":0.1705429455780627,"9":0.1705429455780627,"10":0.025481613590921104,"11":0.025481613590921104,"12":0.038767163188267395,"13":0.038767163188267395,"14":-0.13387556324333993,"15":-0.13387556324333993,"16":0.34631008110099293,"17":0.34631008110099293,"18":0.34631008110099293,"19":0.3296222648540662,"20":0.3296222648540662,"21":0.12512869112878622,"22":0.12512869112878622,"23":0.021571362693660195,"24":0.15165978965714183,"25":0.9554140127388535,"26":0,"27":-0.023938087222184004,"28":-0.050666308602720506,"29":0.3844184408160035,"30":-0.4007600114484428,"31":0.12832099868493163,"32":0.010795638562020943,"33":-0.11502876603120865,"34":0.10678056593699947,"35":-0.1548395973420571,"36":0.42794132560092735,"37":0.2534493419975501,"38":0.47539291921603216,"39":0.9139178059283414,"40":0.3363691920389661,"41":0.04445209479258755,"42":0.43219371781617133,"43":0.18217928252853693,"44":0.5158364077061013,"45":-0.1534778277230756,"46":0.2856010803030671,"47":-0.05764880900596803,"48":0.04169055220196516,"49":-0.032397760535597175,"50":-0.032397760535597175,"51":0.04169055220196516,"52":0.04169055220196516,"53":0.5446065985984524,"54":0.5446065985984524,"55":-0.06248379560159295,"56":-0.1130047520067811,"57":-0.1855279542681656,"58":-0.2449638325515776,"59":-0.29233997004164647,"60":-0.15869393496367612,"61":-0.4834900454465461,"62":0.21087718885635562,"63":-0.3243593902043464,"64":-0.19967251560693566,"65":-0.5068965412563028,"66":0.05799622660405601,"67":0.0685030439035259,"68":0.01886177819787782,"69":-0.7099930295282609,"70":-1.0921148592926797,"71":-0.33464940515525676,"72":-0.17144491353017433,"73":0.032162470045107805,"74":-0.19591897064504304,"75":-0.04309701091919621,"76":0.2035079594944414,"77":0.12483017029812266,"78":0.03731360503014047,"79":-0.09379810779239867,"80":0.41756345726110333,"81":-0.11383242383313724,"82":0.22480955768899513,"83":0.3655487042188663,"84":0.3661639957745104,"85":0.4857552895239907,"86":0.39389998937456683,"87":0.39389998937456683,"88":0.11052644254618266,"89":0.11052644254618266,"90":-0.36351735501332705,"91":-0.013468864103267864,"92":-0.8344408446672636,"93":-0.5820692361768327,"94":-2.4686898630512357,"95":0.024187683474331756,"96":-0.3813339524679204,"97":-0.6637412950710718,"98":-0.12522243112108794,"99":0.2543228332488746,"100":0.3049955076244883,"101":-0.08190877246097478,"102":0.11743658649730501,"103":0.02380341727877161,"104":0.17796063948565485,"105":0.013703105237238528,"106":0.11778350605707544,"107":0.2503825904244124,"108":0.10772296578194684,"109":0.19645211683365538,"110":0.12443700468520241,"111":0.28104272219900633,"112":0.131582563448919,"113":-0.048932845476846176,"114":0.055241564525689735,"115":0.20139465186468214,"116":0.16128056910510286,"117":0.06848455085096172,"118":0.36195044123684744,"119":0.23045695368521052,"120":0.30930255341194823,"121":-0.09915476951488034,"122":0.10090723742423913,"123":-0.06145094320938127,"124":1.145424213029808,"125":0.16472102663483057,"126":0.16472102663483057,"127":-0.19784643872364394,"128":0.1522972618992111,"129":-0.010293172959687513,"130":0.16472102663483057,"131":0.16472102663483057,"132":0.03624721951397558,"133":0.16362774807460967,"134":-0.28101767591583693,"135":0.196310538125461,"136":0.1063789719386932,"137":0.16076497031185738,"138":0.05513578681112119,"139":0.1789330712616808,"140":-0.11214932733707661,"141":-0.031659005947056396,"142":0.2734654343402683,"143":0.07084207184466573,"144":0.15959543518598635,"145":0.4638236135198501,"146":0.03194376969475826,"147":-0.08090368838905695,"148":-0.19677223056301527,"149":-0.009260284695892518,"150":0.07637090971804583,"151":-0.29076205590024506,"152":0.08789491416537282,"153":0.21518706425822368,"154":0.11162642750768531,"155":-0.03350944417329843,"156":-0.08383672744450771,"157":-0.18942352553316655,"158":0.3014771136323745,"159":-0.022032207090479677,"160":0.07712140608169152,"161":-0.030009519512102678,"162":0.09909675022006081,"163":0.4391210289056023,"164":0.1136601523818529,"165":0.38020022563690903,"166":0.10007614686988764,"167":0.38377485076034723,"168":-0.21368990710580416,"169":0.752385019774049,"170":0.6275496458260359,"171":0.8151264408778804,"172":0.34082549233628273,"173":0.04339086368377973,"174":-0.013940752256815792,"175":0.3040279078023641,"176":0.05096099533539222,"177":0.31273888569016794,"178":0.07308662877704128,"179":0.055830221633334176,"180":0.23298319862002545,"181":0.2587539888188337,"182":0.3480295160359469,"183":0.0463041747492626,"184":0.2115101571623311,"185":0.19183980548758772,"186":0.3506804163804617,"187":0.17398036081726387,"188":0.25982347740025247,"189":0.18222897788333872,"190":0.25881572478934867,"191":0.1602805320037801,"192":0.22381091900797864,"193":-0.04219223046002013,"194":-0.06703916095472863,"195":-0.04059285859515402,"196":0.2371378312589964,"197":-0.0008465621698767745,"198":0.5495477481504134,"199":0.34956556125453897,"200":0.354343959548968,"201":0.013647655838254613,"202":0.013647655838254613,"203":0.10903888592551422,"204":0.11784452082442337,"205":0.08347224604691537,"206":0.05136057245547712,"207":-0.012830354867227847,"208":0.10803762861978043,"209":0.04455401188855339,"210":0.1176364245007621,"211":0.1128757125367442,"212":0.17237617584200482,"213":0.1611184716896882,"214":0.08451810127198128,"215":0.0782874234453752,"216":0.07617813454487576,"217":0.08965501998928593,"218":0.2594836319478732,"219":0.14431090782998132,"220":0.012322295979211723,"221":0.2316985388178004,"222":0.42767029100332105,"223":0.13588054639605995,"224":0.2942319721829247,"225":0.19155069828592805,"226":-0.1383034836608812,"227":0.25686957882139444,"228":0.13266731076821467,"229":0.19788296885561119,"230":0.10600232130376613,"231":0.17145874318791066,"232":0.06580809113721245,"233":0.10071191039746169,"234":0.15509385282504917,"235":0.2957661250445204,"236":0.38040024984023857,"237":0.14407368437137869,"238":0.04513381272917094,"239":-0.08792158868054441,"240":-0.08792158868054441,"241":0.640658257933016,"242":0.13044156136984186,"243":0.17848690474430529,"244":0.20454194539643566,"245":1.8524119297821136,"246":-0.0390108650095109,"247":0.01975193912880109,"248":-0.14715685195879838,"249":-0.33167495854063017,"250":0.013196502558204676,"251":0.05387931034482758,"252":-0.10976948408342481,"253":-0.029163021289005542,"254":-0.014956890382076184,"255":0.13193371752393965,"256":0.13193371752393965,"257":0.2204608454608455,"258":0.2204608454608455,"259":0.011160104682456248,"260":0.011160104682456248,"261":0.06664274363049162,"262":0.5237757311970395,"263":0.057803468208092484,"264":0.19187719859290053,"265":0.7075143933811932,"266":0.08483563096500531,"267":0.2816748821840637,"268":0.2816748821840637,"269":0.2816748821840637,"270":0.10803449316550488,"271":0.10803449316550488,"272":0.026303675938712436,"273":0.05638037962788949,"274":0.27651268705270005,"275":0,"276":0.3181336161187699,"277":0.014750419517927375,"278":0.5498621132806257,"279":0.0474158368895211,"280":-0.03939615340877755,"281":0,"282":0,"283":-0.1821102974249707,"284":0.4307535987807049,"285":-0.03215434083601286,"286":0.33620508510191216,"287":0.34812880765883375,"288":1.1965811965811965,"289":0.24874494690299404,"290":0.7613617987841967,"291":0.30931170886408843,"292":0.8516544805259025,"293":0.35773604190622205,"294":0.019190275586351675,"295":-0.12488674669277935,"296":0.15219413207068572,"297":0.33298647242455776,"298":0.526070712661489,"299":0.07434695200173627,"300":0.9463810216752742,"301":0.6757641144216702,"302":0.9335103939905992,"303":0.5786163287124023,"304":0.7523844715230825,"305":0.6187234920453323,"306":0.7523844715230825,"307":0.5061122998996973,"308":0.06397922533344491,"309":0.6592678185938606,"310":0.7615808908762958,"311":0.9087075208584957,"312":0.7482013297661453,"313":0.5132989506876217,"314":0.27845047298174896,