{"1":-0.18857939019924347,"2":-0.06755994161622787,"3":-0.1284206887970597,"4":-0.02236195946065657,"5":-0.04050048682791332,"6":-0.017341532048657723,"7":-0.008029288555323616,"8":-0.12718801796405438,"9":-0.12718801796405438,"10":-0.044207315237217236,"11":-0.044207315237217236,"12":-0.11920531983988158,"13":-0.11920531983988158,"14":-0.18797488674320037,"15":-0.18797488674320037,"16":-0.0007098273826116677,"17":-0.0007098273826116677,"18":-0.0007098273826116677,"19":-0.021768236160215875,"20":-0.021768236160215875,"21":-0.012195170019973542,"22":-0.012195170019973542,"23":-0.027009279564173986,"24":-0.047727675269159914,"25":0.044350814946224636,"26":-0.07537346973791703,"27":0.0007132442557564525,"28":-0.00961381817089911,"29":-0.011490473804378336,"30":-0.06567078647193837,"31":-0.07233837885076547,"32":-0.04199295618990301,"33":0.015710565788884877,"34":-0.019857838682521937,"35":-0.11355488093711229,"36":-0.0836433309511429,"37":-0.09826265014470435,"38":-0.07706590074670534,"39":-0.011475931169953907,"40":-0.10996504997569251,"41":-0.16258895625629158,"42":-0.153670863743144,"43":-0.09555613624850365,"44":-0.06852189056897853,"45":-0.12397499534556687,"46":-0.05646857068639523,"47":-0.1463842335167009,"48":-0.061616890137753774,"49":-0.18200214640892853,"50":-0.18200214640892853,"51":-0.061616890137753774,"52":-0.061616890137753774,"53":-0.09870657813136614,"54":-0.09870657813136614,"55":-0.026455246044539096,"56":0.04909584165333155,"57":0.03157562428345567,"58":0.011110093383560928,"59":0.027253638463911517,"60":0.06493987277533037,"61":0.07513377069505836,"62":0.04523713319979809,"63":0.075484286574909,"64":0.010807581159240763,"65":0.05272984819287613,"66":0.10131670819337685,"67":0.13683704495097418,"68":0.0465871069730206,"69":-0.06556785559571437,"70":-0.09701005690371889,"71":-0.028879659171083254,"72":-0.046321228662279376,"73":-0.03220049474887736,"74":-0.04870827266191547,"75":-0.20047301248290691,"76":-0.07924685145090249,"77":-0.05330355502368714,"78":-0.05567034526177156,"79":-0.012297248653796833,"80":-0.03976866232567783,"81":-0.04594071916767918,"82":-0.20376518422522902,"83":-0.07098290198977698,"84":-0.0795006624792584,"85":-0.05372216794926633,"86":-0.127393683460135,"87":-0.127393683460135,"88":-0.1619981286621331,"89":-0.1619981286621331,"90":-0.05198402848033924,"91":-0.027883522893596177,"92":-0.05502490656348895,"93":-0.016161577897696164,"94":-0.03310329427163013,"95":-0.05925767746077307,"96":-0.06975591404325542,"97":-0.03405390225324019,"98":-0.011286212980338634,"99":0.15859388622686157,"100":0.1635025465130734,"101":-0.00818408899638634,"102":-0.027093220143887077,"103":-0.05292226458322939,"104":-0.03250808734464401,"105":-0.042647993071011386,"106":0.13478286303799603,"107":-0.051304451301391246,"108":-0.010734406382115286,"109":-0.037605155730194344,"110":-0.05543354821601541,"111":-0.09236092145055255,"112":-0.029060394280646322,"113":-0.03364506994771137,"114":-0.0435606874474537,"115":-0.013000550532914143,"116":0.003722544621517082,"117":-0.25182810898652147,"118":-0.19274938202232084,"119":-0.02166833933337002,"120":-0.023272061315275483,"121":-0.006290428988756425,"122":-0.06304411031927624,"123":0.01591892229227934,"124":-0.12412239448459564,"125":-0.03280322310207058,"126":-0.03280322310207058,"127":-0.08387742324542688,"128":-0.15352920487279362,"129":-0.025433075243637165,"130":-0.03280322310207058,"131":-0.03280322310207058,"132":0.10329638443482683,"133":0.13055120357872335,"134":-0.022376101597049683,"135":-0.07819024445852518,"136":0.1581967257626758,"137":0.18597620342849577,"138":-0.016160830383360664,"139":0.21234898226869445,"140":-0.026160525487816055,"141":-0.11138967527870311,"142":0.5160781029433273,"143":-0.12653394185612515,"144":0.06267270842253231,"145":0.2532568152121402,"146":-0.07389727133019253,"147":0.17038256631179924,"148":0.023324093654538733,"149":-0.041547396093608475,"150":-0.06639523623423768,"151":-0.02914173621543182,"152":0.03326779100323628,"153":-0.11170323372991421,"154":-0.0826344725941302,"155":-0.06606546823418338,"156":0.016811505855430398,"157":-0.00791658649640685,"158":-0.09138949240231542,"159":-0.03997850219340666,"160":-0.03062428913706616,"161":0.008157299014628479,"162":-0.03969287080064718,"163":-0.02239683137485974,"164":-0.014946931145626757,"165":-0.08481910875060594,"166":-0.055946687863918196,"167":-0.11419396486283015,"168":-0.09335781015428897,"169":-0.03584592863103181,"170":-0.028462158498467643,"171":-0.12419983922041039,"172":-0.030895797334568043,"173":-0.07891540927132151,"174":-0.08292812145916795,"175":-0.08170641378961813,"176":-0.044935604756409626,"177":-0.1255743210833179,"178":-0.10354242040849429,"179":-0.14334943581573198,"180":-0.03960049863563518,"181":-0.05671791772772619,"182":-0.0863976828875739,"183":-0.08062050094675421,"184":-0.0997437868093359,"185":-0.14302421804024518,"186":-0.040191556173535994,"187":-0.08906343245082995,"188":-0.0575645623142375,"189":-0.050265849960587375,"190":-0.06303981794521966,"191":-0.09529783452629323,"192":-0.0865533658704943,"193":-0.10001459106216332,"194":-0.09993206239964925,"195":-0.10355620873902868,"196":-0.043714066406246144,"197":-0.11707474993305093,"198":-0.11279137060246927,"199":-0.06765789676050853,"200":-0.018556166952422154,"201":0.11192562705985526,"202":0.11192562705985526,"203":-0.02323887328562808,"204":-0.035639135506508476,"205":-0.0602764480832022,"206":-0.05982518730498491,"207":-0.06399361824405109,"208":-0.05687656715478931,"209":-0.023885829698345545,"210":-0.03239056552449249,"211":-0.03987344628972742,"212":-0.07498564911195765,"213":-0.03391924939406211,"214":-0.032860319658724164,"215":-0.06483083390830095,"216":-0.05404445109189319,"217":-0.04861606875793779,"218":-0.1496629435048336,"219":-0.054756129859905966,"220":-0.05168210157069032,"221":-0.08303211938170073,"222":-0.06578684900357097,"223":-0.05886453766825424,"224":-0.07425835083784818,"225":-0.02166380837075391,"226":-0.09132892320148514,"227":-0.24022597022018433,"228":-0.10264905048680442,"229":-0.11377392272524,"230":-0.043820805813021405,"231":-0.06640054492151998,"232":0.024071534690966165,"233":-0.06967352230628152,"234":-0.07874819429847987,"235":-0.12945852033464522,"236":-0.04620181461431863,"237":-0.16132734858718684,"238":-0.10779905336127306,"239":-0.26182015959919697,"240":-0.26182015959919697,"241":-0.0183214593860363,"242":0.025963475214387882,"243":0.08121234452793344,"244":-0.054284265308958746,"245":-0.09732704989316948,"246":0.17002832622771052,"247":0.01648792122086612,"248":0.11861782195733384,"249":-0.021076321769805763,"250":0.07920364254699139,"251":-0.07551382821928349,"252":0.07039409945300426,"253":-0.030710246007679354,"254":0.004793558103137755,"255":0.038971086643949326,"256":0.038971086643949326,"257":-0.05258979298034816,"258":-0.05258979298034816,"259":-0.0039570905988005264,"260":-0.0039570905988005264,"261":0.17113651285046444,"262":0.2955772609953232,"263":0.22649002867009763,"264":0.3237328053010945,"265":0.4614317670926459,"266":0.12946032589583384,"267":0.06476999453069443,"268":0.06476999453069443,"269":0.06476999453069443,"270":0.6105596961906872,"271":0.6105596961906872,"272":-0.12336086791087389,"273":-0.005129140720475628,"274":0.05793532733636747,"275":0.0983798727374916,"276":-0.29921607269203604,"277":-0.13012809311136891,"278":-0.15893012932718814,"279":0.08452012298847283,"280":-0.13617282292165733,"281":-0.096553600784922,"282":-0.6372468468364425,"283":-1.3937638761769262,"284":-0.14867356665275322,"285":-0.2415528713233897,"286":-0.4117302690134714,"287":0.21331130413176314,"288":0.4688843290963969,"289":-0.13994857599458804,"290":-0.22659442496408627,"291":-0.47651730308517204,"292":-0.17607025500675136,"293":-0.10685235468952833,"294":-0.25680347188682673,"295":-0.2875354673117583,"296":-0.1136984011913797,"297":-0.1395108472521239,"298":-0.2253227179236567,"299":0.27017803355986497,"300":-0.13510528904722152,"301":0.012102210903842392,