{"1":-0.6268215313512894,"2":-2.8221945929761265,"3":-1.3338860599697104,"4":-0.4589311093727546,"5":-0.5042943000454281,"6":0.2750644872795604,"7":0.09859467674480116,"8":0.0755674738234906,"9":0.0755674738234906,"10":-0.7186308389540781,"11":-0.7186308389540781,"12":-1.2321110313375463,"13":-1.2321110313375463,"14":-1.7274542864956024,"15":-1.7274542864956024,"16":-0.3212325839648459,"17":-0.3212325839648459,"18":-0.3212325839648459,"19":-0.09907424756203198,"20":-0.09907424756203198,"21":-0.01578609871237613,"22":-0.01578609871237613,"23":0.08976454919034693,"24":-0.6156658033859734,"25":-0.07863609829873636,"26":-0.24438894599912314,"27":0.030121791136802467,"28":0.18410668883568226,"29":-0.4440042876568231,"30":0.21895544195499583,"31":0.1366343809976721,"32":0.40752107197394427,"33":-0.054221343847788844,"34":-0.0065854226137367355,"35":-1.4228435553357168,"36":-0.23522792893122035,"37":-0.3881787969831815,"38":-0.2988558396914267,"39":0.24760506121945458,"40":-0.1846965016584916,"41":-0.2412679934429538,"42":-1.5440024604028448,"43":-0.29367574097816485,"44":-0.31188134299912673,"45":-0.7171954350385983,"46":-0.26319341670728247,"47":-0.6866098141765669,"48":-0.1655657944017156,"49":-0.6516152222122011,"50":-0.6516152222122011,"51":-0.1655657944017156,"52":-0.1655657944017156,"53":-0.5720819354588353,"54":-0.5720819354588353,"55":-0.0740056856728798,"56":-0.30553390028479926,"57":-0.2561108488749331,"58":0.0028714083168562277,"59":0.09245263634411482,"60":-0.2507196159780777,"61":0.03504690786417952,"62":-0.2280596267745909,"63":-0.28648775050380737,"64":-0.0806467290723441,"65":0.06046186020391486,"66":-0.16391427129997194,"67":-0.29717545998822903,"68":-0.5105415009596509,"69":-0.2470313121048373,"70":-0.40815095165883386,"71":-0.7548767606308973,"72":-0.24509249919829035,"73":-0.17921311611187163,"74":-0.21813947304882086,"75":-1.854965143254791,"76":-0.792922619535497,"77":-0.19391597473905575,"78":-0.6786025796953379,"79":-0.3530532352029143,"80":-0.6269269262450283,"81":-0.0865989931594926,"82":-0.6915739112447309,"83":-1.419213201151041,"84":-0.47384614224785204,"85":-0.15776266875100142,"86":-0.6075989262272697,"87":-0.6075989262272697,"88":-0.31184390826392117,"89":-0.31184390826392117,"90":-0.24250726397275063,"91":-0.18806950825402013,"92":-0.32642574052695617,"93":-0.13641209936736498,"94":-0.11260945428807097,"95":-0.3489248348450492,"96":-0.361879211676926,"97":-0.23539501652872022,"98":-0.32670493263954586,"99":0.0250842039414807,"100":0.18229859120321712,"101":-0.22024576005387098,"102":-0.18121908021500022,"103":-0.22502486450203418,"104":-0.11840175173550771,"105":0.2641210040300257,"106":-0.0881729983266335,"107":-0.187711772503516,"108":-0.23623049681866548,"109":0.08118743333910694,"110":-0.3254153983392917,"111":-0.313046578864842,"112":-0.05826044103962824,"113":-0.14723719979646688,"114":0.13570518151153022,"115":-0.14102141270610558,"116":-0.06261235043083946,"117":-0.17977705460393023,"118":-0.47431790432994414,"119":-0.12824444640440957,"120":-0.38221400452495125,"121":-0.11976131195633621,"122":0.051449965927126584,"123":-0.10986757755784815,"124":-0.31189691508667394,"125":-0.03534069839717269,"126":-0.03534069839717269,"127":-0.24834302017376153,"128":-0.3100277867933955,"129":-0.09460901995361715,"130":-0.03534069839717269,"131":-0.03534069839717269,"132":-0.06664489202691515,"133":-0.5323223016759746,"134":-0.3153211020751543,"135":-0.0563597597296428,"136":0.39641941825240923,"137":-0.6528923718362434,"138":-0.36894760253933057,"139":0.39087168490314084,"140":-0.03934260830166525,"141":-0.4071175588635879,"142":-0.9963184493104065,"143":-0.5276962534595249,"144":-0.8069274243497402,"145":-0.40226462284319253,"146":-0.323778223611328,"147":-0.3509507532181426,"148":-0.23526937091118205,"149":-0.03613438149374537,"150":0.7332726728050307,"151":-0.30512629082040954,"152":-0.03929675062334059,"153":-0.22880802957033386,"154":-0.3039836349404659,"155":-0.6108411750797632,"156":-0.4277762490584942,"157":0.027690164373594284,"158":-0.04743347705031442,"159":-0.24304251930295817,"160":-2.5421258347849798,"161":0.027935496358230116,"162":-0.5604533868547715,"163":-0.08977108402479539,"164":-0.041454562785739224,"165":-0.13366363018465777,"166":-0.26256052217617243,"167":-0.3188003840642599,"168":0.20195374180507453,"169":0.07380730492148235,"170":-0.09502140388098013,"171":-0.15031188030853204,"172":0.43956040830450105,"173":0.09083612080605441,"174":-0.11676292262250265,"175":-0.5733963773031336,"176":-0.07048187222495139,"177":-0.16057249461898127,"178":-0.2161484577760735,"179":-0.42800385860731005,"180":-0.04556869255056761,"181":0.036660768408777966,"182":0.14720938011307538,"183":0.053482700768433755,"184":-0.029061051321369713,"185":-0.20961188592752222,"186":0.0825536216897651,"187":0.1687386580489172,"188":-0.06276192387072088,"189":0.1846431910594255,"190":0.0933739306372714,"191":-0.14931013135826077,"192":-0.3541491691210452,"193":-0.15552109369585332,"194":-0.6661055008404106,"195":-0.5185202269880997,"196":0.10999930873605623,"197":-0.7038924102480204,"198":-1.0964965778563314,"199":0.42786176407348386,"200":0.38301410084126564,"201":-0.23808258692922557,"202":-0.23808258692922557,"203":0.012673842231021637,"204":-0.07767022054617834,"205":0.13415421127216753,"206":-0.10838625817355774,"207":-0.2933620164009746,"208":0.07411301501943746,"209":-0.11714904043891733,"210":-0.30671721641005234,"211":0.04489357434528152,"212":-0.2368182221173344,"213":-0.0428292289637201,"214":-0.021262201217421728,"215":-0.1350480173493439,"216":0.04753003911171627,"217":0.10831968745743636,"218":0.15678796713352272,"219":0.060955812812269694,"220":-0.17958246141057466,"221":-0.24729703536050152,"222":-0.2881975923351283,"223":0.053075770208931505,"224":-0.44479213413366536,"225":-0.6727485232363569,"226":-0.008499777786759477,"227":0.07813722725446526,"228":0.010021666469362422,"229":-0.2107036011078557,"230":-0.002875089500450234,"231":0.054343230596613945,"232":0.10508775889103827,"233":-0.25318950373499605,"234":-0.010603843314643147,"235":-0.11126023067857815,"236":0.0024367134039053884,"237":-0.11815281865782301,"238":-3.3886744262040134,"239":-0.5412096253591976,"240":-0.5412096253591976,"241":0.023491259930791153,"242":0.10070872591862162,"243":0.30483941792187896,"244":0.0007007674452542689,"245":-0.08961755063938866,"246":-0.24239681918051081,"247":-0.08443765269248482,"248":-0.10975446067554301,"249":-0.11729417375765125,"250":-0.34782185561616374,"251":-0.10696860351868409,"252":0.22939019699429297,"253":-0.2506205798655958,"254":-0.026456275774790428,"255":-0.03197331175610518,"256":-0.03197331175610518,"257":-0.00857111599202201,"258":-0.00857111599202201,"259":-0.022345387008051665,"260":-0.022345387008051665,"261":0.4568989317257017,"262":0.4070603056694626,"263":0.9896114424933544,"264":0.1363801787939699,"265":0.4216480305470729,"266":-0.3854954919922309,"267":0.08956956671417671,"268":0.08956956671417671,"269":0.08956956671417671,"270":0.048437994984887656,"271":0.048437994984887656,"272":-1.8839743186990008,"273":0.1319241451977471,"274":-1.362866484295415,"275":-1.3777859129892542,"276":-1.585436995259152,"277":-2.1150402872501233,"278":-1.6895360091469653,"279":-0.9825695908197449,"280":-0.6076042099731469,"281":-0.12268365281963273,"282":-0.11464809851361976,"283":-0.5077245030071843,"284":-0.16584612519309574,"285":-0.20869126795331028,"286":-0.29543919918467504,"287":-0.9267306463979591,"288":0.2718033425792495,"289":0.43986808169226743,"290":0.44883942665661525,"291":-0.08945195834662079,"292":-0.3732514837391365,"293":-0.3144569053227782,"294":-0.4523984801904926,"295":-0.539002929126391,"296":0.061296353440576545,"297":-0.45303003421120913,"298":-0.33211901449525777,"299":-0.12049329060381192,"300":-0.33311994636566267,"301":0.8645475537708437,"302":-0.49765229752766094,"303":0.2906441621460367,"304":-0.06225171226296089,"305":0.1826540826863009,"306":-0.06225171226296089,