{"1":-0.02993936342970903,"2":-0.020652250340082633,"3":0.19310707678814662,"4":-0.05528073471616092,"5":-0.016234371189552153,"6":-0.013100374368374487,"7":-0.018134763075883277,"8":-0.03000577712853838,"9":-0.03000577712853838,"10":-0.004088040973656559,"11":-0.004088040973656559,"12":-0.02817904749257509,"13":-0.02817904749257509,"14":-0.009741409079742785,"15":-0.009741409079742785,"16":0.000686857057060803,"17":0.000686857057060803,"18":0.000686857057060803,"19":0.013194361109820876,"20":0.013194361109820876,"21":0.009401772833018213,"22":0.009401772833018213,"23":0.009630463695671457,"24":0.028191621063751907,"25":0.03247084348715491,"26":0.0650149148301111,"27":0.03751633391059499,"28":0.00022372647030471926,"29":0.02282739365782166,"30":0.00043518558770314075,"31":0.04148743684151242,"32":-0.0016837179071420433,"33":0.02521622192986564,"34":-0.1130293209210031,"35":-0.03265145172013012,"36":-0.017972172303102052,"37":0.03090989279300052,"38":-0.025012522406214516,"39":-0.10994450229815439,"40":-0.05886262883079035,"41":-0.11534227066275232,"42":-0.05023110159007327,"43":0.02217326810121388,"44":-0.07947802933084588,"45":-0.09104748612591292,"46":-0.06716662355339303,"47":-0.009765699706386216,"48":-0.0027650554349855916,"49":-0.013149207476490732,"50":-0.013149207476490732,"51":-0.0027650554349855916,"52":-0.0027650554349855916,"53":-0.08812106958540428,"54":-0.08812106958540428,"55":0.012789899065858812,"56":0.005126696830409484,"57":0.032054099164073355,"58":-0.013029789361651233,"59":0.0127215578962913,"60":0.16961898122674846,"61":0.09282601195025497,"62":0.05582284824888083,"63":0.02083867625748098,"64":0.053059901734672385,"65":0.08762820844617872,"66":0.16879141560464367,"67":0.11728380783004708,"68":0.09743892883550914,"69":0.041999031067166515,"70":0.0399025863739606,"71":0.012575234153795231,"72":0.03151075497855446,"73":-0.0004447310382335451,"74":0.003440650667932185,"75":0.02492872175491498,"76":-0.03912658746255365,"77":-0.005253666679239197,"78":0.054658635379145185,"79":0.03666383707284651,"80":-0.007477480557807434,"81":-0.022114517615725714,"82":0.023856668233455766,"83":-0.03766098230664748,"84":-0.010080856752296807,"85":0.02949994151872204,"86":0.020339067878724026,"87":0.020339067878724026,"88":-0.028590334485726815,"89":-0.028590334485726815,"90":0.04215329866146822,"91":-0.025662604141745593,"92":0.006334676055905597,"93":0.11039761215528526,"94":0.002083836875347078,"95":0.014964771266281485,"96":0.012798446822031462,"97":0.06575203530369333,"98":0.038948640553327474,"99":0.14940359789089547,"100":0.14451378478565388,"101":0.026958916461336607,"102":0.01003470008489303,"103":0.0052458599719513305,"104":0.00990290223952936,"105":0.026601683674695474,"106":0.08828752225406246,"107":0.009150961548067355,"108":-0.005941274517225925,"109":0.014930897911516763,"110":0.017414456919121107,"111":-0.013725905069271557,"112":-0.015946525870894165,"113":-0.0018867729372807757,"114":-0.15966487702513849,"115":0.0035775162685133255,"116":0.04305233685483072,"117":-0.040911478824402187,"118":-0.04718997937823746,"119":0.019690876722096462,"120":0.004391879486826469,"121":0.04166782705363177,"122":-0.02295313189835385,"123":0.016478978725295912,"124":-0.025488498572200383,"125":0.007472339750027243,"126":0.007472339750027243,"127":0.0655750570491101,"128":0.0016744849224736014,"129":0.01961124468497725,"130":0.007472339750027243,"131":0.007472339750027243,"132":0.08947497420279195,"133":0.09264424678262644,"134":0.023572321599204825,"135":-0.014525717297631621,"136":0.04262704372234803,"137":0.10264984782227349,"138":-0.0018500905501010884,"139":0.10549378860195444,"140":0.0635259959942542,"141":0.02789892458391155,"142":0.21931521106811186,"143":-0.0008473520638273141,"144":0.033569707110593275,"145":0.09428851016146612,"146":-0.01813081929983043,"147":0.054353842381740125,"148":0.022562495946395984,"149":0.006026454986275312,"150":0.003971326333754507,"151":0.0062472689763057865,"152":-0.000022232303518714136,"153":-0.031019662721930158,"154":-0.00774569385670984,"155":-0.00855307160030203,"156":0.008065634905557784,"157":-0.0034393175844285584,"158":-0.026499494615684738,"159":0.0029666554249355853,"160":0.002461836281024289,"161":-0.004371231786169973,"162":-0.0015721979830030375,"163":-0.011779423115682024,"164":-0.0161584673012293,"165":-0.027493864502716528,"166":-0.0211162723552442,"167":-0.014597901128908651,"168":0.004519492365923444,"169":-0.01972576406425834,"170":-0.01338720999460502,"171":0.008499874700501911,"172":-0.0031499450237428145,"173":-0.009059497530980891,"174":-0.0217958926972896,"175":-0.019568068574511807,"176":-0.011395869380182687,"177":-0.02517171530157996,"178":-0.03796545395410877,"179":-0.007367523851635062,"180":-0.0021855987928826696,"181":-0.021982491862473662,"182":-0.029877309096683003,"183":-0.014368692176422393,"184":-0.016177745426924003,"185":-0.03102906643448184,"186":-0.04688519785635031,"187":-0.017523081186116424,"188":-0.010776134698813333,"189":-0.010413476002610469,"190":-0.004693371049088936,"191":-0.02068407249208929,"192":-0.0273853070494292,"193":-0.015198117156977872,"194":-0.012595868587657044,"195":-0.02926165641047277,"196":-0.02809290814817799,"197":-0.015749046199099448,"198":0.011066258177994753,"199":-0.022885890003790064,"200":-0.015678984476187728,"201":0.0113437677179977,"202":0.0113437677179977,"203":-0.020109525989360947,"204":-0.01864772623788761,"205":-0.0652167268741348,"206":-0.011310238261353439,"207":-0.013896499254030838,"208":-0.025772905676595743,"209":-0.020858052700402523,"210":-0.005336092466661058,"211":-0.010688911783593366,"212":-0.024789919082733036,"213":-0.037601902259443744,"214":-0.031106100579543834,"215":-0.014741995537250821,"216":-0.040669736617895955,"217":0.0013363817997955364,"218":-0.028077040720215246,"219":-0.01733639433285547,"220":-0.018044351116225772,"221":-0.03228893801980013,"222":-0.0534152465202863,"223":-0.015220307149930327,"224":-0.03143730142199189,"225":0.003026915818628524,"226":-0.001058573195601431,"227":-0.07460654314503291,"228":-0.03465513239836787,"229":-0.02190035541208943,"230":0.013014412165458622,"231":-0.03440939527739125,"232":0.0035643241705704265,"233":-0.040780033477802846,"234":-0.025786991716173158,"235":-0.03356435524922087,"236":-0.018370941961336734,"237":-0.0539927698489859,"238":-0.026139343609140362,"239":-0.04410451527825897,"240":-0.04410451527825897,"241":0.008828579339729248,"242":0.08305263982877281,"243":0.09186064549999717,"244":0.15694070736854837,"245":0.1071830520201866,"246":0.23966147906582946,"247":0.29186133111765,"248":0.06971030200988387,"249":-0.038909146664462546,"250":0.11869195464823751,"251":0.039593030112412275,"252":0.04915175324086138,"253":0.07690958401360085,"254":0.05531243431076446,"255":0.00628468781028349,"256":0.00628468781028349,"257":0.04431893694827782,"258":0.04431893694827782,"259":0.08548813906350841,"260":0.08548813906350841,"261":0.08497358594398505,"262":0.6530857182363132,"263":0.1578836311331998,"264":0.2882820707589543,"265":0.5552124468934407,"266":0.20813569619657973,"267":0.03453317568313355,"268":0.03453317568313355,"269":0.03453317568313355,"270":0.4785040347537012,"271":0.4785040347537012,"272":0.08616751961927606,"273":0.08576602865080296,"274":0.20267388390337962,"275":0.82430437695446,"276":0.11733597274609864,"277":0.21777187886066973,"278":0.3197263368918025,"279":0.17439248710933328,"280":0.2004832471212576,"281":-0.04923990953067264,"282":-0.09470378869329166,"283":0.19717797300643225,"284":-0.11314785444915554,"285":-0.2620003144084172,"286":-0.5238146706209703,"287":0.11258404062196187,"288":0.21909180478931917,"289":-0.04076449334550797,"290":-0.03504467025595603,"291":-0.08766841660049345,"292":-0.0303825789161513,"293":-0.039639908431496534,"294":-0.02011357595125328,"295":0.03581080047039567,"296":0.007939610036020117,"297":-0.04259322409999955,"298":0.10573555800297418,"299":0.14619419585763882,"300":-0.07662724222810612,