{"1":-0.08623122198206025,"2":-0.050347537505005535,"3":0.29442201945559876,"4":-0.13988036433236117,"5":-0.033188750824904883,"6":-0.026935541953624777,"7":-0.00716868777277635,"8":-0.052783095563033275,"9":-0.052783095563033275,"10":-0.010145098431517952,"11":-0.010145098431517952,"12":-0.05734147103984691,"13":-0.05734147103984691,"14":-0.024400331443178477,"15":-0.024400331443178477,"16":0.011872301760646714,"17":0.011872301760646714,"18":0.011872301760646714,"19":0.0379905057974507,"20":0.0379905057974507,"21":0.04369856141406964,"22":0.04369856141406964,"23":0.017591370323513086,"24":0.04190444556012446,"25":0.04977391192711891,"26":0.10492486277844748,"27":0.06414071558498954,"28":0.006123417405215353,"29":0.04271892540584818,"30":-0.0363837126145129,"31":0.06717531923057221,"32":-0.004214486611658547,"33":0.041516298672323426,"34":-0.2295862642139344,"35":-0.08530422722256387,"36":-0.052808119527722186,"37":0.06728686573559672,"38":-0.041086515448107486,"39":-0.16686158633228104,"40":-0.15397877859905545,"41":-0.2845014858939118,"42":-0.09285160301110534,"43":0.03247058508400508,"44":-0.22795617476939056,"45":-0.2488669692930115,"46":-0.13427796990758162,"47":-0.031090452155841386,"48":0.015853942273820087,"49":-0.05617761407485,"50":-0.05617761407485,"51":0.015853942273820087,"52":0.015853942273820087,"53":-0.17200935030492365,"54":-0.17200935030492365,"55":0.013895075059466078,"56":-0.0006768024272931078,"57":0.07955905335108111,"58":-0.021428654763765376,"59":0.034972323884658554,"60":0.4367691542385612,"61":0.21676022582041424,"62":0.14925103676875268,"63":0.06407077032136435,"64":0.13573059804460202,"65":0.2631320841824528,"66":0.4121893444042259,"67":0.3376824792048958,"68":0.3200766704844828,"69":0.08639467558545438,"70":0.06212647882367767,"71":0.04739154676477508,"72":0.07784260386176967,"73":0.008928742981048732,"74":-0.027757603324090163,"75":0.09852593018896472,"76":-0.06714115297819084,"77":-0.010652674923607441,"78":0.13635060603457427,"79":0.10305572968437737,"80":-0.0241562974402611,"81":-0.053384411568645096,"82":0.09137022911028958,"83":-0.07010460632507765,"84":-0.008371742469545584,"85":0.09661311857781635,"86":0.06859382864604785,"87":0.06859382864604785,"88":-0.048976755257654214,"89":-0.048976755257654214,"90":0.10514373761112406,"91":-0.12536561122585332,"92":-0.040340387162201896,"93":0.21845224905346539,"94":-0.05275511197511723,"95":0.002243653961180314,"96":-0.04167858322439866,"97":0.14562501199862987,"98":0.06774408744269289,"99":0.30060820444105696,"100":0.3115373142026113,"101":0.0689512583286234,"102":0.032078320832260976,"103":-0.0036049905109233338,"104":0.02419801360749199,"105":0.06292269107443327,"106":0.26530231238673285,"107":0.015634646001766575,"108":-0.03006682413817305,"109":0.02471241940113353,"110":0.01085094526092395,"111":-0.02697846599331133,"112":-0.04524336099542969,"113":-0.004039446658284873,"114":-0.33489508292091774,"115":0.005652737126630697,"116":0.09100655265639404,"117":-0.16275017420679405,"118":-0.1334150933793808,"119":0.05700286422550105,"120":0.021533274850728507,"121":0.07007837400966904,"122":-0.03157850689657987,"123":-0.00022108867641584817,"124":-0.074764212226618,"125":0.009525309723028397,"126":0.009525309723028397,"127":0.11250688535531195,"128":-0.004991284292485576,"129":0.03983586096262254,"130":0.009525309723028397,"131":0.009525309723028397,"132":0.31853602655352586,"133":0.366834592034296,"134":0.07297371835839064,"135":-0.03867746770645933,"136":0.11876652714377195,"137":0.36664750454849654,"138":-0.031144109327712388,"139":0.37180432045819234,"140":0.15288293781687656,"141":0.054234877008250804,"142":0.8817505615557704,"143":0.00011863055072511286,"144":0.1404533134078884,"145":0.351812769426047,"146":-0.06698344848299015,"147":0.2283922102492214,"148":0.07135447630572904,"149":0.028399207203868515,"150":0.029787541244028742,"151":0.032476182418372385,"152":-0.005380919909563603,"153":-0.09245474368402312,"154":-0.029930163981249314,"155":-0.028945006665951747,"156":0.013474146796143754,"157":-0.04523758875603323,"158":-0.06963808456436225,"159":0.0078352637117593,"160":0.016280865382447995,"161":-0.01696441348288849,"162":-0.005763346250368576,"163":-0.02892044912849824,"164":-0.07588364719711771,"165":-0.08009521018119944,"166":-0.0662646649283892,"167":-0.03571259328419915,"168":0.010635464800626465,"169":-0.05156634209254091,"170":-0.03925264832844877,"171":0.0316450870792864,"172":-0.013904723150282211,"173":-0.02080447690964618,"174":-0.0419531414776666,"175":-0.03764258268424597,"176":-0.03245572139164127,"177":-0.042527604239518985,"178":-0.09831742147380663,"179":-0.029437835243598276,"180":0.0051893209517694106,"181":-0.043692635632563474,"182":-0.05899334523531892,"183":-0.056503702255367036,"184":-0.03848195728954443,"185":-0.09800925879562461,"186":-0.13899941103970442,"187":-0.043270156207893526,"188":-0.04421540638444793,"189":-0.018067895252772817,"190":-0.02561642765132488,"191":-0.09092404654812611,"192":-0.07929718433706645,"193":-0.06555552301736561,"194":-0.058984461158775064,"195":-0.10564219031699856,"196":-0.044693148286374246,"197":-0.06355649375789102,"198":0.0412357713326946,"199":-0.05950241850511853,"200":-0.04746478802360596,"201":0.03850209296419152,"202":0.03850209296419152,"203":-0.05969308118316448,"204":-0.05584019540423918,"205":-0.23825100782896974,"206":-0.05367794406604652,"207":-0.053667498771160185,"208":-0.06060712370847466,"209":-0.05522514406893943,"210":-0.016702526688802816,"211":-0.029425175258555022,"212":-0.07596384310231828,"213":-0.09281982682304611,"214":-0.0884260571664431,"215":-0.05329765438562181,"216":-0.16187951162621442,"217":0.0018384976697422423,"218":-0.10998785689136983,"219":-0.07443430933493514,"220":-0.06480458318169283,"221":-0.12350626923756272,"222":-0.19724171807815685,"223":-0.048790277614487204,"224":-0.08538593798445615,"225":0.012648429562706592,"226":-0.01565111598155533,"227":-0.21353295976262893,"228":-0.10420996768971119,"229":-0.04766814456581603,"230":0.03923050531448952,"231":-0.11290062423063209,"232":-0.0077131309995985,"233":-0.10082553325240644,"234":-0.0789537276583647,"235":-0.11274498995535973,"236":-0.049990816128760274,"237":-0.14153231216987155,"238":-0.054797251173168915,"239":-0.10204757754677105,"240":-0.10204757754677105,"241":0.025166673073599766,"242":0.1401543812151711,"243":0.07400335523603452,"244":0.293386606560992,"245":0.24755185090726828,"246":0.35782429366144985,"247":0.7161483208192208,"248":0.2679110469925672,"249":-0.09401332578234567,"250":0.27905546448392105,"251":0.09585756729292638,"252":0.125520825030218,"253":0.16419617765489317,"254":0.12321812774464123,"255":0.03155839181312364,"256":0.03155839181312364,"257":0.11277843361752626,"258":0.11277843361752626,"259":0.2159060045367917,"260":0.2159060045367917,"261":0.18401280370542716,"262":1.3003257226171598,"263":0.3052378057847931,"264":0.5593563155740007,"265":1.3919974130992294,"266":0.4109199421158689,"267":0.07876604072950727,"268":0.07876604072950727,"269":0.07876604072950727,"270":1.0767507882037601,"271":1.0767507882037601,"272":0.19222209422712827,"273":0.1884295839842528,"274":0.5445333646515994,"275":1.4380533088654333,"276":0.1854443185096799,"277":0.39196581911374473,"278":0.518143222265089,"279":0.3276565099241996,"280":0.21817214886456338,"281":0.03404914022076233,"282":0.03842172832019308,"283":0.3625188606688514,"284":-0.18479356588795426,"285":-0.5842436029842271,"286":-1.221214811988141,"287":0.4476657954682285,"288":0.9579591436364356,"289":-0.13806671669461087,"290":-0.10693169474701805,"291":-0.19461470043937448,"292":-0.08913796153981274,"293":-0.08910206240572877,"294":0.01605727952130176,"295":0.14215232555912205,"296":0.06265075855254976,"297":0.15074386888475355,"298":0.3077193419938835,"299":0.44640597876621246,"300":-0.2204076137251823,"301":-0.15970708384107532,"302":-0.12647720460327533,"303":-0.03437491041120888,"304":-0.023452627782274665,"305":0.00646201347395875,