{"1":-0.18330057106938596,"2":-0.07163870415939724,"3":-0.17734504004937968,"4":-0.030659257924326194,"5":-0.04803646210414153,"6":-0.03657919681556415,"7":-0.02295276274091848,"8":-0.14056603348988603,"9":-0.14056603348988603,"10":-0.03884831877466918,"11":-0.03884831877466918,"12":-0.13918049992549222,"13":-0.13918049992549222,"14":-0.21239855545740294,"15":-0.21239855545740294,"16":0.012729949687049536,"17":0.012729949687049536,"18":0.012729949687049536,"19":-0.012271571008107544,"20":-0.012271571008107544,"21":-0.0035123494830493485,"22":-0.0035123494830493485,"23":-0.022690086117400393,"24":-0.05586079601128785,"25":0.0506658946149392,"26":-0.09897034797256135,"27":-0.009149283300069054,"28":-0.007237841465159524,"29":0.005731322636893264,"30":-0.06926538951151032,"31":-0.06622423678480552,"32":-0.0443941996557775,"33":0.029228491873925636,"34":-0.03150697879580327,"35":-0.14014373411724995,"36":-0.1023362993873575,"37":-0.11410633097261544,"38":-0.08304058573014766,"39":-0.003937151904269243,"40":-0.11392893268762833,"41":-0.1857647285922681,"42":-0.16256974072192482,"43":-0.10485973192356851,"44":-0.0610203092037534,"45":-0.13084034743410633,"46":-0.04845379664516947,"47":-0.1429914177211581,"48":-0.06552597112990959,"49":-0.21713900870407807,"50":-0.21713900870407807,"51":-0.06552597112990959,"52":-0.06552597112990959,"53":-0.09445900417830154,"54":-0.09445900417830154,"55":-0.024130443983290922,"56":0.023608975361657944,"57":0.029720500259218165,"58":0.0055069798259760015,"59":0.031277650573598555,"60":0.07661029864423946,"61":0.08263099615505518,"62":0.04523824019090989,"63":0.08718525704917596,"64":0.012865251703110606,"65":0.05772488367170951,"66":0.11541701057423867,"67":0.18114388074339927,"68":0.04654602608267741,"69":-0.054646625455469014,"70":-0.1290911261896776,"71":-0.04066904767532026,"72":-0.05138321235875981,"73":-0.024502961084733613,"74":-0.050033714790778214,"75":-0.18167669180540139,"76":-0.08921592332524814,"77":-0.06127250793915623,"78":-0.07482248463500533,"79":-0.016295399018525197,"80":-0.047059467268790595,"81":-0.044120988883572465,"82":-0.21595674863512482,"83":-0.07927882474688469,"84":-0.07909035185997733,"85":-0.051690069847861994,"86":-0.14052230044853042,"87":-0.14052230044853042,"88":-0.18283749445506836,"89":-0.18283749445506836,"90":-0.0588228381561612,"91":-0.03957410850943513,"92":-0.07056700948599419,"93":-0.021286548758653892,"94":-0.0389328188535519,"95":-0.06938310047711177,"96":-0.0785581478802546,"97":-0.032990184611879844,"98":-0.017145916791645316,"99":0.17520739559564144,"100":0.1689513063717455,"101":-0.00775372234638845,"102":-0.02635640617786534,"103":-0.044026139856455856,"104":-0.024077410689212486,"105":-0.038741464561433264,"106":0.24038362586305828,"107":-0.04365533454207485,"108":-0.007462267832638758,"109":-0.023917296764956034,"110":-0.06197445500421106,"111":-0.09214782589794776,"112":-0.028906051952727232,"113":-0.01969909358239394,"114":-0.0035617383870412966,"115":-0.003932178309258821,"116":0.0028841099425646888,"117":-0.23685665877797252,"118":-0.2230205897594559,"119":-0.024763221660000292,"120":-0.00887438519382698,"121":0.009070074861476526,"122":-0.06283446587582557,"123":0.001201320395654848,"124":-0.08577839719121902,"125":-0.02793136214528459,"126":-0.02793136214528459,"127":-0.09295515889365896,"128":-0.15510714222985963,"129":-0.037517378680647105,"130":-0.02793136214528459,"131":-0.02793136214528459,"132":0.12891018921587977,"133":0.16189820197940646,"134":-0.021007038769796052,"135":-0.06809093134163784,"136":0.17567605791926288,"137":0.2478829928143192,"138":-0.010149974789982655,"139":0.27061693515173585,"140":-0.021288261366815386,"141":-0.12528060104193295,"142":0.6753822928814547,"143":-0.13392953685176634,"144":0.08354679952990687,"145":0.32700686752660046,"146":-0.07215515846655099,"147":0.24385464581225394,"148":0.02872435673107608,"149":-0.040644919096839455,"150":-0.06885081864601002,"151":-0.03115339369277259,"152":0.03913098110107392,"153":-0.10827586113428594,"154":-0.08987380545071955,"155":-0.07378564553394854,"156":0.035932639171553246,"157":-0.0007225516351873906,"158":-0.08609567998583503,"159":-0.03605968827167477,"160":-0.02683096576707006,"161":0.014835052399075538,"162":-0.040692269535538624,"163":-0.018990605558871526,"164":-0.018100391752941147,"165":-0.08318069667490213,"166":-0.05784616649559074,"167":-0.12690281563647962,"168":-0.0891893321058145,"169":-0.03541666880386152,"170":-0.026569173518548775,"171":-0.12076783729808428,"172":-0.02357691811635984,"173":-0.07587975166995901,"174":-0.07096578621207035,"175":-0.08550993036135376,"176":-0.03495103732950523,"177":-0.1252977014123997,"178":-0.11710048574541551,"179":-0.13280811154822736,"180":-0.03774143308344839,"181":-0.06422772199723756,"182":-0.08220901284873915,"183":-0.08342925228639128,"184":-0.09007263833179331,"185":-0.14531341401926234,"186":-0.048937012682424716,"187":-0.08571057840681237,"188":-0.05343793386059609,"189":-0.03730092275673233,"190":-0.0670539218749774,"191":-0.08701475928775979,"192":-0.08203043494335269,"193":-0.10930870711458289,"194":-0.09548865750682207,"195":-0.09992596818227983,"196":-0.03273999423207226,"197":-0.13416467043887692,"198":-0.1350716323940918,"199":-0.0698848025641745,"200":-0.0242714455798555,"201":0.1399078171574813,"202":0.1399078171574813,"203":-0.02267793501492528,"204":-0.03919541787703456,"205":-0.036315643608440626,"206":-0.06933322891069366,"207":-0.06868702333776926,"208":-0.059019239688903186,"209":-0.02424929244930761,"210":-0.02999545810217199,"211":-0.0427745791680485,"212":-0.07510329758333528,"213":-0.018446010593665317,"214":-0.019017690955916516,"215":-0.07807792022745864,"216":-0.05695025758014603,"217":-0.04443067334882631,"218":-0.1390119399067325,"219":-0.05387237091748295,"220":-0.0450572088077837,"221":-0.09464581975208496,"222":-0.0687549777181267,"223":-0.06261439109947127,"224":-0.07439704388153393,"225":-0.02489987018428032,"226":-0.0923658969718528,"227":-0.270747147277411,"228":-0.09861409542063573,"229":-0.12968637253918414,"230":-0.0423687363414989,"231":-0.06504630958617769,"232":0.025371111337245164,"233":-0.057501482477969976,"234":-0.07221522338503657,"235":-0.12361204377208088,"236":-0.03569581576071197,"237":-0.15368137225716355,"238":-0.10985484258477862,"239":-0.263952122655313,"240":-0.263952122655313,"241":0.008736048494882798,"242":0.07143319440396281,"243":0.10576452936454439,"244":-0.07163855913483891,"245":-0.05880068304915564,"246":0.20400714553632562,"247":0.06940664253264764,"248":0.18365889698978316,"249":-0.0026167564367383517,"250":0.09423658926959752,"251":-0.023061790830389062,"252":0.0941652221814225,"253":-0.028102898600987414,"254":0.00437378094898239,"255":0.06014061902497311,"256":0.06014061902497311,"257":-0.04916637151277002,"258":-0.04916637151277002,"259":-0.0007294253156799185,"260":-0.0007294253156799185,"261":0.18263535287225063,"262":0.30919761572021337,"263":0.19255851696283724,"264":0.36840231804019774,"265":0.5137165404932305,"266":0.19714421155682677,"267":0.08225726606657971,"268":0.08225726606657971,"269":0.08225726606657971,"270":0.4450943384196787,"271":0.4450943384196787,"272":-0.12045981444712604,"273":0.0012842604246685319,"274":0.07511698915527348,"275":0.19117716046348154,"276":-0.4253351967395955,"277":-0.2081907694270949,"278":-0.20246769273724186,"279":0.11754889560292955,"280":-0.12532966988870387,"281":-0.0704799681879712,"282":-0.5298677453494858,"283":-1.1703662064211975,"284":-0.08576328982442455,"285":-0.17727994238117514,"286":-0.3360246068492572,"287":0.3196919488997274,"288":0.5644039110035942,"289":-0.18080494731918773,"290":-0.2622392590393097,"291":-0.502471522097732,"292":-0.19767282884010176,"293":-0.08210329768169827,"294":-0.24732795820283066,"295":-0.19906906366207175,"296":-0.1197129838430179,"297":-0.07371308036836594,"298":-0.290760787459071,"299":0.45662595489441543,"300":-0.10958378265218902,"301":0.013651310996909416,