{"1":-0.46299357839293487,"2":-0.8442165638257739,"3":-1.1990554418681287,"4":-0.2403786900293836,"5":-0.6935575619797114,"6":-0.22007164858635786,"7":-0.07799490746371118,"8":-0.67141990566852,"9":-0.67141990566852,"10":-2.7408806114332878,"11":-2.7408806114332878,"12":-0.350483415152103,"13":-0.350483415152103,"14":-0.702090524819527,"15":-0.702090524819527,"16":-0.5253975160239905,"17":-0.5253975160239905,"18":-0.5253975160239905,"19":-0.010810960815385684,"20":-0.010810960815385684,"21":0.2426806131310153,"22":0.2426806131310153,"23":0.06247223132677138,"24":-0.7141506764746999,"25":-0.034775648044214236,"26":-0.5820009249951634,"27":-0.48652557428904064,"28":-0.5030114793130229,"29":1.641130380109944,"30":0.5839227131238305,"31":0.9573159617713003,"32":1.2511965644335854,"33":-0.38853065966428346,"34":0.23473557871449868,"35":-0.47291904391505746,"36":-2.257484123452411,"37":-0.6620021098858153,"38":-0.8625302711440783,"39":-0.4281575613408881,"40":1.686223143936095,"41":-1.6123737802903282,"42":-0.24592215637251336,"43":-0.2631182662514968,"44":-0.10598404047424737,"45":-0.14775071605334134,"46":1.4253170247145897,"47":0.008652525377561116,"48":-0.5122061553423087,"49":-1.0179004747298226,"50":-1.0179004747298226,"51":-0.5122061553423087,"52":-0.5122061553423087,"53":0.576200398033941,"54":0.576200398033941,"55":-1.560887614058056,"56":-0.509394781213184,"57":-1.0547462571255302,"58":-0.7320120851644687,"59":-1.354610445406533,"60":-1.7013300655710775,"61":-0.6195716689656234,"62":-0.9071831176116754,"63":-1.7245514361399723,"64":-0.6968064211303369,"65":-0.37156978662294615,"66":-1.2763852880860642,"67":-0.34558628628181065,"68":-1.1138743106723528,"69":-1.6634911448435226,"70":-0.7978518043320424,"71":-0.4592869739713912,"72":0.013298820472232187,"73":-0.39767827706868486,"74":-0.3277700832213162,"75":-0.9125338268965706,"76":-1.7844838934417702,"77":-0.807238878819351,"78":-0.833228932233415,"79":-0.33494045201136435,"80":-1.1076255903772037,"81":-0.7152469545780433,"82":-1.0982177418338104,"83":-3.7893499858022137,"84":-0.4932577956432569,"85":-0.9363537697095206,"86":-2.124021608646525,"87":-2.124021608646525,"88":-4.726093366065621,"89":-4.726093366065621,"90":-3.348069699023565,"91":-2.5484040748184213,"92":-2.9643385275602174,"93":-4.450200673952386,"94":-2.0029334439660103,"95":-4.60166991484758,"96":-3.931018485418221,"97":-3.867779016878461,"98":-6.1543849203726895,"99":0.26997402896087364,"100":-0.17043025920088528,"101":0.06227161069144316,"102":-0.25972199468914736,"103":-0.6094773968787583,"104":-0.8204226362375078,"105":-0.3630890623691765,"106":-0.19134972425603847,"107":-0.4641335270220406,"108":-0.8883564292382102,"109":-0.558371713505267,"110":-1.724406972566535,"111":-0.6822673705591908,"112":-0.7954197772082257,"113":-0.706899708572128,"114":0.16949972980555073,"115":0.00034012381605563746,"116":-0.5956968330460839,"117":-0.2386368565506105,"118":-0.5174032193387017,"119":-0.0037950142221632177,"120":-1.0158843320627602,"121":-0.48245240679027246,"122":-0.42358683387744556,"123":-0.6466485078269733,"124":-0.7666830597102048,"125":-0.33831403513198444,"126":-0.33831403513198444,"127":-1.1102043143578095,"128":-0.9773317401348915,"129":-0.6371460093628984,"130":-0.33831403513198444,"131":-0.33831403513198444,"132":-0.4621124959534626,"133":-0.5159782242420938,"134":-0.6537651070506705,"135":-0.47894177255926973,"136":0.44663135690087596,"137":-1.01683628322185,"138":-1.6742689407979796,"139":0.21744361338667417,"140":-2.5452583696916715,"141":-1.1711032344733239,"142":-0.6028493736803489,"143":-0.08360978839905187,"144":-1.1343021663010537,"145":-1.3022001712576632,"146":-1.3722798397936993,"147":-2.9035600859064292,"148":-0.9343931941193482,"149":-0.46280590498122676,"150":-0.1243340960920003,"151":-1.2369937229888235,"152":-0.975476436976761,"153":-0.830722110062053,"154":-0.8998027551850325,"155":-0.6521676545996602,"156":-0.8281676473143182,"157":-0.2084446698704312,"158":-0.3098037340113313,"159":-0.3929674462789903,"160":-1.435244989274504,"161":-0.9224161152982906,"162":-0.6485838789769107,"163":-0.49875358693146055,"164":-1.3298705763890375,"165":-0.6472637906815608,"166":-0.9342615738405451,"167":-0.78791185198791,"168":-0.6033838169567036,"169":-0.6424381317819456,"170":-0.6763922230134747,"171":-0.5386176228779407,"172":-0.25463585383222087,"173":-0.4442406403852557,"174":-0.5782151456174103,"175":-1.7902361924437136,"176":-0.27029002521393286,"177":-0.24784064039970888,"178":-0.9584469996666725,"179":-1.0230549372242295,"180":-0.6515750536794536,"181":-0.3782555167548294,"182":-0.2834613939127104,"183":-0.11975716683885818,"184":-0.276541420527038,"185":-0.4509094320831286,"186":-0.060460437808945944,"187":-0.2905582646956346,"188":-0.6357199323355722,"189":-0.4372440562547024,"190":-0.5157414792774029,"191":-1.2306618966720517,"192":-1.7497891184988994,"193":-0.5710039376441487,"194":-2.0793593450392307,"195":-1.5039385490579602,"196":-0.9303485421225188,"197":-5.090900298347059,"198":-7.336225828534639,"199":-3.047689194789169,"200":-1.0334928540023798,"201":-0.7823612685497356,"202":-0.7823612685497356,"203":-0.7711487542938769,"204":-0.7066806815936351,"205":-0.1240924333887865,"206":-0.5578946157040447,"207":-0.8701093273114386,"208":-0.40916679422017355,"209":-0.31958781737464825,"210":-0.5471874042492488,"211":-0.48738897360516376,"212":-0.937490450842559,"213":-0.46626663079802544,"214":-0.4675066428466972,"215":-0.473414523976444,"216":-0.6125110721627864,"217":-0.5273402268854221,"218":-0.43182246615152264,"219":-0.8378089204296004,"220":-0.6942127218312386,"221":-1.142785971219621,"222":-1.3043355853221712,"223":-0.37513401057402884,"224":-0.8555253355266399,"225":-1.1531487877955013,"226":-1.485795906869794,"227":-0.5075815682950084,"228":-0.5741994786767153,"229":-0.7225370714246067,"230":-0.5106260876821467,"231":-0.3267219825691172,"232":-0.33737081736390495,"233":-0.5446911077786862,"234":-0.426847991938919,"235":-0.5479425095645336,"236":-0.5399857178312812,"237":-0.8309340964128125,"238":-2.1574165150493405,"239":-0.38830723163136494,"240":-0.38830723163136494,"241":-0.32876760555057194,"242":-0.481517371814296,"243":-0.1351820620740103,"244":-0.12083153652800771,"245":0.754845448221473,"246":-0.811413404579,"247":-0.48813819651913104,"248":-0.35423144619855873,"249":-0.45476420944424756,"250":-0.7281986725492816,"251":-0.8813149690180038,"252":0.4409590578034783,"253":-0.7666230385036492,"254":-0.2741223378693395,"255":-0.3586927544835189,"256":-0.3586927544835189,"257":-0.7827203708076471,"258":-0.7827203708076471,"259":-0.29186477451676507,"260":-0.29186477451676507,"261":-0.5557642603438202,"262":-0.17480345792462337,"263":0.3123781455715793,"264":-0.13369895052931913,"265":-0.23302678775040908,"266":0.31365505701149865,"267":-0.34936850446690193,"268":-0.34936850446690193,"269":-0.34936850446690193,"270":0.005673388032027438,"271":0.005673388032027438,"272":-0.9116836394973531,"273":0.1482424116528086,"274":0.060717078292186866,"275":-0.894600541905564,"276":-1.0398383438821601,"277":-1.0685064340169337,"278":-0.8842893481516128,"279":-0.8568291900289943,"280":-1.1088272069364908,"281":-0.1369166684842491,"282":-0.1889459342149551,"283":-0.681177160434137,"284":-0.26152036503203213,"285":-0.04589911801412638,"286":-0.8129633024540135,"287":-0.2656586917556436,"288":0.201115048926382,"289":-0.28031400938121687,"290":0.2546752962884331,"291":-0.03855326724144814,"292":-0.3621692929350995,"293":-0.47977286485904136,"294":-0.29132774204244394,"295":-0.6624817604760883,"296":0.16401346607521883,"297":-0.9634818054106828,"298":-1.1316480044535102,"299":0.07798083429088387,"300":-0.33497402452204517,"301":0.1448941710045113,"302":-0.23891755899691836,"303":-0.520627620169527,"304":-0.18593787068666723,"305":0.09779114334871686,"306":-0.18593787068666723,"307":-0.33918716583386144,"308":-0.3617243616404706,"309":-1.5698020397724477,"310":-0.4317426721222213,"311":-0.5134699914533409,