{"1":-0.05493678173044639,"2":0.037455807915342865,"3":-0.0698776685255803,"4":0.1159837398485665,"5":0.03810105953909901,"6":0.09046452809555412,"7":0.08175313884255006,"8":0.09146542964696094,"9":0.09146542964696094,"10":0.23964208124237676,"11":0.23964208124237676,"12":0.042680969573845484,"13":0.042680969573845484,"14":0.029640075871297245,"15":0.029640075871297245,"16":-0.02869292333667757,"17":-0.02869292333667757,"18":-0.02869292333667757,"19":0.04554204949747312,"20":0.04554204949747312,"21":0.11007129934959842,"22":0.11007129934959842,"23":0.007006341121397794,"24":0.08568565563163197,"25":0.07365929352318185,"26":-0.04944806522555249,"27":0.03088192894036354,"28":0.05164488805752476,"29":0.022531851754584997,"30":-0.038845978507444284,"31":-0.03998844432601227,"32":-0.027880356408280293,"33":0.0357884052685825,"34":-0.05594700275284123,"35":-0.07127571169421903,"36":-0.027476657289638745,"37":0.005638350826408067,"38":0.009404938677172597,"39":0.048207377563233705,"40":-0.05631928533392483,"41":-0.05811741481661287,"42":-0.0863181191050266,"43":0.0018005971902069762,"44":0.035284791767847434,"45":-0.029943718908050587,"46":0.04900659979743083,"47":0.00801036649292125,"48":0.03660412729449519,"49":-0.05388874238409247,"50":-0.05388874238409247,"51":0.03660412729449519,"52":0.03660412729449519,"53":0.011006455383573949,"54":0.011006455383573949,"55":-0.05587016145529122,"56":0.046012141021630454,"57":0.03970993407563267,"58":0.05845990386721146,"59":0.04851198280869007,"60":-0.020483119104864278,"61":0.07866743875759871,"62":0.042619653546688174,"63":0.06549139959629523,"64":0.00565181657641764,"65":0.006001531900894752,"66":0.1402290348670732,"67":0.08872835599720053,"68":0.04093027843123065,"69":-0.045292447625645105,"70":-0.03336097959448675,"71":-0.021721657927621263,"72":-0.019432459792890405,"73":0.05963118344146856,"74":0.009276071880137848,"75":-0.14512221626933988,"76":-0.005787205410357571,"77":-0.027905399738612724,"78":-0.04847423455192015,"79":0.01548792953071021,"80":-0.0036380136011363584,"81":-0.06542114600526522,"82":-0.13119782618228032,"83":-0.023560537964482736,"84":0.004383892491452046,"85":-0.036590204952900024,"86":-0.09278214022439035,"87":-0.09278214022439035,"88":-0.1125637636184402,"89":-0.1125637636184402,"90":-0.041637906134445346,"91":-0.03379419718813076,"92":-0.04608112135392359,"93":-0.013331488017134269,"94":-0.10869009056580516,"95":-0.05735309622465479,"96":-0.11746900223956747,"97":-0.05054884463028256,"98":0.02069944694490433,"99":0.07245195487575357,"100":0.09937846780437276,"101":-0.007777642858308592,"102":0.010122644072132675,"103":-0.037118603624047286,"104":-0.05331465578722788,"105":-0.00014675422625137768,"106":0.0723944186388572,"107":-0.03194924525540882,"108":0.007376807492362553,"109":0.01581062881321932,"110":-0.045897966526078304,"111":-0.03394421178473825,"112":0.015860677536530227,"113":-0.013826201690841172,"114":-0.033277892308453905,"115":0.06573890017173337,"116":0.07567534211305316,"117":-0.1135191964643047,"118":-0.0839288570100839,"119":0.020669333128641887,"120":0.03290580101550464,"121":0.00011244381087663347,"122":-0.019830662013991862,"123":0.04878523797124373,"124":-0.03653558298740575,"125":-0.0013478058233289403,"126":-0.0013478058233289403,"127":-0.07990795999023914,"128":-0.07636518996101194,"129":-0.012965914625843206,"130":-0.0013478058233289403,"131":-0.0013478058233289403,"132":0.0920050609703505,"133":0.02983545132039267,"134":0.052840704519105414,"135":0.027061945088453138,"136":0.08954453580281288,"137":0.1738123103167809,"138":0.06136915823727884,"139":0.17955770749932837,"140":0.020019748523214476,"141":0.03181949699793485,"142":0.12859313815382734,"143":-0.040246505192054194,"144":-0.014168024948378322,"145":0.17611587804000206,"146":0.02046987427621738,"147":0.12481927397495723,"148":0.022283540382154382,"149":-0.03669118750278208,"150":-0.027157481944150796,"151":-0.0795240604467996,"152":0.03595423774982595,"153":-0.029690096966277696,"154":-0.017922415594203378,"155":-0.0068613431638858136,"156":0.04844972836100922,"157":0.044172789153893166,"158":0.014182373557842992,"159":-0.020046307484831327,"160":0.01596105451639465,"161":0.0012696844372029892,"162":-0.03902938766753558,"163":0.03046774487601861,"164":0.06754693237160908,"165":-0.04292729268677986,"166":0.016616094341709742,"167":-0.0062629429837766926,"168":-0.016562462480812085,"169":0.029541864414143,"170":-0.033393551815143,"171":-0.07967999305445306,"172":0.013453534435886316,"173":0.10093678915477752,"174":-0.02196938065582238,"175":0.06533406693476013,"176":0.010582938110370449,"177":-0.005640275680661833,"178":0.042276824578989486,"179":-0.03598749233634985,"180":-0.01848849071387615,"181":0.04117353129872696,"182":-0.015038804858936411,"183":0.019824028943665112,"184":0.01768469930437097,"185":-0.028922317672416875,"186":0.03524617800859725,"187":-0.029463238368160782,"188":0.056464984695975495,"189":0.07400904438370931,"190":0.04159333594848372,"191":0.04593172941865864,"192":0.05618542261383974,"193":0.0034147593321379177,"194":-0.0052217228218665035,"195":-0.036466746102360365,"196":0.07850817845798314,"197":0.04058431202955448,"198":0.04826116598197289,"199":0.04048566684318322,"200":-0.00024062459720236573,"201":0.04153608868965755,"202":0.04153608868965755,"203":-0.0097262150500345,"204":-0.0010196987776635857,"205":-0.0033623465320495177,"206":0.00929951323332169,"207":-0.019553625942875755,"208":-0.01029090021918079,"209":-0.004573297127419204,"210":0.010781096409741439,"211":-0.013113470860592086,"212":-0.04888660392781326,"213":-0.02951064851432232,"214":-0.001240633007036751,"215":-0.033508844440293284,"216":0.04441673049889372,"217":0.03448843477821034,"218":0.05543142061995246,"219":0.046770668982568986,"220":-0.009854312621741995,"221":-0.01862378944366469,"222":0.00605175220415724,"223":0.0022311638663737865,"224":-0.007509631240674636,"225":0.022213150740318113,"226":-0.016066824881323938,"227":-0.08072228778356041,"228":-0.03892737013527334,"229":-0.035969208937506214,"230":0.023350725166929154,"231":0.02366594751353207,"232":0.02909743454555455,"233":0.03312499026782992,"234":0.006521284125925675,"235":-0.004607119892977574,"236":0.043740488374019976,"237":-0.05558709785225541,"238":-0.1127415491757374,"239":-0.15263167238274525,"240":-0.15263167238274525,"241":0.0221156107622395,"242":0.05056389380321569,"243":0.05725869567707642,"244":-0.05732850921987992,"245":-0.08784433399223883,"246":0.14976366139641778,"247":0.023708279389382303,"248":0.21355470941210514,"249":0.0026893504421196188,"250":0.060820004342376166,"251":-0.0026829413003155167,"252":0.021827657190310143,"253":-0.028948423966841795,"254":-0.00615814280676074,"255":0.021939342085610228,"256":0.021939342085610228,"257":-0.05354212831179522,"258":-0.05354212831179522,"259":0.01844859845072913,"260":0.01844859845072913,"261":0.10149600945563089,"262":0.19068525315222418,"263":0.1913555155372551,"264":0.24477824914603838,"265":0.19518594776338627,"266":0.04946920602264146,"267":0.05173623991463802,"268":0.05173623991463802,"269":0.05173623991463802,"270":0.6917772936035663,"271":0.6917772936035663,"272":-0.05305245271891154,"273":0.031727729513041994,"274":-0.06710377083197713,"275":0.054904166867033144,"276":-0.14812165742060063,"277":0.015773824374574086,"278":0.030481358703117856,"279":0.027904459529404277,"280":0.0031318198866621128,"281":-0.1135753758931709,"282":-0.5508888229887514,"283":-0.9761316260882864,"284":-0.24099968145862177,"285":-0.20601727428690467,"286":-0.3606839089096698,"287":0.09147256713374602,"288":0.28870602603636175,"289":0.0017422657592097157,"290":-0.06008570730534224,"291":-0.2925418597957406,"292":-0.08505411785689534,"293":-0.026663050990870185,"294":-0.23266144671761665,"295":-0.20624952620862821,"296":-0.06983697619695439,"297":-0.12836640507030095,"298":-0.1893196333091291,"299":0.18427793189934388,"300":-0.04580909832384786,"301":0.05855092345250987,"302":0.020376626052130475,