{"1":-0.9811821005884792,"2":-3.9791064288611535,"3":-1.3496895421315458,"4":-0.6994454509753489,"5":-0.9177717647007401,"6":0.06982488669942166,"7":-0.22234489496828053,"8":-1.3344770964496082,"9":-1.3344770964496082,"10":-1.0714944021010215,"11":-1.0714944021010215,"12":-1.470663165964019,"13":-1.470663165964019,"14":-2.071423514281361,"15":-2.071423514281361,"16":-0.47361104065985593,"17":-0.47361104065985593,"18":-0.47361104065985593,"19":-0.09004250684578757,"20":-0.09004250684578757,"21":-0.11778461321199946,"22":-0.11778461321199946,"23":-0.010302746973203103,"24":-0.9232451088589124,"25":-0.250355682326982,"26":-0.40114223281692735,"27":-0.0949816341295423,"28":-0.07899772686938472,"29":-0.2869666781180794,"30":0.0537746998355787,"31":0.5638705734020363,"32":0.334060944532105,"33":-0.08671245179024567,"34":-0.05146103618963416,"35":-2.0444833252311074,"36":-0.7729159140328625,"37":-0.7042818925056782,"38":-0.7192635930826146,"39":-0.7298428585329259,"40":-0.3556965028510418,"41":-0.6243215361484971,"42":-2.8445320927405953,"43":-0.5987574708513411,"44":-0.6750028626558618,"45":-1.3505354857144063,"46":-1.2197125736998269,"47":-1.5661656068891643,"48":-0.7938703724120287,"49":-1.0589791242635398,"50":-1.0589791242635398,"51":-0.7938703724120287,"52":-0.7938703724120287,"53":-1.4089084944979362,"54":-1.4089084944979362,"55":-0.17063173479633675,"56":-0.18961045901065837,"57":-0.28646528140176,"58":-0.029658832468454327,"59":0.15264431351263905,"60":0.06597008697989915,"61":0.054950671510550275,"62":-0.19566052744103546,"63":-0.4924200828729236,"64":0.06973209983006573,"65":-0.4179905881038527,"66":-0.017767051370116582,"67":0.24741978255924058,"68":-0.4090939142326656,"69":-0.058768397029189456,"70":-0.3160504305248961,"71":-0.27830435762534433,"72":-0.1455854978918647,"73":-0.44459751594896924,"74":-0.4892152262214352,"75":-1.8904770481903141,"76":-0.7657819698793042,"77":-0.41633112067671163,"78":-0.6739640667515382,"79":-0.4371101898514762,"80":-0.9573636936452281,"81":-0.42479552320392966,"82":-0.7784368931172259,"83":-2.02036813920376,"84":-0.6076066031914512,"85":0.18569969364619965,"86":-1.0057800502234002,"87":-1.0057800502234002,"88":-0.5254185045541866,"89":-0.5254185045541866,"90":-0.023239013769294825,"91":-0.23583329870444092,"92":-0.23919295444320765,"93":-0.2981456306535307,"94":-0.4474606903152694,"95":-0.5723495818428171,"96":-0.2555677717904875,"97":-0.22232369353828274,"98":-0.4545344104365058,"99":0.47678718139976284,"100":0.45568018404204225,"101":-0.17665066107967364,"102":-0.17481380236601485,"103":0.016779973815541638,"104":-0.12428800417081787,"105":0.2180101749004274,"106":-0.32144045024942836,"107":-0.1398394029039589,"108":-0.5990037483165809,"109":-0.017844017157347403,"110":-0.253440368608733,"111":-0.6037954205984803,"112":-0.3094089679097012,"113":-0.14565907995136285,"114":-0.019476955775053595,"115":-0.4744335545317243,"116":-0.2145188432197236,"117":-0.43281562171611443,"118":-0.5866149692278928,"119":-0.1959056778061654,"120":-0.41275490213771837,"121":-0.14319985648745348,"122":-0.23600607398572326,"123":-0.05775522890421936,"124":-0.49401262472521834,"125":-0.12261275327710375,"126":-0.12261275327710375,"127":-0.06517174384518509,"128":-0.2721638914901068,"129":-0.14363871413139473,"130":-0.12261275327710375,"131":-0.12261275327710375,"132":-0.11563958033634147,"133":-0.4137202137724253,"134":-0.4804690728097586,"135":-0.3791160748533795,"136":0.4317533811111458,"137":-1.3645287628496456,"138":-0.4460059251082378,"139":0.47680854378807647,"140":0.014541635622888904,"141":-0.232876383183657,"142":-0.7680513192085388,"143":-0.6163493333658521,"144":-0.5236896207288767,"145":-0.6232603937425502,"146":-0.14549000201904672,"147":-0.03642483124301976,"148":-0.26266830428912624,"149":-0.05586447264017502,"150":1.0602892095400185,"151":0.06593932920242951,"152":-0.057520634221539524,"153":-0.4173405255322657,"154":-0.5432964461241507,"155":-0.7295228768167098,"156":-0.7553718668975666,"157":-0.31306074197442413,"158":-0.6177706248176287,"159":0.08231789793451183,"160":-2.100337128782054,"161":-0.07132584375137674,"162":-0.5945622830174733,"163":-0.3484507308040905,"164":-0.18394017327417533,"165":-0.19924629521978598,"166":-0.6166046450387828,"167":-0.5473131913685849,"168":0.10933144251380678,"169":-0.07643057802731745,"170":-0.3105789862421824,"171":-0.1318399660292533,"172":0.1267140995736089,"173":-0.7232817189369989,"174":-0.5551845009351928,"175":-0.949022993007997,"176":-0.4135867514869158,"177":-0.5575478348866025,"178":-0.7754287177745061,"179":-1.2967331109427105,"180":-0.22609597475010568,"181":-0.16947094713545524,"182":-0.18803572432333737,"183":-0.24747111796499688,"184":-0.28419216215243753,"185":-0.5316271022072487,"186":-0.34591410983115145,"187":-0.25491900556927466,"188":-0.4660693649644171,"189":-0.31344720170125784,"190":-0.17617627581673861,"191":-0.7183168621965264,"192":-1.7329980347621103,"193":-0.39294091161630407,"194":-1.1296704414715184,"195":-0.7938116497953944,"196":-0.6003653392388502,"197":-1.5283023552772568,"198":-1.3005124925147475,"199":-0.12012127145552398,"200":-0.12339787232321964,"201":-0.045315832822446556,"202":-0.045315832822446556,"203":-0.3588451272505496,"204":-0.33465429398506186,"205":-0.19389035928300496,"206":-0.41916194997612755,"207":-0.5370954970065538,"208":-0.32114221419253103,"209":-0.42382670768310277,"210":-0.6274979150755524,"211":-0.178328158952526,"212":-0.4802277009128406,"213":-0.40860123978238705,"214":-0.4557404634953038,"215":-0.5568039138647978,"216":-0.28346329926656455,"217":-0.3627301719190242,"218":-0.36564084145713527,"219":-0.4298501045490005,"220":-0.4116682804809279,"221":-0.49281093013075417,"222":-0.9672009553317973,"223":-0.23858712513029617,"224":-1.019561088249752,"225":-1.489339965401948,"226":-0.30945424413090794,"227":-0.47777937676843063,"228":-0.522559247190815,"229":-0.8161700901194732,"230":-0.2454630633973352,"231":-0.3280000913424522,"232":-0.07358175932204636,"233":-0.7664756767802847,"234":-0.40455640909845314,"235":-0.7297391739285615,"236":-0.5350426718131801,"237":-0.8137393774627465,"238":-4.103633035206197,"239":-0.7905133063722667,"240":-0.7905133063722667,"241":-0.31693740691240746,"242":-0.09240895903883894,"243":-0.05747834226874304,"244":0.21078824241663652,"245":-0.32253884019528617,"246":-0.48610415541894103,"247":-0.2363492127751963,"248":-0.45643207203070096,"249":-0.11358337091127582,"250":-0.4854850224351804,"251":-0.7675501760042814,"252":0.3004811073682699,"253":-0.5070713970845461,"254":0.04336846337677153,"255":-0.35966458296152765,"256":-0.35966458296152765,"257":-0.14023549852998907,"258":-0.14023549852998907,"259":-0.03925454299524728,"260":-0.03925454299524728,"261":0.19153111412475876,"262":0.8501668688384505,"263":0.7928788091610864,"264":-0.20165237470431185,"265":0.6698108363273185,"266":-0.1748812994629505,"267":-0.14452483537969707,"268":-0.14452483537969707,"269":-0.14452483537969707,"270":-0.3374917169817364,"271":-0.3374917169817364,"272":-2.136984613734833,"273":0.1958420168813081,"274":-1.7139395133521222,"275":0.38612235461808986,"276":-1.9592240132924106,"277":-1.6921133912398636,"278":-0.20830108211909604,"279":-1.2469110372917516,"280":-0.7986975842847639,"281":-0.16251495204413607,"282":-0.16683340162448929,"283":-0.2553413405061673,"284":-0.2833146948763243,"285":-0.5143939379063158,"286":-0.4055904481868261,"287":-1.126381154534427,"288":0.05620178189930353,"289":0.28661735630612717,"290":0.3162945968395081,"291":-0.3797052955060026,"292":-1.1514415926435981,"293":-1.1176753064320704,"294":-0.7988623057485097,"295":-0.6223683995061166,"296":-0.069506936215457,"297":-0.26690676033334465,"298":-0.6538111432708309,"299":-0.34160639460570735,"300":-0.799933999556649,"301":0.6835728772310985,"302":-1.0953787172386968,"303":-0.040887146309525724,"304":-0.31626329565462075,"305":-0.18079582843540476,"306":-0.31626329565462075,"307":-0.7433207323334898,"308":-0.921893047639023,