{"1":-0.24929624944641163,"2":-1.610353033732736,"3":-0.1493174061433447,"4":-0.07972955734149764,"5":-0.17536369477846434,"6":0.039399676441535955,"7":-0.08303644598414985,"8":-0.5429551952781119,"9":-0.5429551952781119,"10":-0.4552283760089886,"11":-0.4552283760089886,"12":-0.3840645528301732,"13":-0.3840645528301732,"14":-0.3891423136661138,"15":-0.3891423136661138,"16":-0.24228120677465084,"17":-0.24228120677465084,"18":-0.24228120677465084,"19":-0.012327938343041751,"20":-0.012327938343041751,"21":-0.07662528613186623,"22":-0.07662528613186623,"23":-0.04121668612780798,"24":-0.04751780333800077,"25":0,"26":-0.016864218875582766,"27":-0.01674326731040948,"28":0.005419871613680804,"29":-0.2048816656550296,"30":0.027409278778403892,"31":-0.09308447432491748,"32":-0.009432053333068194,"33":0.004008216307691142,"34":0.0916030534351145,"35":-0.24095827128555536,"36":-0.06923376149393846,"37":-0.043359098103563795,"38":-0.02931069794749379,"39":-0.12101827685832518,"40":0.02833653767213125,"41":-0.09698765706284063,"42":-0.17339045207268278,"43":-0.14531705494133268,"44":-0.06489008816868945,"45":-0.1826827294164142,"46":-0.07385913604307079,"47":0.002494822804698704,"48":-0.10975422459649416,"49":-0.16054328876299717,"50":-0.16054328876299717,"51":-0.10975422459649416,"52":-0.10975422459649416,"53":-0.1471171285498986,"54":-0.1471171285498986,"55":-0.04810868048288206,"56":0.06056204742763859,"57":-0.03674945746212599,"58":-0.008695198511382014,"59":0.000706998630360548,"60":-0.019592486223939706,"61":0.01915498836543515,"62":-0.03709270576456945,"63":-0.07473327782840206,"64":-0.004985417372973484,"65":0.012492267001692176,"66":-0.01621641945893816,"67":-0.01587532257308147,"68":-0.13721534903348362,"69":-0.12201147084174163,"70":-0.12409840276918929,"71":-0.004571536259030437,"72":-0.049655869584685416,"73":-0.0787275610154337,"74":-0.02048740507692476,"75":-0.252905452406702,"76":-0.30788653137789,"77":-0.03455564893714876,"78":-0.17044456291054838,"79":-0.06020197536877896,"80":-0.1675218968264592,"81":-0.05557535269219543,"82":-0.21293802808370627,"83":-0.5364978207469517,"84":-0.06482463509023255,"85":-0.0248772492132706,"86":-0.2145074727980758,"87":-0.2145074727980758,"88":-0.09890001831777906,"89":-0.09890001831777906,"90":-0.01791153463447521,"91":-0.04643041018371117,"92":-0.11395651138542426,"93":-0.0015438787163475007,"94":0.007789111164572904,"95":-0.1148172149538659,"96":-0.04583326595151602,"97":-0.012796485644681551,"98":-0.02790804714878042,"99":0.12755868982308172,"100":0.035638332277593665,"101":-0.12196806874735322,"102":-0.06491692918707098,"103":-0.024560171171239487,"104":-0.1321463386827967,"105":-0.022036588217593522,"106":-0.14139262253864562,"107":-0.06811678147239139,"108":-0.14422326028205978,"109":-0.06989073448409824,"110":-0.13139918011330615,"111":-0.1456360016225433,"112":-0.07812030212853423,"113":-0.04339380725527878,"114":-0.20847079790691092,"115":-0.15790742384856307,"116":-0.150450082143101,"117":-0.10859712637206383,"118":-0.1267495024867369,"119":-0.13289948539550805,"120":-0.20348743543239098,"121":-0.11578371908423626,"122":-0.1989295059442653,"123":0.003921103447866711,"124":-0.24047051710544376,"125":-0.058195796968678076,"126":-0.058195796968678076,"127":-0.04954277766386252,"128":-0.10776095607570678,"129":-0.02292058607214907,"130":-0.058195796968678076,"131":-0.058195796968678076,"132":-0.021111858102575154,"133":-0.14982950880710597,"134":-0.08030229862068312,"135":-0.11641415884337994,"136":0.19974693912427927,"137":-0.43939974855199215,"138":-0.0839170240702067,"139":0.010100781165019113,"140":-0.006586110639742154,"141":-0.14896335425100532,"142":-0.4835986660632254,"143":-0.11264890638838912,"144":-0.09093359530576242,"145":-0.19407584221792432,"146":-0.07160365803387801,"147":0.09373319059100566,"148":-0.03959344533161676,"149":0.02988932040362076,"150":0.5187252739772177,"151":0.13041310721280777,"152":-0.023164708352846175,"153":-0.22262848592121942,"154":-0.2297429070984649,"155":-0.2839545684542034,"156":-0.19870506083089567,"157":-0.09037115321406695,"158":-0.1216241207637982,"159":-0.08077792485468799,"160":-0.7032586424286171,"161":0.011586469028253318,"162":-0.04241168366756961,"163":-0.0865763900764484,"164":-0.12074038380654073,"165":-0.1501742981133822,"166":-0.06728560437739992,"167":-0.04498289960715564,"168":0.0007905810255717655,"169":-0.0032282686632379848,"170":-0.030535073082036596,"171":-0.03208799787280993,"172":-0.0502874011899208,"173":-0.14758218673391543,"174":-0.10458002497706718,"175":-0.406620004344983,"176":-0.13508394110628608,"177":-0.2040117123386889,"178":-0.11607415593986613,"179":-0.1838570571155544,"180":-0.05302291235300014,"181":-0.066746456542643,"182":-0.03623024999066493,"183":-0.09795673522285667,"184":-0.0379113337128226,"185":-0.06544757889104083,"186":-0.10239961083574473,"187":-0.09994700480650523,"188":-0.08191557834733493,"189":-0.055172487207220275,"190":-0.036688629949238036,"191":-0.1661820442414999,"192":-0.22165106741898088,"193":-0.04743206694226297,"194":-0.19234383912039404,"195":-0.12789557124122028,"196":-0.12106032916425519,"197":-0.22350455293194005,"198":-0.2847854875291159,"199":-0.048627616526482786,"200":-0.021706621700200525,"201":-0.007298909045763385,"202":-0.007298909045763385,"203":-0.09911543684664825,"204":-0.049162807273831065,"205":-0.04554213288757296,"206":-0.09735360115866032,"207":-0.08270436589371247,"208":-0.07632180189432713,"209":-0.12427333875864414,"210":-0.23002487017913803,"211":-0.037778470517565235,"212":-0.16768143239740543,"213":-0.11661082379039317,"214":-0.06703644369135242,"215":-0.14240132490364044,"216":-0.03590712537968863,"217":-0.0602515228826665,"218":-0.042717048666051735,"219":-0.038834287253888364,"220":-0.04141313394551205,"221":-0.1100826886861639,"222":-0.23681691069056743,"223":-0.049862060574869985,"224":-0.3758192026267517,"225":-0.2421374642739407,"226":-0.07376132670571486,"227":-0.10850020204020043,"228":-0.08634954264896998,"229":-0.18522334643622762,"230":-0.04941089379796674,"231":-0.05238868744385805,"232":-0.05393364782125019,"233":-0.18082473482087977,"234":-0.07310827343209876,"235":-0.19207234209055837,"236":-0.19045370520016122,"237":-0.10513569528121432,"238":-1.8715539323792183,"239":-0.10917099259167573,"240":-0.10917099259167573,"241":-0.1570475068708284,"242":-0.0678666273236943,"243":-0.04320683250743111,"244":-0.06771008922048136,"245":-0.04392708104546453,"246":-0.06902036869944465,"247":-0.041545960614216844,"248":-0.1167308152592996,"249":-0.057210778352954704,"250":-0.08653816863730528,"251":-0.08624604854315568,"252":0.011619800139437602,"253":-0.10550541492849387,"254":-0.011496289975820355,"255":-0.32660146246761035,"256":-0.32660146246761035,"257":-0.054814031683087704,"258":-0.054814031683087704,"259":-0.04147680058269396,"260":-0.04147680058269396,"261":-0.15526606915997848,"262":-0.10950296294015405,"263":0.17467080058601037,"264":-0.08396150123305468,"265":0.031022798822194747,"266":-0.10713699106394213,"267":-0.20182907153125276,"268":-0.20182907153125276,"269":-0.20182907153125276,"270":0.026647364471272195,"271":0.026647364471272195,"272":-0.17727692234427112,"273":-0.10147661781335174,"274":-0.16957968122397593,"275":-0.1883043381383572,"276":-0.647607443278741,"277":-0.23705557120262577,"278":-0.06460868982362378,"279":-0.25900159753055935,"280":-0.19370210981393293,"281":-0.10611072966731165,"282":-0.04400301734976113,"283":-0.09737106675751697,"284":-0.1441646118101836,"285":-0.34170918136546197,"286":-0.0800049233799003,"287":-0.202391392303691,"288":0.08668234105333632,"289":-0.005902438339357552,"290":0.08410957996791255,"291":-0.03874074950660239,"292":-0.15359044472203542,"293":-0.10397761300429109,"294":-0.18829651597773048,"295":-0.11926960025962108,"296":-0.0726141987335585,"297":-0.3560789863056912,"298":-0.0655071166223889,"299":-0.09222508301129517,"300":-0.04990328796280497,"301":0.029630777947725506,"302":-0.14154592009952643,