{"1":-1.2246811183841926,"2":-4.246263964445928,"3":-1.4562600806482353,"4":-0.6660755126654925,"5":-0.47594948090635625,"6":0.11660359386235064,"7":-0.15096032602634135,"8":-0.6028335984012214,"9":-0.6028335984012214,"10":-1.87736314256545,"11":-1.87736314256545,"12":-2.4881553404382917,"13":-2.4881553404382917,"14":-2.8921873949441537,"15":-2.8921873949441537,"16":-0.33918192331827224,"17":-0.33918192331827224,"18":-0.33918192331827224,"19":-0.10996643420274371,"20":-0.10996643420274371,"21":-0.32720281042100874,"22":-0.32720281042100874,"23":-0.08643100004127102,"24":-1.0400501725409859,"25":-0.04617074525891538,"26":-0.23631597457349998,"27":-0.08425691836170063,"28":0.026153225027222587,"29":-0.5155590921441806,"30":0.13501995899429137,"31":0.06653250373898295,"32":0.17017917614418634,"33":-0.041809851285809885,"34":-0.09531690571535362,"35":-2.780967648038899,"36":-0.4926965287483934,"37":-0.7843816478942768,"38":-0.6579979789608619,"39":-0.026933365168917756,"40":-0.4638048215212159,"41":-0.5884531797716261,"42":-1.976269437242702,"43":-0.5617450433440778,"44":-0.38486086410188847,"45":-1.226394650337584,"46":-1.0958065166242816,"47":-1.22414574735939,"48":-0.5434450540550981,"49":-1.1142728073788386,"50":-1.1142728073788386,"51":-0.5434450540550981,"52":-0.5434450540550981,"53":-1.1499395760409652,"54":-1.1499395760409652,"55":-0.09445438681451704,"56":-0.21711248351705875,"57":-0.05598565494388347,"58":0.024915138532494843,"59":0.15705549446835798,"60":-0.1489423741815174,"61":0.10290767990019761,"62":-0.23184419575695359,"63":-0.10463634222886042,"64":0.03737137770109561,"65":0.14301504566970388,"66":-0.08829930379347195,"67":-0.1709730592348453,"68":-0.806598724235317,"69":-0.38948063411503264,"70":-0.3708770842990557,"71":-0.5057394871379242,"72":-0.426015501234982,"73":-0.2593061420286218,"74":-0.47157936524132804,"75":-2.192720705639894,"76":-0.540748051027021,"77":-0.19134344402607734,"78":-0.6222320742655655,"79":-0.4218350402582772,"80":-0.6442333230960557,"81":-0.12701612283899322,"82":-0.5559767852476969,"83":-0.8124074589622016,"84":-0.5293806811350196,"85":0.07131423160491956,"86":-0.6262943576662505,"87":-0.6262943576662505,"88":-0.39156804016253866,"89":-0.39156804016253866,"90":-0.18380097079445995,"91":-0.17767828536593827,"92":-0.42615912575302206,"93":-0.07207880954241855,"94":-0.059361488203125,"95":-0.24229131286031524,"96":-0.21204531899522056,"97":-0.09859983544091294,"98":-0.145099022370181,"99":-0.011657676886050905,"100":0.16686956038417855,"101":-0.43361811409147966,"102":-0.2464021211577747,"103":-0.2339678927414165,"104":-0.046093408074905806,"105":0.23640043291552182,"106":-0.2876005548296465,"107":-0.2400247226022904,"108":-0.2341405119850648,"109":0.05351494169843907,"110":-0.23905017326604594,"111":-0.43899730664798076,"112":-0.13669001396861669,"113":-0.2034036661303666,"114":-0.011922261723919636,"115":-0.4708702329701767,"116":-0.12592690495091274,"117":-0.382970928681162,"118":-0.5999555352809774,"119":-0.3263556991291723,"120":-0.4474657129462001,"121":-0.18914550113045825,"122":-0.17650909707654094,"123":-0.2329763114694995,"124":-0.39498602759146606,"125":-0.13201898547323382,"126":-0.13201898547323382,"127":-0.3100898730371887,"128":-0.2554102565363684,"129":-0.09118389932870818,"130":-0.13201898547323382,"131":-0.13201898547323382,"132":-0.15184069468253958,"133":-0.6365007852462857,"134":-0.7730019957019336,"135":-0.24869827371226405,"136":0.34442566236753636,"137":-1.3376183878917725,"138":-0.701759998881782,"139":0.2787433822289067,"140":-0.20668402663591523,"141":-0.5594162520370188,"142":-1.2045316006583975,"143":-1.1157083465369122,"144":-1.0941807203914051,"145":-0.577998647367526,"146":-0.32251466280061714,"147":-0.6193378538193879,"148":-0.20949316797947115,"149":-0.015599911929980226,"150":0.8678441937498911,"151":-0.11668660091894689,"152":-0.0011143217358510205,"153":-0.5164335911212203,"154":-0.6899262531811583,"155":-1.2749899769847768,"156":-0.9022459086390509,"157":-0.4799293612429224,"158":-0.5397937912103331,"159":-0.6486480787560582,"160":-3.834249344536868,"161":-0.011610577722090398,"162":-0.7215196350589734,"163":-0.2273079389157876,"164":-0.32022513504086886,"165":-0.2515306804407116,"166":-0.5472009896360268,"167":-0.3533523746542302,"168":0.08476227493880772,"169":-0.0053989990282024,"170":-0.19814848108419808,"171":-0.03585471314029909,"172":0.2963850996232368,"173":-0.5011952076183918,"174":-0.4730926518682279,"175":-1.1757869830858814,"176":-0.4183028242030964,"177":-0.3672170614435788,"178":-0.6117923160044259,"179":-0.9965796017643768,"180":-0.19032475481383762,"181":-0.09175691456215085,"182":-0.023308347441088673,"183":-0.2548444836917867,"184":-0.20809345079831154,"185":-0.4219932638308054,"186":-0.2797290496977518,"187":-0.14489967613410387,"188":-0.5334643315001113,"189":-0.25859037984966354,"190":-0.10005331359097347,"191":-0.5424602247078126,"192":-1.359245917527682,"193":-0.50004205282576,"194":-1.1578774950790907,"195":-0.7404765339081975,"196":-0.4438809603905589,"197":-1.6777004171416292,"198":-2.253030493066611,"199":-0.03384847041321515,"200":0.09244307021280945,"201":-0.4321429490500137,"202":-0.4321429490500137,"203":-0.29070560265839607,"204":-0.31116414053557556,"205":-0.19510644232015073,"206":-0.5835577107910869,"207":-0.6017834624615207,"208":-0.21694882144854213,"209":-0.3341834722665482,"210":-0.7223893403091977,"211":-0.1346011834491842,"212":-0.4796804484394192,"213":-0.18998906563016846,"214":-0.23514116892449755,"215":-0.5896934403368821,"216":-0.2731940327313137,"217":-0.32589330893851604,"218":-0.3808379366383321,"219":-0.35331826835533203,"220":-0.5247276175163178,"221":-0.6043030149654853,"222":-0.8701226560872128,"223":-0.1768109295382579,"224":-1.1864743452835707,"225":-1.2648121268545927,"226":-0.35634260479479674,"227":-0.26736192162439637,"228":-0.34373025302210564,"229":-0.5262385720905866,"230":-0.31427213163925966,"231":-0.27052744148325275,"232":-0.005806954716824242,"233":-0.8674508298630816,"234":-0.41674254890798434,"235":-0.6886459713355648,"236":-0.4865872326116628,"237":-0.615119725739582,"238":-4.622483525228078,"239":-0.8901214158382245,"240":-0.8901214158382245,"241":-0.0485434564523049,"242":0.037734169761758196,"243":0.07626709108184054,"244":-0.11924173137493227,"245":-0.0963831560205683,"246":-0.3604501473412885,"247":-0.1096453673732743,"248":-0.3210643528296669,"249":-0.08715374052183018,"250":-0.41683298694515675,"251":-0.3461364356291822,"252":0.19604598559141462,"253":-0.2728828326020473,"254":-0.03088558106050504,"255":-0.1192425054683165,"256":-0.1192425054683165,"257":0.01836676305214363,"258":0.01836676305214363,"259":-0.05883080676515312,"260":-0.05883080676515312,"261":0.3131612622939029,"262":0.33461620993550656,"263":0.5442130985869825,"264":-0.2565148836155794,"265":0.4058128853422047,"266":-0.32465171506135104,"267":-0.02194574868177246,"268":-0.02194574868177246,"269":-0.02194574868177246,"270":-0.13927516417329566,"271":-0.13927516417329566,"272":-2.3226751468630784,"273":0.10051924413258823,"274":-1.4898357308606982,"275":-1.5906356613640291,"276":-1.8561090363898405,"277":-3.2453625961329946,"278":-2.8600648913723727,"279":-1.1664128723017477,"280":-0.9657892795630829,"281":-0.17907264047701502,"282":-0.14307552551379227,"283":-0.4233323696162109,"284":-0.17218305594997585,"285":-0.20721728363094477,"286":-0.27266300577160074,"287":-1.2522426093844825,"288":0.3043590304840502,"289":0.31734935514184115,"290":0.21400768137219428,"291":-0.27696687692271904,"292":-1.3113315200979134,"293":-0.5264683749385448,"294":-0.6211209904313109,"295":-0.6614682157952556,"296":0.022180494494920877,"297":-0.5249104560816955,"298":-0.41778168968580204,"299":-0.2749871326097194,"300":-0.715387569926968,"301":0.811419375694038,"302":-1.219178483239982,"303":0.15176322492792904,"304":-0.4738518567021546,"305":-0.18953885850088503,"306":-0.4738518567021546,"307":-0.20339925863027242,"308":-1.0978402253055106,