{"1":0.608266863038675,"2":0.3419623568956546,"3":-0.2883020701847072,"4":3.6576043557554736,"5":0.9279517994692386,"6":0.5433648522166141,"7":0.37466377036774323,"8":0.4226412782915012,"9":0.4226412782915012,"10":0.5806129589373306,"11":0.5806129589373306,"12":0.26415401297592683,"13":0.26415401297592683,"14":0.2228129986708417,"15":0.2228129986708417,"16":1.0812882470413507,"17":1.0812882470413507,"18":1.0812882470413507,"19":0.6926442983480924,"20":0.6926442983480924,"21":0.32053513187082827,"22":0.32053513187082827,"23":1.6261140501490041,"24":1.9641579918577574,"25":1.4890152588590946,"26":0.019954643228080077,"27":1.2576152196020018,"28":0.6181321414713088,"29":0.8059817676284178,"30":0.47562944326760326,"31":0.08184271610314997,"32":0.3918854183026235,"33":0.0932518195247132,"34":0.3430919785769253,"35":0.26426137564348184,"36":0.27463254301999795,"37":0.11818190794521027,"38":0.6924527927061737,"39":0.7881596733613576,"40":0.35541686320790594,"41":0.10871465471545455,"42":0.2668106631139378,"43":0.23218276368522217,"44":0.35764152997963994,"45":0.09291818397353518,"46":0.1650607672322686,"47":0.1840248423013129,"48":0.36107954338205206,"49":0.16298116230716558,"50":0.16298116230716558,"51":0.36107954338205206,"52":0.36107954338205206,"53":0.35135875988945364,"54":0.35135875988945364,"55":0.023157554763743343,"56":0.16553135752307968,"57":-0.17479325782957733,"58":0.17081149756446457,"59":0.17691602386879235,"60":-0.027248406762693134,"61":0.34093399056017626,"62":0.6575444908503102,"63":0.5609956102897633,"64":0.21638778154555915,"65":0.42812794166151114,"66":0.16668328238667607,"67":0.1719515074250192,"68":0.07916608907178596,"69":-0.12209934137416556,"70":0.14346219872634847,"71":-0.06839134295040128,"72":0.17286906725413032,"73":0.3724534072376395,"74":0.2930957416514415,"75":0.043784655339193235,"76":0.16865739367719013,"77":0.12338718828320672,"78":0.18881905905889051,"79":0.011486629226200418,"80":0.3660228107110116,"81":0.12054931593036089,"82":0.1200121983580823,"83":0.09608906838879278,"84":0.6091717722792295,"85":0.30908722404387734,"86":0.061761860995863116,"87":0.061761860995863116,"88":0.09612734788829846,"89":0.09612734788829846,"90":-0.08323292608342814,"91":-0.00781259803942888,"92":-0.0612914873494019,"93":-0.10620369430422624,"94":-0.2347452682538257,"95":-0.02617253521299262,"96":-0.13190267245898776,"97":-0.14240905734761616,"98":-0.21141705188547633,"99":0.7307481337580275,"100":0.6987036291528451,"101":0.08456533066714245,"102":0.2224808620804422,"103":0.23926221906489403,"104":0.3208021833859809,"105":0.3246574301199927,"106":0.5666320874975458,"107":0.4172839807194967,"108":0.44031292572973246,"109":0.5863200348653761,"110":0.647331136506768,"111":0.5482765611503091,"112":0.366489259011187,"113":0.47104904508952417,"114":1.0094276153104813,"115":0.6614565052536673,"116":0.49502420147407333,"117":0.8719723047682528,"118":0.7009040029887602,"119":1.2000699631786222,"120":0.6271709029563906,"121":0.7311384759435072,"122":0.8345988267228641,"123":1.1875247871809085,"124":6.552744311150423,"125":0.8904050923835289,"126":0.8904050923835289,"127":0.35219293584160627,"128":1.2899177094920717,"129":0.2456164379171462,"130":0.8904050923835289,"131":0.8904050923835289,"132":0.08700205068314087,"133":0.02129605657604805,"134":0.31530754867441946,"135":0.2141633187629574,"136":0.11404172640918944,"137":0.1759678647714567,"138":0.10232173718663318,"139":0.20894757874334519,"140":-0.0009354145060553876,"141":0.2308176739974233,"142":0.16515935894216693,"143":0.1972621127352528,"144":0.16363709208786364,"145":0.26741961500690575,"146":0.1072185033240558,"147":0.0228356400559048,"148":-0.021688826743567896,"149":0.06877639531097354,"150":0.19614050299362729,"151":-0.003937830516225205,"152":0.07583417354875907,"153":0.1395543515377871,"154":0.1302673141461816,"155":0.10916964250573907,"156":0.14266296150278251,"157":0.28362842078992795,"158":0.7639189775983002,"159":0.07914441097403699,"160":0.13753575887282568,"161":0.12419286582657396,"162":0.33972010878202374,"163":0.33995118567270644,"164":0.4436772761826239,"165":0.5114505205238463,"166":0.3174849307361871,"167":0.3423294178667545,"168":0.677697590816773,"169":0.41680378294293097,"170":0.651239596143658,"171":0.336352008611297,"172":0.5056191089355837,"173":0.5513044788590258,"174":0.3638129754589382,"175":0.5646127995168383,"176":0.16339460958688265,"177":0.5998605843017988,"178":0.41770284321481854,"179":0.4438021290473189,"180":0.20092624916548718,"181":0.29517576634607967,"182":0.44533470907924033,"183":0.2348734881197771,"184":0.3031706555380357,"185":0.39450398725147523,"186":0.4621793002904018,"187":0.3836521603025527,"188":0.7213388063105679,"189":0.45407437326366257,"190":0.48296214884738653,"191":0.4653286329048423,"192":0.663206107674937,"193":0.47601260904459664,"194":0.28811765111857285,"195":0.31258525707608786,"196":0.7355764726019776,"197":0.5515251062135316,"198":1.12988551719289,"199":0.7491112359847654,"200":0.5908047687867815,"201":0.06989590083390368,"202":0.06989590083390368,"203":0.20055142894564676,"204":0.11463551226083198,"205":0.08791588879131292,"206":0.13182120775676576,"207":0.09309002972021949,"208":0.18438042049369127,"209":0.12804958687798143,"210":0.10278212269811554,"211":0.12536379090701655,"212":0.15379851714983783,"213":0.21260726011370026,"214":0.23297146509133487,"215":0.20200850202569431,"216":0.3225301874118088,"217":0.2899707994639936,"218":0.6577386729752895,"219":0.28144396336850064,"220":0.17904496078479798,"221":0.14590759085158148,"222":0.46359574983580953,"223":0.298164735234363,"224":0.46861073559828353,"225":0.26738997796501707,"226":0.5694169634855808,"227":0.30250599716949195,"228":0.13442625800028182,"229":0.14595961985305866,"230":0.273349319222972,"231":0.26891554728348355,"232":0.19689211372904564,"233":0.32354482572991,"234":0.38438157973906917,"235":0.36697989603137837,"236":0.30929976092270095,"237":0.13709262287311882,"238":0.2372962601859015,"239":0.11008909287778375,"240":0.11008909287778375,"241":1.7588046176062815,"242":1.1662977842227649,"243":2.2835324621331043,"244":0.696294523403137,"245":0.7046140207128102,"246":0.40017138880771175,"247":-0.003808183521152503,"248":0.24191321575599037,"249":0.03008422835647019,"250":0.18234157935011977,"251":0.1517817893765539,"252":0.13774312209811637,"253":0.02042335843423372,"254":-0.0915780530020025,"255":0.13207779812204817,"256":0.13207779812204817,"257":0.16689915520532106,"258":0.16689915520532106,"259":0.048212002026015444,"260":0.048212002026015444,"261":0.14790865830644273,"262":0.1746128835810149,"263":0.0913025855147117,"264":0.10011792876645961,"265":0.3301466111313784,"266":0.05466301639839331,"267":0.17813011916917107,"268":0.17813011916917107,"269":0.17813011916917107,"270":0.11649301708376641,"271":0.11649301708376641,"272":0.0775902465994658,"273":0.4494503005377475,"274":0.695776818659915,"275":0.12128825785478689,"276":0.16471542667512865,"277":0.6361076435798374,"278":0.4318966933680757,"279":0.1390176817578959,"280":0.10072433159256222,"281":0.0544157150180412,"282":0.08803022598775176,"283":-0.17897317145433467,"284":0.3529017465529769,"285":0.1959469447991657,"286":0.028938568917817764,"287":0.40304691812927856,"288":0.4969713027385739,"289":1.447153754218385,"290":3.2798997931177083,"291":2.1831355175025404,"292":1.8133981652344515,"293":0.28255141703911785,"294":0.5759714846878707,"295":0.11986528257288248,"296":0.3714746286648294,"297":0.28501774233887,"298":0.2862215026561112,"299":0.33561007324592157,"300":0.34375026827464084,"301":0.4252337576931293,"302":0.3765387392166373,"303":0.4004743524412322,"304":0.3752048141614307,"305":0.2980123364270545,"306":0.3752048141614307,"307":0.24771428777778898,"308":0.13328430423098372,"309":0.4879643467158703,"310":0.7340124658144265,"311":0.809817001870371,"312":0.7384658317463764,"313":0.493670715457151,"314":0.13118467938851067,"315":0.05548133017439076,"316":0.46770259146447796,"317":0.5949920965405151,