{"1":-0.49478100532016217,"2":-2.8134431022408464,"3":-0.21331058020477817,"4":-0.07829925215644913,"5":-0.23626890122078942,"6":0.04417387745151362,"7":-0.15242851129255827,"8":-1.1647354789409006,"9":-1.1647354789409006,"10":-0.963203486801556,"11":-0.963203486801556,"12":-0.5392015680411303,"13":-0.5392015680411303,"14":-0.6679958409911747,"15":-0.6679958409911747,"16":-0.31379961726603683,"17":-0.31379961726603683,"18":-0.31379961726603683,"19":-0.009930195097392833,"20":-0.009930195097392833,"21":-0.19281091433248476,"22":-0.19281091433248476,"23":0.0002431673920553351,"24":-0.10482864401398007,"25":0,"26":-0.028214213728212784,"27":-0.02261374020089077,"28":-0.01569665333556441,"29":-0.35654108383492356,"30":0.00999483702943885,"31":-0.16306147347270925,"32":-0.006742352010421254,"33":-0.007153978846547483,"34":0.04289479557407207,"35":-0.3232663133530155,"36":-0.17266855056855532,"37":-0.18712684739294075,"38":-0.07519892465920078,"39":-0.21262263837126022,"40":-0.07708728941974774,"41":-0.3354723964638048,"42":-0.36863030945773934,"43":-0.28170630466216867,"44":-0.202473372671621,"45":-0.3291647086061219,"46":-0.09590322949491922,"47":-0.020572795821261536,"48":-0.21522398927703934,"49":-0.337549884759398,"50":-0.337549884759398,"51":-0.21522398927703934,"52":-0.21522398927703934,"53":-0.29070469170475244,"54":-0.29070469170475244,"55":-0.18201293997083168,"56":0.09925343489104871,"57":-0.07090999725134864,"58":-0.05481069381809082,"59":-0.005814153807707639,"60":-0.05985934170013561,"61":-0.0035150646141878863,"62":-0.04597875609120972,"63":-0.0641384762102021,"64":-0.019349215302474673,"65":0.009896848689000995,"66":-0.09465686997584871,"67":-0.0931179349922111,"68":-0.30912778951767833,"69":-0.11522382928735919,"70":-0.2103774594433025,"71":-0.07695607752707873,"72":-0.08424521517934397,"73":-0.19041320441784318,"74":0.004552999858055351,"75":-0.5161147821821658,"76":-0.6071833694688302,"77":-0.04456320091795893,"78":-0.39175570340612265,"79":-0.13851988613845853,"80":-0.32309797639555493,"81":-0.16592376116633212,"82":-0.37053865644158046,"83":-1.1350160393240158,"84":-0.10743297048591649,"85":-0.007918743047012067,"86":-0.458928491824105,"87":-0.458928491824105,"88":-0.2469052259270349,"89":-0.2469052259270349,"90":-0.17123244773151272,"91":-0.2954626104258684,"92":-0.4099710570585559,"93":-0.16483640692601445,"94":-0.011724786462423024,"95":-0.7606169739425792,"96":-0.3073181983694125,"97":-0.09982825162251152,"98":-0.174977927705116,"99":0.20497698430936612,"100":0.06567657629948642,"101":-0.16917963599238478,"102":-0.14702978320927906,"103":-0.026056568111678446,"104":-0.2789955648206147,"105":-0.0882164087153472,"106":-0.22088520921854526,"107":-0.11208786387725417,"108":-0.23909876465049593,"109":-0.15523298161658255,"110":-0.3223966535609346,"111":-0.22357848210409384,"112":-0.14536891222929288,"113":-0.12890787882519314,"114":-0.33548588981725724,"115":-0.21688359731673068,"116":-0.3102369384306545,"117":-0.1589699174745921,"118":-0.22800969293031037,"119":-0.24529506495864817,"120":-0.34688626581815474,"121":-0.21066096216113153,"122":-0.37394241332871136,"123":0.0275708630119727,"124":-0.5115052161367917,"125":-0.12237242720629815,"126":-0.12237242720629815,"127":-0.08257607926610872,"128":-0.14511102840941484,"129":-0.08464492261314738,"130":-0.12237242720629815,"131":-0.12237242720629815,"132":-0.14567432521416396,"133":-0.33852211073758254,"134":-0.12765862888965868,"135":-0.30060212697254257,"136":0.3162603378693756,"137":-0.6896082649255771,"138":-0.1703559766630906,"139":-0.012725312193266947,"140":0.06779524456505198,"141":-0.2811949998528121,"142":-0.8692902394970152,"143":-0.16883475361581302,"144":-0.2820453726498957,"145":-0.4120277088151768,"146":-0.18279098423025308,"147":0.012321120723469692,"148":-0.11842615810170479,"149":-0.020788685462760498,"150":0.7627402730400955,"151":0.08680963596745267,"152":-0.200585959655044,"153":-0.5529340861038663,"154":-0.4880732967782959,"155":-0.5290374553781795,"156":-0.29356217556037556,"157":-0.24394638355053916,"158":-0.20875959185091592,"159":-0.22415632965884014,"160":-1.0627619609000143,"161":0.028309700088831824,"162":-0.07124841047526252,"163":-0.22085771819657427,"164":-0.3584675462591546,"165":-0.30161565060866846,"166":-0.1370058232447175,"167":-0.11351963271545629,"168":0.02130242543136629,"169":-0.06595419120509251,"170":-0.10164872343591891,"171":-0.10964929361720217,"172":-0.12256214782346025,"173":-0.25720897161844675,"174":-0.17057063890266194,"175":-0.7029942300404747,"176":-0.23267425124847746,"177":-0.40804667380833615,"178":-0.2551353241989869,"179":-0.32486627515322464,"180":-0.16218169154765738,"181":-0.18594594147462074,"182":-0.1103498937733687,"183":-0.21755156855975638,"184":-0.12765529603612974,"185":-0.13101594342841633,"186":-0.21338034403856931,"187":-0.25785103995970476,"188":-0.1810618339987734,"189":-0.19552526802042552,"190":-0.08330804152186183,"191":-0.41898384299848584,"192":-0.40935220341211953,"193":-0.12807498593404668,"194":-0.4121080456398968,"195":-0.2726984142490163,"196":-0.3097150942610675,"197":-0.7097451063516061,"198":-0.6962619449850376,"199":-0.19885465351472364,"200":-0.08256653301142519,"201":-0.03973530961478772,"202":-0.03973530961478772,"203":-0.2897694543923548,"204":-0.18643130565306326,"205":-0.0819828579532855,"206":-0.2830934930731439,"207":-0.17688483251562398,"208":-0.17864457617921664,"209":-0.2673878060243617,"210":-0.4026544218575957,"211":-0.10831763741171321,"212":-0.3030185588460732,"213":-0.2130775321749608,"214":-0.17018819084665365,"215":-0.28025243374637787,"216":-0.14867795791792107,"217":-0.12983859120569566,"218":-0.10167347334317886,"219":-0.12684948587094652,"220":-0.14427376614341372,"221":-0.24112795231867912,"222":-0.4607172789482946,"223":-0.1476234773530577,"224":-0.742481106949074,"225":-0.42658812323147766,"226":-0.21367645877169889,"227":-0.2109636394296112,"228":-0.19230073561173333,"229":-0.3708055393862512,"230":-0.14880625916841383,"231":-0.14695462630478634,"232":-0.12911690263764647,"233":-0.3442043169073514,"234":-0.17025816989578885,"235":-0.35007384479331527,"236":-0.3446097231876971,"237":-0.1985629398847657,"238":-2.400637184276537,"239":-0.19732946128821113,"240":-0.19732946128821113,"241":-0.3094298094138994,"242":-0.09196985280590446,"243":-0.10185542620646826,"244":-0.14169541802667937,"245":-0.08785416209092906,"246":-0.07332159783051881,"247":-0.0812675567542705,"248":-0.21233871568384463,"249":-0.14436720415311824,"250":-0.13068747156578797,"251":-0.13086817443338936,"252":-0.01294745986613801,"253":-0.1766191002587514,"254":-0.012241433162649883,"255":-0.616899287377478,"256":-0.616899287377478,"257":-0.08309299258315338,"258":-0.08309299258315338,"259":-0.041533942724596394,"260":-0.041533942724596394,"261":-0.35632186709973857,"262":-0.15818140377353518,"263":0.36391868909275926,"264":-0.10462403229050432,"265":-0.004447538325611122,"266":-0.23293568348787494,"267":-0.4080940110912693,"268":-0.4080940110912693,"269":-0.4080940110912693,"270":0.2158017833170086,"271":0.2158017833170086,"272":-0.3251688774998394,"273":-0.20669698396250907,"274":-0.24260483341910527,"275":-0.311090263370373,"276":-0.9065099716623151,"277":-0.3723692713065181,"278":-0.15031176376339972,"279":-0.32486411481326105,"280":-0.4259787299908639,"281":-0.15728649826470695,"282":-0.13829519738496354,"283":-0.17347280156854528,"284":-0.29896337342009077,"285":-0.4166515430723713,"286":-0.15109471630739438,"287":-0.3502751250930841,"288":0.12137648200209189,"289":0.05335044960689389,"290":0.15108268232139663,"291":-0.08224633527425204,"292":-0.24149181350054885,"293":-0.18224619437854778,"294":-0.3226629478399138,"295":-0.17940357330467485,"296":-0.13466094452540922,"297":-0.5493644823609414,"298":-0.11614467461903641,"299":-0.22201743640166183,"300":-0.09565891907911646,"301":0.03969923359621985,"302":-0.17552123045769452,"303":-0.058448325876980234,"304":-0.04853536317628057,