{"1":-0.9333415368671423,"2":-3.297539272676987,"3":-1.234313332230383,"4":0.007307223013517827,"5":-0.43986497677610115,"6":-0.42680579804654895,"7":0.002596956729586264,"8":-2.9227878158096727,"9":-2.9227878158096727,"10":-5.213119341698582,"11":-5.213119341698582,"12":-1.1336524717168213,"13":-1.1336524717168213,"14":-1.854750925471972,"15":-1.854750925471972,"16":-0.4139991017092748,"17":-0.4139991017092748,"18":-0.4139991017092748,"19":0.1433244466936916,"20":0.1433244466936916,"21":0.45443537591199235,"22":0.45443537591199235,"23":-0.11011935126093197,"24":-0.6506708745919147,"25":-0.10929957158458736,"26":-0.5051416111251481,"27":-0.5369823379570664,"28":-0.5469175465403224,"29":2.458945979406872,"30":0.40865813009537044,"31":1.2848269260527179,"32":0.1915595449295413,"33":-0.3556004937082773,"34":-0.06795291416368543,"35":-0.7710693252063772,"36":-2.3401516057699983,"37":-0.8090693331012933,"38":-0.6266910865791804,"39":1.2768501729331874,"40":3.600777865652791,"41":-1.795607030457866,"42":-0.20468156404699833,"43":-0.5576105469369148,"44":0.024961311107788653,"45":-0.14241691399967937,"46":2.673721941003313,"47":-0.46388096646925714,"48":-0.09432160392134747,"49":-1.5203234099375997,"50":-1.5203234099375997,"51":-0.09432160392134747,"52":-0.09432160392134747,"53":1.6792193906668125,"54":1.6792193906668125,"55":-2.7839315486275247,"56":-0.6335977268457667,"57":-0.9391388423015701,"58":-0.8513608408976161,"59":-1.4599130428833076,"60":-2.1315985866356666,"61":-0.752146428547376,"62":-0.9647454270868623,"63":-1.6841237823077053,"64":-0.6235466085846537,"65":-0.5082523295169075,"66":-1.291155172416894,"67":-0.6658337905302742,"68":-1.0876884556792223,"69":-2.0052802177484974,"70":-1.7298482830845572,"71":0.049330588441335976,"72":-0.362184332770223,"73":-0.5351007184525356,"74":-0.6400301329339673,"75":0.3343876384317319,"76":-1.3896060596700526,"77":-0.7888591549289803,"78":-0.774803670237004,"79":-0.17554478031447918,"80":-1.3503057826338019,"81":-0.45127907322543326,"82":-0.510656862171178,"83":-3.861271468115797,"84":-0.15800165423144197,"85":0.07310602071525274,"86":-1.6016466833625316,"87":-1.6016466833625316,"88":-4.355826780781122,"89":-4.355826780781122,"90":-5.550212723667439,"91":-4.683217777127529,"92":-5.297502489847076,"93":-7.793707915030524,"94":-2.865556572240215,"95":-7.382657996611837,"96":-6.96588373577246,"97":-6.135611261516882,"98":-9.756226795361394,"99":-0.1703328344116013,"100":-0.6313713177351881,"101":0.0047512731455388035,"102":-0.2820550093936025,"103":-0.7407950437336157,"104":-0.9109321432439437,"105":-0.6278271467717356,"106":-0.32081143535754775,"107":-0.7271372815162138,"108":-1.324614310489991,"109":-1.0073982320936103,"110":-3.2214948835450183,"111":-0.886043829196498,"112":-1.08077214785947,"113":-1.3306749063486034,"114":-0.2534726808441907,"115":-0.2108877551517594,"116":-0.485325600456322,"117":-0.7913200790022579,"118":-0.8266582240177316,"119":-0.18291313417422295,"120":-1.4919229148955369,"121":-0.5477676682865047,"122":-0.6890097019372758,"123":-1.7149159875276485,"124":-1.2100079473781498,"125":-0.5844999454020479,"126":-0.5844999454020479,"127":-1.4379109479873167,"128":-1.2083508793088495,"129":-0.7708800525366808,"130":-0.5844999454020479,"131":-0.5844999454020479,"132":-1.188535050242761,"133":-0.31507946340661697,"134":-1.2709405488820167,"135":-0.7044294639598796,"136":0.4852457688045302,"137":-2.0523822060674943,"138":-2.809206755114653,"139":0.4696488299538313,"140":-4.04836264350064,"141":-2.537922808974221,"142":0.10110153680807432,"143":-0.12331400588478836,"144":-2.2094383223766485,"145":-1.3252660478639067,"146":-2.8591376438879337,"147":-6.1603608853609995,"148":-1.8828489482913318,"149":-0.8627021484350159,"150":0.34435817579280226,"151":-1.8931938543317743,"152":-2.124375364782532,"153":-1.6305107036120763,"154":-1.8137204636886377,"155":-1.5997856812742945,"156":-1.5096739098816307,"157":-1.2004852657241205,"158":-0.5586207607866376,"159":-1.089260247489337,"160":-2.563286890984971,"161":-2.0554146445200656,"162":-0.9462542892125021,"163":-1.080335768165086,"164":-2.243987135178653,"165":-1.0960556524515037,"166":-1.564812499849614,"167":-0.918900319020294,"168":-0.6422550214363052,"169":-0.757352244439371,"170":-0.7539943696572169,"171":-0.6378396051023598,"172":-0.5023943918015421,"173":-0.8183639276687567,"174":-0.8940290979887671,"175":-2.4730429984330673,"176":-0.7282347174385153,"177":-0.21007878544345981,"178":-1.7080207034929398,"179":-1.8121513172480608,"180":-0.9397671982718689,"181":-0.5133645011301322,"182":-0.13799248079762672,"183":-0.48009625096039343,"184":-0.4548582003562873,"185":-0.631112797672305,"186":-0.03374089903820909,"187":-0.43218412053926825,"188":-0.9257545717203346,"189":-0.581433585614473,"190":-0.7616052711002856,"191":-2.0181063611945067,"192":-2.37135597657257,"193":-1.447066334898869,"194":-3.2260856212834126,"195":-2.5688075567496833,"196":-1.927747600238595,"197":-8.003912554574931,"198":-12.025606055549257,"199":-4.892756596033122,"200":-1.6523676251067752,"201":-1.753595390169421,"202":-1.753595390169421,"203":-1.4925061973419806,"204":-1.6603286203475536,"205":-0.6370999044085277,"206":-1.5575984378038714,"207":-1.6245022438524561,"208":-0.620008850325166,"209":-0.5414868738045995,"210":-1.1735539237798043,"211":-0.7077467046498054,"212":-1.2220870914179922,"213":-0.522958959411405,"214":-0.5519916774650135,"215":-0.9958547836816187,"216":-1.5192293952204508,"217":-1.0241552816596045,"218":-0.9543712452305666,"219":-1.6784014893109025,"220":-1.6565852239071428,"221":-2.0592547626230457,"222":-2.315486548001701,"223":-0.6625968674549099,"224":-1.304474814050696,"225":-1.719161793194564,"226":-2.2437076070243913,"227":-0.6940946728785575,"228":-0.7794073690902579,"229":-1.1995547087139284,"230":-1.1518784345419473,"231":-1.009470173653554,"232":-1.0046701513980016,"233":-0.8241523213442812,"234":-1.0432818269430237,"235":-1.1171570561525472,"236":-1.0558704362234872,"237":-1.089175203972001,"238":-2.843070616120115,"239":-0.37587083772729946,"240":-0.37587083772729946,"241":-0.31945375782695185,"242":-0.9081446406541858,"243":-0.02154822412431967,"244":0.4091109972505085,"245":0.7076721325757358,"246":-0.9880977993311637,"247":-0.5465219456279305,"248":-0.5849520795465084,"249":-0.6066592188275606,"250":-0.7363556441594028,"251":-1.00615538279206,"252":0.31328278970178003,"253":-0.4387275036611511,"254":-0.183724961497308,"255":-0.6428988620160248,"256":-0.6428988620160248,"257":-0.8114909441668094,"258":-0.8114909441668094,"259":-0.2917851736665531,"260":-0.2917851736665531,"261":-0.9692485088349376,"262":0.009343643420501646,"263":0.24327185165290977,"264":-0.1313122416084087,"265":-0.5915409608409092,"266":0.015207943980175553,"267":-0.543267243659004,"268":-0.543267243659004,"269":-0.543267243659004,"270":0.12225363048026949,"271":0.12225363048026949,"272":-1.249370278662838,"273":-0.12034355369660543,"274":-0.12437884194570614,"275":-1.0500528813231176,"276":-1.074220598631888,"277":-0.8656528794143448,"278":-1.1466441806050924,"279":-0.9311871032804787,"280":-1.398083627195584,"281":-0.0627678693073529,"282":-0.0028053775330980635,"283":-0.5391395288623535,"284":-0.06491460838962437,"285":0.19309530155209287,"286":-0.8571924492278891,"287":-0.20499585633791095,"288":0.6600763582967375,"289":-0.40823226897331377,"290":0.22707996896167026,"291":-0.14429267170595272,"292":-0.6140149033661668,"293":-0.635379365610113,"294":-0.3333625437896349,"295":-0.6100228123346048,"296":0.09161243479485104,"297":-0.8760846792027539,"298":-1.1498600008032684,"299":0.033026754987540485,"300":-0.30341963843729713,"301":-0.43603382808357516,"302":-0.4412061069534201,"303":-0.5974175579225802,"304":-0.4595534032085187,"305":0.1952423394978191,"306":-0.4595534032085187,"307":0.04616222222650079,"308":-0.3524355630733691,"309":-1.6756248745569597,"310":-0.4234325707694566,"311":-0.45254034975414204,"312":-0.3340546418023571,"313":-0.6550811541201091,