{"1":-0.6419879516780658,"2":-2.8062906970714576,"3":-1.0128502938605939,"4":-0.6083545426059143,"5":-0.5036059763612841,"6":0.08141707838415352,"7":-0.09302915227109518,"8":-0.2783817161991762,"9":-0.2783817161991762,"10":-0.7941207079559172,"11":-0.7941207079559172,"12":-1.1819820675089796,"13":-1.1819820675089796,"14":-1.4711412407220705,"15":-1.4711412407220705,"16":-0.30603251430638323,"17":-0.30603251430638323,"18":-0.30603251430638323,"19":-0.14104905047256733,"20":-0.14104905047256733,"21":-0.15235281712331591,"22":-0.15235281712331591,"23":-0.056381311522514466,"24":-0.7305754433566931,"25":-0.04413384495962583,"26":-0.21007900672388824,"27":-0.046654442394697876,"28":0.009702387288788972,"29":-0.3675679911835661,"30":0.0995867809408631,"31":0.05251619327933543,"32":0.11892985004898421,"33":-0.038966286414297474,"34":-0.044958996103124774,"35":-1.4840962629573664,"36":-0.2667459948496016,"37":-0.4059986977347813,"38":-0.38288351265819776,"39":-0.12393411165695051,"40":-0.2756062270477495,"41":-0.35161667634302707,"42":-1.2848007718286827,"43":-0.31799663471758455,"44":-0.2814989480501242,"45":-0.737015581781869,"46":-0.761843072467731,"47":-0.8613727113688716,"48":-0.356379119456946,"49":-0.6361034866783827,"50":-0.6361034866783827,"51":-0.356379119456946,"52":-0.356379119456946,"53":-0.7614795893038171,"54":-0.7614795893038171,"55":-0.05240766692068689,"56":-0.19248288693009752,"57":-0.06071853168455954,"58":0.024693239138552536,"59":0.11124706245776474,"60":-0.065095257186849,"61":0.051778635592789335,"62":-0.14684849781979126,"63":-0.0651664725710045,"64":0.023359374046053705,"65":0.07961328553248283,"66":-0.05679312053681229,"67":-0.06314517050610202,"68":-0.400447396258425,"69":-0.2171658610836532,"70":-0.1812494028793942,"71":-0.26945560252380096,"72":-0.2711247772175028,"73":-0.23861813895866446,"74":-0.2952335354084474,"75":-1.5749984615143775,"76":-0.43359911766922143,"77":-0.19065663823052714,"78":-0.5220337225501656,"79":-0.33392106142239864,"80":-0.4699950890480171,"81":-0.17607666744555156,"82":-0.4115541196890568,"83":-0.6314996017104866,"84":-0.513218169597673,"85":-0.08955164992907005,"86":-0.4192205725548117,"87":-0.4192205725548117,"88":-0.253683030654167,"89":-0.253683030654167,"90":-0.09611320112992115,"91":-0.08275789950952536,"92":-0.17387072366536166,"93":-0.03362282182319426,"94":-0.036486592243957006,"95":-0.12871729256196238,"96":-0.10508190848218066,"97":-0.051772870452905434,"98":-0.07816273280821055,"99":0.04083744419548174,"100":0.1376991584317197,"101":-0.25474678082456303,"102":-0.2165268142007069,"103":-0.17771881639474235,"104":-0.0856310572178306,"105":0.1526321293025944,"106":-0.24959216255081285,"107":-0.16103357197832674,"108":-0.17441633677813628,"109":0.019922447865867887,"110":-0.12966196083782922,"111":-0.34838807617594375,"112":-0.09929327423029993,"113":-0.1275066180014775,"114":0.0647566265122233,"115":-0.37674477158330155,"116":-0.10579600351927665,"117":-0.27329947469190474,"118":-0.41077141688570695,"119":-0.19748314858489047,"120":-0.3109619752323307,"121":-0.16616003276665792,"122":-0.12616733750624143,"123":-0.09321550909215381,"124":-0.3011107119798713,"125":-0.08510658744039412,"126":-0.08510658744039412,"127":-0.16393164045343245,"128":-0.18581868249971595,"129":-0.0787946204556948,"130":-0.08510658744039412,"131":-0.08510658744039412,"132":-0.07684688109514554,"133":-0.3814865962693165,"134":-0.3998190159841483,"135":-0.1714201977247562,"136":0.17866700942340275,"137":-0.7483496108881063,"138":-0.3241183104106213,"139":0.12706184117766883,"140":-0.06372782467494426,"141":-0.23383199541668132,"142":-0.9120073109002916,"143":-0.5851086204070877,"144":-0.5366180463582171,"145":-0.4320072342297573,"146":-0.1136251994322896,"147":-0.2742190266171166,"148":-0.09316290184618936,"149":-0.042789008009523066,"150":0.3723365479883737,"151":-0.06035470113382069,"152":-0.0009446811119407927,"153":-0.21071265526896715,"154":-0.3230840913814401,"155":-0.6567182721395488,"156":-0.5140629228514806,"157":-0.1848604211950911,"158":-0.3498913012317916,"159":-0.29931733545514594,"160":-2.2414935347841274,"161":0.0039423283141858945,"162":-0.44715256550937604,"163":-0.132035755867217,"164":-0.12145948103175985,"165":-0.15302509885481402,"166":-0.3159106063125995,"167":-0.3224912891880361,"168":0.0011963507687391406,"169":-0.05747108177853999,"170":-0.16925553470301868,"171":-0.05746727922477313,"172":0.18910178221121526,"173":-0.31620935813753054,"174":-0.3745177965598516,"175":-0.6164913113843874,"176":-0.2584300369765598,"177":-0.2799193324399637,"178":-0.4176763298846948,"179":-0.5845455118967504,"180":-0.1256361340930379,"181":-0.08801366093469609,"182":-0.0656948134105132,"183":-0.14390260557065862,"184":-0.15671573570869968,"185":-0.2905858905230329,"186":-0.20048812655083648,"187":-0.11285672656338333,"188":-0.28264884377950317,"189":-0.17337478528862607,"190":-0.0672561006905617,"191":-0.329803580635934,"192":-0.8428544800808682,"193":-0.23351641386467809,"194":-0.6476352588520004,"195":-0.4195853371852313,"196":-0.27106716105539597,"197":-0.8882385241588474,"198":-1.147175278394278,"199":-0.05292263574322298,"200":0.05961745642234545,"201":-0.21016279568882518,"202":-0.21016279568882518,"203":-0.18114495167164663,"204":-0.17590953163512701,"205":-0.0885667910247992,"206":-0.3036436104745007,"207":-0.3407926356202018,"208":-0.155048748859406,"209":-0.22605710280693064,"210":-0.4020409100612968,"211":-0.09426439185496535,"212":-0.2986063757361307,"213":-0.14371986995763789,"214":-0.18810021074501998,"215":-0.3162060951912701,"216":-0.14610948868336243,"217":-0.17977916742590896,"218":-0.1857717136382665,"219":-0.18196551731903282,"220":-0.26524012873358516,"221":-0.3227860451801451,"222":-0.4832798642179233,"223":-0.1353078901062984,"224":-0.6733289311189975,"225":-0.8836187034846479,"226":-0.15267412303262767,"227":-0.1826897915024993,"228":-0.2173402175897667,"229":-0.33955272670361103,"230":-0.14453340487381036,"231":-0.13791055408709038,"232":0.01832034403832733,"233":-0.5417717490769381,"234":-0.2116894448043803,"235":-0.3688107433792255,"236":-0.27109343367251537,"237":-0.40201579342585886,"238":-3.239885239342843,"239":-0.628437098015364,"240":-0.628437098015364,"241":-0.061007775051030916,"242":0.03431799677785456,"243":0.05290885882052593,"244":-0.05973325846120081,"245":-0.0764923672647621,"246":-0.25599422168140185,"247":-0.10095799355744493,"248":-0.17519979840332572,"249":-0.05753158605455349,"250":-0.26349806956148175,"251":-0.22774695615226542,"252":0.15777170778765862,"253":-0.21977519410229088,"254":-0.044004249012941865,"255":-0.058267297522212755,"256":-0.058267297522212755,"257":0.005108492798033923,"258":0.005108492798033923,"259":-0.035104962082831426,"260":-0.035104962082831426,"261":0.3512673908656575,"262":0.3811457547385352,"263":0.675442055982759,"264":0.022893108316305866,"265":0.30902615486822504,"266":-0.24854202672143255,"267":0.09198469721735891,"268":0.09198469721735891,"269":0.09198469721735891,"270":-0.05934067849258573,"271":-0.05934067849258573,"272":-1.6006509651841956,"273":0.12106978223462389,"274":-1.121497168395567,"275":-0.9704408651323346,"276":-1.6039594689664254,"277":-1.9406219430766876,"278":-1.5420462214559834,"279":-0.7056453450343995,"280":-0.3973530542203849,"281":-0.11674929668726655,"282":-0.13282326850741275,"283":-0.3559931603062713,"284":-0.15897653116426197,"285":-0.19339585332410103,"286":-0.2034817203990747,"287":-0.9440960350755595,"288":0.08665813909831879,"289":0.2565344411520938,"290":0.14051548254842683,"291":-0.2088042570043105,"292":-0.6027760861155237,"293":-0.3697207894887966,"294":-0.4540811868787495,"295":-0.514255589755344,"296":0.009951858956665213,"297":-0.2994746349619507,"298":-0.25317951287575213,"299":-0.20251566561135093,"300":-0.43987491856137034,"301":0.5050953720275106,"302":-0.7014711128624175,"303":0.14951755565533253,"304":-0.2144288087110261,"305":-0.050321309882620624,"306":-0.2144288087110261,