{"1":-0.007671862679670917,"2":-0.00031094156305303683,"3":-0.008532423208191127,"4":0.006787023211619384,"5":-0.036149833400722364,"6":0.010557339314602666,"7":-0.014374555523612099,"8":-0.01770751256383448,"9":-0.01770751256383448,"10":-0.009764034870810913,"11":-0.009764034870810913,"12":-0.019380032381543275,"13":-0.019380032381543275,"14":-0.011261739476111463,"15":-0.011261739476111463,"16":-0.012579667592911792,"17":-0.012579667592911792,"18":-0.012579667592911792,"19":-0.0003687649816919896,"20":-0.0003687649816919896,"21":-0.007611767557400163,"22":-0.007611767557400163,"23":0.00008213965065928834,"24":-0.005995774742269859,"25":0,"26":-0.011191315539141626,"27":0.0013628907865536524,"28":-0.006988689970065111,"29":-0.005149967040210942,"30":-0.010795165084613225,"31":-0.04360905652200844,"32":0.00851623460451673,"33":-0.004368993358351938,"34":0,"35":-0.02205418598899784,"36":-0.02987011079472844,"37":-0.0134189292227355,"38":0.0052807965491792445,"39":0.0015311991765941182,"40":-0.03854791514269999,"41":-0.035723476291588424,"42":-0.003536516558939863,"43":-0.016578217971707793,"44":0.011492297256467637,"45":-0.03634512344275073,"46":-0.02537738008570897,"47":0.00007862143507560149,"48":-0.02446081980194005,"49":-0.028322535796422584,"50":-0.028322535796422584,"51":-0.02446081980194005,"52":-0.02446081980194005,"53":-0.004711522048446878,"54":-0.004711522048446878,"55":-0.030554770177509117,"56":0.00765081672468536,"57":0.014220031284068825,"58":0.0018438617841206623,"59":0.0016286760865602064,"60":-0.03331825439438877,"61":-0.003634158179144974,"62":-0.004172383578660245,"63":0.0035568834587134755,"64":0.014891099764311133,"65":0.004394183008364999,"66":0.016420308641963477,"67":0.00467328670979035,"68":-0.02891575716565841,"69":-0.03891670996574108,"70":0.00869544837755809,"71":-0.02367236651079606,"72":0.0016517444704987339,"73":-0.02459568991849155,"74":-0.023943033621981837,"75":-0.04222999607740078,"76":-0.009729608314365593,"77":-0.013920799333471177,"78":-0.03741463882683416,"79":-0.005222020794684153,"80":-0.014344791356888357,"81":-0.021478763881872157,"82":-0.02163434201904095,"83":-0.019899006477103916,"84":-0.026138578115347408,"85":-0.008961258075412221,"86":-0.05137807921835935,"87":-0.05137807921835935,"88":-0.040641208174425306,"89":-0.040641208174425306,"90":-0.034142682154776144,"91":-0.029309553215360988,"92":-0.04556777785908411,"93":-0.04614164182574827,"94":0.01895076251942316,"95":-0.10241065110442087,"96":-0.04087162007179011,"97":-0.02598473933423609,"98":-0.029754123419178793,"99":-0.00876907692912628,"100":-0.005647573569885798,"101":-0.0246599414733154,"102":-0.00587552844198542,"103":-0.009725233195741576,"104":-0.0445153343468185,"105":-0.007400219148269861,"106":-0.05516285515245038,"107":-0.026429385275964244,"108":-0.006809518270873553,"109":-0.01609928892057757,"110":-0.025706324100196687,"111":-0.012892924199600638,"112":-0.0032461708571113745,"113":-0.02357602822488774,"114":-0.044003642844633886,"115":0.007263541688804583,"116":-0.012168299018240805,"117":-0.04914207070205023,"118":-0.02970778830667192,"119":-0.00846033401989505,"120":-0.0012711096141063867,"121":-0.03967964629425502,"122":-0.03993507794946484,"123":0.005158023165950751,"124":-0.03340018531247928,"125":-0.011445409556776278,"126":-0.011445409556776278,"127":-0.027484348340505817,"128":-0.009789220730082778,"129":-0.002643316403810968,"130":-0.011445409556776278,"131":-0.011445409556776278,"132":-0.01167664162879404,"133":-0.07543463580400048,"134":-0.007545370680834985,"135":-0.036608615386968614,"136":-0.012996842880995691,"137":0.004216743144244826,"138":-0.026863382502750548,"139":-0.004489803584195987,"140":-0.002456062144038526,"141":-0.0268039232757246,"142":-0.1374554335242108,"143":-0.032531969555433554,"144":-0.022582311319288666,"145":-0.03828193566451017,"146":-0.03894326771739063,"147":-0.02426268042641659,"148":-0.008451509240593022,"149":-0.013177242857905717,"150":-0.0448503718586748,"151":-0.031235700436866937,"152":-0.019934141061981058,"153":-0.037850296779977796,"154":-0.023830599181273043,"155":-0.019761556306285233,"156":-0.011164798826678722,"157":-0.026585982313182273,"158":-0.010709713837042155,"159":-0.01034389176655332,"160":-0.000733230502625741,"161":-0.013518404400611203,"162":-0.026914500316048456,"163":-0.016381225462940616,"164":-0.039899022411370576,"165":-0.0359691898477475,"166":-0.003391567473649472,"167":-0.010092404834248591,"168":-0.015257674925708183,"169":-0.01764613298196781,"170":-0.017502343953575947,"171":-0.012568774426893059,"172":-0.012736656166747568,"173":0.0011536452846477151,"174":-0.04279383989380334,"175":-0.019410480738338697,"176":-0.018220297639127636,"177":-0.022310308116338717,"178":-0.006931133236276268,"179":-0.05046475962449917,"180":-0.026087362105515308,"181":-0.002513062007259424,"182":-0.021499401357912257,"183":-0.02924099288990236,"184":-0.01679596462007525,"185":-0.021538990351898206,"186":-0.02434219251583138,"187":-0.025644370301064215,"188":-0.013933754949590966,"189":-0.005781718798752262,"190":-0.0017740852532779593,"191":-0.01033333545480736,"192":-0.0188729035417459,"193":-0.01531692861922963,"194":-0.018324014352998845,"195":-0.02174584085938986,"196":-0.007448722855214446,"197":-0.02359204115781257,"198":-0.0042363703127760045,"199":-0.011991487056410632,"200":-0.0020415952440412458,"201":-0.022387023633749916,"202":-0.022387023633749916,"203":-0.027012341948926065,"204":-0.014870169942517615,"205":-0.015447916873843257,"206":-0.013781304300804044,"207":-0.014681329129044325,"208":-0.014658128925876918,"209":-0.014689625729169821,"210":-0.027078418306972815,"211":-0.011341116738665624,"212":-0.02112985527129512,"213":-0.0213723026987519,"214":-0.011042458180521367,"215":-0.03002436950109234,"216":-0.01777840173376782,"217":-0.0162741056144099,"218":-0.01582056828350964,"219":-0.013324658194416236,"220":-0.010475853033918424,"221":-0.01186195642905398,"222":-0.032435797756599966,"223":-0.040285562420052594,"224":-0.034665822178825904,"225":-0.0022012283812423896,"226":-0.023931446301820834,"227":-0.06455580049960188,"228":-0.040311377430080925,"229":-0.013233108806380194,"230":-0.024782914421440698,"231":-0.01716533052206243,"232":-0.02314218323729908,"233":-0.012299786261889023,"234":-0.013778745135779305,"235":-0.017617054728032717,"236":-0.023948128330170404,"237":-0.02444981045126668,"238":-0.02059283516728206,"239":-0.04041723202780656,"240":-0.04041723202780656,"241":-0.013799432949156774,"242":-0.011802891708468575,"243":-0.02865247414114209,"244":0.01700424835356243,"245":-0.021963540522732264,"246":-0.004742950142157771,"247":0.00837556011558273,"248":-0.05750707979148524,"249":-0.006160290765724142,"250":-0.02041872092953227,"251":-0.037082818294190356,"252":-0.012615544934462913,"253":-0.02046963183905021,"254":0.003086953471777256,"255":-0.01679591750421118,"256":-0.01679591750421118,"257":-0.042469114702654395,"258":-0.042469114702654395,"259":-0.015610777469656917,"260":-0.015610777469656917,"261":-0.0008902193491642924,"262":0.011372823101921503,"263":0.03481453392776905,"264":0.007347379965123527,"265":0.027484064689080802,"266":-0.009301527848848988,"267":-0.01837269556946388,"268":-0.01837269556946388,"269":-0.01837269556946388,"270":0.4521583326368251,"271":0.4521583326368251,"272":-0.00392153268065641,"273":0.00938761460712833,"274":-0.017990465053521632,"275":-0.0238597844352553,"276":-0.021331807619540163,"277":-0.033182707672696106,"278":-0.04002782917382378,"279":-0.00939869128358813,"280":0.006905838886778771,"281":-0.05617626864740029,"282":-0.1445813427206437,"283":-0.16842914623091698,"284":-0.18059855521155832,"285":-0.06693729602554083,"286":-0.08126975082253714,"287":-0.02039775624681285,"288":0.05968367651447329,"289":-0.007716724910884865,"290":-0.01917892959181147,"291":-0.017195003623232907,"292":-0.025840358338773323,"293":-0.07250675408043644,"294":-0.10489368028131679,"295":-0.22268754517007058,