{"1":-0.8477074101101474,"2":-2.2364361950297695,"3":-1.0274692405282946,"4":-0.2166173498308278,"5":-0.42095264648165776,"6":-0.6674346735880637,"7":-0.08985188679361045,"8":-3.5796836974590462,"9":-3.5796836974590462,"10":-6.224321049221695,"11":-6.224321049221695,"12":-1.1219062405970424,"13":-1.1219062405970424,"14":-1.714468760535202,"15":-1.714468760535202,"16":-0.3252089656303758,"17":-0.3252089656303758,"18":-0.3252089656303758,"19":0.11465920267028751,"20":0.11465920267028751,"21":0.4263845826964454,"22":0.4263845826964454,"23":-0.2570817518906112,"24":-0.7752755550547867,"25":-0.05558073068006297,"26":-0.45061013865805255,"27":-0.5917415418414045,"28":-0.7648418817031146,"29":3.1616140089539027,"30":0.3711372555433763,"31":1.3267642037434033,"32":-0.13607645610070218,"33":-0.33793777794433444,"34":-0.05329691121560476,"35":-0.7473024258078782,"36":-2.875419575636599,"37":-1.2206314437824908,"38":-0.47989770859885006,"39":1.3875229311653783,"40":4.348634454220793,"41":-2.2322504009323616,"42":0.5343016860845387,"43":-0.3955364788337006,"44":0.2487971567672984,"45":0.12131551678260521,"46":2.3445220372582227,"47":-0.4671162539782916,"48":-0.14146502738847744,"49":-1.4531690288183263,"50":-1.4531690288183263,"51":-0.14146502738847744,"52":-0.14146502738847744,"53":2.0333526620330815,"54":2.0333526620330815,"55":-3.188823701902237,"56":-0.5448775878833549,"57":-0.7193146002574689,"58":-0.8555406993586212,"59":-1.5231193380868322,"60":-2.579363273744394,"61":-0.7351537509751234,"62":-0.8952228286397552,"63":-1.5204853980271031,"64":-0.5068355749146214,"65":-0.462802947033224,"66":-1.4686339789810203,"67":-0.11309471242619651,"68":-1.3848382877277743,"69":-1.73298516915162,"70":-1.3564719428847383,"71":1.3074860305259737,"72":0.004647195849648789,"73":-0.362784648137378,"74":-0.5241805971855698,"75":1.4146433497254023,"76":-0.6491015116371299,"77":-0.7785676919780942,"78":-0.3835745454273036,"79":0.04111204031303384,"80":-0.9953175658314395,"81":-0.37134455312533277,"82":0.1218658759285951,"83":-2.5666494465367498,"84":0.05860590548551947,"85":0.42426547365059797,"86":-1.2219172889077825,"87":-1.2219172889077825,"88":-4.281479980993549,"89":-4.281479980993549,"90":-5.7655277058180765,"91":-5.038806610899886,"92":-5.4950677883081624,"93":-8.242200277223844,"94":-3.187873095841068,"95":-7.967715167343947,"96":-7.183542372922037,"97":-6.396961593362528,"98":-10.222948360886651,"99":-0.01548316499942537,"100":-0.5982703819337036,"101":-0.033168292448086056,"102":-0.22846184759743293,"103":-0.535044875447781,"104":-0.7629114303978222,"105":-0.7003338027679029,"106":-0.41143031552585096,"107":-0.6745119385074951,"108":-1.239659677145955,"109":-1.012835742994719,"110":-2.9228856577684095,"111":-0.7574533208468877,"112":-1.0244861380564547,"113":-1.3161639111566226,"114":-0.26448868965927597,"115":-0.40895126273702775,"116":-0.4609288057467973,"117":-0.8540354271681583,"118":-0.7206316843614742,"119":-0.2011523013796186,"120":-1.3690797244325386,"121":-0.535715750286903,"122":-0.8931443640704213,"123":-1.7165776346915003,"124":-1.168451632595944,"125":-0.637635877038484,"126":-0.637635877038484,"127":-1.533897169848002,"128":-1.032858083196659,"129":-0.7325289976570639,"130":-0.637635877038484,"131":-0.637635877038484,"132":-1.1139772878770966,"133":0.04006128268925657,"134":-1.2027488014018815,"135":-0.6881532040939415,"136":0.376779284753491,"137":-1.9870449349887922,"138":-3.0778380133949614,"139":0.13608048311788323,"140":-4.916582536392557,"141":-2.455717938502941,"142":0.2839721843890848,"143":-0.37883502162790883,"144":-1.9576286138875663,"145":-1.3329270765135108,"146":-2.8481431872491765,"147":-6.7359788643783425,"148":-1.791386397427876,"149":-0.8752609263874187,"150":-0.07370868810252063,"151":-1.6050812578493536,"152":-2.1807123872391165,"153":-1.5206075352601842,"154":-1.7688569969919286,"155":-1.5677931003842733,"156":-1.6178284680016688,"157":-1.8220747250823521,"158":-0.9056239141123239,"159":-1.3239968332503906,"160":-2.0074233019085543,"161":-2.325443358837976,"162":-0.7961763466400544,"163":-1.0777601511273551,"164":-3.204367773336525,"165":-1.1488599679565974,"166":-1.7922891960424754,"167":-0.9313267042126803,"168":-0.9498529059747316,"169":-0.9235799808473417,"170":-0.8899658835649649,"171":-0.5314108724300353,"172":-0.8417729585386069,"173":-1.4515612087632994,"174":-1.2782125030169253,"175":-2.973295227389091,"176":-0.8534998409041616,"177":-0.28743825469069817,"178":-1.7738739074067347,"179":-2.0206757251056824,"180":-1.0809872392413284,"181":-0.6695334609982102,"182":-0.4183924770454972,"183":-0.6824554855577278,"184":-0.6210009847472286,"185":-0.7495647899360987,"186":-0.4288962170764141,"187":-0.7664527481013277,"188":-1.3432627582900718,"189":-1.1500983194115268,"190":-0.9985505323700545,"191":-2.2895665546332173,"192":-2.82462284486353,"193":-1.4659212924145564,"194":-3.216559181474196,"195":-2.2969872295194347,"196":-2.5152395751315373,"197":-9.211242886632615,"198":-12.780972450260126,"199":-5.691849450750829,"200":-2.108572295132477,"201":-1.8321679485681228,"202":-1.8321679485681228,"203":-1.6861281291015504,"204":-1.7537495463318042,"205":-0.9152048767325709,"206":-1.7030674648363564,"207":-1.6695590867740957,"208":-0.8721342306257036,"209":-0.6228127798114156,"210":-1.2419391682313412,"211":-0.8635926916590133,"212":-1.2627569722724494,"213":-0.6405322406710672,"214":-0.7852208177371691,"215":-1.246374052201396,"216":-1.7973078860153975,"217":-1.3715934029716905,"218":-1.4820310668779686,"219":-2.136910863241051,"220":-1.7218868297855097,"221":-2.1726050520186417,"222":-2.5691945214634897,"223":-0.9087704989633916,"224":-1.5515769541157036,"225":-2.013714099811108,"226":-2.7775876080822366,"227":-1.016648584669999,"228":-1.0153215114711496,"229":-1.3212414075445724,"230":-1.4961584530009109,"231":-1.2194158160895712,"232":-1.0493644242866353,"233":-1.2465772788462752,"234":-1.2477490405873461,"235":-1.4313391886639262,"236":-1.4038260882249798,"237":-1.4751720975596285,"238":-2.668764450418635,"239":-0.4170549745743686,"240":-0.4170549745743686,"241":-0.38565433891258527,"242":-0.9791509008151691,"243":-0.2583590203685535,"244":0.3469304571395968,"245":0.8698189790819053,"246":-1.0605329052793513,"247":-0.5629177354765422,"248":-0.7836259288437415,"249":-0.516726492671579,"250":-0.622031560455269,"251":-1.26302182164144,"252":0.2953264310722754,"253":-0.3285861007300217,"254":-0.20475687639770723,"255":-0.6290161172668509,"256":-0.6290161172668509,"257":-0.7334773928623028,"258":-0.7334773928623028,"259":-0.26879580431449024,"260":-0.26879580431449024,"261":-1.1383212583967075,"262":-0.07298355965086323,"263":-0.24376053571984924,"264":-0.27084331969538367,"265":-0.9608674929465959,"266":0.20218898150305442,"267":-0.5842440492980965,"268":-0.5842440492980965,"269":-0.5842440492980965,"270":-0.12817210087475361,"271":-0.12817210087475361,"272":-0.8256516614249862,"273":-0.017752063654609684,"274":0.27234307185605067,"275":-0.5230467473030402,"276":-1.0372170125071487,"277":-0.9808401673824827,"278":-1.2129461308662064,"279":-0.5673346024977761,"280":-1.0253018191959944,"281":-0.0003792227197116915,"282":0.048711790253513465,"283":-0.16799721065374218,"284":0.033753992201496885,"285":0.34762295213664274,"286":-0.6406160004986293,"287":-0.18946358476365843,"288":0.36503829348033023,"289":-0.7804434312733335,"290":-0.033622157022311416,"291":-0.13868204676830187,"292":-1.1688886899210411,"293":-0.7107143790906121,"294":-0.32499759503318404,"295":-0.5969267318442826,"296":0.06701438812838856,"297":-0.650450867579551,"298":-1.195409677243322,"299":0.08643162608569388,"300":-0.5258354051942487,"301":-0.8044987230127978,"302":-0.6045063296412039,"303":-0.965184045932526,"304":-0.7199331397009034,"305":-0.18563287696897213,"306":-0.7199331397009034,"307":0.20369187453072612,"308":-0.31879488399774325,"309":-1.771055923432825,"310":-0.7650138804348021,"311":-0.831217171931657,"312":-0.6195202266594539,