{"1":0.2130693866084028,"2":0.32154126111714204,"3":-0.03184044261348071,"4":0.3946918774098355,"5":0.30507123103076966,"6":0.19629573649557147,"7":0.3032126247207907,"8":0.4174330348114768,"9":0.4174330348114768,"10":0.7407222199885515,"11":0.7407222199885515,"12":0.27560179869094603,"13":0.27560179869094603,"14":0.2606786905944866,"15":0.2606786905944866,"16":0.020659573736465847,"17":0.020659573736465847,"18":0.020659573736465847,"19":0.15086154279949426,"20":0.15086154279949426,"21":0.37619003072598833,"22":0.37619003072598833,"23":0.017002348457851882,"24":0.23103914592906505,"25":0.07444304172461308,"26":-0.029451474570168557,"27":0.020907561786651263,"28":0.09903412855142024,"29":0.09187072379945416,"30":-0.04632739424136406,"31":-0.004468121798068769,"32":-0.03324273322364826,"33":0.05285666084846333,"34":-0.07642700416960872,"35":-0.07602650239444331,"36":0.018453819535326765,"37":0.11239652165997216,"38":0.17695719224104434,"39":0.262797086158993,"40":-0.005498831863400722,"41":0.056026629673224526,"42":-0.005578714569970278,"43":0.11226374121894156,"44":0.19898548133195954,"45":0.07326119734906611,"46":0.215784791436673,"47":0.12348228999340605,"48":0.21373112718532455,"49":0.058699966094376665,"50":0.058699966094376665,"51":0.21373112718532455,"52":0.21373112718532455,"53":0.20795888421661957,"54":0.20795888421661957,"55":-0.11177156952825357,"56":0.03734646886758933,"57":0.045942071752106906,"58":0.11324568936762142,"59":0.08163930875904662,"60":-0.22053010563042053,"61":0.1098934408632618,"62":0.022873779744831235,"63":0.06329099946058067,"64":-0.005551184576849333,"65":-0.03422233375329642,"66":0.21301277627866788,"67":0.023103177098005356,"68":0.06429689514144987,"69":-0.023876190083888582,"70":-0.04406956339755996,"71":-0.023935834629951303,"72":0.012218963097470836,"73":0.26704916250787525,"74":0.09228402328646795,"75":-0.05800750141524469,"76":0.13856419634306227,"77":0.058662558778810436,"78":0.015387941956686801,"79":0.10966132917824067,"80":0.08138612904055326,"81":-0.05747237705584202,"82":0.005345846146036171,"83":0.14378435910563137,"84":0.20934377307807656,"85":0.0467828539709893,"86":-0.00995414133230077,"87":-0.00995414133230077,"88":-0.040291189860930166,"89":-0.040291189860930166,"90":-0.07009259165484549,"91":-0.0778382398689943,"92":-0.13371560082751754,"93":-0.042389668572306416,"94":-0.26139627217276906,"95":-0.08535309180808992,"96":-0.26447659459978434,"97":-0.11378702225909898,"98":0.09480102990791384,"99":-0.09515343768269952,"100":-0.013643783634266798,"101":-0.01753850146145136,"102":0.04876815171943061,"103":-0.05042321940179845,"104":-0.06410620614212231,"105":0.02551975477529439,"106":0.04110544979785663,"107":-0.037587241660353876,"108":0.020615550598700516,"109":0.07129800398233976,"110":-0.08220550964516915,"111":0.019824546340135973,"112":0.053250770931498215,"113":-0.006624234404594531,"114":-0.024056945735577262,"115":0.16319753349041444,"116":0.15761418967105204,"117":-0.03770677770349268,"118":-0.004181154681889676,"119":0.06069854196672553,"120":0.08085542241092608,"121":0.011196081919014944,"122":0.021215595289358735,"123":-0.027558931764288253,"124":0.06971920124156983,"125":0.007936076121001723,"126":0.007936076121001723,"127":-0.19463702894045676,"128":-0.046624205503174754,"129":-0.00879893621304878,"130":0.007936076121001723,"131":0.007936076121001723,"132":0.14562753578567833,"133":0.04061506500603507,"134":0.16503411805800228,"135":0.20750222448318517,"136":0.06302962599261869,"137":0.32339157487977604,"138":0.16281776828385097,"139":0.361632373057001,"140":-0.038723205824333196,"141":0.11274803933896671,"142":0.14340003604889673,"143":-0.030744734104908522,"144":-0.1718387982638161,"145":0.37979180767325516,"146":0.008993163586806019,"147":0.1396779440227508,"148":-0.009117645081815118,"149":-0.08033099907043006,"150":-0.035945997326196744,"151":-0.29978093046922294,"152":0.06291455947314895,"153":0.037594096341742045,"154":0.03145959723604891,"155":0.047705771098463245,"156":0.0773298052782927,"157":0.004865988493024442,"158":0.1438780959466664,"159":-0.05934201428874081,"160":0.09489083616927507,"161":-0.11088870659417982,"162":-0.049100470165007404,"163":0.0684186398622319,"164":0.06964373117505462,"165":-0.033758495606885264,"166":0.017117543560919657,"167":0.1260413773228588,"168":0.03442316085472852,"169":0.12423822289160691,"170":-0.03403329444959796,"171":-0.04521223722350687,"172":0.02966566702173451,"173":0.3879111182617488,"174":0.045326147298443975,"175":0.24166321565765891,"176":0.07861704421823157,"177":0.2294424556637099,"178":0.2442620101845006,"179":0.05774860476072652,"180":0.023007368492949876,"181":0.1991248397840232,"182":0.11432211529293596,"183":0.14401685962437483,"184":0.20034003608404177,"185":0.13452854607620923,"186":0.20228522535132948,"187":0.04913433172858306,"188":0.24488829394886558,"189":0.32377864143122986,"190":0.2248387306793419,"191":0.26337627796265817,"192":0.2790607157272799,"193":0.03243816577118741,"194":0.07619654686181748,"195":-0.03709685643594601,"196":0.25676615527506186,"197":0.187737517657244,"198":0.23719484684325298,"199":0.16587256427482172,"200":-0.004103155855844198,"201":-0.05355893622606844,"202":-0.05355893622606844,"203":0.0002970805644535446,"204":0.02431644035267916,"205":0.03426720054024779,"206":0.08369247395975399,"207":-0.0009922655505762434,"208":0.0485393040989478,"209":0.024398787403889954,"210":0.08201297763161661,"211":0.022647791217305813,"212":-0.018253022936934482,"213":0.008517041549225945,"214":0.086632200399193,"215":-0.027688853257575086,"216":0.1507890466665771,"217":0.20158736414605144,"218":0.32646068971069,"219":0.23896958030506144,"220":-0.007401567542926424,"221":0.01952647472733038,"222":0.08532536312517924,"223":0.11017401443394803,"224":0.1184190345005659,"225":0.088422764061272,"226":-0.034847437729432884,"227":0.07299569056428601,"228":0.027353474617546614,"229":0.04820253816671083,"230":0.07572894978422073,"231":0.14257835009754843,"232":0.024767428070553765,"233":0.23371660293080393,"234":0.08853313289499953,"235":0.12739799420813613,"236":0.15554591638574689,"237":0.01996515143636568,"238":-0.14424013081405457,"239":-0.05399924892311081,"240":-0.05399924892311081,"241":0.09511388995825117,"242":0.05707568909158635,"243":0.030142516618548026,"244":-0.05486664087113141,"245":-0.06650030961483529,"246":0.0866765875461997,"247":0.05678229252030027,"248":0.4474229332122063,"249":0.020119960392441835,"250":0.05174483829291432,"251":0.08824503974330167,"252":-0.01419281378547202,"253":-0.011304129709101926,"254":-0.010641620270788812,"255":0.06640686755796477,"256":0.06640686755796477,"257":-0.04451592795941073,"258":-0.04451592795941073,"259":0.04188469201539319,"260":0.04188469201539319,"261":-0.01534689757392313,"262":0.026622570971911508,"263":-0.011232954566236075,"264":0.06233631700812198,"265":-0.24840710797178245,"266":-0.011525293846497586,"267":0.029138463597006503,"268":0.029138463597006503,"269":0.029138463597006503,"270":0.5215307018194599,"271":0.5215307018194599,"272":-0.0018587659770485793,"273":0.04090209500152417,"274":-0.1525520827019276,"275":-0.09566074966332777,"276":0.07997368256511733,"277":0.1844987172240663,"278":0.13257338923083095,"279":-0.02669147160140517,"280":0.04080267644542125,"281":-0.04003127365770835,"282":-0.23475784541679628,"283":-0.3161876933832881,"284":-0.09411311834127553,"285":-0.07664146686626017,"286":-0.19048114706868122,"287":0.07219158389563148,"288":0.46718497936192216,"289":0.08457832866871684,"290":0.07981879727725316,"291":-0.18517019447796246,"292":-0.1057369908933854,"293":0.1098528983326374,"294":-0.17694512105476512,"295":0.03620373746181965,"296":-0.028868448616095305,"297":-0.04382880227166153,"298":-0.21839446436348725,"299":0.1441177664842238,"300":0.02725867321847031,"301":0.036063150282106826,"302":0.15503971411020778,"303":0.2332213817248514,"304":0.043236900801253086,"305":0.31711108017699563,"306":0.043236900801253086,