{"1":-0.317966707810188,"2":-0.26358687633998334,"3":-0.6882990032623364,"4":-0.5397274746071168,"5":-0.07302595442357074,"6":-0.32490547503674017,"7":0.7816931610888544,"8":-0.7858820428314948,"9":-0.7858820428314948,"10":-0.4230854470138379,"11":-0.4230854470138379,"12":-0.079528021851198,"13":-0.079528021851198,"14":0.2723190277017342,"15":0.2723190277017342,"16":0.2640368532838486,"17":0.2640368532838486,"18":0.2640368532838486,"19":0.7154396297734644,"20":0.7154396297734644,"21":0.5919534403087425,"22":0.5919534403087425,"23":-0.0016533192440819633,"24":0.31329079865666465,"25":0.6015879932248342,"26":0.016824853528897066,"27":-0.09446396762601106,"28":-0.20151809839174017,"29":0.4721581065037448,"30":0.18063002610771983,"31":0.022841408432811683,"32":-0.21228307016390335,"33":-0.16720918540312635,"34":-0.8762316474415539,"35":-1.005436372436268,"36":-0.6044802129252371,"37":-0.4956397181073413,"38":-0.6848336305568745,"39":0.05153753026310781,"40":-0.39885193962234045,"41":-0.18435166886828647,"42":-0.043304843896684986,"43":-0.6517469524099493,"44":0.5757381614478838,"45":-0.6569621937030128,"46":-0.3555508143901953,"47":-0.9318697332434889,"48":-0.45040299230369296,"49":-0.7537060638549811,"50":-0.7537060638549811,"51":-0.45040299230369296,"52":-0.45040299230369296,"53":0.5663007319877771,"54":0.5663007319877771,"55":-1.5827212607284995,"56":0.4380101046809488,"57":0.3751296820171808,"58":-0.334348581696966,"59":-0.15529877587990581,"60":1.286834336001471,"61":0.6197057165011768,"62":0.5967904145424963,"63":0.2328532437338049,"64":0.32958582989428997,"65":0.5597029765119146,"66":1.0801135477203205,"67":-0.25647271014121564,"68":1.4712732159170319,"69":-1.1837688205711006,"70":-1.5933652403548475,"71":-0.45644508489979874,"72":-0.41190253214299144,"73":-0.1569484393756868,"74":-0.7762620087153724,"75":0.2370152655313289,"76":-0.2747897906576098,"77":0.0183270289898676,"78":0.3307403324808078,"79":-0.0652355933323241,"80":-0.997611183859977,"81":-0.24437135393511422,"82":0.9455059036800062,"83":0.349733855181086,"84":0.33545364820515555,"85":1.464852023767091,"86":0.435311828815407,"87":0.435311828815407,"88":-2.0763637594073803,"89":-2.0763637594073803,"90":0.07742988233759363,"91":-2.024639495030417,"92":-0.9440385924071357,"93":-0.6501424473559041,"94":-1.4630438107606976,"95":1.3306698075980066,"96":-0.48491834885806284,"97":-0.15420082674623004,"98":1.2294262343903366,"99":-1.0310630481398535,"100":-0.6547888846822394,"101":0.35320905919772816,"102":-0.5218815603694442,"103":-0.3176492248462255,"104":0.033539226835785474,"105":-0.6068073234177063,"106":-0.4841103827642246,"107":-0.40933331000170003,"108":-0.6103976174733683,"109":-0.3575743493411214,"110":0.21581420160714693,"111":-0.3152170838631756,"112":-0.2533234404151852,"113":-0.5656786846904946,"114":-0.9257899276304551,"115":0.14829180087072702,"116":0.7858616156132565,"117":0.20612738478016368,"118":-0.07084783619578872,"119":-0.34190928398867015,"120":-0.2713082662106352,"121":-0.10721275802487407,"122":-0.34789872150250734,"123":-0.3235331691611121,"124":-0.35017863925136616,"125":-0.40899921184097554,"126":-0.40899921184097554,"127":-0.07645832272080533,"128":-0.23403889009241707,"129":-0.29043028693140327,"130":-0.40899921184097554,"131":-0.40899921184097554,"132":-0.4258633367064206,"133":0.8415348805246277,"134":-0.9674042543528056,"135":-0.9288465594115127,"136":-0.8116437617487735,"137":-0.8903120625655561,"138":-1.560055170716863,"139":1.2590457152649055,"140":-1.7749408918909246,"141":-1.6494027880856716,"142":1.35036841438993,"143":-0.5292756924393371,"144":-0.6765067364402677,"145":-0.10169506629735103,"146":-2.701105673016536,"147":-0.8996480129355717,"148":-1.0682004241275656,"149":-0.9247598468754132,"150":-1.776572520869104,"151":-0.9790610211831998,"152":-0.9112553176583535,"153":-1.0239124187893474,"154":-0.9447709265411937,"155":-0.978863919249497,"156":-0.9071900148050007,"157":-1.6385298708082718,"158":-0.7383633013081123,"159":-0.6988463103219256,"160":-0.476570304864115,"161":-2.0521915359160956,"162":-1.0296654654234354,"163":-0.5411507755608493,"164":-2.632842013434452,"165":-0.8645213648176617,"166":-1.2583889384385625,"167":-0.49470616883997476,"168":-1.0928974362546557,"169":-0.8415638506051928,"170":-0.4620891219348886,"171":-0.20894187125322006,"172":-0.5723838927549547,"173":-0.798409487113215,"174":-0.6938409121133802,"175":-0.8348778798291487,"176":-0.6032993536555149,"177":-0.34804467390027893,"178":-0.7846832566193638,"179":-0.4609740778263163,"180":-0.9317393226075135,"181":-0.719660312838696,"182":-0.5280737127380442,"183":-0.8307511376137133,"184":-0.5024491173351819,"185":-0.3150907647505794,"186":-0.594610813592944,"187":-0.7409631778753798,"188":-1.0572348069164188,"189":-0.7920263530694813,"190":-0.6477315895250757,"191":-0.5760904099857322,"192":-0.8997231587308643,"193":-1.4652265485395461,"194":-0.7734500923039627,"195":-1.1730634974057534,"196":-1.0133523804809617,"197":-0.897608689019127,"198":0.2583020907722746,"199":-0.8880085930462127,"200":-0.8561185082870686,"201":-1.1644127739069376,"202":-1.1644127739069376,"203":-1.0515637768937318,"204":-1.263828708943362,"205":-0.760693077692248,"206":-1.0803341433951448,"207":-0.926813105897661,"208":-0.7309570481219017,"209":-0.8714042034849323,"210":-1.2110948153725731,"211":-1.2312893430146823,"212":-1.2122403861956461,"213":-0.5879300446823781,"214":-0.39663227546541124,"215":-0.8434464209701926,"216":-2.0753664394404043,"217":-1.094349986802078,"218":-1.2831390772575637,"219":-1.596414824858999,"220":-1.7204420617485976,"221":-1.4695165615864778,"222":-1.41809082415508,"223":-1.0937927533290563,"224":-0.871442287879304,"225":-0.49700250625424514,"226":-0.8824148894384414,"227":-1.191067512272451,"228":-1.2589448915548362,"229":-0.7215274721971756,"230":-1.9329339248897774,"231":-1.455597128589266,"232":-1.1913235613481175,"233":-0.6921167634475944,"234":-1.75027243372219,"235":-0.9831744503001683,"236":-1.1775378399981191,"237":-1.0475703125461933,"238":-0.7801484696751,"239":-0.5708599714163225,"240":-0.5708599714163225,"241":-0.07557386645464303,"242":-0.5347336580207032,"243":-0.11273092577204658,"244":-0.37754805970453864,"245":-0.5009252691363657,"246":-0.3669215841470779,"247":-0.14143321979750345,"248":-1.2188242571532353,"249":-0.9839052651767319,"250":-0.6128820573245837,"251":-1.410027043894321,"252":-0.5822323980471431,"253":0.35145727514592084,"254":-0.18171567090232843,"255":-0.09060869018752937,"256":-0.09060869018752937,"257":-0.16133201711557454,"258":-0.16133201711557454,"259":-0.2188983332745189,"260":-0.2188983332745189,"261":-0.09645929215917348,"262":0.5162154200657674,"263":-0.29482452930145886,"264":0.11319405837016694,"265":-0.9144531834810818,"266":0.043039351215600874,"267":-0.07531909582766627,"268":-0.07531909582766627,"269":-0.07531909582766627,"270":0.4351017622266631,"271":0.4351017622266631,"272":-0.09121407788201796,"273":-0.05568608515950346,"274":0.3127592814543887,"275":0.21549637119625897,"276":0.5092150354442431,"277":1.8211590507026676,"278":0.9467529169367226,"279":0.2241462336482405,"280":-0.6317081109063201,"281":0.05543951876745312,"282":-0.270871904780833,"283":0.09317709386305184,"284":-0.1524054107018411,"285":-0.37543057633678356,"286":-0.846951416248666,"287":0.2988801811017894,"288":0.5856712321520352,"289":-0.7651507986061139,"290":-0.2070390309203427,"291":-0.4399478280862956,"292":-0.4813062726011248,"293":-0.16998741034460796,"294":-0.15208361311591556,"295":0.3314873980277211,"296":-0.038929442749167764,"297":-0.5950340618510594,"298":-0.05369643427142634,"299":0.1822903526339812,"300":-0.2962421338988044,"301":-1.5380646882290332,"302":-0.9263620638700463,"303":-0.6021325149969456,"304":-1.4690737464981503,"305":-0.4467870556002165,"306":-1.4690737464981503,"307":0.8796952102210804,"308":-0.10825609577129569,"309":-0.4282078306839159,"310":-0.41939877349463384,"311":-0.05538689469748803,"312":-0.24281870643250159,