{"1":-0.5987388064152634,"2":-1.6024514638335057,"3":-0.5120373949628794,"4":-0.09398107706559998,"5":-0.4773158580598584,"6":-0.010362992958850209,"7":-0.1832648418724377,"8":-2.140246292321212,"9":-2.140246292321212,"10":-0.6762160349514303,"11":-0.6762160349514303,"12":-0.5927493569314055,"13":-0.5927493569314055,"14":-1.1322002039467502,"15":-1.1322002039467502,"16":-0.20214839591653533,"17":-0.20214839591653533,"18":-0.20214839591653533,"19":0.0907482399031626,"20":0.0907482399031626,"21":0.11677995088252502,"22":0.11677995088252502,"23":0.048733345961690766,"24":-0.28815394283195817,"25":-0.23355114938266464,"26":-0.2326567659880437,"27":-0.07689162449984202,"28":-0.11209287424190115,"29":0.22404145998829283,"30":-0.06882351717972748,"31":0.7583872307507493,"32":0.3085259385259876,"33":-0.04999105405396237,"34":-0.014529802976616102,"35":-1.0393253500457664,"36":-0.8857150500957491,"37":-0.5267805178329323,"38":-0.4770582520735758,"39":-0.5527229315367752,"40":0.007159018501493364,"41":-0.2761720998237458,"42":-2.2948722701354702,"43":-0.4173855118176506,"44":-0.5296731259459488,"45":-0.9420880621820618,"46":-0.5657720579293368,"47":-1.0322869747304364,"48":-0.5748823762828781,"49":-0.6676227248988866,"50":-0.6676227248988866,"51":-0.5748823762828781,"52":-0.5748823762828781,"53":-0.8023646581832726,"54":-0.8023646581832726,"55":-0.18428294945252155,"56":0.012958648463312905,"57":-0.29130243406631273,"58":-0.06851529545727264,"59":0.06767791354938113,"60":0.24222986506504596,"61":0.014102955260510197,"62":-0.06787225932737084,"63":-0.5478984054297077,"64":0.08076378236561299,"65":-0.7405807710827785,"66":0.08372230979732775,"67":0.5886793931106047,"68":0.05529863708760052,"69":0.3822444714194071,"70":-0.23720572921125682,"71":0.0946261391767158,"72":0.3789364766793737,"73":-0.18138409304492642,"74":-0.20742185584038553,"75":0.3214821903209204,"76":-0.24959782893900395,"77":-0.21540080562519826,"78":-0.04456119853386753,"79":0.011581682223662626,"80":-0.5782926624725064,"81":-0.2578461939981894,"82":-0.3522299117950143,"83":-1.8176624654749933,"84":-0.006854893173493082,"85":0.6325221308735823,"86":-0.6405688347044041,"87":-0.6405688347044041,"88":-0.23845752279763932,"89":-0.23845752279763932,"90":0.2510497728865795,"91":-0.23572064807038196,"92":-0.047830690335167514,"93":-0.5021679602278892,"94":-0.7590795811136777,"95":-0.7737973893038592,"96":-0.2238064777242974,"97":-0.27571382575770453,"98":-0.6490907147488298,"99":0.6062031366072119,"100":0.444562632806373,"101":0.10046048594402945,"102":0.1007291256226418,"103":0.3548106296219776,"104":0.02021909242074471,"105":0.1211625427290755,"106":-0.038903977449004756,"107":0.0443936208275052,"108":-0.5743933790705912,"109":0.004545493107262044,"110":-0.12432645735982528,"111":-0.27935730108151025,"112":-0.2870354672996255,"113":-0.016689567968801722,"114":-0.12809549184787883,"115":-0.10221234381162825,"116":-0.11858561000323331,"117":-0.20677053745399843,"118":-0.21339166583933133,"119":0.026722004086097373,"120":-0.06414760951671483,"121":0.09837151916119447,"122":-0.11635463846068883,"123":-0.03266955994651222,"124":-0.22777231415176197,"125":-0.057132526314553234,"126":-0.057132526314553234,"127":0.16510865079076154,"128":-0.06075344155973594,"129":-0.06979761477599739,"130":-0.057132526314553234,"131":-0.057132526314553234,"132":-0.06489160413584172,"133":0.07037071329204647,"134":-0.10184126581238451,"135":-0.22463682772190574,"136":0.5128791538509478,"137":-0.9295568530450593,"138":-0.2076529423763389,"139":0.8060394828307746,"140":0.14451183015055746,"141":-0.025588550724677583,"142":0.6362548890918169,"143":-0.00024882437508644273,"144":0.04955665737089743,"145":-0.16791244015469753,"146":-0.09985620712686738,"147":0.49165073802919323,"148":-0.36507696456939714,"149":0.015128050647856828,"150":1.4786586161079613,"151":0.29551750591720827,"152":-0.09639183340879731,"153":-0.3840312341100264,"154":-0.40870343376713053,"155":-0.08433491157899287,"156":-0.39759209149591057,"157":-0.30418831668316537,"158":-0.40606519573364785,"159":0.7899745245839247,"160":0.7216908174182475,"161":-0.19914079575903765,"162":-0.2237292356788531,"163":-0.37861896645276283,"164":-0.1776937311597957,"165":-0.04913180347501317,"166":-0.5067892446561049,"167":-0.2421163265943207,"168":0.21303879201979964,"169":0.050693132716236766,"170":-0.17019588771786487,"171":-0.055267450458753975,"172":-0.09582304210289283,"173":-0.6655071562637345,"174":-0.19676605655649237,"175":-0.5403743161719206,"176":-0.1930125343677258,"177":-0.2989194522240437,"178":-0.529481461375892,"179":-1.2530360775993516,"180":-0.15250612869448188,"181":-0.10340139963574096,"182":-0.12801946810865936,"183":-0.16718955222947574,"184":-0.15858216155183297,"185":-0.3744183459855234,"186":-0.14622258595226645,"187":-0.1865577119121267,"188":-0.32664707194705295,"189":-0.20682335762880252,"190":-0.19090799506123357,"191":-0.6092119854886813,"192":-1.1365603495423917,"193":-0.33993537986754024,"194":-0.8320556598910696,"195":-0.6459860521508476,"196":-0.5519454246036548,"197":-1.1787747555185457,"198":-0.20648952867002945,"199":-0.05495902946824294,"200":-0.28747795100420453,"201":0.3165026997044308,"202":0.3165026997044308,"203":-0.2677861362120849,"204":-0.29097841861736334,"205":-0.20290052854027782,"206":-0.2116473466095356,"207":-0.33477790086300435,"208":-0.2172174868472752,"209":-0.2781691787854908,"210":-0.3901707763490452,"211":-0.1117824834943171,"212":-0.24847933600455888,"213":-0.3305087008885649,"214":-0.3759879415984656,"215":-0.4415882061960773,"216":-0.26860512020888977,"217":-0.329676212721873,"218":-0.3786993745035224,"219":-0.5283508239818655,"220":-0.2949794038871216,"221":-0.2953867627748775,"222":-0.8319935250354367,"223":-0.141808806716551,"224":-0.4935286973186733,"225":-0.8643206904119038,"226":-0.3387924217195991,"227":-0.43099615335644736,"228":-0.45844248084278894,"229":-0.6985307741991769,"230":-0.21591552808369918,"231":-0.3768646050527033,"232":-0.2049309697225833,"233":-0.3156910327270933,"234":-0.36517648308336975,"235":-0.6312807049514912,"236":-0.41087637406596345,"237":-0.611824688811765,"238":-0.8747956486333681,"239":-0.17722871205191149,"240":-0.17722871205191149,"241":-0.2736579750438006,"242":-0.1925939664564014,"243":-0.08252996411068625,"244":0.4560074933210968,"245":-0.2882518577235829,"246":-0.33071163226954375,"247":-0.15434474089744274,"248":-0.46803538777460935,"249":-0.060903542815544526,"250":-0.3149274295750701,"251":-0.8501466510162231,"252":0.2245579165622656,"253":-0.32809112417706365,"254":0.14523843306191903,"255":-0.3486696046612255,"256":-0.3486696046612255,"257":-0.17124571565216987,"258":-0.17124571565216987,"259":0.015125997425287252,"260":0.015125997425287252,"261":-0.25173076239318676,"262":0.5526904244143043,"263":-0.027353501130284008,"264":-0.5282415970629297,"265":0.5105659769364559,"266":0.1112724469156462,"267":-0.40872122678786843,"268":-0.40872122678786843,"269":-0.40872122678786843,"270":-0.46543415692747825,"271":-0.46543415692747825,"272":-0.8184594635453794,"273":0.09221767616145393,"274":-0.7873041154439067,"275":1.8155222013632857,"276":-0.22710720103700943,"277":0.2970929133034126,"278":1.6851371120645453,"279":-0.8012360110189617,"280":-0.7996639554247578,"281":-0.013945468808483241,"282":0.036621361499872496,"283":0.4005759505867432,"284":-0.046561196808922234,"285":-0.1266004408699659,"286":-0.22783954809310586,"287":-0.2182760463538878,"288":0.06740000387246559,"289":-0.036605881296708276,"290":0.28692567357765564,"291":-0.24045582818934907,"292":-1.1426483196977313,"293":-1.1321886915002541,"294":-0.439152651384613,"295":-0.12047198277170672,"296":-0.08910025193108675,"297":0.11082062350010063,"298":-0.6262728086859128,"299":-0.16435995310524398,"300":-0.5897293064303584,"301":0.21984019396606314,"302":-0.7027832045100171,"303":-0.411644693344567,"304":-0.23842089839667358,"305":-0.28661544380495607,"306":-0.23842089839667358,"307":-0.37149330950342846,