{"1":0.0024298777771478096,"2":0,"3":-0.042662116040955635,"4":-0.005765376650870452,"5":-0.009832261616817101,"6":-0.0012698148935999876,"7":0.005480553819145716,"8":-0.00031137130794348534,"9":-0.00031137130794348534,"10":0.012844550918186821,"11":0.012844550918186821,"12":0.00012591143509113698,"13":0.00012591143509113698,"14":-0.010963705168173646,"15":-0.010963705168173646,"16":0,"17":0,"18":0,"19":-0.006061662931826044,"20":-0.006061662931826044,"21":-0.027052916457687107,"22":-0.027052916457687107,"23":0.004849490948820543,"24":-0.007324188914690947,"25":-0.15392115988163255,"26":-0.028377081221448896,"27":-0.0017521857171627713,"28":-0.014658662501715346,"29":0.008863272562823085,"30":-0.03204495788442248,"31":-0.050392914819048784,"32":0.001860447809787816,"33":-0.0043082188295764014,"34":0,"35":0.0036078348419105715,"36":-0.003755295550563,"37":-0.006373840193353233,"38":0.015692083451645654,"39":0,"40":-0.005755830295840897,"41":0.006031538719574396,"42":0.0028368732662978737,"43":-0.004248807849663274,"44":0.0017030178842165327,"45":-0.011889459195354078,"46":-0.005261870316328391,"47":-0.008382977359223498,"48":0.015690956316784896,"49":0.006133908979209037,"50":0.006133908979209037,"51":0.015690956316784896,"52":0.015690956316784896,"53":0.008031942763148434,"54":0.008031942763148434,"55":-0.0013958872227137868,"56":0.001114014528319822,"57":0.005615660263590422,"58":0,"59":0.002786019752880048,"60":0.004079226129171243,"61":0.005547388566832164,"62":0.002587405208342392,"63":-0.006262470431718815,"64":-0.007923621819049924,"65":0.0032392335973308716,"66":0.004158249419189785,"67":0.014421319816419696,"68":0.00014913334749227982,"69":-0.0017030568708771184,"70":-0.0741167338920453,"71":-0.0029589373885733072,"72":0.013272331041776502,"73":-0.0041920307654868495,"74":0.010028631492892723,"75":-0.0020916236998569752,"76":-0.01728213121277271,"77":0.005775795039683532,"78":-0.04037635970285939,"79":0.006183024699939326,"80":-0.006535923399875,"81":-0.00004846434038756342,"82":-0.013811631655349755,"83":-0.003053880907970796,"84":-0.005421688721168373,"85":-0.03041376765801878,"86":-0.0033548390540754924,"87":-0.0033548390540754924,"88":-0.011306967446034183,"89":-0.011306967446034183,"90":-0.0015981892266693394,"91":-0.0023361893247828805,"92":-0.0011596609304131648,"93":0.0008171245971858969,"94":-0.003132092352054628,"95":-0.005970327472461865,"96":-0.004302142696991523,"97":0.0016106217616986933,"98":-0.007525006628801344,"99":-0.005607653728883241,"100":0.0023641300691049144,"101":0.007428131952575067,"102":0.0017977886656834214,"103":0.0036390123282598824,"104":-0.014859831255108617,"105":0.004883877649042645,"106":-0.0008914497105070862,"107":0.004817200748313662,"108":0.015001850526861546,"109":-0.005342744274572417,"110":-0.0011283034071058531,"111":0.008023254418402664,"112":-0.002677988339412086,"113":0.0010836333034223815,"114":-0.07722314387846343,"115":0.01654574922885728,"116":0.0014152149234326339,"117":-0.0431267194730339,"118":-0.05554385424121189,"119":0.02850934251035068,"120":0.0014682457824562074,"121":-0.0011426958305337381,"122":0.0032212750975645216,"123":0.014923911251612847,"124":-0.013863015749578184,"125":0.02578938751640531,"126":0.02578938751640531,"127":0.00015180457734906977,"128":0.012607602180123075,"129":0.02213370455333548,"130":0.02578938751640531,"131":0.02578938751640531,"132":0.0014987531189001161,"133":-0.00275161950997062,"134":0.0003798636249629462,"135":0.0026508322545258506,"136":0.0012498281486295634,"137":0.000508690162126496,"138":0.002618169681103918,"139":0.008781553030031846,"140":0.008334696538491927,"141":0.01574012971297145,"142":-0.007996866323089848,"143":0.0064864888438659115,"144":0.0028414704286964737,"145":-0.0043385738823280805,"146":0.0021444737952719837,"147":0.00212029529286493,"148":0.000832052319449847,"149":0.0010486170822272657,"150":0.0006826876588792324,"151":-0.003654361132497606,"152":0.000011096236542077744,"153":0.002333855847668355,"154":0.004308688465884711,"155":0.0008842691100560906,"156":0.006069712659710448,"157":-0.015876050143940612,"158":0.00587181535929495,"159":-0.000010871188903503054,"160":0.0013820543189470807,"161":0.0015611086332835522,"162":0.0014873250162118427,"163":0.0004858560344849338,"164":0.0008135733248823048,"165":0.005859174868084703,"166":0.005666864333630496,"167":-0.0018425310585826271,"168":0.002838523827028947,"169":-0.009469390805965539,"170":-0.0030524325655591645,"171":-0.002643374243673941,"172":0.01668163539822673,"173":0.00185572886345756,"174":0.01645480909741706,"175":0.007292522390325681,"176":0.0019510348873135065,"177":-0.008050514331827354,"178":0.0029908570526455186,"179":0.0020814005622241576,"180":0.002480396716631566,"181":0.0032827462141729285,"182":0.005672305550068891,"183":0.00008148134711077849,"184":0.002260542265000701,"185":-0.001319539584357412,"186":-0.0006149270898573164,"187":0.0007094590985800476,"188":0.0015324183724650733,"189":0.0006217710200888699,"190":0.0035248498031957747,"191":-0.00299745129495286,"192":0.0032507812434113,"193":0.0025337121845088696,"194":-0.0028645892889046865,"195":0.00013710995660318583,"196":0.006674372256521472,"197":-0.0036917233572517005,"198":0.004739965493051211,"199":0.01026197726954972,"200":0.023875983520175365,"201":0.001262934563335769,"202":0.001262934563335769,"203":-0.0007732736344794656,"204":0.0011516878428974235,"205":0.005390835579514825,"206":0.0010936415566071898,"207":0.001073878930370443,"208":0.001541193006682613,"209":0.00018620364667519095,"210":-0.005855096138428561,"211":0.0012255940504559601,"212":0.00005639465428293076,"213":0.0013724692952884845,"214":0.0025560225368158533,"215":0.002247742870671386,"216":0.0032536411261970865,"217":0.0019161860233391458,"218":0.002595422323876263,"219":0.001371585045025383,"220":0.0021634468607299733,"221":0.0005011258627716938,"222":0.004021004169096701,"223":-0.0008138074181164193,"224":0.0015757042850131678,"225":0.0038100214449778473,"226":-0.00791789385118125,"227":0.001336875365734582,"228":0.00022118725613213142,"229":-0.0026025914197791294,"230":0.008579253203715765,"231":0.0027527105435673715,"232":0.002586390739918897,"233":-0.005188119510471374,"234":0.003848008372176982,"235":0.0065432657084476785,"236":0.016472660796901087,"237":0.007325345281260724,"238":-0.0007204724552353089,"239":-0.009998624544709601,"240":-0.009998624544709601,"241":-0.10330495664593711,"242":-0.00482064509644203,"243":-0.021933057018515084,"244":-0.025733224882499493,"245":0.14488644822542626,"246":0.06306823650379806,"247":-0.02404857812781819,"248":-0.021730003174784615,"249":0.0008558063814118715,"250":0.0039683445992722876,"251":-0.012220675693085877,"252":-0.0009957447950253093,"253":0.037443924477422945,"254":0,"255":-0.00981949780280194,"256":-0.00981949780280194,"257":0.021100707021667563,"258":0.021100707021667563,"259":0.02267529704882273,"260":0.02267529704882273,"261":0.003022974607013301,"262":0.005650513828789824,"263":0.0033709972429255704,"264":0,"265":0.023822289257758908,"266":0.0023306763622803336,"267":0.0293400740272637,"268":0.0293400740272637,"269":0.0293400740272637,"270":0.001675663431291845,"271":0.001675663431291845,"272":-0.009207643424676497,"273":0.003129204869042776,"274":0.031106886719087533,"275":0,"276":0,"277":0.012596193153919133,"278":0.013146506863572126,"279":0.0023675923952932265,"280":0,"281":0,"282":0.005442176870748299,"283":-0.01305557483339554,"284":0.010211245198739373,"285":0,"286":0.011043622308117063,"287":0.006685609226140732,"288":0,"289":0.015125983779559584,"290":0.030035927590309947,"291":0.053498692929661376,"292":0.008528670472912777,"293":0.00010002612767069045,"294":0.0036108035241442394,"295":0,"296":0.010940588414834078,"297":0.022325166043422447,"298":0.010881893542061934,"299":0.014026100705596012,"300":0.03082330942039384,"301":0.019413858301298218,"302":0.012372456891929486,"303":0.017110649528081556,"304":0.021016572673552322,"305":0.006072337545812049,