{"1":-1.1021863940271919,"2":-4.576509143667877,"3":-1.6152072411412777,"4":-0.43323850082881354,"5":-0.9933645420751441,"6":-0.11151862270030977,"7":-0.24300529468083276,"8":-1.8006616065657344,"9":-1.8006616065657344,"10":-2.604980090969275,"11":-2.604980090969275,"12":-1.341578085992368,"13":-1.341578085992368,"14":-2.014016794288538,"15":-2.014016794288538,"16":-0.6289527874790205,"17":-0.6289527874790205,"18":-0.6289527874790205,"19":-0.05225393532308864,"20":-0.05225393532308864,"21":0.09539047258951605,"22":0.09539047258951605,"23":0.09756823045189122,"24":-0.8081516523065679,"25":-0.24555691572171195,"26":-0.4509035884445667,"27":-0.16168023205355442,"28":-0.25035532939879035,"29":0.9080951445913903,"30":0.5133472571411097,"31":1.187890344002934,"32":0.5620629528064649,"33":-0.22763437516187146,"34":0.04889689919752804,"35":-1.47250962603621,"36":-1.4377424751775614,"37":-0.6630783545190342,"38":-0.8054191496294005,"39":-0.6151153498480451,"40":1.1744039997791411,"41":-1.4638432360592102,"42":-1.986806174839836,"43":-0.4885813629591289,"44":-0.49486117462128076,"45":-0.8873249189541315,"46":0.3716890566969475,"47":-0.9039848185743229,"48":-0.6549645031324784,"49":-1.1263390277136418,"50":-1.1263390277136418,"51":-0.6549645031324784,"52":-0.6549645031324784,"53":-0.480977008797689,"54":-0.480977008797689,"55":-1.2781428431542965,"56":-0.349410621369585,"57":-0.5622003879848985,"58":-0.37210079076966796,"59":-0.5514787959651581,"60":-0.6646783435499346,"61":-0.226406994065097,"62":-0.4595485501657943,"63":-1.127210362969724,"64":-0.2250228947015327,"65":-0.4100116205759723,"66":-0.4816452637724211,"67":0.3848871150133566,"68":-0.6044054322883969,"69":-0.7023695451827328,"70":-0.5789590332126702,"71":0.000601329578477916,"72":-0.12974602876796348,"73":-0.5736904098527189,"74":-0.4430048132639577,"75":-1.8359501532585512,"76":-1.3005815856952792,"77":-0.6791301054570997,"78":-0.9198782976586881,"79":-0.40169382002811105,"80":-1.251381243731616,"81":-0.49432784187787604,"82":-1.0616498214946484,"83":-3.4592957493573944,"84":-0.5387679298818115,"85":-0.10703256849259013,"86":-1.6563407775441958,"87":-1.6563407775441958,"88":-2.3851852869415806,"89":-2.3851852869415806,"90":-1.869853501922682,"91":-1.8149350015831498,"92":-1.436947948713689,"93":-2.725637256764153,"94":-1.461523488270612,"95":-3.302187493537179,"96":-2.7155072103925244,"97":-2.3919930963636826,"98":-3.963656099881234,"99":0.7310202246101372,"100":0.33928232144058645,"101":0.03052884504446185,"102":-0.15087105337008522,"103":-0.10378038359260211,"104":-0.5344117929056948,"105":-0.01778141829837665,"106":-0.2150202709287905,"107":-0.2560634914988147,"108":-0.8285557700314945,"109":-0.32055971767744573,"110":-1.0897142106874105,"111":-0.601875530634628,"112":-0.42246252902172143,"113":-0.46164042356669066,"114":-0.08318217072145329,"115":-0.34669230843124854,"116":-0.3340339426685204,"117":-0.47938310826380226,"118":-0.4781028121743853,"119":0.02267591216527709,"120":-0.7183752365278813,"121":-0.27495893044633846,"122":-0.3656468699883044,"123":-0.24807945299303746,"124":-0.9280955988118953,"125":-0.21618950305140894,"126":-0.21618950305140894,"127":-0.22968403463729903,"128":-0.5490656840769557,"129":-0.3625640042929428,"130":-0.21618950305140894,"131":-0.21618950305140894,"132":-0.1204379991488782,"133":-0.46921226809538963,"134":-0.359966885781712,"135":-0.48765965260297683,"136":0.9398147567875341,"137":-1.2749078036422872,"138":-0.9309440803845037,"139":0.5456644346243404,"140":-0.7620456631848018,"141":-0.5372973041296758,"142":-0.8941844046439877,"143":-0.1896882623006988,"144":-0.8369078704221757,"145":-1.0753581723555041,"146":-0.4487205748572496,"147":-1.1188767219505857,"148":-0.647002003670635,"149":-0.24903034429365012,"150":1.1545625803665382,"151":-0.3702915278698935,"152":-0.6248641198290703,"153":-0.8285641013464604,"154":-0.9058164243211031,"155":-0.9508116800936179,"156":-0.8565013461041717,"157":-0.1839125030112987,"158":-0.4638645907432615,"159":-0.08396991466143389,"160":-2.0319207328672033,"161":-0.4210834767347773,"162":-0.6705669131763141,"163":-0.39384806576619136,"164":-0.4503588128242644,"165":-0.4878864988060423,"166":-0.7464708250630818,"167":-0.7118725631486222,"168":-0.05270199232207817,"169":-0.36854433788343455,"170":-0.507735037849304,"171":-0.3730641303708919,"172":0.08307383137009072,"173":-0.594258850130025,"174":-0.5519602128309224,"175":-1.4329775333015298,"176":-0.41472155229006535,"177":-0.5566106426293937,"178":-0.871127433324177,"179":-1.2027052555706517,"180":-0.5330268864631926,"181":-0.389643606528552,"182":-0.30515533842586096,"183":-0.25478646580935527,"184":-0.382486349331564,"185":-0.5586067073533585,"186":-0.24710405792221435,"187":-0.31577512696502463,"188":-0.4717195380549928,"189":-0.3922386264444273,"190":-0.24168538180710009,"191":-0.9347852303005335,"192":-1.4608457249552655,"193":-0.4323868728890339,"194":-1.5261116428567227,"195":-1.1085738714330486,"196":-0.7822142458453571,"197":-3.1502066982873576,"198":-3.8908637130994874,"199":-1.4559785914849641,"200":-0.5311633517572254,"201":-0.3966171311679785,"202":-0.3966171311679785,"203":-0.7774769092049274,"204":-0.6885893933946428,"205":-0.23824785695828465,"206":-0.6911160636273002,"207":-0.8251261337531581,"208":-0.47261902904223485,"209":-0.486534125570682,"210":-0.7782414190106248,"211":-0.38889755453005215,"212":-0.8232035768530572,"213":-0.5451121811313812,"214":-0.5671726309506337,"215":-0.6328052829479558,"216":-0.5266913651118774,"217":-0.4810023020023939,"218":-0.344033810484796,"219":-0.6526258636147857,"220":-0.6206448166747198,"221":-0.922563040415441,"222":-1.271140163930355,"223":-0.4061025520429955,"224":-1.2296299687822376,"225":-1.5857125089257917,"226":-0.772426883824771,"227":-0.5749899428067391,"228":-0.6270273641975748,"229":-1.0126862748899101,"230":-0.4225374452591182,"231":-0.4049825059426253,"232":-0.20135771601351116,"233":-0.8062378522875617,"234":-0.4815255812831116,"235":-0.796829919402068,"236":-0.6792201608895998,"237":-0.8870441031769336,"238":-3.8735459569340422,"239":-0.7364651944391332,"240":-0.7364651944391332,"241":-0.41077896992811236,"242":-0.3084492113997953,"243":-0.0183589265470141,"244":0.4142570123284197,"245":0.28278762007113556,"246":-0.7210162104303294,"247":-0.4060005340560334,"248":-0.5023885804358982,"249":-0.32031707985610597,"250":-0.5885939301638993,"251":-0.8332781842150361,"252":0.35685804752682915,"253":-0.5751659321208523,"254":-0.07395320591776366,"255":-0.6443693558988351,"256":-0.6443693558988351,"257":-0.43733038594838736,"258":-0.43733038594838736,"259":-0.0984285209741167,"260":-0.0984285209741167,"261":-0.3731155370248651,"262":0.6126896681611038,"263":0.8613968378016783,"264":-0.019194112390202633,"265":0.49145597481092596,"266":-0.06863207100738355,"267":-0.4354379645407507,"268":-0.4354379645407507,"269":-0.4354379645407507,"270":-0.046289384603171335,"271":-0.046289384603171335,"272":-1.9328271281993232,"273":0.0827497835793739,"274":-1.1558632596576608,"275":0.02873883682814604,"276":-1.7377545793150881,"277":-1.5789339762218981,"278":-0.3470093187667773,"279":-1.330203340764545,"280":-1.0887162233407224,"281":-0.24779141799144594,"282":-0.2281215004471736,"283":-0.5334446320482478,"284":-0.38268471683803285,"285":-0.3309327386017087,"286":-0.7139453903494544,"287":-0.8696035692637795,"288":0.23080421551736208,"289":0.4045935016088076,"290":0.5327111953602375,"291":-0.20248556732065426,"292":-0.8087971139493528,"293":-0.9048306384490787,"294":-0.6787920767663316,"295":-0.7050574859721367,"296":0.0011796544338138482,"297":-0.7330658950899281,"298":-0.9183268114935927,"299":-0.16778941870263275,"300":-0.5488388895703444,"301":0.6992746831514798,"302":-0.5529969384927815,"303":-0.06998950181350727,"304":-0.11348216962167856,"305":0.1343195870586733,"306":-0.11348216962167856,"307":-0.6345041385920192,"308":-0.694681529357358,"309":-1.318707136702366,"310":-0.5507537904448996,"311":-0.5100839480516457,