{"1":-0.7945010409331181,"2":-3.174101322585785,"3":-0.9843299240829195,"4":-0.3246951737775556,"5":-0.5527851111875598,"6":-0.6170427610646405,"7":-0.3073553698665079,"8":-3.3152922915682126,"9":-3.3152922915682126,"10":-4.967838681634471,"11":-4.967838681634471,"12":-0.9609983160234603,"13":-0.9609983160234603,"14":-1.2853835309107766,"15":-1.2853835309107766,"16":-0.48241533455276897,"17":-0.48241533455276897,"18":-0.48241533455276897,"19":0.04392925264665415,"20":0.04392925264665415,"21":0.22065607830045142,"22":0.22065607830045142,"23":-0.2071053325016905,"24":-0.7289198011854756,"25":-0.05135530171969216,"26":-0.4878625397150387,"27":-0.5197487308477495,"28":-0.6217366979363508,"29":2.6619796329678644,"30":0.4519666072447541,"31":1.341230045295756,"32":-0.00845548645231986,"33":-0.30311300168812627,"34":0.026254748253485616,"35":-0.7891668188930918,"36":-2.6765283469140613,"37":-0.7572807342668018,"38":-0.861742276625221,"39":0.6464654918945261,"40":3.445760412954563,"41":-1.9219802531195036,"42":0.33092685690704293,"43":-0.5207806832923447,"44":0.17559529060815038,"45":-0.05728167241069748,"46":2.151376541736262,"47":-0.5615046450953507,"48":-0.36319104242577005,"49":-1.4814772289036036,"50":-1.4814772289036036,"51":-0.36319104242577005,"52":-0.36319104242577005,"53":1.560243754554132,"54":1.560243754554132,"55":-2.755635089657286,"56":-0.5498916978196383,"57":-0.6514173372490759,"58":-0.7533748328215453,"59":-1.5200190297138925,"60":-1.8372801266036127,"61":-0.6592213043108894,"62":-0.7622966962036217,"63":-1.3629065564251412,"64":-0.47770634296551306,"65":-0.5172385857845154,"66":-1.1003569460149816,"67":-0.14128718810889396,"68":-0.8067745564981035,"69":-2.183137822199983,"70":-1.2882662237701137,"71":0.7977514571053295,"72":-0.4756095187254754,"73":-0.6401935248617843,"74":-0.844723546742042,"75":0.5219236642516663,"76":-1.0380837063995472,"77":-0.993965396930196,"78":-0.7094020013702504,"79":-0.2566609313226973,"80":-1.2467180341824884,"81":-0.714045433855957,"82":-0.3707620612995681,"83":-3.0561562222366065,"84":-0.39035536084988554,"85":-0.16441029108312666,"86":-1.6497452489639342,"87":-1.6497452489639342,"88":-4.890138590638632,"89":-4.890138590638632,"90":-5.402495164057356,"91":-4.512281417012739,"92":-5.054818645845199,"93":-7.727269929540606,"94":-2.7064032574475894,"95":-6.985734717071921,"96":-6.645301011124349,"97":-5.869671654628728,"98":-9.536969832391504,"99":-0.08562078021997,"100":-0.6919233094851127,"101":-0.038438412887661144,"102":-0.43911001227582824,"103":-0.7440261306023386,"104":-1.2316811693185405,"105":-0.8463004429076904,"106":-0.618327878154397,"107":-0.6920279098004318,"108":-1.338501480893778,"109":-1.1965560109172624,"110":-3.048379059651671,"111":-1.0971811329502845,"112":-1.223071313472194,"113":-1.3891265439032203,"114":-0.3085747374584291,"115":-0.4911627412943127,"116":-0.7666744539213499,"117":-1.093035233116181,"118":-0.7882758436546391,"119":-0.3391945346097156,"120":-1.4602032798916107,"121":-0.693361221751553,"122":-1.064859842187425,"123":-1.611635649010422,"124":-1.2691233747232704,"125":-0.6490633163837503,"126":-0.6490633163837503,"127":-1.3671540651054919,"128":-1.058938140403888,"129":-0.8208209087240439,"130":-0.6490633163837503,"131":-0.6490633163837503,"132":-1.1450031141700094,"133":-0.17598407833300556,"134":-1.3957464251112501,"135":-1.159503728831588,"136":0.2815099390728406,"137":-2.2000692183410386,"138":-2.6970030978766353,"139":0.028038775818162165,"140":-4.104316568911228,"141":-2.1814179483735288,"142":-0.04437014388304483,"143":-0.2702266525286756,"144":-1.7881791598939136,"145":-1.6259761550992078,"146":-2.424439242317499,"147":-6.283159833097498,"148":-1.60252842786592,"149":-0.8834520978042417,"150":-0.49182255593698,"151":-1.502645371383343,"152":-2.0027758159552036,"153":-1.520877823329028,"154":-1.7527802214279289,"155":-1.5631937558872533,"156":-1.5806931892833251,"157":-1.3273235167810071,"158":-0.9896544953757664,"159":-1.1257196703543277,"160":-2.1371312096689286,"161":-2.144736350211642,"162":-0.8466185733680942,"163":-1.1104682380735542,"164":-2.3952609913363236,"165":-1.054612759317643,"166":-1.586001326817565,"167":-0.9157443585806404,"168":-0.9697144304553338,"169":-0.9030330928603734,"170":-0.8740988761167552,"171":-0.5501174396088044,"172":-0.7463919878708962,"173":-1.4287225855147794,"174":-1.1477824899375442,"175":-2.5639103064916817,"176":-0.8746891441586166,"177":-0.5294320630358862,"178":-2.0593654133522783,"179":-2.0985242531258583,"180":-1.0886530528572687,"181":-0.7359001090189805,"182":-0.5171824513384418,"183":-0.7581154954688825,"184":-0.7154063321958524,"185":-0.8667976122351737,"186":-0.5841857931427059,"187":-0.8670012733107888,"188":-1.3603472997417363,"189":-1.2036998223611697,"190":-1.0697576426111874,"191":-2.4403548718382826,"192":-3.394102771634305,"193":-1.379565665162497,"194":-3.428823141732871,"195":-2.3613514263057493,"196":-2.567402342842273,"197":-8.510484751924453,"198":-13.05582126781415,"199":-5.99153858098248,"200":-2.216902194329851,"201":-1.6903708942502003,"202":-1.6903708942502003,"203":-1.6644083536476844,"204":-1.7400958429858027,"205":-0.9093610265256638,"206":-1.6856107734028773,"207":-1.6116240928294325,"208":-0.9030758368850325,"209":-0.6685542759035998,"210":-1.3251531829968368,"211":-0.939008731372206,"212":-1.359359146806494,"213":-0.6712176850778119,"214":-0.8677876461836895,"215":-1.2153870269125147,"216":-1.7162159352555988,"217":-1.5196581559950189,"218":-1.5949342513116056,"219":-2.1636398299376185,"220":-1.6430276671007915,"221":-2.1792415531916856,"222":-2.531753880656294,"223":-0.9541163506605148,"224":-1.5559421039153234,"225":-1.947896804142865,"226":-2.392618644851368,"227":-1.1647453780873058,"228":-1.0802447768654169,"229":-1.2436132304104395,"230":-1.2047435889105111,"231":-1.1386507268244066,"232":-1.0377847402926648,"233":-1.2504232724850568,"234":-1.2712115958781252,"235":-1.3264235037138095,"236":-1.2926472797497564,"237":-1.409545040897704,"238":-2.65587397338944,"239":-0.5013290297214876,"240":-0.5013290297214876,"241":-0.4988637508070062,"242":-0.9739187523207222,"243":-0.3962529559062493,"244":0.33898949431627745,"245":0.8671052208436447,"246":-1.0015998996659108,"247":-0.5706404390502329,"248":-0.6330473179116729,"249":-0.5214065206378748,"250":-0.632838305261824,"251":-1.1891729032977874,"252":0.2661257977756335,"253":-0.44544071914374817,"254":-0.27491891193026896,"255":-0.6087288879331894,"256":-0.6087288879331894,"257":-0.894248743125946,"258":-0.894248743125946,"259":-0.3108876929735427,"260":-0.3108876929735427,"261":-1.0698414312739009,"262":-0.12100646336521392,"263":0.0019948461693823916,"264":-0.1652466689796933,"265":-0.7044569990348357,"266":0.19322130503660762,"267":-0.4045104284180073,"268":-0.4045104284180073,"269":-0.4045104284180073,"270":-0.04896474332800227,"271":-0.04896474332800227,"272":-0.7591607182801237,"273":0.06378189321999989,"274":0.32886129291011,"275":-0.4823080699315674,"276":-1.0737249127739767,"277":-0.6116095292440611,"278":-0.9118206567859874,"279":-0.5362374405118018,"280":-0.9411557639123859,"281":0.01912314724081443,"282":0.02995100479045587,"283":-0.40993941480294094,"284":-0.09515868348423173,"285":0.2101391041001881,"286":-0.7105298499076513,"287":-0.2057045416127462,"288":0.3061019338487847,"289":-0.5865278902745121,"290":-0.10135121235852873,"291":-0.23551285597390237,"292":-0.865214792698112,"293":-0.7057124241693906,"294":-0.3037505357157537,"295":-0.7813003853010763,"296":0.11888498115853785,"297":-0.6864450569115322,"298":-1.0347079959821013,"299":0.01606929451009531,"300":-0.4501370342545643,"301":-0.8401367730035583,"302":-0.7323823035280959,"303":-0.7625794070343703,"304":-0.6302356006578349,"305":-0.1314197047892347,"306":-0.6302356006578349,"307":-0.08917838562652736,"308":-0.3381660730327749,"309":-1.6402541252535148,"310":-0.6681805661958453,"311":-0.7847830016404687,"312":-0.49824122886745315,"313":-0.7155819450442418,