{"1":-1.059539804020194,"2":1.3426150077579502,"3":-0.02312199319978836,"4":1.4754047707329132,"5":-1.4178040875660494,"6":-1.0112542480080216,"7":-0.5552583071714206,"8":-0.42628150095419937,"9":-0.42628150095419937,"10":-7.67598134296648,"11":-7.67598134296648,"12":-1.9393398361745149,"13":-1.9393398361745149,"14":-2.440858293179886,"15":-2.440858293179886,"16":-0.9145897642345293,"17":-0.9145897642345293,"18":-0.9145897642345293,"19":-0.32843843266315664,"20":-0.32843843266315664,"21":0.794219251841894,"22":0.794219251841894,"23":-0.5794324535222584,"24":-1.5706839839934141,"25":-0.3189986178674762,"26":-0.7370838511913984,"27":-1.172685464505291,"28":-1.7238758535025305,"29":0.29996163361640704,"30":-0.7846517472776098,"31":-0.8891022407924947,"32":-0.913726864606919,"33":-0.857596249747496,"34":-1.1480949392606576,"35":-1.3743486254018311,"36":-0.1035500814800514,"37":-1.2434128250345413,"38":-0.7918485708097656,"39":-0.2754257980909367,"40":3.8860732195635173,"41":-0.08492107018420114,"42":-1.0272411182148824,"43":-1.0382239766503032,"44":-1.0571975710708772,"45":-0.3917483390582195,"46":0.11585458637293655,"47":-1.5519171662611257,"48":-0.3483827089026068,"49":-1.1246597919769936,"50":-1.1246597919769936,"51":-0.3483827089026068,"52":-0.3483827089026068,"53":-0.10600681896505915,"54":-0.10600681896505915,"55":-3.2805831126316143,"56":-0.46967560080016413,"57":-1.8014496496455152,"58":-1.4251834133294783,"59":-0.9506450350459879,"60":-2.361974935704885,"61":-1.343053690607244,"62":-1.9959955541416532,"63":-2.7017494555402473,"64":-0.9653669225022465,"65":-0.49014856661924355,"66":-1.0890195743044968,"67":-0.26092175234485904,"68":-2.1608574999727947,"69":0.8941357256514344,"70":-1.5154601804320258,"71":1.5698230712729035,"72":0.5447439112692889,"73":-1.590163817436998,"74":-0.11981558448275287,"75":0.4387224096213149,"76":-0.647166141573206,"77":-0.5711140331794247,"78":-1.0185174781482855,"79":-0.154696854376434,"80":-1.0497326237725852,"81":-0.4480010745281624,"82":0.09970865966215481,"83":-1.4650445644322057,"84":-0.43941240875259346,"85":-0.13549514723271816,"86":-0.7534999551851627,"87":-0.7534999551851627,"88":0.10095905121574056,"89":0.10095905121574056,"90":-2.7097455091472593,"91":-3.7458784286137856,"92":-2.8627158875392205,"93":-5.83663795169252,"94":-5.13835451063497,"95":-7.110830874319564,"96":-4.654755302671923,"97":-4.589946477177948,"98":-5.4848078353741325,"99":-0.8896363922772035,"100":-0.831954397101367,"101":-0.9485748137991976,"102":-1.0251751150434192,"103":-1.2563311925155456,"104":-0.5488911478105187,"105":-0.3879808080885869,"106":-0.3184664396563508,"107":-1.0145746993511955,"108":-1.4919257417168712,"109":-0.5391321666364681,"110":-2.192342283167301,"111":-0.8077884404819367,"112":-1.7690977496421696,"113":-1.6167980104230368,"114":-0.8819594971621978,"115":-0.9573294205034184,"116":-0.9814654404411391,"117":-1.1562762540368192,"118":-2.330787598741253,"119":-1.1633607851983436,"120":-1.9812901234782059,"121":-1.527886955179814,"122":-0.8692704341608319,"123":-2.060128773072584,"124":-0.721125799564108,"125":-1.1904995554231719,"126":-1.1904995554231719,"127":-0.8673916053799182,"128":-1.3900946958415576,"129":-0.8865899848532992,"130":-1.1904995554231719,"131":-1.1904995554231719,"132":-1.2222100570278895,"133":-1.1721306336713635,"134":-1.7034217628183947,"135":0.3825061495342226,"136":-0.6667697432327007,"137":-1.1546398263782862,"138":-2.1480514543457883,"139":-0.17477132191679523,"140":-1.371833621450497,"141":-0.5137901082922465,"142":-0.7483761753108817,"143":-0.08649903005130888,"144":-1.4049958342486404,"145":-1.0591635641333008,"146":-1.9790498357991932,"147":-2.3661088084060644,"148":-1.4984496555128435,"149":-0.742284793550887,"150":-0.08295664201465858,"151":-1.5555093420230293,"152":-1.1847425593712457,"153":-0.9167929035093296,"154":-1.1621459030334202,"155":-0.9531889297048988,"156":-1.4777889735204481,"157":-0.5522653279554053,"158":-0.6445932881110692,"159":-0.9641374090018227,"160":-0.9438290344196694,"161":-1.288923000712368,"162":-1.036363103607317,"163":-1.2289499729770799,"164":-2.045555573421151,"165":-1.2406553453004174,"166":-1.8202650704703025,"167":-1.4424280913062333,"168":-0.6506440258902138,"169":-1.3608872811991355,"170":-1.0602405873624146,"171":-0.622768992139136,"172":-0.860939362577497,"173":-0.7700510757315993,"174":-1.4857238061913414,"175":-1.7241453782137475,"176":-1.0143438251736385,"177":0.39059771493586215,"178":-0.9877585932529316,"179":-1.02671528021241,"180":-0.9383563757189721,"181":-0.36700070196037715,"182":-0.2373336115961424,"183":-0.11972726520059096,"184":0.0607338396352235,"185":-0.39344985196985105,"186":0.028362722436537702,"187":-0.19515950388150038,"188":-0.3891976069514218,"189":-0.3162171082352634,"190":-0.8682949713303056,"191":-1.0710605210816082,"192":-0.03253735379012568,"193":-1.2648687406279242,"194":-1.8607990543352892,"195":-1.6452462941284773,"196":-0.21632064394533668,"197":-5.20640408636487,"198":-4.7209323393786295,"199":-1.4068041763893113,"200":-0.3866701785320399,"201":-1.7571208770765763,"202":-1.7571208770765763,"203":-1.3771800082709225,"204":-1.3146858631099216,"205":-0.7322300391501653,"206":-1.380285935460213,"207":-1.635370334581925,"208":-0.8164789050354668,"209":-0.5392080401011656,"210":-0.7783950656490619,"211":-0.6688315516870746,"212":-1.4321451557860088,"213":-0.8346042333626194,"214":-0.4054281506763342,"215":-1.3483784018290992,"216":-1.6105036876137544,"217":-0.9692995823308639,"218":-0.6120821061170809,"219":-1.2730651836252833,"220":-2.1254168374125624,"221":-1.9080282020685977,"222":-2.1463085584341535,"223":-1.0376952142955624,"224":-1.650508067056359,"225":-2.2843386028305863,"226":-2.7475684210935443,"227":-0.6535083357367237,"228":-1.1210050612096967,"229":-2.0098291932005754,"230":-1.8944647794964826,"231":-1.4792474238375064,"232":-0.8703825446209605,"233":-1.0321152164462992,"234":-1.030228301536896,"235":-1.8023287279912465,"236":-1.3245899276717856,"237":-2.0227983678066583,"238":-2.1538389808068112,"239":-0.8793238216290531,"240":-0.8793238216290531,"241":0.37304342529995727,"242":-1.0835672918652148,"243":-0.8248482158782415,"244":-0.8342431124131711,"245":-1.3507618743173766,"246":-1.1670186683011978,"247":-0.3396106894521556,"248":-0.9027209420213926,"249":0.3081245584347163,"250":-0.5340038345429938,"251":-1.0036790009754553,"252":0.261906326658986,"253":-0.5305601352118756,"254":0.26848175840888916,"255":0.208138919995023,"256":0.208138919995023,"257":0.573570724265595,"258":0.573570724265595,"259":-0.2808254829191148,"260":-0.2808254829191148,"261":0.21622263622367233,"262":1.1100481457548441,"263":-0.4619404616999605,"264":-0.47751981066948157,"265":-0.4845396481459181,"266":0.6167986929457396,"267":-0.7640955546421536,"268":-0.7640955546421536,"269":-0.7640955546421536,"270":0.3636835884566798,"271":0.3636835884566798,"272":-1.9238297647395441,"273":-1.2896798326397891,"274":-2.1327342423785693,"275":-0.4170813979208141,"276":-1.1697954682152747,"277":-0.8917699611524332,"278":-1.4678545255896651,"279":-1.426556609082224,"280":-1.5210616400920478,"281":-1.4583411296312387,"282":-0.9221137199466907,"283":-0.852814020033497,"284":-0.48521810217951034,"285":-1.1310353867271554,"286":-1.5811205703288387,"287":-0.20042265891327293,"288":0.5091726071258604,"289":-1.3831760337700887,"290":-1.1216956731685985,"291":-1.0200549747865506,"292":-1.1761706727929937,"293":-0.8642813351755554,"294":-0.3402455493477322,"295":0.7843777592317089,"296":-0.6150321535698837,"297":-1.1615494589866462,"298":-1.822318209050302,"299":0.46713956093212716,"300":-0.733705147224498,"301":-0.348976832591414,"302":-0.42304141887583535,"303":-1.2714225831510575,"304":-0.9657300178001975,"305":-0.27598213613382905,"306":-0.9657300178001975,"307":-0.08424130311085642,"308":-0.3902401010144205,"309":-1.5517239903088607,"310":-0.738193724729828,"311":-0.3922881388630346,"312":-1.4441616434118636,"313":-0.8786811958380878,