{"1":-0.9977696343735174,"2":-3.40866880177361,"3":-1.4388900003500522,"4":-0.7750580480403942,"5":-0.3703537043847728,"6":0.12000563014779841,"7":-0.10872130209157516,"8":-0.6635489257447115,"9":-0.6635489257447115,"10":-1.6580717713318927,"11":-1.6580717713318927,"12":-1.9079281584753665,"13":-1.9079281584753665,"14":-2.3227029479707317,"15":-2.3227029479707317,"16":-0.1652411584921632,"17":-0.1652411584921632,"18":-0.1652411584921632,"19":-0.13576988036703203,"20":-0.13576988036703203,"21":-0.18404501801027323,"22":-0.18404501801027323,"23":-0.0508273293824576,"24":-0.9702976047232661,"25":-0.020745747896462902,"26":-0.281229654425296,"27":-0.07070289586508252,"28":0.015709149895491215,"29":-0.4059388777194275,"30":0.11222574841810597,"31":0.11245501353883863,"32":0.1061506563437517,"33":-0.03800464086479073,"34":-0.08171887023678058,"35":-2.01883749751945,"36":-0.3855100017484794,"37":-0.6182784543574684,"38":-0.5190838624506295,"39":-0.06587170536004056,"40":-0.4407764109822338,"41":-0.5254257481477375,"42":-1.7766588191748838,"43":-0.4635418317789471,"44":-0.37183559911794767,"45":-1.1265557835950877,"46":-0.8689181401353583,"47":-0.9949394988477746,"48":-0.4618680167368472,"49":-0.89124523586145,"50":-0.89124523586145,"51":-0.4618680167368472,"52":-0.4618680167368472,"53":-0.9106612731188101,"54":-0.9106612731188101,"55":-0.08731867920954037,"56":-0.183709561212962,"57":-0.060883172429855525,"58":0.046388166032314895,"59":0.1286036439704551,"60":-0.10992703856711572,"61":0.09835443673848884,"62":-0.1946378358689398,"63":-0.025621185592180074,"64":0.04242756511275436,"65":0.14636642795048455,"66":-0.09655542400949979,"67":-0.30890802170626963,"68":-0.6798823215177425,"69":-0.20151923506759023,"70":-0.2814456658031488,"71":-0.4344365214179821,"72":-0.4395596494571795,"73":-0.2570665535007597,"74":-0.3804400511340582,"75":-2.160578723149662,"76":-0.4403931320368464,"77":-0.2112928095648473,"78":-0.5836055379482346,"79":-0.39235317466435726,"80":-0.5674501571945729,"81":-0.11542518148673986,"82":-0.44789046286088696,"83":-0.7760411001148574,"84":-0.5693490707868244,"85":0.01979264829792693,"86":-0.4726834242168905,"87":-0.4726834242168905,"88":-0.3384628132493429,"89":-0.3384628132493429,"90":-0.14701732371858206,"91":-0.15900555665121358,"92":-0.3531940113192168,"93":-0.058560372653979814,"94":-0.07441172192635528,"95":-0.20163313017128248,"96":-0.17791940273836834,"97":-0.08989979831383085,"98":-0.1079908760149055,"99":-0.010499481587174841,"100":0.12643443925177117,"101":-0.37515485235798385,"102":-0.239126341867544,"103":-0.2507199365477026,"104":-0.07793693081173769,"105":0.16436483623307052,"106":-0.19875459593803146,"107":-0.2644433455962648,"108":-0.20529261595682047,"109":-0.004856637556347132,"110":-0.22441650964560578,"111":-0.3795321404299261,"112":-0.11873917570439985,"113":-0.17340632270092105,"114":0.03954315891819887,"115":-0.3962811504037971,"116":-0.12765080844423715,"117":-0.33296926660139103,"118":-0.6132945408442421,"119":-0.27992361625057227,"120":-0.3791503827199767,"121":-0.1487941760808027,"122":-0.13793314973479853,"123":-0.25320428465073497,"124":-0.258771956482715,"125":-0.10529929993240322,"126":-0.10529929993240322,"127":-0.2666612493377901,"128":-0.213485119541859,"129":-0.09245167185470626,"130":-0.10529929993240322,"131":-0.10529929993240322,"132":-0.20299552763686185,"133":-0.600618772559191,"134":-0.8130870079704302,"135":-0.2964210920522964,"136":-0.17052234835831936,"137":-1.0972869345212934,"138":-0.6347996387815716,"139":0.23123357647510046,"140":-0.14027769611320517,"141":-0.4194166648685271,"142":-0.9839481845706295,"143":-1.0230912202770688,"144":-1.0518493122034185,"145":-0.45698965086963617,"146":-0.22010000764273363,"147":-0.5691206557003863,"148":-0.1984849595450125,"149":-0.1933023852221245,"150":0.08832047631869977,"151":-0.4865441695276118,"152":-0.08630455431391082,"153":-0.36052252964819714,"154":-0.5261516144809231,"155":-1.0708448864560043,"156":-0.8100470769766016,"157":-0.30834745740236463,"158":-0.5017196735832969,"159":-0.603719896207993,"160":-3.627893740425501,"161":-0.029144840995977916,"162":-0.7778582807374675,"163":-0.2207481131311999,"164":-0.2298508678347298,"165":-0.24411064949372352,"166":-0.474003934228606,"167":-0.3643980538547882,"168":0.06569692769354518,"169":-0.06953274316327895,"170":-0.18630091097256424,"171":-0.06828690032808987,"172":0.3233566422099796,"173":-0.40888918027789356,"174":-0.38869026318482147,"175":-0.8737705695659514,"176":-0.37473063592218614,"177":-0.26679643846267176,"178":-0.538929054535325,"179":-0.9059349381355993,"180":-0.2074295961644237,"181":-0.10525418527320302,"182":-0.03810539253438694,"183":-0.22688389581395774,"184":-0.19863251636721926,"185":-0.3862511227169112,"186":-0.1658846100424703,"187":-0.10846577030378357,"188":-0.4404570634381111,"189":-0.21431945364920552,"190":-0.10651999026559611,"191":-0.44869460266268013,"192":-1.18754023768107,"193":-0.44069051470097775,"194":-0.9916811646432718,"195":-0.6223039358831046,"196":-0.34854322006782135,"197":-1.5354678793795538,"198":-1.928369229760787,"199":-0.045594900203156374,"200":0.11109939080606451,"201":-0.43836224554826186,"202":-0.43836224554826186,"203":-0.2467796524277236,"204":-0.296818372264407,"205":-0.22187642762453907,"206":-0.5357022334193772,"207":-0.5227753725389562,"208":-0.18270470219205284,"209":-0.30481258316680276,"210":-0.6897473523901416,"211":-0.1401075188423131,"212":-0.35808041138984636,"213":-0.14983900054361898,"214":-0.18239842412949042,"215":-0.5234759219657175,"216":-0.26906535331900394,"217":-0.25758570129505515,"218":-0.33432954722958713,"219":-0.36970406195255906,"220":-0.5069687281971789,"221":-0.5141240029606831,"222":-0.7669935024750102,"223":-0.2026284235454131,"224":-0.9582631137675969,"225":-1.18494521092572,"226":-0.2547110224996043,"227":-0.20940647397192091,"228":-0.322031098713215,"229":-0.4478539159478244,"230":-0.24107364529631808,"231":-0.2514429536301419,"232":-0.02849426278775591,"233":-0.7901669116118806,"234":-0.3615029794445873,"235":-0.5500967718206927,"236":-0.3525180372781822,"237":-0.5389819330565302,"238":-3.9196044508941847,"239":-0.7947873379471379,"240":-0.7947873379471379,"241":-0.029253937180199696,"242":0.012560887419441114,"243":0.05129009304451791,"244":-0.07418844650114548,"245":-0.08446725036803499,"246":-0.340957254146032,"247":-0.1400907271505381,"248":-0.11640209603095575,"249":-0.020972621480759526,"250":-0.25014133131850913,"251":-0.27636091381429795,"252":0.21663333373270804,"253":-0.17313502281119558,"254":-0.04227842158377597,"255":0.007102703603749316,"256":0.007102703603749316,"257":0.060603031571450944,"258":0.060603031571450944,"259":-0.03825949871327783,"260":-0.03825949871327783,"261":0.38668902880470846,"262":0.3556277933684975,"263":0.5588105247734961,"264":-0.17596260354804205,"265":0.336940470419109,"266":-0.1254934806042003,"267":0.12899386183630263,"268":0.12899386183630263,"269":0.12899386183630263,"270":-0.06341917140261677,"271":-0.06341917140261677,"272":-1.9696014193775715,"273":0.15837995079441658,"274":-0.9802924272855387,"275":-1.3995234639766458,"276":-1.8321254943713736,"277":-2.6252442808541843,"278":-2.5846121151376975,"279":-0.5143980576817743,"280":-0.6669182962538533,"281":-0.019670439265656037,"282":-0.12035083320542211,"283":-0.29501038849752437,"284":-0.07803932841461986,"285":0.07470339630185241,"286":-0.19300814082053988,"287":-0.9688443619507418,"288":0.19204915175206308,"289":0.22125223196005317,"290":0.08815410760441811,"291":-0.32469882008447326,"292":-0.9188652014988707,"293":-0.429067143652526,"294":-0.5133639249159853,"295":-0.5492390961841193,"296":0.017627925440648562,"297":-0.2718604185461604,"298":-0.3334545708001059,"299":-0.19400607925704702,"300":-0.5302492344323775,"301":0.6508188454761576,"302":-1.082773612621061,"303":0.24503803240779676,"304":-0.44658709553137665,"305":-0.12078025894351807,"306":-0.44658709553137665,"307":-0.24487826962920334,"308":-0.9250513901755946,