{"1":0.0443094062539562,"2":0.01247116044147908,"3":-0.0421205401482935,"4":0.1668520578420467,"5":0.013431833445265278,"6":0.044074220988144036,"7":0.09249000720274385,"8":0.013818607623690426,"9":0.013818607623690426,"10":0.05864375361059265,"11":0.05864375361059265,"12":-0.010664960273022984,"13":-0.010664960273022984,"14":0.00702429334261177,"15":0.00702429334261177,"16":0.1070110701107011,"17":0.1070110701107011,"18":0.1070110701107011,"19":-0.017062179906636492,"20":-0.017062179906636492,"21":-0.037221249301034834,"22":-0.037221249301034834,"23":0.3489724408304358,"24":1.1699342184488455,"25":0.2613240418118467,"26":0.03096386680471183,"27":0.9787868062156341,"28":0.3377763037199698,"29":0.5440203100915767,"30":0.18117504960745406,"31":0.09717743716595256,"32":0.014857774412031628,"33":0.08969503687462627,"34":0.0672834314550042,"35":0.01975170745748804,"36":0.03875280185412715,"37":0.05305580133355224,"38":0.32096127463124413,"39":0.18864288617003078,"40":0.21171830117046092,"41":0.023374393889750725,"42":0.11037211977130487,"43":0.30846601784114397,"44":0.6131531272843308,"45":-0.05317905228843642,"46":0.16167300415456123,"47":0.01332316333126541,"48":0.13031334166838346,"49":0.08170357639686335,"50":0.08170357639686335,"51":0.13031334166838346,"52":0.13031334166838346,"53":0.1675566438091439,"54":0.1675566438091439,"55":0.04232849862188997,"56":0.08064516129032258,"57":0.24383107383204916,"58":-0.06932785507027002,"59":0.07875508256001179,"60":0.04911705487099006,"61":0.1176901804739905,"62":0.10932178446789724,"63":0.022903687012996263,"64":0.030544960381602336,"65":-0.07025170554751642,"66":0.01194016778529318,"67":0.05486539034127515,"68":0.06287687495363506,"69":-0.04374271663359318,"70":0.03406037008550286,"71":0.02586761087060542,"72":-0.01766429000977819,"73":0.05815655009015322,"74":0.05263261545918718,"75":0.0435167355666414,"76":-0.008467739932299045,"77":-0.07623575541289032,"78":0.2872031739301257,"79":0.007803966289268716,"80":0.19329218411398932,"81":0.006016494159687136,"82":-0.11437445675674579,"83":0.0647097495105893,"84":0.23849308358495652,"85":0.05664147556545862,"86":-0.003445379397329029,"87":-0.003445379397329029,"88":0.027048210597647726,"89":0.027048210597647726,"90":-0.023645954985524548,"91":0.027685307857627413,"92":0.0624788670438426,"93":0.023044719608681583,"94":-0.03629670803695245,"95":-0.007545888240627713,"96":-0.06824243745653874,"97":-0.0633082995970497,"98":-0.09041681154684669,"99":2.026267452576336,"100":1.5796372003093906,"101":0.16217241493028475,"102":0.27577833596842793,"103":0.43613784464692834,"104":0.33220425579377705,"105":0.16398139753478516,"106":0.3556277611230676,"107":0.2107891761168256,"108":0.29756415428422534,"109":0.3163609979795112,"110":1.118744006034957,"111":0.6672277160253465,"112":0.43335316853947325,"113":0.5895894238697592,"114":2.0807220745725425,"115":0.4656481725518199,"116":0.6441690326906641,"117":1.270908949290449,"118":0.9860597235809879,"119":2.143142760597659,"120":0.27673273660975206,"121":0.9029836219215212,"122":0.9726769140254208,"123":1.547345167642002,"124":6.803183246040168,"125":0.6124228621897427,"126":0.6124228621897427,"127":0.8684858193665341,"128":1.1624768669239633,"129":0.1967110004997283,"130":0.6124228621897427,"131":0.6124228621897427,"132":0.0957865826997825,"133":0.000591395719521326,"134":0.10595378264551117,"135":0.05610999220492545,"136":0.027131987903900694,"137":0.008840474497562945,"138":0.054813955151686786,"139":0.007402765441812967,"140":0.02742698848069816,"141":0.07323717472386654,"142":0.01580028663808667,"143":0.06725298676299815,"144":0.04490704251348626,"145":0.03035129971601023,"146":0.056102446229149235,"147":0.012460077464601392,"148":0.008222630275745713,"149":0.031177188578209943,"150":0.026727721647941502,"151":0.013015010144562217,"152":0.022254794616461588,"153":0.03210269516295006,"154":0.051283390208694164,"155":0.01811535599909423,"156":0.049827616472212476,"157":0.09867543504625782,"158":0.22253006348351734,"159":0.0261604580675012,"160":0.015508684863523574,"161":0.007547686622957565,"162":0.028076438810106165,"163":0.04321446734400336,"164":0.11832410188100986,"165":0.2117944780682467,"166":-0.011291872298166916,"167":0.05282685106412706,"168":0.36811212312927344,"169":0.055657578449491374,"170":0.2271217788137532,"171":0.056127605672966596,"172":0.085129266316101,"173":0.20179846114333624,"174":0.24743391805161444,"175":0.23826922475645612,"176":0.03385590601198852,"177":0.2509370092375945,"178":0.1262326891738782,"179":0.13705608810378073,"180":0.050923377740727964,"181":0.06258902749600725,"182":0.12168978385368355,"183":0.04639752841950566,"184":0.12170785433572265,"185":0.16612456954993285,"186":0.1444181040355323,"187":0.11654780381684522,"188":0.15287986612266452,"189":0.09641593913492269,"190":0.11585467261156662,"191":0.08366919558108454,"192":0.14298348362477598,"193":0.13165749160578535,"194":0.09598354776055446,"195":0.04488765764397565,"196":0.24004589196471796,"197":0.1562258687181575,"198":0.572239529748022,"199":0.3736240708388643,"200":0.21907418471505594,"201":-0.011622236633858578,"202":-0.011622236633858578,"203":0.05473421721142022,"204":0.03972069695563849,"205":0.052033913868568454,"206":0.06048405636171387,"207":0.025883079934361966,"208":0.045588721350337924,"209":0.03223818328355379,"210":0.01645103158856312,"211":0.07114450110831924,"212":0.07602536945904256,"213":0.03434640054660695,"214":0.020236927723034294,"215":0.032074904715553174,"216":0.06930657574567711,"217":0.03839397195730121,"218":0.10081007620737328,"219":0.047625280595943405,"220":0.031798187503312314,"221":0.043273853723692524,"222":0.1680918641583191,"223":0.09462528387585163,"224":0.1351888941668925,"225":0.0753844732667343,"226":0.11931190499027432,"227":0.04313641504997665,"228":0.01579703019243794,"229":0.0356060810750333,"230":0.0679948056160203,"231":0.058358044242628804,"232":0.03746205976174691,"233":0.04371919410680076,"234":0.13284844322854877,"235":0.102345614277786,"236":0.15435001855012292,"237":0.06751874533587615,"238":0.028920233283189746,"239":0.02098811310513498,"240":0.02098811310513498,"241":0.4503513113964421,"242":0.5936399996932453,"243":2.1551273750721527,"244":0.41152576212655023,"245":0.3231639095340846,"246":0.11526110304209364,"247":0.05068423720223011,"248":0.8763837638376384,"249":0.04928536224741252,"250":0.01705401467602375,"251":0.11685655857434998,"252":0,"253":0.04627487274409996,"254":0.04328067517853278,"255":-0.034722222222222224,"256":-0.034722222222222224,"257":0.06418485237483953,"258":0.06418485237483953,"259":-0.05815644082582146,"260":-0.05815644082582146,"261":0.0104942806170637,"262":0.0395335046451868,"263":0.09323040327152897,"264":0.01571338780641106,"265":0.03618977461638905,"266":0,"267":0.0164446637066272,"268":0.0164446637066272,"269":0.0164446637066272,"270":0.006871960956317603,"271":0.006871960956317603,"272":0.02306539038173221,"273":0.5607476635514018,"274":0.7829977628635347,"275":0.01893939393939394,"276":0.06785411365564037,"277":0.6392502934022344,"278":0.1986079964161956,"279":0.19648509987992577,"280":0.0709471443774388,"281":0.035075412136092596,"282":-0.009111110790240858,"283":0.15599506048691156,"284":0.20648358455502788,"285":0,"286":0.012528008823247009,"287":0.07241129616220131,"288":0.06373486297004462,"289":2.1323147896607,"290":4.210946298596817,"291":2.5849696621030778,"292":1.7785911577574707,"293":0.31180156292908645,"294":0.5607253638749702,"295":0,"296":0.15827797060632245,"297":0.11502516175413371,"298":0.2004350967596426,"299":0.6011060351045925,"300":0.21687786864330622,"301":0.2905587775974997,"302":0.3665249086913252,"303":0.22344420134708837,"304":0.18745031087965586,"305":0.16776447334291295,"306":0.18745031087965586,"307":0.024153767880722807,"308":-0.005280460756129656,"309":0.23289384307249475,"310":0.4011019768244638,"311":0.24893325776574096,"312":0.2712170201987787,"313":0.17010390457805918,"314":0.051136787930697356,"315":0,