{"1":-0.9518683501790707,"2":-1.469327616223878,"3":-1.0030963652172842,"4":-0.005933571757859052,"5":-0.5983588471848272,"6":-0.0629917327642538,"7":-0.17636596300959553,"8":-0.8638798029603483,"9":-0.8638798029603483,"10":-0.705312020876124,"11":-0.705312020876124,"12":-0.7586913863855699,"13":-0.7586913863855699,"14":-0.9845581289312302,"15":-0.9845581289312302,"16":-0.23991615713727238,"17":-0.23991615713727238,"18":-0.23991615713727238,"19":-0.09807970809336633,"20":-0.09807970809336633,"21":-0.1594298242775654,"22":-0.1594298242775654,"23":0.16720357290510215,"24":-0.3441260338094833,"25":-0.17513134851138354,"26":-0.20577524106808595,"27":-0.08227625352986154,"28":-0.04639961384551472,"29":-0.12808440239232427,"30":0.041104534385609404,"31":0.09746799899034458,"32":0.2586921079967923,"33":-0.11696279587741344,"34":-0.5472235762717819,"35":-0.4520247574138406,"36":-0.45602412042796203,"37":-0.40569436180995194,"38":-0.26540546425258776,"39":-0.2620316310866652,"40":-0.24186880758878665,"41":-0.29422646348041015,"42":-1.0606189284820313,"43":-0.339458257923658,"44":-0.20027745337364722,"45":-0.6030097343539575,"46":-0.5414656441579375,"47":-0.5787317938708408,"48":-0.25743087899519934,"49":-0.3757227190906565,"50":-0.3757227190906565,"51":-0.25743087899519934,"52":-0.25743087899519934,"53":-0.6748134026744586,"54":-0.6748134026744586,"55":-0.09946434648556846,"56":0.0005925771385465461,"57":-0.11757401753039498,"58":0.06533501378220469,"59":0.05850547130393127,"60":0.0464589962798328,"61":0.04912390399795247,"62":-0.06894955185681828,"63":-0.5113778645934232,"64":0.07276294205182154,"65":-0.1353038291080277,"66":0.00574537073997039,"67":0.1843903227101621,"68":-0.3419612113292871,"69":-0.25504270870686396,"70":-0.10881195363097929,"71":-0.2798301349255414,"72":-0.020430215985869027,"73":-0.13008256254804557,"74":-0.1538205974289919,"75":-0.6705331248047857,"76":-0.108932510694288,"77":-0.11626138424213903,"78":-0.2652598782458803,"79":-0.20576289819019028,"80":-0.30418591794806793,"81":-0.14602254509331392,"82":-0.26143415202786535,"83":-0.3675693459349254,"84":-0.1450214206499844,"85":-0.02263524844261633,"86":-0.344349445105883,"87":-0.344349445105883,"88":-0.11280791486489328,"89":-0.11280791486489328,"90":0.07256328629991532,"91":-0.3668739765234609,"92":-0.1781560491456491,"93":-0.07641768150357903,"94":-0.3371882621351585,"95":-0.28194153004560696,"96":-0.086704101414803,"97":-0.13961361253770263,"98":-0.10775118829049954,"99":0.10486837611930844,"100":0.219411540367066,"101":-0.09139510587926458,"102":-0.10307834033735078,"103":-0.008548818370248124,"104":0.018993740608189646,"105":0.12544456643724938,"106":0.08226924593280127,"107":0.022366124308000612,"108":-0.022312433826722156,"109":0.08934663221824396,"110":-0.12286946864033177,"111":-0.09843593169029197,"112":-0.03753483673643776,"113":-0.0545405148826964,"114":0.18858763011967009,"115":-0.09685713880449565,"116":0.13044150020445333,"117":-0.028074618847768296,"118":-0.16939445342536646,"119":-0.02866826124094335,"120":0.1585045123197788,"121":-0.1180397876364711,"122":-0.11326210777965728,"123":-0.09702807059948948,"124":-0.18298713837652952,"125":-0.04179759242986181,"126":-0.04179759242986181,"127":0.0329889035780675,"128":-0.05146312388324015,"129":-0.08407788419646722,"130":-0.04179759242986181,"131":-0.04179759242986181,"132":-0.13984507445537936,"133":-0.21629703927389937,"134":-0.23602572034820868,"135":-0.17575154507561963,"136":0.19344202102771524,"137":-0.05612503039841377,"138":-0.28593689575103065,"139":0.08333690087208112,"140":0.04215468386197119,"141":-0.0898559636077016,"142":-0.25134629716326207,"143":-0.3152784503167262,"144":-0.39212785259078675,"145":-0.34204603663738514,"146":-0.17371397726652005,"147":0.1933299924505536,"148":-0.1438802049206914,"149":-0.030724142311690572,"150":0.18240165314134882,"151":-0.28288562203938517,"152":-0.16579868543269322,"153":-0.34195814820749726,"154":-0.2501543164570668,"155":-0.32897659812624264,"156":-0.2998859562682618,"157":-0.1853043982231215,"158":-0.24941730550259816,"159":0.1994496720089738,"160":-0.06444907806087641,"161":0.04160029354816808,"162":-0.3458197859282999,"163":-0.138690840871257,"164":-0.18192629204485228,"165":-0.1994232583758112,"166":-0.11456327378100839,"167":-0.1288902609908933,"168":0.2813434203223109,"169":0.09790141816337339,"170":-0.19622044698104252,"171":0.03550526215023192,"172":0.1074548242725013,"173":-0.3158538257957093,"174":0.08402727957713974,"175":-0.17052707082092633,"176":-0.1410572341377826,"177":-0.17110725884306466,"178":-0.093102973125814,"179":-0.37146654118055655,"180":-0.09437527794474684,"181":-0.045312882901663076,"182":-0.05248542317569932,"183":-0.015944680412528833,"184":-0.14226425357549863,"185":-0.1753751825973235,"186":-0.11261625436005207,"187":-0.10416554887272128,"188":-0.2559366013774477,"189":-0.1439774840378879,"190":-0.11870507117908574,"191":-0.19958944040165305,"192":-0.41204759363017196,"193":-0.13883214408312522,"194":-0.4350185120629846,"195":-0.2828378076578686,"196":-0.2429955849644786,"197":-0.7585178999609745,"198":-0.5143483592243483,"199":0.14255321476857385,"200":-0.03531975412376148,"201":0.12559567415176498,"202":0.12559567415176498,"203":-0.08200109938724023,"204":-0.12851762214587534,"205":-0.025475328801171038,"206":-0.1757045263128949,"207":-0.2669030084672834,"208":-0.07277276952281317,"209":-0.17997856805762535,"210":-0.16889733978454252,"211":-0.082444197416812,"212":-0.30325261698877926,"213":-0.20514655569529755,"214":-0.17398722179209375,"215":-0.274209355431297,"216":-0.05403157982350887,"217":-0.10874264578527071,"218":-0.1612980449080306,"219":-0.15529817116510644,"220":-0.17641013384990406,"221":-0.145426314985586,"222":-0.21931844073741902,"223":-0.0880450907880912,"224":-0.46347592134946136,"225":-0.5795684136908493,"226":-0.04666841175271225,"227":-0.1858955503564838,"228":-0.38464964890297926,"229":-0.39098880475978903,"230":-0.15048493050640832,"231":-0.13159821974673197,"232":0.1395591998837647,"233":-0.2630682327895001,"234":-0.22557072259488054,"235":-0.24231974631526,"236":-0.2864493647042727,"237":-0.41206150133608305,"238":-0.4735348798775525,"239":-0.4107123684310403,"240":-0.4107123684310403,"241":0.08384286728765397,"242":0.11480574361996806,"243":-0.03950928967398992,"244":-0.2874769513102676,"245":-0.130941069409222,"246":-0.5789857012132493,"247":-0.02465516383667289,"248":-0.056463033039414134,"249":-0.13204498587201835,"250":-0.2847891213134217,"251":-0.4258041237373024,"252":-0.08294186087199944,"253":-0.045392810327304065,"254":0.08063739142790796,"255":-0.15428820106120442,"256":-0.15428820106120442,"257":0.06378670313017666,"258":0.06378670313017666,"259":-0.09569813581009191,"260":-0.09569813581009191,"261":-0.02251156200134724,"262":0.2102342682533711,"263":-0.25464052106286,"264":-0.29576310221798907,"265":0.2217417821126747,"266":-0.0620372608266227,"267":-0.30651964939312887,"268":-0.30651964939312887,"269":-0.30651964939312887,"270":-0.42153245061194583,"271":-0.42153245061194583,"272":-0.6596959267872081,"273":-0.27117980215404763,"274":-0.40620001607357425,"275":0.7562556665581317,"276":-0.680838450979441,"277":-1.2438139894787295,"278":0.07462234224056408,"279":-1.438161935877933,"280":-0.9278142199048768,"281":-0.4449071002906785,"282":-0.25332914408399443,"283":-0.23762377149615466,"284":-0.18774165322259878,"285":-0.34631178255732237,"286":-0.15270748538715734,"287":-0.6094336974650039,"288":0.1255970899087104,"289":-0.15248400222248765,"290":-0.3851834588125126,"291":-0.21356462349550737,"292":-0.64540848040056,"293":-0.7130005421980763,"294":-0.5276780268797616,"295":-0.1270611968574425,"296":-0.09356505551175001,"297":-0.4082235392938878,"298":-0.5288532529655516,"299":-0.3709245153646345,"300":-0.6699928067677987,"301":0.5178323925936078,"302":0.024198258736345735,"303":0.01585774980610133,"304":-0.1173913181541108,"305":-0.08018251821840305,"306":-0.1173913181541108,"307":-0.20726555917270942,