{"1":0.36362513270291297,"2":-1.5813251614150943,"3":0.2267104931626085,"4":0.22964060569234107,"5":-0.31843332821387615,"6":0.4975760567323724,"7":0.19096579021244237,"8":-0.2715939099458182,"9":-0.2715939099458182,"10":0.6048913153187245,"11":0.6048913153187245,"12":-0.1512608394129682,"13":-0.1512608394129682,"14":-0.19605131979121737,"15":-0.19605131979121737,"16":-0.2897571791747914,"17":-0.2897571791747914,"18":-0.2897571791747914,"19":-0.08210223137331993,"20":-0.08210223137331993,"21":0.23819985818526856,"22":0.23819985818526856,"23":0.2812447726031573,"24":0.036296434952827,"25":0.25703774422795644,"26":0.14688404024059132,"27":0.15664171975596064,"28":0.22071691043819297,"29":-0.1889984501565388,"30":0.09373786894742525,"31":0.3725773681419388,"32":0.5170963013711021,"33":0.5689033675040518,"34":0.8476950042023557,"35":0.4537432711105297,"36":0.5469563943565247,"37":0.6355116108032894,"38":0.27788987363537865,"39":0.23333424717946166,"40":0.3208884643950745,"41":0.7533013770435649,"42":0.48581106200944524,"43":0.016252742677769716,"44":-0.009560597462561271,"45":0.3001142560777344,"46":0.3573865064627073,"47":0.6702221878146077,"48":0.517529125196703,"49":0.6578063286934135,"50":0.6578063286934135,"51":0.517529125196703,"52":0.517529125196703,"53":0.040029511213868385,"54":0.040029511213868385,"55":0.34390928115526254,"56":0.4671232874268826,"57":0.14970038419371048,"58":0.4559579710870249,"59":0.3272814626269077,"60":0.36831972253195006,"61":0.23850574386717116,"62":0.15806973898539906,"63":0.10678075088644703,"64":0.3747907457210598,"65":0.05959383532123505,"66":0.23284298792855823,"67":0.4431629212751558,"68":0.15133127692801307,"69":0.29944457759901866,"70":0.19114021181051355,"71":0.13519409726099876,"72":0.0669292466055808,"73":0.02453748156139629,"74":0.3559155985384984,"75":0.09054086143404538,"76":0.036362977358369186,"77":0.12996534226735068,"78":-0.19952990570978585,"79":0.03878311679485047,"80":0.04174630270066049,"81":0.09029471437824313,"82":-0.24881621506957036,"83":-0.114457243795408,"84":-0.038252918717493506,"85":-0.009411749336966119,"86":-0.01303353212523739,"87":-0.01303353212523739,"88":0.5708893352995785,"89":0.5708893352995785,"90":0.044099296290838474,"91":0.41784793853502966,"92":0.03960354186716902,"93":0.05085653930298112,"94":0.42221916877852783,"95":0.21046231832891044,"96":0.01859847022953881,"97":0.16875851697474434,"98":0.08759947685600528,"99":0.2331448601130471,"100":0.1811352680656454,"101":-0.0049758617360942115,"102":0.005848420584986358,"103":-0.004917530948221005,"104":-0.0976751715330258,"105":0.06383900195382236,"106":-0.0806628571137401,"107":-0.04812155198720236,"108":0.040817891307758425,"109":0.13333889577283223,"110":0.011281892612997002,"111":-0.05541278759343496,"112":0.029847828786386144,"113":0.28772949934171527,"114":-0.37436831774126567,"115":0.06187930294638466,"116":-0.03772356770454277,"117":-0.18346663751915393,"118":-0.207705393121917,"119":0.006634174067392418,"120":-0.12717319839880903,"121":0.09999806734511235,"122":-0.04100922422578768,"123":0.16157665578644642,"124":-0.2918280521757322,"125":0.11484418165522703,"126":0.11484418165522703,"127":0.14701208253684855,"128":0.11711418867025875,"129":0.1690095097110251,"130":0.11484418165522703,"131":0.11484418165522703,"132":0.2565137668577151,"133":-0.0875838243009931,"134":0.23966462591553153,"135":0.31762528165480125,"136":0.5201492298555922,"137":-0.0795896518967365,"138":0.7877378646672945,"139":0.1880684993382577,"140":1.1523946834693364,"141":0.976893902751246,"142":-0.613145485390909,"143":0.4661460513227228,"144":0.2753713650690454,"145":0.25575293806371835,"146":0.9418494338632917,"147":0.8651485345212218,"148":0.49728960271512246,"149":0.2959912888234621,"150":1.2999500528751848,"151":0.40566200798604035,"152":0.32077054186086457,"153":0.2063188979571286,"154":0.3428959533684704,"155":0.19301670283011402,"156":0.42211013687437027,"157":1.2113123767831815,"158":0.6722551297885089,"159":0.30713139927852307,"160":-0.4838186960245525,"161":0.4232567676287686,"162":0.15794519821462183,"163":0.04780150698172919,"164":0.6773443129947381,"165":0.20316231582699373,"166":0.8090792094820107,"167":0.19411234223043736,"168":0.3091800111426251,"169":0.3315940360086987,"170":0.022871489346455054,"171":0.04849210002440496,"172":0.4353360894011026,"173":0.8611019917957949,"174":0.4903171123467268,"175":0.7282575888090227,"176":0.42089902933937884,"177":0.3723629176882757,"178":0.5742456749876395,"179":0.47568255442998725,"180":0.38917835363569564,"181":0.8367309346443482,"182":0.4901226929233833,"183":0.8115829423875683,"184":0.6787442827318304,"185":0.34676491830869505,"186":0.3508015069636492,"187":0.574397611622621,"188":0.8814091295245928,"189":0.7449738549421159,"190":0.5624960401879512,"191":0.44063862944104626,"192":0.5366385418876073,"193":1.3125680019387826,"194":0.5084219103447616,"195":0.5257736424068957,"196":0.4771633194249552,"197":0.5876955500768436,"198":0.021886820653351846,"199":0.5513591825781712,"200":0.5503384765114019,"201":0.4428727995189745,"202":0.4428727995189745,"203":0.3364579473555388,"204":0.27690136919618014,"205":0.6394300160728761,"206":0.41575525241312516,"207":0.3008488876006392,"208":0.3358409723978246,"209":0.11556465372099967,"210":0.05997777697497042,"211":0.5054369650261716,"212":-0.01196979440452392,"213":0.22040369632095969,"214":0.21109656767983423,"215":0.0942100263668309,"216":0.5472285051944424,"217":0.25724858037837783,"218":0.16758044272611788,"219":0.2901631661708468,"220":0.3245706635649845,"221":0.08543081775183181,"222":0.3229246354470342,"223":0.4186972032876438,"224":0.07732729554200013,"225":0.23367381678620425,"226":0.18249023921213173,"227":0.14404689033475665,"228":0.7143593839121518,"229":0.4062597401223089,"230":0.7284685871764737,"231":0.6513757831769199,"232":0.1108028419048572,"233":0.0784369612698676,"234":0.34381398577775424,"235":0.44662793578423854,"236":0.8774821747619692,"237":0.6755650029346862,"238":-1.5126933509197813,"239":-0.038123516646491995,"240":-0.038123516646491995,"241":-0.7276037208152017,"242":0.285341664432977,"243":-0.05664328667496088,"244":-0.2620384124508288,"245":0.24502997531526716,"246":0.4854581104819915,"247":0.2421464917490046,"248":0.552643262904911,"249":0.3959288248749683,"250":0.0887343219242892,"251":-0.5606259112205672,"252":1.2639056732761067,"253":-0.24310869145969666,"254":0.03349486756273945,"255":0.032076651288784674,"256":0.032076651288784674,"257":-0.015695011053392438,"258":-0.015695011053392438,"259":0.13080921562441838,"260":0.13080921562441838,"261":0.03863527343791007,"262":-0.6446201638070219,"263":0.4799924958845322,"264":-0.11098039343087324,"265":0.42328530466401093,"266":-0.07673638296837304,"267":0.8701075686192875,"268":0.8701075686192875,"269":0.8701075686192875,"270":0.9151416971773196,"271":0.9151416971773196,"272":1.2060412013513124,"273":2.122660525538842,"274":1.4376999390184948,"275":-0.03837799652844265,"276":-0.7083205341547713,"277":0.08630705098386571,"278":-0.12197470632654972,"279":0.5233051805073965,"280":0.663891296951927,"281":-0.07203110923413669,"282":-0.30545979518284555,"283":-0.7232078579666918,"284":-1.180062442302003,"285":-0.7107735988833059,"286":-0.6219401549036412,"287":-0.23730162538547303,"288":0.4025008054186332,"289":0.04623247557727295,"290":0.026869888382097362,"291":-0.0021022785884166617,"292":-0.15426870317546204,"293":0.5108995137118495,"294":-0.37635571489424113,"295":-0.6560704482171034,"296":0.6693459430500803,"297":-0.4696283870259137,"298":0.08465158284527663,"299":0.844780967041292,"300":0.09433099196193728,"301":0.2163857968264507,"302":-0.11407166848601619,"303":0.12699992097155255,"304":0.18600758834280712,"305":0.0627760658895321,"306":0.18600758834280712,"307":-0.4829497633430338,"308":-0.4947240089515499,"309":0.010326514843664425,"310":0.22477718845453865,"311":0.047628454933133946,"312":0.38573261560935956,"313":-0.016343849156348345,"314":0.005084011853081827,