{"1":-0.08863016084817688,"2":0.11775148956559534,"3":-0.14562964665194725,"4":0.24977631401663714,"5":0.17818913541741782,"6":0.1630016140764108,"7":0.21558225762079392,"8":0.1724739036543631,"9":0.1724739036543631,"10":0.4672026001739643,"11":0.4672026001739643,"12":0.0662607034698448,"13":0.0662607034698448,"14":0.034016347875585384,"15":0.034016347875585384,"16":-0.02643314486682466,"17":-0.02643314486682466,"18":-0.02643314486682466,"19":0.11487125313353322,"20":0.11487125313353322,"21":0.2657247460477936,"22":0.2657247460477936,"23":-0.011970318907683936,"24":0.15125273131181294,"25":0.11089260069286003,"26":-0.0965404671406867,"27":0.016121967636642975,"28":0.07627304504472393,"29":0.05500133906233762,"30":-0.10755161789013173,"31":-0.07712659966899896,"32":-0.07435918540524944,"33":0.057391227664922134,"34":-0.09207237820324825,"35":-0.20522114841958183,"36":-0.06655511981818363,"37":0.005194518000931625,"38":0.04827019001964783,"39":0.19838044781474723,"40":-0.12855768113158617,"41":-0.11690030976025223,"42":-0.1733800407626414,"43":-0.019011987076055337,"44":0.10403776965196332,"45":-0.07707993700356547,"46":0.12447073856912005,"47":-0.023081965623315825,"48":0.10598580326820356,"49":-0.15278375557293555,"50":-0.15278375557293555,"51":0.10598580326820356,"52":0.10598580326820356,"53":0.06379499831786911,"54":0.06379499831786911,"55":-0.13262924055671277,"56":0.07938156641257205,"57":0.06664070785405818,"58":0.10630643665394829,"59":0.08963352199652078,"60":-0.08736415921741925,"61":0.1592077134362732,"62":0.06278994186877468,"63":0.12031413637332028,"64":-0.0003950969711536412,"65":0.0026239491891419386,"66":0.30117113499189624,"67":0.130512635063455,"68":0.12322985377536677,"69":-0.12495804760579199,"70":-0.1419362342032663,"71":-0.07307036956813184,"72":-0.06108986267783867,"73":0.17614821669120206,"74":0.014623866639890681,"75":-0.2875986674241312,"76":0.02639645335826235,"77":-0.036246288884855704,"78":-0.06701085606222335,"79":0.06059645425887594,"80":0.00799353278922077,"81":-0.13249691678922831,"82":-0.24194538875632043,"83":0.020804438486906107,"84":0.05383621235800473,"85":-0.03733459533577099,"86":-0.1547465824713159,"87":-0.1547465824713159,"88":-0.23525135323795987,"89":-0.23525135323795987,"90":-0.12441304727120173,"91":-0.09769355313672201,"92":-0.18009179792105434,"93":-0.0653241291381168,"94":-0.2645843563536381,"95":-0.14311489572885894,"96":-0.3165457834175986,"97":-0.14281032670053578,"98":0.058304763211902366,"99":0.055588582393583885,"100":0.14816898394556272,"101":-0.039197135592891674,"102":0.01354844646083292,"103":-0.11255638928012335,"104":-0.10170669639959778,"105":-0.029125077914200714,"106":0.11771556129432192,"107":-0.10505211645443313,"108":-0.011691271563072037,"109":0.01770096692045492,"110":-0.1445966723928313,"111":-0.09332981171285559,"112":0.011362058898302385,"113":-0.055848521995866096,"114":-0.08730383124634611,"115":0.13350991868892723,"116":0.14807958215551448,"117":-0.28603746985308265,"118":-0.22581140378710984,"119":0.02175773050903196,"120":0.040412789032542085,"121":-0.012169794330951,"122":-0.055073236550432336,"123":-0.010698421394273905,"124":-0.07257989336820303,"125":-0.028565549854583372,"126":-0.028565549854583372,"127":-0.2719252098615891,"128":-0.2027419544182988,"129":-0.04303727424414705,"130":-0.028565549854583372,"131":-0.028565549854583372,"132":0.22649575742358663,"133":0.12682162349389614,"134":0.09626110350001282,"135":0.09178480156828905,"136":0.18964194973686643,"137":0.4610067373412077,"138":0.12290806268019172,"139":0.4935120589345089,"140":-0.055200151546769494,"141":-0.005658108470300793,"142":0.5788358489168433,"143":-0.15158950463362197,"144":-0.0970094677268254,"145":0.5449505638792023,"146":-0.06374595173595132,"147":0.2775820417056635,"148":0.016259447639984992,"149":-0.12740146692291343,"150":-0.13714059115286759,"151":-0.3102068928854036,"152":0.07843690499355693,"153":-0.09513254009806554,"154":-0.0738512255962061,"155":-0.03843762741925222,"156":0.07566941034233843,"157":-0.006161374425976307,"158":0.00580536373957663,"159":-0.09336319436738061,"160":0.04314043683291907,"161":-0.10669919137138406,"162":-0.10855605675608071,"163":0.02903313247200534,"164":0.060924409377791644,"165":-0.13925670617297248,"166":-0.042719520872224526,"167":-0.005973407365666428,"168":-0.07072020553197456,"169":0.07596434512685701,"170":-0.07100280989201135,"171":-0.16918366028125104,"172":-0.01698142128190394,"173":0.23095962660632352,"174":-0.07307461947461791,"175":0.12307227166450485,"176":0.00796782971324056,"177":0.03924783964915046,"178":0.08540255445967648,"179":-0.1495536496030223,"180":-0.033070775199403046,"181":0.11984258540657386,"182":0.01246948980296464,"183":0.03023847740037916,"184":0.06519668407097012,"185":-0.06273920282277934,"186":0.11253425838640402,"187":-0.07481815194831115,"188":0.11468990647535482,"189":0.20580691107236315,"190":0.08375372156218708,"191":0.10402529420440787,"192":0.12159794066308027,"193":-0.10168934496979631,"194":-0.06555017547210262,"195":-0.17113203965485357,"196":0.14506205886855572,"197":0.038470163975200866,"198":0.07869970452641839,"199":0.05233739605069854,"200":-0.03373952192973556,"201":0.0536090458701991,"202":0.0536090458701991,"203":-0.03358328833093166,"204":-0.02954004480937733,"205":-0.04378010413133887,"206":0.004060649152451246,"207":-0.08128856443202825,"208":-0.01873694236910642,"209":-0.00911888288561405,"210":0.02846580255829695,"211":-0.03048950871168743,"212":-0.10681993645772747,"213":-0.04277342067285608,"214":0.030157477564891233,"215":-0.11350168213874046,"216":0.056297228541072886,"217":0.08817371099832105,"218":0.09492731357911977,"219":0.11157075198508482,"220":-0.08428745637952295,"221":-0.07541378453615294,"222":-0.01290660364155094,"223":0.012818348035170679,"224":0.0016838868312585298,"225":0.05390126718628002,"226":-0.12689315125235,"227":-0.1923352051261923,"228":-0.09624282355320812,"229":-0.08264346938701705,"230":0.011738074545628363,"231":0.017660399085131395,"232":0.01066436822883532,"233":0.11483595768296068,"234":-0.03987665620692049,"235":-0.03638321127284694,"236":0.07958067140200759,"237":-0.14501441347631694,"238":-0.25048578087765394,"239":-0.33714098432632844,"240":-0.33714098432632844,"241":0.05216617864424933,"242":0.05712708745728254,"243":0.10319039993413182,"244":-0.12094888057216391,"245":-0.15967303291497764,"246":0.2338643559858811,"247":0.0619582398782752,"248":0.44181584500851245,"249":-0.006530054338577784,"250":0.08778830247757718,"251":-0.048287344257051834,"252":0.03941564767831031,"253":-0.04908911314883441,"254":-0.007887108268545107,"255":0.06902782201371027,"256":0.06902782201371027,"257":-0.12355996455254437,"258":-0.12355996455254437,"259":0.02555366008767951,"260":0.02555366008767951,"261":0.13365273829999075,"262":0.3106446586261028,"263":0.20396577915373604,"264":0.36047740346825186,"265":0.26128472001974745,"266":0.07859618967780557,"267":0.08273594272673657,"268":0.08273594272673657,"269":0.08273594272673657,"270":1.2463336308786426,"271":1.2463336308786426,"272":-0.13044558204056325,"273":0.028336869829532624,"274":-0.11837384029333137,"275":-0.012041871466275333,"276":-0.2806998681655214,"277":0.04831692768919238,"278":-0.011392854208052361,"279":0.04087006001013824,"280":-0.11142438426663637,"281":-0.1516198153575941,"282":-0.9174458283752812,"283":-1.7307660988367148,"284":-0.30312318053329906,"285":-0.3125000142383547,"286":-0.6701231411499302,"287":0.2721463076417875,"288":0.8915472836863081,"289":-0.08479602564629507,"290":-0.18039423374235924,"291":-0.6248552719548368,"292":-0.24893212404081333,"293":-0.07692892448748789,"294":-0.4525068493431369,"295":-0.3492940834699797,"296":-0.15967836423527926,"297":-0.224907755719155,"298":-0.42462933598119224,"299":0.38942541685085813,"300":-0.12753567696384133,"301":0.023002743882441945,"302":-0.06433359679584227,"303":0.0907723531844784,"304":-0.005845009928287848,"305":0.245654163370302,"306":-0.005845009928287848,