{"1":-0.08495797125757037,"2":0.3402963945326806,"3":-0.1362397820163488,"4":0.15503875968992248,"5":0.1204505886639898,"6":0.02555634838164883,"7":-0.2593856655290102,"8":-0.3264460141368425,"9":-0.3264460141368425,"10":-0.41031635871213334,"11":-0.41031635871213334,"12":-0.42779995548814687,"13":-0.42779995548814687,"14":-0.24139133294485116,"15":-0.24139133294485116,"16":-0.07048427333480636,"17":-0.07048427333480636,"18":-0.07048427333480636,"19":0.05130261320453655,"20":0.05130261320453655,"21":0.01712966208874911,"22":0.01712966208874911,"23":-0.01056967298996547,"24":-0.08664627930682976,"25":0,"26":-0.07157683773530886,"27":-0.05723816488226778,"28":-0.07845188284518828,"29":-0.07936507936507936,"30":-0.2159638346443954,"31":-0.4305283999588969,"32":0.04071031780430974,"33":-0.07889012871594028,"34":0,"35":-1.1712131282628897,"36":-1.3767335489561252,"37":-0.9752299254711299,"38":0.17531885336563247,"39":0.8261082637183867,"40":-1.3696928488303672,"41":-1.445914085919615,"42":-0.3135101922379602,"43":-0.21586970553008378,"44":0.6290744026615528,"45":-1.3111114480891208,"46":-0.5034641036123342,"47":-0.04942521617011153,"48":-1.07159261564533,"49":-0.8240284883395359,"50":-0.8240284883395359,"51":-1.07159261564533,"52":-1.07159261564533,"53":0.14334383401060824,"54":0.14334383401060824,"55":-1.6158901041267337,"56":0.1539250897896357,"57":0.5242463958060288,"58":0.05467468562055768,"59":0.030261714410317248,"60":-1.4192161225731423,"61":-0.10406117530029284,"62":-0.15337195254174282,"63":0.08737439930100481,"64":0.15361328648616002,"65":0.3035674817430998,"66":0.15965690159018764,"67":-0.14476456010623173,"68":-1.1029476755312648,"69":-1.1637389619747536,"70":-0.05327124362042612,"71":-1.1911718808270533,"72":0.3280531749378077,"73":-0.36623149165693425,"74":-0.974286693563613,"75":-1.0899860293379715,"76":0.05734481879853026,"77":-0.08949366852535823,"78":-0.000939898403742756,"79":0.6836719711960808,"80":-0.09178357031125728,"81":-0.24677031460765922,"82":0.505801848909375,"83":-0.09486729085420426,"84":-0.35349245893492504,"85":0.4504903550880876,"86":-0.2504971462911011,"87":-0.2504971462911011,"88":-0.7195069957973744,"89":-0.7195069957973744,"90":-2.5259822324595897,"91":-1.937187706091699,"92":-3.1833383408219764,"93":-3.3649190906418562,"94":0.12047581606513313,"95":-3.6354816331869193,"96":-2.110581725017053,"97":-2.5161817733879817,"98":-2.2386736373379836,"99":-0.1596864636461519,"100":-0.042012520812812815,"101":-0.2237185758767073,"102":0.080597162639927,"103":-0.08948300388850661,"104":-0.135703704996018,"105":0.09496104734321603,"106":-0.23371161687249664,"107":-0.44279454950152436,"108":0.2828463035490596,"109":-0.2577363120587419,"110":-0.5736807919638005,"111":-0.08296781156804078,"112":0.059360415954753,"113":-0.28267767438605806,"114":-0.38109232416791966,"115":0.16783864182087319,"116":0.16462850664994202,"117":-0.40331654379713533,"118":-0.07550125011746245,"119":0.15472126629289906,"120":0.18828179179617227,"121":-0.10720644672015822,"122":-0.2536166431763249,"123":0.001245479504481839,"124":0.08899764075089933,"125":-0.07318287584262628,"126":-0.07318287584262628,"127":-0.9598910877466291,"128":-0.17408446792534016,"129":-0.00363656864243643,"130":-0.07318287584262628,"131":-0.07318287584262628,"132":-0.4492684094135635,"133":-0.7390763245611591,"134":-0.3811142044377769,"135":-0.592561710023159,"136":-0.4311989617796371,"137":0.1774143092743513,"138":-1.4692388420706526,"139":-0.035044473948998345,"140":-1.5843286172758226,"141":-1.4891966558407075,"142":-0.10665182419233243,"143":-1.1001299388767736,"144":-0.8268636055597831,"145":-0.2616240149970638,"146":-1.6633845487890184,"147":-1.194700276933156,"148":-0.5605056029852462,"149":-0.38560742828128836,"150":-0.8895010087928636,"151":-1.1202178123880502,"152":-0.7217712858524903,"153":-0.5779701953355774,"154":-0.5550777243496091,"155":-0.5219364038745798,"156":-0.4509192931600389,"157":-1.406946490376684,"158":-0.35676228781113695,"159":-0.30124476193220995,"160":0.1472662431032578,"161":-1.0007603301178627,"162":-0.8174210280752122,"163":-0.3522393563379677,"164":-1.3477687308333315,"165":-1.114270818183475,"166":-0.5243669391113099,"167":-0.09945969401324173,"168":-0.5601798065561688,"169":-0.47908126495939757,"170":-0.22684702234623633,"171":-0.10028258454164202,"172":-0.3233733803140357,"173":-0.10288951152049228,"174":-0.9041456537414896,"175":-0.4663823979963124,"176":-0.36160655100950845,"177":-0.20892418518327804,"178":-0.24123155538136887,"179":-1.5625934592109922,"180":-0.365253472242064,"181":0.0139857023489868,"182":-0.2088476846638878,"183":-0.491851285968933,"184":-0.31537424865756114,"185":-0.44100257145469396,"186":-0.4647965202236948,"187":-0.42509657130505546,"188":-0.49577277543353354,"189":-0.17394699413919326,"190":-0.0945408699224739,"191":-0.21869645214034217,"192":-0.5187977175162106,"193":-0.6253410781874313,"194":-0.4322975912939385,"195":-0.7449234143117798,"196":-0.3405750977174646,"197":-0.6794439602830531,"198":-0.13578561354982577,"199":-0.5360215359263635,"200":-0.08303571762503567,"201":-0.8813093522200006,"202":-0.8813093522200006,"203":-0.5172554692275498,"204":-0.32451943603376054,"205":-0.45392949287646667,"206":-0.3980855296892066,"207":-0.4521298336717291,"208":-0.17400859972282567,"209":-0.10395822693128179,"210":-0.2668345280593154,"211":-0.10759151858614421,"212":-0.19582655826672835,"213":-0.1484126473991096,"214":-0.03940578143905901,"215":-0.7244317764778931,"216":-0.5566459567848359,"217":-0.43387193748303754,"218":-0.5341163835848957,"219":-0.48718764179890867,"220":-0.37356781111844795,"221":-0.2010282387934466,"222":-0.841461594143922,"223":-0.4410932224494427,"224":-0.4010779273389357,"225":-0.010816437874428445,"226":-0.6915043538982582,"227":-0.7741398416411045,"228":-0.5100651575112762,"229":-0.19044685337793893,"230":-0.907707272180847,"231":-0.8333244840863738,"232":-0.8980014546400386,"233":-0.21189711935283068,"234":-0.5131439314991457,"235":-0.4630241330476231,"236":-0.487570277633612,"237":-0.4667702747020286,"238":-0.18264281377094685,"239":-0.6499282655771301,"240":-0.6499282655771301,"241":0.3096669448276253,"242":-0.16576875259013676,"243":-0.16840687100033683,"244":0.5122540445917594,"245":-0.23557126030624265,"246":-0.2168053592924059,"247":0.18450184501845018,"248":-1.2146940359827194,"249":-0.228310502283105,"250":-0.6071175816398747,"251":-0.8712487899322362,"252":-0.13486328040683465,"253":-0.22500803600128577,"254":0.1285784091855875,"255":-0.17449210136734156,"256":-0.17449210136734156,"257":-0.5353319057815845,"258":-0.5353319057815845,"259":-0.3419470295862703,"260":-0.3419470295862703,"261":-0.1206845723791575,"262":0.6741406487746195,"263":0.05298496569843819,"264":-0.5521643604848817,"265":0.2711925075991857,"266":0.018429438182398727,"267":-0.19189775366389233,"268":-0.19189775366389233,"269":-0.19189775366389233,"270":3.4448441737931654,"271":3.4448441737931654,"272":-0.08543500632237154,"273":0.089632506722438,"274":-0.33852403520649965,"275":-0.6873401534526854,"276":0.049848172814534686,"277":-0.7785222639449192,"278":-0.6969020679710499,"279":-0.09214305904815503,"280":0.07698229407236336,"281":-0.4716981132075472,"282":-1.6986706056129985,"283":-1.432664580355017,"284":-0.7047317704587948,"285":0.13733613131203493,"286":-0.701661886731481,"287":-0.262639527248851,"288":1.5384615384615385,"289":-0.32450865085714165,"290":-0.5079112893744147,"291":-0.3707627118644068,"292":-0.8272659765510589,"293":-0.7666542392339968,"294":-0.843645302437497,"295":-1.7095965069675862,"296":-0.14488554042306578,"297":-0.19482056570396386,"298":-0.8108735909204665,"299":-0.05679996001616014,"300":-0.2911066569842343,"301":-0.6255904880103059,"302":-0.16991095537898615,"303":-0.4448037248884529,"304":-0.28953163694601125,"305":-0.4141184797663541,"306":-0.28953163694601125,"307":0.054241460287053844,"308":-0.4647035790108094,"309":-0.0020300052601892604,"310":-0.3954170225451782,