{"1":0.0012578662399673167,"2":-0.011574242252420739,"3":0.010920230672716302,"4":-0.06888063302025052,"5":-0.0028613927274838066,"6":0.02244342819577764,"7":-0.061781756270408536,"8":0.007546244258644346,"9":0.007546244258644346,"10":0.03330713727224317,"11":0.03330713727224317,"12":0.003026543432300714,"13":0.003026543432300714,"14":0.007828235719966829,"15":0.007828235719966829,"16":0.024470462527668525,"17":0.024470462527668525,"18":0.024470462527668525,"19":0.03470529778457563,"20":0.03470529778457563,"21":-0.23119401909566442,"22":-0.23119401909566442,"23":0.19955626877425583,"24":0.09752548245110765,"25":0.36626328080524306,"26":0.2049613058996957,"27":0.1666387491778874,"28":0.054109452263711555,"29":0.24398697052177226,"30":0.034441822631641625,"31":-0.030181614933658063,"32":0.05330730137444331,"33":0.11416643390784295,"34":0.9859617249041505,"35":0.046115118884892725,"36":0.09247032727685893,"37":0.0996548689646557,"38":0.12827006285435158,"39":0.0635186211067092,"40":0.021680399632835176,"41":0.06315565049131662,"42":0.05865533778827492,"43":0.05309988064210065,"44":0.04283569582670091,"45":0.0073065082483879384,"46":0.011404443922786472,"47":0.028579368360464194,"48":0.0871563352980966,"49":0.08619312846412816,"50":0.08619312846412816,"51":0.0871563352980966,"52":0.0871563352980966,"53":0.07875028508370709,"54":0.07875028508370709,"55":-0.019434381584742588,"56":-0.05647332394787348,"57":0.07414289498957402,"58":-0.04806465066756914,"59":0.05215882109380611,"60":0.07972186886000096,"61":0.029993928588108357,"62":0.0011422785607860253,"63":0.05260997036819326,"64":0.03191930669986533,"65":0.06008667063295642,"66":0.06378527540544288,"67":0.07242788998514221,"68":0.031782771096371634,"69":0.1757114453266454,"70":-0.02485513990526665,"71":0.0376326188875849,"72":0.07152869474276542,"73":0.0049466096265991105,"74":0.058646239902050354,"75":0.05848166246574671,"76":0.010505324772081853,"77":0.03070006730408832,"78":0.02699631577276862,"79":-0.024631415263848003,"80":-0.050437495963471385,"81":-0.04971339047281058,"82":0.01386939101659318,"83":-0.0898345623106481,"84":0.018207365565987732,"85":0.1058612536417439,"86":0.03589689920519473,"87":0.03589689920519473,"88":0.007366236096288781,"89":0.007366236096288781,"90":-0.014930790555105322,"91":-0.02874328571107078,"92":-0.015323013754245413,"93":-0.014757631230358614,"94":0.09526290669712312,"95":0.00795246368433454,"96":0.012831627549404256,"97":-0.1348115532910198,"98":-0.07778610828923979,"99":0.050593938025226826,"100":0.08764973815476432,"101":0.08975687526632085,"102":0.05687076450902673,"103":0.09514227264908605,"104":0.08950428992825168,"105":0.05025536902917078,"106":0.03545642394965073,"107":0.16110832758686117,"108":0.18670847063535806,"109":0.11760462772450328,"110":0.13764034271744968,"111":0.1022269056469629,"112":0.0923714287582064,"113":0.09293057584250783,"114":0.06216093582644128,"115":0.07835414869213476,"116":0.24439837546258947,"117":0.1749091866957867,"118":0.3254578656694738,"119":0.3169893469739308,"120":0.03924602736011573,"121":0.017790507928879706,"122":0.18154997210794083,"123":0.19854872409043378,"124":0.047920755219179156,"125":0.09252590816790063,"126":0.09252590816790063,"127":0.13952397824823215,"128":0.16389288449671385,"129":0.11205199193620194,"130":0.09252590816790063,"131":0.09252590816790063,"132":0.03570050449930826,"133":0.025260568703104884,"134":0.032747676800719834,"135":0.02438232023330152,"136":0.0183837295135635,"137":0.007907842397669316,"138":0.041662652357667605,"139":0.05065784364693728,"140":0.05837373074817835,"141":0.11892185197814135,"142":-0.00017841252821473863,"143":0.03545026128743684,"144":0.0007193722365963738,"145":0.008808844253742384,"146":0.045930593080098975,"147":0.023982319344189016,"148":0.003322027705372387,"149":0.011063321178371102,"150":0.019290010836729373,"151":0.0005496926340122499,"152":0.0018456645290625458,"153":0.00898366881663179,"154":0.006991405286804437,"155":0.009460688698947027,"156":0.016658796482690023,"157":0.016008198836261117,"158":0.035204847762946426,"159":0.011114070332369356,"160":0.009488253720283923,"161":0.008447583979532002,"162":0.031058851236171834,"163":0.013046029880876386,"164":0.030939826039545856,"165":0.1111683218542707,"166":0.11477979064909369,"167":0.08126391693522948,"168":0.2321741981667782,"169":0.21851653705619273,"170":0.11240881840026026,"171":0.14280437904435622,"172":0.03640916316838382,"173":0.057477633932201774,"174":0.07542523548385006,"175":0.054824358598327017,"176":0.011301427531545599,"177":0.017849916102580396,"178":0.000025039145802804863,"179":0.012056592911454864,"180":0.02071207659129564,"181":0.011229769222224604,"182":0.03145997286506277,"183":0.00612893709755289,"184":0.020603665752549502,"185":0.014465238035925119,"186":0.01669993117656184,"187":0.02235850516534356,"188":0.03366435639280806,"189":0.01062411642189719,"190":0.023486914163703507,"191":0.015428755752846815,"192":0.027948331191397655,"193":0.027527960012199183,"194":0.01734831798554252,"195":0.037202482854751376,"196":0.03114713082839165,"197":0.05090345513074004,"198":0.08398605474779333,"199":0.07168515322132668,"200":0.14213230951671393,"201":0.00281081274676997,"202":0.00281081274676997,"203":0.014873285156621553,"204":0.021961831985980042,"205":0.015843364157819808,"206":0.018733413031821113,"207":0.01945638526024135,"208":0.02437149166649906,"209":0.012529400585572278,"210":0.01052022693754168,"211":0.010167998046141331,"212":0.021250583685049187,"213":0.019681301587138378,"214":0.015721697737613564,"215":0.022046380286190027,"216":0.032489246147821914,"217":0.009996162666609826,"218":0.014989099907732215,"219":0.013830846549626432,"220":0.012858190614551611,"221":0.017246452588739303,"222":0.07468644694736375,"223":0.03014221264022643,"224":0.03273541179869312,"225":0.03091321225583151,"226":0.007665941703921181,"227":0.026906579207111425,"228":-0.00937539422305151,"229":0.011800778961078215,"230":0.06749538977629171,"231":0.027954789990032945,"232":0.029972923509314724,"233":0.00787690182769989,"234":0.023808328201266417,"235":0.06697995055051692,"236":0.07554527302523684,"237":0.04772014271380261,"238":0.04620554839279907,"239":0.005791438663857264,"240":0.005791438663857264,"241":-0.46390836647940836,"242":0.2254180839314575,"243":0.46473457578078464,"244":0.40401926749591854,"245":1.4919636387707151,"246":0.4025383724391687,"247":-0.3901356778621495,"248":-0.21938996625438556,"249":-0.07362305440196126,"250":0.002643351996341803,"251":-0.1949732651786406,"252":-0.39898938564011655,"253":0.03691948417287308,"254":-0.1264769342932747,"255":0.11327392572126155,"256":0.11327392572126155,"257":0.4061124599216245,"258":0.4061124599216245,"259":0.009320724534415015,"260":0.009320724534415015,"261":0.03176290610077432,"262":0.09302039934661543,"263":0.03879599533547143,"264":-0.01443484324046182,"265":0.11035203793272416,"266":-0.06698933123491675,"267":0.0476765954766155,"268":0.0476765954766155,"269":0.0476765954766155,"270":0.1025342714381055,"271":0.1025342714381055,"272":0.023006671934861108,"273":0.17089892927351702,"274":0.13941783398234056,"275":0.037450231574261916,"276":0.07074533717107072,"277":0.0653206247388308,"278":0.08651630045254191,"279":0.022223359082390755,"280":-0.0076716762419344435,"281":-0.030311489100872988,"282":0.055133793149842875,"283":0.23593702434613234,"284":0.20095288595885677,"285":0.15793256110597154,"286":0.0360385251470368,"287":0.24328095627702004,"288":0.04913339876515625,"289":0.36433797825021985,"290":0.33448274756500823,"291":0.45193079856928775,"292":0.40646728943417604,"293":0.13815006200556823,"294":0.15781375674132092,"295":-0.0763610669517717,"296":0.1534346424063453,"297":0.10320699094341583,"298":0.26815232025100016,"299":0.473123329306211,"300":0.17543774848621152,"301":0.15365780394120254,"302":0.1807190905577523,"303":0.12589681212194775,"304":0.16559228452937824,"305":0.10822550817950494,"306":0.16559228452937824,"307":0.018826448775628085,