{"1":0.025471280328938785,"2":0.014580500949555939,"3":0.021355002841602466,"4":0.3932026540974537,"5":0.1556473846753361,"6":0.03692569331902621,"7":0.015012924877310596,"8":0.022956185955777426,"9":0.022956185955777426,"10":0.03914922516577209,"11":0.03914922516577209,"12":-0.012806101250401672,"13":-0.012806101250401672,"14":-0.004682267538377648,"15":-0.004682267538377648,"16":0.06739948738391542,"17":0.06739948738391542,"18":0.06739948738391542,"19":0.021636161574898845,"20":0.021636161574898845,"21":-0.054852551185333165,"22":-0.054852551185333165,"23":0.6354401420354472,"24":1.5444474708145493,"25":0.5836144982816232,"26":-0.04490260123892101,"27":1.0771261300918258,"28":0.5520061868947066,"29":0.5267268763433153,"30":0.26395915002713194,"31":0.06782412158750438,"32":0.03771938827863296,"33":0.07503017658209948,"34":-0.010215593469538611,"35":0.02604198901045756,"36":0.038308180435153424,"37":0.04168143051839731,"38":0.3538274600898588,"39":0.13074389175040202,"40":0.1450028433638717,"41":0.031035646108727326,"42":0.1750649067239851,"43":0.15752055924976227,"44":0.47713708149131956,"45":0.035551109938041864,"46":0.08886933300308758,"47":0.04452847524774605,"48":0.08130050022612248,"49":0.03246223581635043,"50":0.03246223581635043,"51":0.08130050022612248,"52":0.08130050022612248,"53":0.15625019806552576,"54":0.15625019806552576,"55":0.005343441467122741,"56":0.08590706590105514,"57":0.23388854879935794,"58":0.10402379108536139,"59":0.2181193982235361,"60":0.0157362874123662,"61":0.22331780852490074,"62":0.16317758217827846,"63":0.27600136258252594,"64":0.07261226073256029,"65":0.22196342102493263,"66":0.037212357804833465,"67":0.07870489693998706,"68":0.040360766568988626,"69":-0.0994437341727245,"70":0.036755111063062534,"71":0.003158019396302343,"72":0.07961925373334408,"73":0.10018751794702452,"74":0.0805471448370966,"75":-0.010552838426290193,"76":0.05567262554423219,"77":0.042120973070384066,"78":0.0763937657710331,"79":0.06099113560366948,"80":0.0844042096119274,"81":-0.03291204669205999,"82":0.020986531931154517,"83":0.0009317062726471037,"84":0.3112633313685761,"85":0.11284101539643923,"86":-0.07258687856869045,"87":-0.07258687856869045,"88":-0.028923298217986365,"89":-0.028923298217986365,"90":-0.03449221358565796,"91":-0.01646562858503145,"92":-0.007967762832191819,"93":-0.04588845398715802,"94":-0.07214026133864275,"95":-0.011946453252181286,"96":-0.04850634583613525,"97":-0.053727831646489116,"98":-0.03315464878939736,"99":1.0978200790080566,"100":0.9996870645689104,"101":0.2514990445595866,"102":0.24911828422324922,"103":0.32427453330006495,"104":0.2962073081481912,"105":0.25706099290411055,"106":0.3164861309647714,"107":0.41829356157301534,"108":0.43468399679774183,"109":0.5845835726382469,"110":1.2682164928800086,"111":0.7541145573763418,"112":0.5450941628481164,"113":0.8577258909722492,"114":2.0696085344213366,"115":0.9217927884438881,"116":0.8594869071645608,"117":1.7150498744980844,"118":1.3520936082898192,"119":2.4231873092886733,"120":0.7298596950650333,"121":0.8998877725348549,"122":1.3859105755453824,"123":2.0158547576964976,"124":9.720927760791094,"125":1.079863787146746,"126":1.079863787146746,"127":0.8149028896268268,"128":1.5614631757389157,"129":0.22300875652919538,"130":1.079863787146746,"131":1.079863787146746,"132":0.055568331888900445,"133":0.001178422323300482,"134":0.07542677203010875,"135":0.037990664021014954,"136":0.02201512122316004,"137":0.014981823759926446,"138":0.03815000610206805,"139":-0.004187410946850621,"140":0.04249786701221229,"141":0.08899388154287188,"142":0.0044690694792602695,"143":0.04584886237440913,"144":0.004233730657145614,"145":0.047869519066396596,"146":0.056344975292585364,"147":0.010350200679215223,"148":0.013039549094192898,"149":0.01937042355733333,"150":0.03809260795255924,"151":0.0017397457776534807,"152":0.015206734600645394,"153":0.02351235796143126,"154":0.032729979946764326,"155":0.006459586720904539,"156":0.0450199094735738,"157":-0.0037642693331844945,"158":0.27158012524944514,"159":-0.014060290228400052,"160":0.016258453715169704,"161":0.02784353410554619,"162":0.061624637669831075,"163":0.11014846646097122,"164":0.06664021489689792,"165":0.20856295341924574,"166":0.13523099472968286,"167":0.17306543725149146,"168":0.4021834598292313,"169":0.14330842849366354,"170":0.3383160658030769,"171":0.19748139553527203,"172":0.1262729239154155,"173":0.22258097614903805,"174":0.26309726224623775,"175":0.25825466082280674,"176":0.021011404346897657,"177":0.2722147459157463,"178":0.15459917044334506,"179":0.14118750171066913,"180":0.03225662144419067,"181":0.05278734673514358,"182":0.14151355062497548,"183":0.04770722602415975,"184":0.11124872061156323,"185":0.1876581463726117,"186":0.13846664244617163,"187":0.12815365626707537,"188":0.12491002134420906,"189":0.08575184458923313,"190":0.12311165893671874,"191":0.1363854862764266,"192":0.22573128421080568,"193":0.11777719069686694,"194":0.1117811269516665,"195":0.12029900851008588,"196":0.1936542774831055,"197":0.22234191913758738,"198":0.7829448483648458,"199":0.4277026911237004,"200":0.4691280341675925,"201":0.011189941018208412,"202":0.011189941018208412,"203":0.035849472264940646,"204":0.03476731518389657,"205":0.03751198617477439,"206":0.04304256049392565,"207":0.02079650409329628,"208":0.04744560963458704,"209":0.03782385697029819,"210":0.018259773167955094,"211":0.05281335132840403,"212":0.05627293032950914,"213":0.04086973885406447,"214":0.02925891555206801,"215":0.06680419682530772,"216":0.0679620556441767,"217":0.05341437132783237,"218":0.09691605977105881,"219":0.02752886614239798,"220":0.030322397304576018,"221":0.02116628488481702,"222":0.12227350767911445,"223":0.08431265375654728,"224":0.09279066578488662,"225":0.09898608009551947,"226":0.06281371468741523,"227":0.05794025282692414,"228":0.02141183601693185,"229":0.0675404952996389,"230":0.08722711500641366,"231":0.042599503065392744,"232":0.034692221687225286,"233":0.09236186840949592,"234":0.09803266047912534,"235":0.11420000572141994,"236":0.14837120253058192,"237":0.07033099182498001,"238":0.06873755905413878,"239":0.027351305215304614,"240":0.027351305215304614,"241":0.7174171541482177,"242":1.1229893173699224,"243":2.379592023974776,"244":0.6186155873376795,"245":0.699153573429864,"246":0.23194793712029294,"247":-0.07482640884037092,"248":0.15186474171080944,"249":0.026743910041343293,"250":-0.000606821538105734,"251":0.015963148204742136,"252":0.10398609536842271,"253":0.015822257015140267,"254":-0.021995603444362948,"255":0.033747436104180045,"256":0.033747436104180045,"257":0.11220006019651896,"258":0.11220006019651896,"259":0.021552464455308146,"260":0.021552464455308146,"261":0.036113872108201016,"262":0.053497536539436015,"263":0.03375549348781476,"264":0.02224638146585258,"265":0.2939816095148694,"266":0.004396718444472497,"267":0.07655217658452183,"268":0.07655217658452183,"269":0.07655217658452183,"270":0.02903344884901532,"271":0.02903344884901532,"272":0.047374414694250314,"273":0.4379614883451571,"274":0.7091579364170343,"275":0.0044567685467933466,"276":0.01457764773997123,"277":0.7619656895538852,"278":0.24204021727007932,"279":0.10374677018749953,"280":0.11499319010733536,"281":0.0038119370979626758,"282":0.043870455162221225,"283":0.11191599427592747,"284":0.2135957915902698,"285":0.11051602482359942,"286":0.022428516297620833,"287":0.11862520397707468,"288":0.09975706351668621,"289":1.8191948454538567,"290":4.121759318382718,"291":2.6600121933575274,"292":1.5679060709597696,"293":0.2423326023928271,"294":0.7632010377197096,"295":0.058741022113833724,"296":0.22765835740353163,"297":0.16539179479967164,"298":0.23502359390362845,"299":0.4614003661337853,"300":0.18164324601991935,"301":0.23524187116967427,"302":0.19451373874325517,"303":0.18693499209903752,"304":0.22351801395297233,"305":0.12049013405859484,"306":0.22351801395297233,"307":0.045698091819097134,"308":0.017218317455016827,"309":0.23134291160256593,"310":0.3723963224695096,