{"1":-1.0661082932082897,"2":-4.171560235069545,"3":-1.2498581410693874,"4":-0.6763534259034725,"5":-0.49158351909325715,"6":0.0816633872467527,"7":-0.14533815298777544,"8":-0.6130129377641866,"9":-0.6130129377641866,"10":-1.554594678316221,"11":-1.554594678316221,"12":-2.0208440203743425,"13":-2.0208440203743425,"14":-2.3426573471546197,"15":-2.3426573471546197,"16":-0.39501852155558,"17":-0.39501852155558,"18":-0.39501852155558,"19":-0.1192793594166055,"20":-0.1192793594166055,"21":-0.26902785443867583,"22":-0.26902785443867583,"23":-0.08506250406749372,"24":-0.9566533514179527,"25":-0.04592854317206689,"26":-0.23106760638858967,"27":-0.080501842025228,"28":0.021898768492304543,"29":-0.5026697485762301,"30":0.12300596814459315,"31":0.06045393495077511,"32":0.16051611226719187,"33":-0.04027949463097587,"34":-0.0954665729449777,"35":-2.366202880686237,"36":-0.42894553909210675,"37":-0.6708152853473524,"38":-0.5953322014912588,"39":-0.06818200520281303,"40":-0.4324697038817865,"41":-0.525737714721221,"42":-1.8126512910724497,"43":-0.5361139920383037,"44":-0.3672804936367005,"45":-1.1225604088177403,"46":-1.0284285078643653,"47":-1.1912592844292416,"48":-0.5020996823586354,"49":-0.9890080885797536,"50":-0.9890080885797536,"51":-0.5020996823586354,"52":-0.5020996823586354,"53":-1.0791249563557028,"54":-1.0791249563557028,"55":-0.08192392846433272,"56":-0.21013324317721271,"57":-0.06078502531298746,"58":0.02287786034995057,"59":0.1436140275466632,"60":-0.1027030115781869,"61":0.08735791965739056,"62":-0.21323589721496938,"63":-0.10681726736758723,"64":0.032673529686419095,"65":0.12143691152475647,"66":-0.06743966677397789,"67":-0.17464814222479874,"68":-0.6962308908830034,"69":-0.37509896080890354,"70":-0.3313866154091936,"71":-0.4657472034417311,"72":-0.43932257248120743,"73":-0.29341216239791357,"74":-0.46164519352678013,"75":-2.1262923203085355,"76":-0.5470172447118529,"77":-0.19837620625353164,"78":-0.6300547589894075,"79":-0.4232612268406778,"80":-0.630455357154659,"81":-0.17106988698488335,"82":-0.5390272736026078,"83":-0.8208302595968017,"84":-0.565823973155161,"85":0.018040764102865703,"86":-0.6051534642807006,"87":-0.6051534642807006,"88":-0.3784995202587155,"89":-0.3784995202587155,"90":-0.1672529593669449,"91":-0.1584387702346267,"92":-0.3827269596119577,"93":-0.0671158023590574,"94":-0.05100030142762203,"95":-0.2151278453524576,"96":-0.1924436803151437,"97":-0.08984645873908298,"98":-0.13295575272454868,"99":-0.025691563206288293,"100":0.14520584667673442,"101":-0.40738667188604505,"102":-0.25366866127783816,"103":-0.24624047747145705,"104":-0.0685812154612001,"105":0.20392540503976198,"106":-0.3183174299394025,"107":-0.23996300214610888,"108":-0.23898570153172827,"109":0.0252356139421831,"110":-0.23681622078782416,"111":-0.46037639350906656,"112":-0.1423118206323411,"113":-0.19514669868063617,"114":-0.017719332248422037,"115":-0.47313321919783213,"116":-0.13350028560685423,"117":-0.3754714593407279,"118":-0.573524552459687,"119":-0.31513224000992446,"120":-0.4391223876110971,"121":-0.2014423459482898,"122":-0.17271054037524547,"123":-0.22028425703241328,"124":-0.39381321556661264,"125":-0.12894205917356372,"126":-0.12894205917356372,"127":-0.27110981430616654,"128":-0.26261073659997203,"129":-0.09509497858192195,"130":-0.12894205917356372,"131":-0.12894205917356372,"132":-0.14821696711928345,"133":-0.6172276036091611,"134":-0.7492147933512655,"135":-0.26517719421834274,"136":0.27113396529681966,"137":-1.3364852763070452,"138":-0.625881357424061,"139":0.22633142781201254,"140":-0.16138373653667792,"141":-0.5020617113475228,"142":-1.1969730203769444,"143":-0.9925990118505381,"144":-0.9710168081817869,"145":-0.5771693630117819,"146":-0.2729143723767994,"147":-0.547242264754126,"148":-0.18903038800524025,"149":-0.03429029956383367,"150":0.7197080149225452,"151":-0.11712931105537061,"152":-0.011635118236631992,"153":-0.4858908342202131,"154":-0.6476469307429382,"155":-1.2282498484178244,"156":-0.8618006217544608,"157":-0.39564723038566685,"158":-0.5214379204496957,"159":-0.5687080628644123,"160":-3.6768566850616295,"161":-0.01507425778838456,"162":-0.6744518288844996,"163":-0.2274675875342681,"164":-0.2511423171157101,"165":-0.2487591926293135,"166":-0.4968542784727953,"167":-0.3536803190600455,"168":0.056316612614977335,"169":-0.023949317931618253,"170":-0.19741040822502326,"171":-0.042838944992473316,"172":0.26040140899872954,"173":-0.48950891192636503,"174":-0.46115278094696865,"175":-0.9982323274262557,"176":-0.4271339364353858,"177":-0.38785930652992695,"178":-0.6111164489233797,"179":-0.959562719472985,"180":-0.18619892452103398,"181":-0.10704973780066607,"182":-0.040685095722139186,"183":-0.2548577928791374,"184":-0.21244184507698768,"185":-0.4112816727856287,"186":-0.2933464705495928,"187":-0.15306353542702045,"188":-0.48509609025444544,"189":-0.26334473833827227,"190":-0.11817237019529248,"191":-0.5373425501322462,"192":-1.320734806072636,"193":-0.4642962281302855,"194":-1.1071598087959025,"195":-0.7214377252687109,"196":-0.458740068251857,"197":-1.4932723772361984,"198":-2.1043640120856826,"199":-0.0879126043920615,"200":0.07505272035011173,"201":-0.39537014768905065,"202":-0.39537014768905065,"203":-0.2855893923427578,"204":-0.3026707671046591,"205":-0.2064315555566884,"206":-0.5663231013852688,"207":-0.5707374704466985,"208":-0.2190783802735836,"209":-0.3349671457946178,"210":-0.716617107017981,"211":-0.1387867042252425,"212":-0.4785839210498881,"213":-0.1919172195087369,"214":-0.24012782611329386,"215":-0.5435921940186169,"216":-0.25852063414738113,"217":-0.3293390670022296,"218":-0.3636186801103673,"219":-0.33562260355498846,"220":-0.49024708873911516,"221":-0.5763010338068203,"222":-0.8259503449347659,"223":-0.18873014193060406,"224":-1.1050366695654419,"225":-1.2282987182568674,"226":-0.30849252962197027,"227":-0.28236928143928125,"228":-0.33966616534351557,"229":-0.5042911374816923,"230":-0.2740847946915195,"231":-0.2675649550369511,"232":-0.03958847424172396,"233":-0.8389146407424273,"234":-0.4015185439230734,"235":-0.6554575415856838,"236":-0.46755196166298263,"237":-0.590533916562843,"238":-4.4718920114878165,"239":-0.8590159300447968,"240":-0.8590159300447968,"241":-0.059204987699089995,"242":0.03068076280601026,"243":0.06654172976269475,"244":-0.10779549852663772,"245":-0.09571320510285816,"246":-0.3332059837672309,"247":-0.10874535175740993,"248":-0.26674208677750016,"249":-0.08717481391563574,"250":-0.3827061859338688,"251":-0.306090805414742,"252":0.17489908467109994,"253":-0.26735544229856645,"254":-0.034959767360991545,"255":-0.12020907678924794,"256":-0.12020907678924794,"257":0.0039885537625133916,"258":0.0039885537625133916,"259":-0.06309711793362621,"260":-0.06309711793362621,"261":0.2972288963884225,"262":0.3526932842581596,"263":0.5871797996501692,"264":-0.17737195677817852,"265":0.3809220301684868,"266":-0.3092062641236083,"267":0.009844964585252802,"268":0.009844964585252802,"269":0.009844964585252802,"270":-0.10185079479052417,"271":-0.10185079479052417,"272":-2.1707480823218095,"273":0.06828502080596033,"274":-1.29498538208353,"275":-1.3790566001123965,"276":-1.9140813006205422,"277":-2.4098732757028003,"278":-2.1714642945068814,"279":-1.0599031838768083,"280":-0.9330033480268209,"281":-0.17931827823077884,"282":-0.1440293951698999,"283":-0.4320445208413809,"284":-0.17624283129838314,"285":-0.23748569896425603,"286":-0.26945312159139323,"287":-1.187892686089531,"288":0.26395748711045675,"289":0.22323515223086798,"290":0.13161110705345402,"291":-0.2883098089931203,"292":-0.9504466823124667,"293":-0.5011425162496455,"294":-0.5983674769351277,"295":-0.6469247701676215,"296":0.016804083475745857,"297":-0.4999921449515166,"298":-0.36761983636968426,"299":-0.26867203701765185,"300":-0.6206327107289157,"301":0.6245781190376475,"302":-1.120700460479208,"303":0.12255641540671447,"304":-0.40876262795255314,"305":-0.14830516244994985,"306":-0.40876262795255314,"307":-0.26602664082548366,"308":-1.0069409456144125,