{"1":-0.2998890778761606,"2":-0.11160881458612071,"3":0.1361095838866222,"4":-0.1344043966574554,"5":-0.06740834545641397,"6":-0.04054223431285671,"7":-0.03686980065684728,"8":-0.24239521594285324,"9":-0.24239521594285324,"10":-0.07478539999140088,"11":-0.07478539999140088,"12":-0.21420962553517567,"13":-0.21420962553517567,"14":-0.26125521465039236,"15":-0.26125521465039236,"16":0.018186060409382893,"17":0.018186060409382893,"18":0.018186060409382893,"19":0.02607816596098736,"20":0.02607816596098736,"21":0.04033696650139146,"22":0.04033696650139146,"23":-0.01746744379825227,"24":0.015093927994588141,"25":0.11301615093709866,"26":0.021738233866099188,"27":0.06733615410199714,"28":-0.006067226181146329,"29":0.0549109345345746,"30":-0.09119434603979301,"31":-0.0044139408230297605,"32":-0.0515301588796393,"33":0.05942374030204259,"34":-0.25049155799931716,"35":-0.20522374107280628,"36":-0.12328759106590426,"37":-0.017681410116163865,"38":-0.09747890689863625,"39":-0.1582328906897405,"40":-0.24244620574473047,"41":-0.4200112111681811,"42":-0.2247743504403662,"43":-0.042370245733873546,"44":-0.25857111665339927,"45":-0.3610724399591176,"46":-0.17926925169426955,"47":-0.18317157504859843,"48":-0.028691967055323953,"49":-0.21529491147347146,"50":-0.21529491147347146,"51":-0.028691967055323953,"52":-0.028691967055323953,"53":-0.2634111432717855,"54":-0.2634111432717855,"55":0.012259560253044421,"56":0.06314852339386917,"57":0.11112668678836986,"58":-0.0028257500582991174,"59":0.06977402671405641,"60":0.5470239304610125,"61":0.3227640080646274,"62":0.18593009169019603,"63":0.13404300416490644,"64":0.13952942557061548,"65":0.3045759474721431,"66":0.5523280930977696,"67":0.4741422472119908,"68":0.3547369264588337,"69":0.04586140956314144,"70":0.018653740015483256,"71":0.02529102526660476,"72":0.06328433518892529,"73":0.008966736122142938,"74":-0.03516649717061249,"75":-0.07520003635046524,"76":-0.13690157004677628,"77":-0.044570482110581455,"78":0.10968592305446451,"79":0.12002231303283745,"80":-0.040280713424243,"81":-0.08035595586378105,"82":-0.08812863725053754,"83":-0.09712886843237761,"84":-0.06859550917901258,"85":0.06327653960318863,"86":-0.016193227676751798,"87":-0.016193227676751798,"88":-0.19489910126160004,"89":-0.19489910126160004,"90":0.08506931206187884,"91":-0.08659643409413098,"92":-0.049940040699498534,"93":0.29013147094300884,"94":-0.08673007145146738,"95":-0.006924674095618588,"96":-0.040137251881820823,"97":0.14444391579651172,"98":0.11115695853362206,"99":0.46397969088564966,"100":0.47265856803649225,"101":0.05388842172420949,"102":-0.006363784954348445,"103":-0.0552114776308083,"104":-0.004627070655199073,"105":0.021915356305982736,"106":0.3923524322779415,"107":-0.03975767364329552,"108":-0.031621001644060676,"109":-0.006152430736659303,"110":-0.02135327506627427,"111":-0.12634365008358853,"112":-0.07260528034060504,"113":-0.04927328195452957,"114":-0.4139526979676484,"115":0.00023979551902283958,"116":0.09466942113635424,"117":-0.37230041504563727,"118":-0.32420705674054345,"119":0.02486776238457783,"120":-0.005312005527763952,"121":0.08449923897893857,"122":-0.10419529258955523,"123":0.00899459481162157,"124":-0.17233518263823489,"125":-0.026974537512019336,"126":-0.026974537512019336,"127":0.017792083807925962,"128":-0.15905115317527463,"129":0.02168529770474048,"130":-0.026974537512019336,"131":-0.026974537512019336,"132":0.4132782947312871,"133":0.4773873227342409,"134":0.05423136898671305,"135":-0.12069965818605582,"136":0.3019411125684802,"137":0.5317859774573971,"138":-0.03920895918897549,"139":0.5883130717751253,"140":0.12970779015821943,"141":-0.08870862227335857,"142":1.3713288821488012,"143":-0.14482742644348068,"144":0.1859294265496717,"145":0.6332430868062866,"146":-0.17152323699111766,"147":0.3726879432481059,"148":0.0988162434102009,"149":-0.017036084951593644,"150":-0.05029380724194568,"151":-0.006385058390818044,"152":0.03527012900393592,"153":-0.21309609799387774,"154":-0.11657749700296649,"155":-0.09301722047733006,"156":0.04144191521442439,"157":-0.05953861489914669,"158":-0.16141967403701818,"159":-0.03904806193680321,"160":-0.023681796222891058,"161":-0.009773148559635875,"162":-0.045069415411392755,"163":-0.05444851363987335,"164":-0.12207534772479556,"165":-0.1694409496336031,"166":-0.1232778092360663,"167":-0.14048777026122003,"168":-0.07782917429294484,"169":-0.06508231900911876,"170":-0.058225004600755303,"171":-0.10063207422187243,"172":-0.05464978544349286,"173":-0.10841476585755491,"174":-0.13785537596219957,"175":-0.1537472472968635,"176":-0.07663114185949157,"177":-0.16419365088568533,"178":-0.202396598288839,"179":-0.17898838366945963,"180":-0.03957672261263298,"181":-0.10118054502401644,"182":-0.14667613565681165,"183":-0.12719494381081067,"184":-0.13631189420716883,"185":-0.23274248552739973,"186":-0.16229747263696334,"187":-0.12902400997733066,"188":-0.09116243097969956,"189":-0.06937270286816101,"190":-0.08625434501625043,"191":-0.1717743730229343,"192":-0.16592795908262958,"193":-0.17057461418645137,"194":-0.15108669076296619,"195":-0.1961706465520916,"196":-0.11807365546050697,"197":-0.1871958161476509,"198":-0.08077296105601373,"199":-0.1263843396889442,"200":-0.06149429811403975,"201":0.1573529994094909,"202":0.1573529994094909,"203":-0.07814972342199875,"204":-0.08980026754229355,"205":-0.2793436209076965,"206":-0.09826002475533893,"207":-0.11141966883421683,"208":-0.10959711283678954,"209":-0.06946486063004023,"210":-0.03997374025719913,"211":-0.060602906971104736,"212":-0.13134709203030723,"213":-0.11951515089222656,"214":-0.10775628980935664,"215":-0.11314634541402496,"216":-0.19786966168977624,"217":-0.042419485627278986,"218":-0.2632973344485512,"219":-0.12277735207923318,"220":-0.1100238933887745,"221":-0.18758303883299488,"222":-0.23621400427777756,"223":-0.09059017836359862,"224":-0.14440470853762155,"225":-0.008510538749884777,"226":-0.12368457237880076,"227":-0.43566252756911655,"228":-0.1867010380442454,"229":-0.1598142356595012,"230":-0.010303170140160578,"231":-0.18224338414963953,"232":0.01835010319952468,"233":-0.18288180428263448,"234":-0.1604172315915124,"235":-0.25039724637232885,"236":-0.0917559419367105,"237":-0.30722366164880355,"238":-0.17011428926664304,"239":-0.3752150508361788,"240":-0.3752150508361788,"241":0.031002276985831134,"242":0.11251571312712283,"243":0.26418094011539217,"244":0.27035618297675823,"245":0.07669396839679943,"246":0.5984304501606967,"247":0.8549077355410377,"248":0.3467019074398232,"249":-0.11921007699447617,"250":0.39302495075768484,"251":0.007134955399292431,"252":0.21678773391328976,"253":0.18989469113354868,"254":0.14395790981153223,"255":0.1376720586725514,"256":0.1376720586725514,"257":0.09032145970717176,"258":0.09032145970717176,"259":0.2018297394317703,"260":0.2018297394317703,"261":0.3331595389547065,"262":1.667527170695954,"263":0.37620476539568326,"264":0.9326659489656525,"265":1.855735282850372,"266":0.5987701567971653,"267":0.139506968301631,"268":0.139506968301631,"269":0.139506968301631,"270":1.6784869412122978,"271":1.6784869412122978,"272":0.05559107748523817,"273":0.20068340134119433,"274":0.6114820066572124,"275":1.5499530589770245,"276":-0.0526720015810791,"277":0.23692335934695263,"278":0.33154163280407145,"279":0.5065178780048984,"280":0.10512371646385521,"281":-0.02033072027017213,"282":-0.4867848065429383,"283":-0.2977060073279958,"284":-0.09940930951365323,"285":-0.6198876652935759,"286":-1.3479052361811208,"287":0.6313255306108428,"288":1.5819295397691797,"289":-0.34891278408422616,"290":-0.37321517692390055,"291":-0.7437806613502241,"292":-0.3564545381719541,"293":-0.20542018257143768,"294":-0.25255743139972814,"295":-0.10385530482381733,"296":-0.08137548333665212,"297":-0.11476281243136355,"298":0.04334530732914743,"299":0.761586343237036,"300":-0.3741409693090258,"301":-0.11889095737008826,"302":-0.2988291721652434,"303":-0.1671508187393671,"304":-0.0576169006721553,"305":-0.017454064316376916,