{"1":0.0307596462275625,"2":0.0035276675238601132,"3":0.031227247900119992,"4":0.31974109001207496,"5":0.15432728458494505,"6":0.06274937454765464,"7":-0.059286794640233564,"8":0.034022183654849165,"9":0.034022183654849165,"10":0.08133707815582432,"11":0.08133707815582432,"12":-0.008964759437123139,"13":-0.008964759437123139,"14":0.005036346267217648,"15":0.005036346267217648,"16":0.1049377698331227,"17":0.1049377698331227,"18":0.1049377698331227,"19":0.07183689003829884,"20":0.07183689003829884,"21":-0.3928371634310045,"22":-0.3928371634310045,"23":0.8329091211477611,"24":1.6785099685333233,"25":0.8121750976492903,"26":0.15693572722606075,"27":1.247509550200312,"28":0.6210095377785243,"29":0.8763008657174728,"30":0.28358853405451695,"31":0.02826461089439264,"32":0.0997667782214184,"33":0.20875216240767497,"34":0.9448522485932319,"35":0.11657399560474133,"36":0.2113514718760756,"37":0.21462950321567809,"38":0.6049256805000387,"39":0.27791625933426367,"40":0.19278316832502926,"41":0.14892636747869661,"42":0.2805696801287765,"43":0.2464942546648237,"44":0.5614820772646016,"45":0.07576740871661686,"46":0.12513919971899043,"47":0.0840212357048799,"48":0.2606862122959289,"49":0.1851771532696632,"50":0.1851771532696632,"51":0.2606862122959289,"52":0.2606862122959289,"53":0.30919837769813674,"54":0.30919837769813674,"55":-0.012969010262787017,"56":0.023197947952178805,"57":0.3223506625729734,"58":0.05434277840953125,"59":0.28549713380471803,"60":0.1545466936267572,"61":0.2698330721150366,"62":0.16563569284017626,"63":0.3318107938297879,"64":0.11210519644510128,"65":0.3182559940481581,"66":0.1362860316802078,"67":0.18517948691852032,"68":0.11322445674921673,"69":0.18714077978052923,"70":-0.04462633287265966,"71":0.07734366188014793,"72":0.21720602926531749,"73":0.13663712385085294,"74":0.19446425800391615,"75":0.12206137502796505,"76":0.11842663770738815,"77":0.11476657472217972,"78":0.1416441543868872,"79":0.056435101916506414,"80":0.053243871087101824,"81":-0.07834197646698993,"82":0.10515433385724438,"83":-0.07675336059137233,"84":0.3643927825186525,"85":0.3058131122138196,"86":0.08814266832547046,"87":0.08814266832547046,"88":0.04084791215176625,"89":0.04084791215176625,"90":-0.02917399579247182,"91":-0.05151779791900746,"92":-0.03171555702649573,"93":-0.06876458888894688,"94":0.08477674230979426,"95":0.012528035677272897,"96":-0.009023548604019827,"97":-0.25965394163939626,"98":-0.1431446077694507,"99":1.1615153130961071,"100":1.1102993610556888,"101":0.37764657174398836,"102":0.3217678442655583,"103":0.4551781649695897,"104":0.41874461421436127,"105":0.32319345551688894,"106":0.3692466983977961,"107":0.6093826597097736,"108":0.6945312858490691,"109":0.7478834246915913,"110":1.4956403687818671,"111":0.9203003987571433,"112":0.6648681312253981,"113":0.9825961063459434,"114":2.137444955961703,"115":1.0127495223294218,"116":1.1512263096273445,"117":1.9879765420891014,"118":1.8027851502910746,"119":2.890918942882002,"120":0.7957531489952036,"121":0.9426106396222792,"122":1.6226552642391447,"123":2.1909606011585385,"124":9.773273466794725,"125":1.1861643214263884,"126":1.1861643214263884,"127":1.0463312840989336,"128":1.7700240715918467,"129":0.37322672949862007,"130":1.1861643214263884,"131":1.1861643214263884,"132":0.12592597839435554,"133":0.060701396173588607,"134":0.13975610687052786,"135":0.08660219151753715,"136":0.052833726143382435,"137":0.03244612495467804,"138":0.12144521169413822,"139":0.09130264752452015,"140":0.14678237826317514,"141":0.29175180350815916,"142":0.015424242994728277,"143":0.11695503628459723,"144":0.010785508842245037,"145":0.08290004340254073,"146":0.12997490598689163,"147":0.058383313490057986,"148":0.019792509773392468,"149":0.0408565464999039,"150":0.07392386828297985,"151":0.0011717457000545717,"152":0.016446347388417028,"153":0.04176876426371364,"154":0.04645824157058379,"155":0.02279861469375223,"156":0.07595605531369268,"157":0.013622574532381249,"158":0.3285471878610069,"159":0.00911158776576794,"160":0.030067209740107362,"161":0.038383496291869046,"162":0.11793939764314613,"163":0.13390604165764886,"164":0.12375818346709228,"165":0.3849310365171154,"166":0.2979956296031955,"167":0.2986512744697051,"168":0.7264494737445248,"169":0.4819568440240861,"170":0.4972981870683803,"171":0.403135590724662,"172":0.17813696742313964,"173":0.31170460512067605,"174":0.3720408950348091,"175":0.3489521080633115,"176":0.04083548089904626,"177":0.31569978636834417,"178":0.15919159382314146,"179":0.16375228628084865,"180":0.06937859552833192,"181":0.07282041170802003,"182":0.1907612881781369,"183":0.057760460682433214,"184":0.14411157010699902,"185":0.21584797704806702,"186":0.17217480556129838,"187":0.1600687038398365,"188":0.19283059763888144,"189":0.10997296332888681,"190":0.16693065834530496,"191":0.16069309441736288,"192":0.2713119825762607,"193":0.1592806378395999,"194":0.13821374627727892,"195":0.1765907448588727,"196":0.25147454698929084,"197":0.3067804842138927,"198":0.9314201054145377,"199":0.5445939850519053,"200":0.6634259101661503,"201":0.016185373518359414,"202":0.016185373518359414,"203":0.05815667550403475,"204":0.06787093199264578,"205":0.07117554628152775,"206":0.07339280061873349,"207":0.04914602567326454,"208":0.08057561456709285,"209":0.05410437975618756,"210":0.03658972796816777,"211":0.072118470757177,"212":0.09337328046337075,"213":0.06886196677386945,"214":0.05683721287308262,"215":0.10482149267964616,"216":0.11919726826080441,"217":0.07195143745576035,"218":0.1253175376375879,"219":0.053574967274789824,"220":0.0507251107816957,"221":0.04950457286616204,"222":0.2420651352059012,"223":0.13236664586829164,"224":0.1487398621340047,"225":0.14218355867863838,"226":0.07888919263668645,"227":0.09439460341382921,"228":0.014006832479607781,"229":0.0889848717060867,"230":0.19531051103212732,"231":0.08958632768904815,"232":0.08632524042972242,"233":0.10424403977538733,"234":0.13600022514302884,"235":0.21508720397637468,"236":0.2558646996283689,"237":0.14083911971512514,"238":0.13193378886816526,"239":0.04283895070749974,"240":0.04283895070749974,"241":0.4297557698285086,"242":1.345646795552435,"243":2.9689609347282087,"244":1.2177267775204945,"245":2.5688923275509827,"246":0.592307478916061,"247":-0.4964810765699262,"248":-0.09947251665328016,"249":-0.036305612707120516,"250":0.02776142190607822,"251":-0.22128288753710834,"252":-0.20907055957297715,"253":0.12849338738793126,"254":-0.14958683449059357,"255":0.2284357248324672,"256":0.2284357248324672,"257":0.6954434617322283,"258":0.6954434617322283,"259":0.07083872868099461,"260":0.07083872868099461,"261":0.06201437388674215,"262":0.15257150780110207,"263":0.019761732090797013,"264":-0.024404208359630697,"265":0.437939093792321,"266":-0.07698503054923418,"267":0.12463180827706062,"268":0.12463180827706062,"269":0.12463180827706062,"270":0.13266720899714185,"271":0.13266720899714185,"272":0.07668648299888538,"273":0.6484192864710785,"274":0.8881683755195405,"275":0.04693718966855709,"276":0.0940313077948553,"277":0.8644729980753716,"278":0.3673101171006567,"279":0.11845137547548684,"280":0.08945734712212208,"281":-0.009427301429537946,"282":0.14471582794323354,"283":0.5103654358646152,"284":0.48055326065322734,"285":0.30751270005149545,"286":0.05881560635331401,"287":0.4788559708467829,"288":0.20239093915670853,"289":2.280142681519823,"290":4.546231549016634,"291":3.262065618761622,"292":2.1166121046952755,"293":0.4507246517604444,"294":0.995733528613515,"295":0.010505725688783496,"296":0.4097755194911096,"297":0.31578341130846865,"298":0.6185599134065289,"299":1.0229289979495697,"300":0.46158037654722894,"301":0.45102253198385966,"302":0.47002469220838655,"303":0.36856104626509156,"304":0.45586917777284486,"305":0.2852712525319077,"306":0.45586917777284486,"307":0.1168269569893115,"308":0.09631737870981352,"309":0.40461242173490664,"310":0.6638970219600651,"311":0.5544373619454408,"312":0.627158759659642,"313":0.5290226781790446,"314":0.15106230008957225,