{"1":-0.024562886798002725,"2":-0.047553723454930356,"3":0.11420266622497915,"4":0.012780755272412653,"5":-0.016434409437792574,"6":-0.06104667295632388,"7":-0.035024162765283445,"8":-0.10364130687962728,"9":-0.10364130687962728,"10":0.06005003915764412,"11":0.06005003915764412,"12":-0.032692767416569304,"13":-0.032692767416569304,"14":-0.01562093215310803,"15":-0.01562093215310803,"16":-0.005198047716084835,"17":-0.005198047716084835,"18":-0.005198047716084835,"19":-0.08885905364769398,"20":-0.08885905364769398,"21":-0.04076668069142281,"22":-0.04076668069142281,"23":-0.027268507828888892,"24":0.01180770495600987,"25":0.04355400696864112,"26":-0.020317445656493655,"27":-0.05018047224861129,"28":-0.0601750247631454,"29":0.015373194281499983,"30":0.044557627147292,"31":0.13671956422077072,"32":-0.0342707657889518,"33":0.09645575958236428,"34":0,"35":-0.12739881286540916,"36":-0.11153071701640255,"37":-0.069886886438143,"38":-0.01970294147132351,"39":-0.09325757336715873,"40":-0.2546929183999778,"41":-0.4989598442268064,"42":-0.21969506307790743,"43":0.06571608798728817,"44":-0.11287944472476985,"45":-0.20588557481324604,"46":0.04882919556353649,"47":-0.1726795610309984,"48":-0.031774140479277346,"49":-0.147420213569593,"50":-0.147420213569593,"51":-0.031774140479277346,"52":-0.031774140479277346,"53":-0.22770090191935943,"54":-0.22770090191935943,"55":-0.14242785560760174,"56":0.0019539789589354956,"57":0.03610958902283307,"58":-0.11661876170450863,"59":-0.03750561476311997,"60":0.2787546508339199,"61":0.149074228600388,"62":0.0439129794364507,"63":-0.001448053294327456,"64":0.037638747710326825,"65":0.18860016764459347,"66":0.3769289101494295,"67":0.27200317122644857,"68":0.40676542600077337,"69":0.028475041043418803,"70":-0.12371324292755542,"71":0.0712248777723486,"72":-0.017032133510140268,"73":-0.03157420807410627,"74":0.052308802574909496,"75":0.12520532525614958,"76":-0.18411663826271013,"77":-0.03369868338138804,"78":0.14228458058135796,"79":0.05427702198158518,"80":0.02933543679088496,"81":-0.040358090827938675,"82":0.11371017903949959,"83":-0.24476323568075062,"84":-0.05166873530295463,"85":0.016332456972621867,"86":0.009203230100489623,"87":0.009203230100489623,"88":-0.07113051296098039,"89":-0.07113051296098039,"90":-0.37123195568188394,"91":-0.15363761848012158,"92":-0.6092761490997678,"93":-0.1602806940187651,"94":0.11920374503860565,"95":-0.5527862948830085,"96":-0.2570583440398153,"97":0.3709898242665004,"98":0.08445351905786458,"99":0.3326458544290657,"100":0.2476362736423081,"101":0.08382547273149843,"102":0.040141034506970624,"103":0.022164025096559625,"104":-0.03158324608581617,"105":0.05660767918595094,"106":0.12157842546734346,"107":0.048903326951671516,"108":0.05779824338338635,"109":0.05303310929639998,"110":-0.0840213481858818,"111":0.017987874843104268,"112":-0.005297332145056316,"113":-0.031546344882224575,"114":-0.24145121592489532,"115":-0.005688999860688854,"116":-0.036731895417237204,"117":0.005369691122104947,"118":-0.14730344993817074,"119":-0.050789303895172,"120":-0.09672498915439504,"121":-0.00839967893639304,"122":-0.0895784480307967,"123":-0.08884312502825112,"124":0.03319233341123429,"125":-0.05608001407710539,"126":-0.05608001407710539,"127":0.36459869833723546,"128":-0.10258545002833369,"129":-0.02191582626727126,"130":-0.05608001407710539,"131":-0.05608001407710539,"132":0.20214527252975675,"133":0.32637759816758416,"134":0.12007501176034541,"135":0.023887291454462223,"136":0.1517571923744932,"137":0.29994155861371474,"138":-0.019395051847960088,"139":0.38050678002371763,"140":0.10864006774980317,"141":0.15103133257014484,"142":0.5409072898371449,"143":-0.026571881389336693,"144":0.05397944115288594,"145":0.24287202014178694,"146":-0.09839170553740173,"147":0.17072237096346599,"148":0.05790333019014354,"149":-0.021644379732990437,"150":-0.05494923853995626,"151":-0.0913421144248085,"152":0.04134347104540892,"153":-0.05727911567303942,"154":0.022688319871498497,"155":-0.05061237422145522,"156":0.008859046446657526,"157":-0.11507915310579431,"158":-0.09403567104910887,"159":0.046093389924228456,"160":0.016809636637884817,"161":-0.012643358478059502,"162":0.022545227841099344,"163":-0.013199692439573585,"164":-0.2765161222952821,"165":-0.05754542178865857,"166":-0.23888082508040415,"167":-0.042451518463221344,"168":-0.047273842724676995,"169":-0.09516759755721366,"170":0.022227432943314196,"171":0.08203098629460867,"172":0.04217383702945404,"173":-0.026115328019680195,"174":-0.05821185842091303,"175":-0.06769826148300023,"176":-0.004319589181037975,"177":-0.09898347310540176,"178":-0.07085931134077458,"179":-0.006194174631424687,"180":0.02286473337197685,"181":-0.08184155361301779,"182":-0.06088853016533957,"183":-0.03219989436784143,"184":-0.021293011947039434,"185":-0.053514631436682975,"186":-0.16320859552094175,"187":-0.0496707112842049,"188":-0.018620828783397325,"189":-0.033355934976631835,"190":0.03797618525312774,"191":0.0024151522995798924,"192":-0.03926743107722522,"193":-0.029776934782399705,"194":0.017949291370268433,"195":-0.1547583307577672,"196":-0.12893760861973272,"197":-0.1426149776107507,"198":0.004076202011479735,"199":-0.08923751032498445,"200":-0.05162484656370386,"201":0.03231419619385284,"202":0.03231419619385284,"203":-0.015010670011532695,"204":-0.026647901587970854,"205":-0.2279741979293052,"206":-0.03511711119036007,"207":-0.054124696963140165,"208":-0.07137733561019145,"209":-0.07630352829431006,"210":-0.10081357807796626,"211":-0.032262543720050774,"212":-0.11272239211847832,"213":-0.032617410955757487,"214":-0.016768341626332534,"215":-0.015240603891131188,"216":-0.14632421615892255,"217":0.032949026187330956,"218":-0.08722932343260006,"219":-0.07932378644575158,"220":-0.12549167269580208,"221":-0.10721414442816943,"222":-0.13555503130542682,"223":-0.03277537095551547,"224":-0.04697275196800177,"225":-0.012590085746830015,"226":-0.042822321042848666,"227":-0.23966239887814658,"228":-0.10380073588248587,"229":-0.08220911865948444,"230":-0.05468360713500109,"231":-0.1226984346189113,"232":0.04325950641960166,"233":-0.08700246632668862,"234":-0.11786603936820397,"235":0.024477811429664112,"236":-0.05391413568370246,"237":-0.15396341939321626,"238":-0.047862788817413904,"239":-0.042236968131283026,"240":-0.042236968131283026,"241":-0.04941614205272166,"242":0.1447324297549239,"243":0.3208743720427903,"244":-0.20099388975875365,"245":0.06526545725778526,"246":0.9309999067251189,"247":0.3079001659542444,"248":-0.16704992452840872,"249":0.12327410187745667,"250":-0.030497102775236352,"251":-0.04684165441158267,"252":0,"253":-0.01641239016965898,"254":0.02815013540379454,"255":0.022357533905686205,"256":0.022357533905686205,"257":0.18427564138341612,"258":0.18427564138341612,"259":0.08737370470432408,"260":0.08737370470432408,"261":0.11127580462893984,"262":0.2753676128215055,"263":0.18963130274603385,"264":0.1759590364553407,"265":0.7661893541122553,"266":0.18490139051590787,"267":-0.023322614293413618,"268":-0.023322614293413618,"269":-0.023322614293413618,"270":0.2825955735726158,"271":0.2825955735726158,"272":-0.05519984240203757,"273":-0.12408474884598766,"274":0.03796391577805647,"275":2.784782127847821,"276":0.4930241166797953,"277":1.225126630643552,"278":0.9614197788660777,"279":0.07205379680481247,"280":0.5102764047146704,"281":-0.3827057287091297,"282":0.3672600680662066,"283":0.7884220078228639,"284":-0.13406317738112483,"285":-0.34327200701981797,"286":-1.1685706010600718,"287":0.5245513656868863,"288":0.2062722504460599,"289":-0.17204195201155698,"290":-0.13385512684278497,"291":-0.46568990773630936,"292":-0.09780859764739436,"293":-0.08371996568336759,"294":-0.07800150563377267,"295":0.30993516702252827,"296":-0.09701608779548676,"297":-0.4090108813640094,"298":-0.5109911625671444,"299":0.9773868045145129,"300":-0.20180283516006603,"301":-0.36923461732524926,"302":-0.3251143035429457,"303":-0.2718910290687628,"304":-0.06503420829977613,"305":-0.17967517487043452,