{"1":-1.5415104447318333,"2":-4.161446876732763,"3":-1.762890170840552,"4":-0.9021047771428901,"5":-0.9002041649932377,"6":0.11658309314466886,"7":-0.3020971118475431,"8":-1.766929106158888,"9":-1.766929106158888,"10":-2.0385444411670655,"11":-2.0385444411670655,"12":-2.382229893265353,"13":-2.382229893265353,"14":-3.0368713904940106,"15":-3.0368713904940106,"16":-0.34987277617665125,"17":-0.34987277617665125,"18":-0.34987277617665125,"19":-0.0648319002887463,"20":-0.0648319002887463,"21":-0.09064230903795045,"22":-0.09064230903795045,"23":0.014146482521598114,"24":-1.2962736858187125,"25":-0.12410162369640318,"26":-0.46563483029297714,"27":-0.16017216102908144,"28":-0.09901770047181768,"29":-0.25744353050360624,"30":0.07284868596021327,"31":0.8013684192933288,"32":0.4121713709001349,"33":-0.08355808626833378,"34":-0.09345089636685255,"35":-2.815164581983309,"36":-1.1604502509603412,"37":-1.0626979153194407,"38":-0.9764565024667078,"39":-0.6456303035083801,"40":-0.47578997649778265,"41":-0.8031054273793536,"42":-4.042908682484639,"43":-0.8644194305034574,"44":-0.8303465104354797,"45":-2.0353500929624673,"46":-1.4235471204974577,"47":-1.9260896476493976,"48":-0.9729758274013747,"49":-1.4482036959552271,"50":-1.4482036959552271,"51":-0.9729758274013747,"52":-0.9729758274013747,"53":-1.628024228814603,"54":-1.628024228814603,"55":-0.24404392868289482,"56":-0.18807932581878162,"57":-0.44326252866536475,"58":-0.05441104670126484,"59":0.20034127044194916,"60":0.07167436067563715,"61":0.10443386515246678,"62":-0.3065446941036898,"63":-0.6101620226460988,"64":0.13884584899165703,"65":-0.4710485985973081,"66":-0.06102336387157559,"67":0.14605365236815748,"68":-0.7499994026763492,"69":0.12452114318035479,"70":-0.45049997884432846,"71":-0.4589660534508808,"72":-0.16823729919609054,"73":-0.5001437001585185,"74":-0.673494727835755,"75":-2.0650208110639054,"76":-0.7561656523321854,"77":-0.416886063456109,"78":-0.6999021877707996,"79":-0.3986171068160047,"80":-1.172738439256748,"81":-0.4238859550468992,"82":-0.7505087231342229,"83":-2.42603442309954,"84":-0.6241338996511205,"85":0.5555600728456822,"86":-1.103327540719563,"87":-1.103327540719563,"88":-0.5949958739656547,"89":-0.5949958739656547,"90":0.06835219953629745,"91":-0.42559529581874833,"92":-0.50019247417121,"93":-0.5701934444350496,"94":-0.7364267554561661,"95":-0.8936555791848568,"96":-0.3786393078654613,"97":-0.34967033468426467,"98":-0.7394847859019782,"99":0.4877553674913613,"100":0.49325100622469265,"101":-0.31801910697077407,"102":-0.19414227951427532,"103":-0.01656262293008859,"104":-0.06407049042444646,"105":0.2692976724427929,"106":-0.2708742816309564,"107":-0.2459866305556816,"108":-0.7274593269183989,"109":-0.05445526387913402,"110":-0.45435780701606276,"111":-0.6704560835205171,"112":-0.4190258592809748,"113":-0.21684363826464215,"114":-0.05220501360793328,"115":-0.526026399987827,"116":-0.29595577834966735,"117":-0.5394580814295762,"118":-0.8559734181371903,"119":-0.24436587309232483,"120":-0.47978144225895836,"121":-0.07945156213510485,"122":-0.2264140185059731,"123":-0.2873200102553197,"124":-0.4640094169044433,"125":-0.14297088671607527,"126":-0.14297088671607527,"127":-0.16671894750116767,"128":-0.33284365695192086,"129":-0.1652019526507329,"130":-0.14297088671607527,"131":-0.14297088671607527,"132":-0.35779145799842604,"133":-0.6597873495760633,"134":-0.9930709248682055,"135":-0.628399083850576,"136":-0.22010853343292647,"137":-1.843590644574411,"138":-0.9366744579888004,"139":0.8316485444122821,"140":-0.028049914143539745,"141":-0.42825426883722195,"142":-0.6646578661845028,"143":-1.0234483529251523,"144":-1.0219533415680675,"145":-0.6786540406812476,"146":-0.32483985874589005,"147":-0.24841870524260923,"148":-0.545223356716949,"149":-0.2701355726182719,"150":0.6617441509884427,"151":-0.5479251944640966,"152":-0.22497066519545894,"153":-0.7670602501150068,"154":-0.9630104238520478,"155":-1.2488244470762462,"156":-1.1955890244393885,"157":-0.5540028664254502,"158":-0.882832427059559,"159":0.09370837548129085,"160":-3.1630974858591774,"161":-0.20657088856597605,"162":-1.020765086330933,"163":-0.6545745549773916,"164":-0.33559570911830017,"165":-0.2942216383683174,"166":-1.0028230795044495,"167":-0.6260517868040678,"168":0.26356383113270776,"169":-0.026977709519815152,"170":-0.3675620546651729,"171":-0.11646920621505186,"172":0.2589630190923691,"173":-1.0523069401261416,"174":-0.5546690993178929,"175":-1.2755849806903252,"176":-0.635102669714571,"177":-0.5820012649208743,"178":-1.0281184123621057,"179":-2.0377064435557686,"180":-0.36777316421013645,"181":-0.20559833983734493,"182":-0.18589375734470992,"183":-0.37662270286946076,"184":-0.37331833974396594,"185":-0.7518458613061616,"186":-0.33098834607146754,"187":-0.30513794924952026,"188":-0.7540410835890806,"189":-0.42622434636631423,"190":-0.30202347258631346,"191":-1.0880433026697531,"192":-2.336860549976479,"193":-0.7675067948588354,"194":-1.7868799701369475,"195":-1.2505327541944906,"196":-0.9362990159548144,"197":-2.7301473312039914,"198":-2.1465317595290987,"199":-0.13216144558993825,"200":-0.1608403098703155,"201":-0.18020891905594527,"202":-0.18020891905594527,"203":-0.5062541184095808,"204":-0.5865564153833525,"205":-0.4535175506097068,"206":-0.7648500412633565,"207":-0.8635949044909479,"208":-0.42041643635221904,"209":-0.5848287975927902,"210":-1.1162209622722563,"211":-0.269895657879317,"212":-0.615197582472796,"213":-0.4596906302609867,"214":-0.5852332457554685,"215":-0.9395486099327739,"216":-0.5427115376803736,"217":-0.6116207866725056,"218":-0.7028973095318152,"219":-0.880114571241647,"220":-0.7797411001658822,"221":-0.825798169585021,"222":-1.5292820206152873,"223":-0.346458620537738,"224":-1.4766411558362378,"225":-2.038155102238358,"226":-0.5775032587185327,"227":-0.6806793350532375,"228":-0.7927792031439901,"229":-1.0458345450524162,"230":-0.42952586123300285,"231":-0.6220266729139756,"232":-0.24644063861919419,"233":-1.0921141194827644,"234":-0.7065770342469181,"235":-1.12307465901481,"236":-0.7103088245426072,"237":-1.184128747039897,"238":-4.591409755554057,"239":-1.0088434004050701,"240":-1.0088434004050701,"241":-0.15307061554101642,"242":-0.11434442896004526,"243":-0.016460046759717906,"244":0.1383334952030606,"245":-0.3844239362952312,"246":-0.5972628168274379,"247":-0.25047032812274717,"248":-0.4538270174404596,"249":-0.06489111386347332,"250":-0.5736792677965966,"251":-1.1193630886492605,"252":0.4507985150390811,"253":-0.4521429902834499,"254":0.07298726196031874,"255":-0.15843292224482147,"256":-0.15843292224482147,"257":-0.10155249956806761,"258":-0.10155249956806761,"259":0.011422365608038776,"260":0.011422365608038776,"261":0.1904546359645669,"262":0.7431113698738327,"263":0.6908140384137873,"264":-0.6717902434902641,"265":0.9633144388738986,"266":-0.02742137809637546,"267":-0.22828169214419802,"268":-0.22828169214419802,"269":-0.22828169214419802,"270":-0.4604577010285391,"271":-0.4604577010285391,"272":-2.768771230408754,"273":0.2294356753659763,"274":-1.7522054060131178,"275":-0.10963501055899627,"276":-2.4746949865850567,"277":-2.493508898056767,"278":-1.0888565899901348,"279":-1.2899842996494544,"280":-1.4812487777749204,"281":-0.06670883413159656,"282":-0.14749558148263942,"283":-0.1281560607963219,"284":-0.22741345042314498,"285":-0.03244401782316486,"286":-0.47413308088961953,"287":-1.1480443397216955,"288":0.2251515033675897,"289":0.11339434896698375,"290":0.16741186103701744,"291":-0.5242292448689869,"292":-1.738422282114888,"293":-1.5221307698330564,"294":-0.9339615261474674,"295":-0.659778272117165,"296":-0.058369236606914676,"297":-0.173203847082677,"298":-0.911401420048962,"299":-0.4323845017464091,"300":-1.0554974792740488,"301":0.8242927787319267,"302":-1.7340460247294374,"303":-0.13528409412600428,"304":-0.6695107021072617,"305":-0.3739056385157278,"306":-0.6695107021072617,"307":-0.6740310080292344,"308":-1.2168310424704472,"309":-1.2826348645624692,"310":-1.053817311721665,