{"1":-2.0515957264244844,"2":-2.940611992070348,"3":-1.7805361342478516,"4":0.04743870368329056,"5":-0.9233673777843039,"6":-0.09947406378665136,"7":-0.32191719845073613,"8":-1.762443132318634,"9":-1.762443132318634,"10":-1.5753721402238026,"11":-1.5753721402238026,"12":-1.308384998135421,"13":-1.308384998135421,"14":-2.1782745930259884,"15":-2.1782745930259884,"16":-0.5008762858664955,"17":-0.5008762858664955,"18":-0.5008762858664955,"19":-0.13788494865940742,"20":-0.13788494865940742,"21":-0.3356597627961538,"22":-0.3356597627961538,"23":0.25546978672865045,"24":-0.7000247436635083,"25":-0.26666666666666666,"26":-0.3813843928504759,"27":-0.1966671317933218,"28":-0.0984831887723771,"29":-0.1275356959863576,"30":0.08016180933795691,"31":0.1829484068201972,"32":0.4409053914905695,"33":-0.19419733906720563,"34":-0.8089327087703074,"35":-1.1780215410953339,"36":-1.1315284331481785,"37":-1.0811657757535846,"38":-0.64910457284697,"39":-0.3564890456264951,"40":-0.5672984636347158,"41":-0.8739322484769059,"42":-2.903688799242557,"43":-0.861708565598279,"44":-0.5447863581220154,"45":-1.8050459881224636,"46":-1.45280397356716,"47":-1.8830246103372925,"48":-0.5424366503236484,"49":-0.9415355467843489,"50":-0.9415355467843489,"51":-0.5424366503236484,"52":-0.5424366503236484,"53":-1.7557148084126712,"54":-1.7557148084126712,"55":-0.33765547126825324,"56":-0.05243945029539521,"57":-0.2888292974098825,"58":0.10181428020774724,"59":0.09320679876018498,"60":0.13125872670369376,"61":0.13203730712211187,"62":-0.09865844296677628,"63":-0.9599820526495448,"64":0.13814509593095683,"65":-0.3220163453653061,"66":-0.01850940520791111,"67":0.24287365942902928,"68":-0.7472041736803983,"69":-0.7637915576455088,"70":-0.4428475896142541,"71":-0.9296111216820926,"72":-0.06911167916796823,"73":-0.40181246451517516,"74":-0.4961438308885142,"75":-1.527744954702055,"76":-0.22286557756559744,"77":-0.2951159473373022,"78":-0.6383036137563232,"79":-0.6269506893283632,"80":-0.8964234394575584,"81":-0.37008572114417115,"82":-0.5519295218305584,"83":-0.9584031661974374,"84":-0.19221661559590597,"85":0.22452672265203422,"86":-0.8564621465020037,"87":-0.8564621465020037,"88":-0.2813966779028019,"89":-0.2813966779028019,"90":0.15738123196232467,"91":-1.3371976112132666,"92":-0.8520151167781584,"93":-0.4576986458241692,"94":-0.9615780450524746,"95":-0.9279801619749324,"96":-0.5649571132242781,"97":-0.800973998129501,"98":-0.5955784291957705,"99":-0.004460106651897444,"100":0.3201766051082726,"101":-0.44805433055286126,"102":-0.31524747693449984,"103":-0.033287726147935626,"104":-0.0010021349602821195,"105":0.21199037467218929,"106":0.04394367283234302,"107":-0.0748349110383183,"108":-0.16702793605751476,"109":0.08098033090463241,"110":-0.6533484008900574,"111":-0.30611341053107033,"112":-0.21816460575282282,"113":-0.31236658681077567,"114":0.33909840474859754,"115":-0.3806792691651677,"116":0.2111848767816923,"117":-0.25203838402968204,"118":-0.6863028417124624,"119":-0.42676224960844866,"120":0.06190166381351769,"121":-0.34481299353889405,"122":-0.37634438148088756,"123":-0.5740498837331911,"124":-0.47841915667967294,"125":-0.25916712301687583,"126":-0.25916712301687583,"127":-0.06323568352577968,"128":-0.234400894908104,"129":-0.2477611560870524,"130":-0.25916712301687583,"131":-0.25916712301687583,"132":-0.34764910168104324,"133":-0.4157276534564731,"134":-0.5768689008286181,"135":-0.37905764301166633,"136":0.29575225323997745,"137":-0.3188230276531847,"138":-0.7788638046626566,"139":0.22744279723882643,"140":-0.12119055306549553,"141":-0.3057427592323405,"142":-0.2478237290467984,"143":-0.7907058868520269,"144":-0.9925405676630392,"145":-0.7948399695167747,"146":-0.5160354940285776,"147":0.16501823573400243,"148":-0.33992631936756323,"149":-0.15865269574990148,"150":0.3021224323606022,"151":-0.7245530324323485,"152":-0.4252827087820338,"153":-0.708101887220536,"154":-0.5521660268872731,"155":-0.7691687650064923,"156":-0.6851252378043106,"157":-0.6495313249866232,"158":-0.5070301209466691,"159":0.3678181666220761,"160":-0.21543201736815387,"161":0.07244099560504413,"162":-0.741207113130107,"163":-0.3412619173039907,"164":-0.5793819793355777,"165":-0.44520475834100937,"166":-0.6424710015294739,"167":-0.3220361409335276,"168":0.47048703663671576,"169":0.14671313361658,"170":-0.38165759422440704,"171":0.034946821833559016,"172":0.10381850098564271,"173":-0.5562920688905281,"174":0.08708597740343005,"175":-0.38390422962399207,"176":-0.3618896857972487,"177":-0.2561125218921373,"178":-0.19228476211118428,"179":-0.7672704080764354,"180":-0.19267387218692006,"181":-0.08294759946563951,"182":-0.07806342080667533,"183":-0.06298168719079333,"184":-0.262475937785831,"185":-0.30228009787245375,"186":-0.18087137440629375,"187":-0.20256983872164896,"188":-0.5440147617320751,"189":-0.2702933156749079,"190":-0.23693992804070751,"191":-0.3986522111705211,"192":-0.7865264827479104,"193":-0.3622894643051907,"194":-0.8656015094812219,"195":-0.6205491740723318,"196":-0.642493716475611,"197":-1.7219338745172115,"198":-1.178748056608474,"199":0.18059587587778325,"200":-0.11861020984254544,"201":0.18998295373047291,"202":0.18998295373047291,"203":-0.23908426590197324,"204":-0.3450312999734357,"205":-0.18658131366342623,"206":-0.47275136431986275,"207":-0.654498456662943,"208":-0.19591122846660602,"209":-0.3790180178169427,"210":-0.4298755962367451,"211":-0.19210837995283353,"212":-0.6256346029556559,"213":-0.39917747654476543,"214":-0.41660933341436357,"215":-0.6619766068073073,"216":-0.21684387746272626,"217":-0.23981580150074422,"218":-0.35592138540867563,"219":-0.3597914765222906,"220":-0.4627528149049683,"221":-0.4033481770724995,"222":-0.6481541099862995,"223":-0.2701900003849498,"224":-1.000602196701911,"225":-1.2525005262391926,"226":-0.30840514241490835,"227":-0.47318407995654865,"228":-0.8168457335021444,"229":-0.8002205183302483,"230":-0.46708173764713146,"231":-0.35702339111963877,"232":0.21038377415181342,"233":-0.5701843789599811,"234":-0.5547948737469721,"235":-0.5552901889977474,"236":-0.7009342414003127,"237":-0.9196668969569861,"238":-2.1377145352102795,"239":-0.7541261812936273,"240":-0.7541261812936273,"241":0.20801989151936173,"242":0.17941493451933838,"243":-0.055785388486643106,"244":-0.49328933312078727,"245":-0.1949183928890705,"246":-0.8658582356074588,"247":-0.07220764148081718,"248":-0.1251483915489902,"249":-0.19078436827386272,"250":-0.4533740686212395,"251":-0.7518460056440974,"252":-0.1258307586081383,"253":-0.061354606885559076,"254":0.11958175092722001,"255":-0.1943509057537786,"256":-0.1943509057537786,"257":0.1159692417739628,"258":0.1159692417739628,"259":-0.17749167952518058,"260":-0.17749167952518058,"261":-0.10312395342041392,"262":0.4367316618190714,"263":-0.35233998367515934,"264":-0.37559060390896354,"265":0.6004149495140372,"266":-0.05444342499750976,"267":-0.42585938208078966,"268":-0.42585938208078966,"269":-0.42585938208078966,"270":-0.5054121759518924,"271":-0.5054121759518924,"272":-1.1933273330632477,"273":-0.40435455319529584,"274":-0.9097085479908593,"275":1.3502957898682109,"276":-0.8961071648792105,"277":-1.3864948745586938,"278":0.679099272133751,"279":-1.8512856769738453,"280":-1.7382365167211402,"281":-0.6941067010636274,"282":-0.35909857522446303,"283":-0.21274828113063426,"284":-0.20544051071042252,"285":-0.469479545941315,"286":-0.25801437766181423,"287":-1.161985089535261,"288":0.292285402638393,"289":-0.3792139430909527,"290":-0.8718324082710325,"291":-0.38520054218433386,"292":-1.5942765325409134,"293":-1.068428089791102,"294":-0.7008430272714361,"295":-0.16091133476432504,"296":-0.12540967295204136,"297":-0.479833394526336,"298":-1.00323960413052,"299":-0.6566201538768692,"300":-1.2047418594165435,"301":0.9033768323319504,"302":-0.10613674944586227,"303":-0.043178572124966674,"304":-0.39516960897659537,"305":-0.2905856032344154,"306":-0.39516960897659537,"307":-0.22028026570632386,"308":-0.9114345212072108,"309":-0.8180987464907558,