{"1":0.5542647378200758,"2":0.6897841426209115,"3":-0.18974802384417544,"4":1.595628139009674,"5":0.20892495358739493,"6":0.1564036801512234,"7":0.4643860932534275,"8":0.6277750239263665,"9":0.6277750239263665,"10":0.8831594541691972,"11":0.8831594541691972,"12":0.6677069179810257,"13":0.6677069179810257,"14":-0.3269180788056848,"15":-0.3269180788056848,"16":0.21953140640148405,"17":0.21953140640148405,"18":0.21953140640148405,"19":0.09879795781303646,"20":0.09879795781303646,"21":0.44368625038605136,"22":0.44368625038605136,"23":0.02960072744391351,"24":0.06998638305733462,"25":0,"26":-0.2057348727447861,"27":-0.26066795778010954,"28":0.05594461248927918,"29":-0.331416462485277,"30":-0.03780702546862991,"31":0.10499080071696948,"32":0.05627650644462928,"33":-0.09575050405940347,"34":-0.13544734031233496,"35":-0.3272706123168855,"36":-0.01735085694793248,"37":0.06779270963457584,"38":-0.12138092956742108,"39":0.43248388672107124,"40":0.2430252430384916,"41":-0.013339558393297257,"42":-0.14191845739477627,"43":-0.06047462636656553,"44":0.06561998058017926,"45":-0.030852740222520214,"46":0.10496056665818426,"47":-0.21993453212468062,"48":0.23710423621361998,"49":0.0604484291720645,"50":0.0604484291720645,"51":0.23710423621361998,"52":0.23710423621361998,"53":0.16757345970777066,"54":0.16757345970777066,"55":-0.29288250800281046,"56":-0.1137322158895247,"57":-0.4102805772591581,"58":-0.09999733909273029,"59":0.027015146570028015,"60":-0.1996765107536016,"61":-0.44908940247257567,"62":-0.5110105336590244,"63":-0.12281418530408617,"64":-0.2664030015852008,"65":0.03666312252423465,"66":-0.02119707009386701,"67":-0.3250348336784117,"68":-0.1134824869567087,"69":-0.12057673523061341,"70":-0.4657054412984538,"71":-0.01571995449824537,"72":-0.07392621847755165,"73":0.023695161060175662,"74":0.17648886085635107,"75":-0.11001261313682287,"76":-0.3686306197359247,"77":-0.020849182334812144,"78":-0.11307958027958231,"79":-0.004700473468893018,"80":-0.1063986476714881,"81":-0.08656737355922473,"82":-0.05710299719808809,"83":-0.3007832797044986,"84":0.378730510247003,"85":-0.29326581451106326,"86":-0.1363425531451603,"87":-0.1363425531451603,"88":0.007132406233768651,"89":0.007132406233768651,"90":-0.2249785738910116,"91":-0.1806068310169699,"92":-0.24532414982370976,"93":-0.16133347970120682,"94":-0.2527379949452401,"95":0.19812826600281308,"96":-0.41723497552478167,"97":-0.22908586052139884,"98":-0.21672543488613144,"99":-0.18905293310824073,"100":-0.058286731437798556,"101":-0.030734762710865393,"102":0.017396205225274408,"103":-0.09420138357367536,"104":0.08509353323417479,"105":0.09898062983155986,"106":0.2502118513651972,"107":0.06778271671400304,"108":-0.05917746761937953,"109":0.11298517500350375,"110":-0.13396743799757027,"111":0.29233113106736175,"112":-0.17539270347895358,"113":-0.08732109554443668,"114":-0.03504235563976199,"115":0.1516371507346988,"116":0.03895737728118581,"117":-0.12124996720001002,"118":-0.23622039622264812,"119":-0.08119676421018707,"120":-0.1668167686062182,"121":-0.042544017804778345,"122":0.06966388971739251,"123":-0.10356812736383247,"124":0.1933910018273498,"125":-0.012839221227826103,"126":-0.012839221227826103,"127":-0.08720272802212159,"128":-0.07711048167691498,"129":0.03338584054500976,"130":-0.012839221227826103,"131":-0.012839221227826103,"132":0.10047910081240574,"133":-0.1433602584023176,"134":0.22155691993946647,"135":0.3601283451042939,"136":0.17615220670394072,"137":0.12266344573817856,"138":-0.020068747094563966,"139":0.30489613394702775,"140":-0.061080008141574105,"141":-0.13262091652530106,"142":0.0712190809900215,"143":0.09573465843337448,"144":-0.21160529789488747,"145":0.1301145295561401,"146":-0.23882818350118074,"147":0.10015998726380282,"148":-0.1081473000627664,"149":0.04003308351631907,"150":0.5414679619148247,"151":-0.11133616497156484,"152":0.0546508983426634,"153":-0.020129094554548532,"154":0.15930535499550214,"155":0.06567027972006395,"156":0.06277445297267747,"157":0.5185255298021394,"158":0.28880122335275127,"159":0.21988689429090003,"160":-0.2595709257080595,"161":0.24159576051955478,"162":-0.017285854563792447,"163":0.055960724730618194,"164":0.013603662939272398,"165":0.07883674304586308,"166":0.17554725710673413,"167":0.007647726362071894,"168":0.49099973024202204,"169":0.07763985113462668,"170":0.21802480565308974,"171":-0.06949676712418595,"172":0.1696572421602035,"173":0.6643556815722702,"174":0.419576026371844,"175":0.3252817203634477,"176":0.15976194627481644,"177":0.5525468393367045,"178":0.42870194151578966,"179":0.41500099127605294,"180":0.15824603151836253,"181":0.257611352945639,"182":0.2913210976896011,"183":0.3232118701051866,"184":0.36862559621409385,"185":0.282999159882695,"186":0.7182351923875077,"187":0.3183002130875862,"188":0.7023804811201435,"189":0.7397144459085914,"190":0.3930633572688198,"191":0.5160230225050827,"192":1.0521697516415414,"193":0.14952380862140635,"194":0.2812932477808294,"195":0.14717277712388055,"196":1.1141217427461396,"197":0.7631311960423939,"198":1.0543811520592752,"199":0.8624520047639628,"200":0.36868983207948974,"201":-0.0549018840284039,"202":-0.0549018840284039,"203":0.07597147149021682,"204":0.1359831544728512,"205":0.2383097804446812,"206":0.11725153104761837,"207":0.08207198807277422,"208":0.177613014571762,"209":0.15055885327310248,"210":0.04287225844931242,"211":0.17234211814370462,"212":0.08803211626843138,"213":0.13970173656391552,"214":0.31237745508221043,"215":0.10313581311111608,"216":0.27360509811532596,"217":0.5326271042502299,"218":0.6487593119288663,"219":0.4293233799695798,"220":0.06028061977283028,"221":0.26443032602782585,"222":0.6363741618891118,"223":0.47872917710090407,"224":0.5526247997864138,"225":0.3540148668434779,"226":0.3731660926998046,"227":0.6078040261673792,"228":0.22542780469912432,"229":-0.0006996241069524567,"230":0.18462088024312995,"231":0.21781546463354384,"232":0.21228904472004873,"233":0.47537549071627117,"234":0.19673488058126876,"235":0.2774567862867334,"236":0.30508420439318873,"237":0.24756030823803243,"238":0.09294487240902871,"239":0.14400280691714196,"240":0.14400280691714196,"241":-0.04118011837726804,"242":0.10765171632722637,"243":0.013078784491124706,"244":0.2689533479686602,"245":-0.7087628865979382,"246":-0.18654976214905322,"247":-0.023444747230683162,"248":-0.32209944125534884,"249":-0.06157635467980296,"250":-0.18609323412421325,"251":-0.0890948733311216,"252":-0.005834297892544291,"253":-0.09403089437063841,"254":0.21534790381982294,"255":0.035810936916759975,"256":0.035810936916759975,"257":0.44101505088277426,"258":0.44101505088277426,"259":0.12080459012706762,"260":0.12080459012706762,"261":0.38123282074790527,"262":0.4199505363158632,"263":0.23807949099256187,"264":-0.12259533186646951,"265":0.38609324580095805,"266":0.42583000267187454,"267":0.09821699719754806,"268":0.09821699719754806,"269":0.09821699719754806,"270":0.4102047214700712,"271":0.4102047214700712,"272":-0.6760611361504125,"273":-0.4195090615549037,"274":-1.1972059023445323,"275":-0.4234406104844062,"276":-0.08915523690159288,"277":0.09717920182013762,"278":-0.5373747700379775,"279":-0.8088034699882365,"280":-0.4799599000533866,"281":-0.48247719939642386,"282":-0.29340375793612405,"283":-0.553278321174488,"284":-0.2226614909580527,"285":-0.5382831302270883,"286":-0.5971776101442765,"287":-0.2311339051338215,"288":0.2898843187012214,"289":0.03206978147800521,"290":0.2306985857308274,"291":0.04008505984797417,"292":0.1240335917548836,"293":0.18356442490822183,"294":0.12855258712809253,"295":0.3019072331328603,"296":0.08423900496044492,"297":0.050738458279958376,"298":-0.09598713169100145,"299":0.4747540544003501,"300":0.00640516498031618,"301":0.23211860711806803,"302":0.07653766810588636,"303":0.14993687002870904,"304":0.0855881585723614,"305":0.15129427416634006,"306":0.0855881585723614,"307":0.3003544791677815,"308":-0.1733466133317561,"309":-0.19299695074966006,"310":-0.14214210162411955,"311":0.2711616550636079,