{"1":-0.050911181462846844,"2":-0.6379639200879655,"3":0.6416067297340633,"4":-0.0828828088450973,"5":-0.05941836778943782,"6":0.09200509112100258,"7":0.04277038058193769,"8":-0.5899737618747843,"9":-0.5899737618747843,"10":-0.301140194056552,"11":-0.301140194056552,"12":-0.28049869475398925,"13":-0.28049869475398925,"14":-0.259007855715795,"15":-0.259007855715795,"16":-0.07186248224912534,"17":-0.07186248224912534,"18":-0.07186248224912534,"19":-0.05080781415212962,"20":-0.05080781415212962,"21":-0.0842687326011275,"22":-0.0842687326011275,"23":0.07494565780593059,"24":0.07403340522761555,"25":0.10048197123382732,"26":0.1169722823726425,"27":0.0360681023396495,"28":0.13542579770835583,"29":0.01225693252124456,"30":0.032176801950244735,"31":0.3282860519971897,"32":0.08334514730381626,"33":0.14829318065648783,"34":0.14249819672299271,"35":0.18058468801324695,"36":0.19358672185622183,"37":0.12022676101034624,"38":0.09966013271010604,"39":-0.026593885969493136,"40":0.16975803345645335,"41":0.11003356368361739,"42":0.3258603563611702,"43":0.04281726652112122,"44":0.11527683933830601,"45":0.014355389373097549,"46":0.12309436742169988,"47":0.1362125994147626,"48":0.17599291530865552,"49":0.182077956532402,"50":0.182077956532402,"51":0.17599291530865552,"52":0.17599291530865552,"53":0.09661280337487355,"54":0.09661280337487355,"55":0.22897086042109782,"56":0.20747888356496358,"57":0.15613464654216974,"58":0.07004779709289291,"59":0.06141835886904749,"60":0.06556588143314568,"61":0.09121175073005387,"62":0.10060793845787863,"63":0.015626731774508296,"64":0.12371794962578844,"65":0.09207910477207003,"66":0.004408897546124724,"67":0.1844333840232374,"68":0.03098003645316999,"69":0.2774616059004968,"70":0.14202986933220302,"71":0.07234580444179883,"72":0.1476393081223284,"73":-0.0035772256140372827,"74":0.33643093153459047,"75":0.07452084379994539,"76":0.10976821426405453,"77":0.1202229390468576,"78":-0.15965715975808084,"79":0.08000693014649785,"80":0.054046633397852206,"81":-0.03118519349821619,"82":0.045391271401386823,"83":-0.31261391571878006,"84":0.010511341326065307,"85":0.09007743246609845,"86":-0.015592503450247874,"87":-0.015592503450247874,"88":0.15106931184274203,"89":0.15106931184274203,"90":0.005161942574952838,"91":0.20985976277086293,"92":0.017433824537739895,"93":-0.04957873011485303,"94":0.347055222784376,"95":-0.4329827955324863,"96":-0.17472411782013886,"97":0.06092067939669793,"98":-0.07628642147804537,"99":0.20550025484441198,"100":0.21699234856004165,"101":0.01466863716561112,"102":0.03516560673892505,"103":0.05724158517280242,"104":-0.009174805975436795,"105":0.0026119393653042944,"106":-0.015842971725052862,"107":0.009005712752334527,"108":0.023581018729213005,"109":0.0374777850053187,"110":0.006259690891814773,"111":-0.0013812900342064227,"112":0.0149017249896157,"113":0.11687814062192775,"114":-0.008941960520779335,"115":0.020360471251033768,"116":0.049574560906732484,"117":0.004775323595034964,"118":-0.003312455822072291,"119":0.01834683169239093,"120":-0.012421781946991894,"121":0.037153188408850096,"122":0.0040615171821883345,"123":0.07171276806270327,"124":-0.19549885231807318,"125":0.00965098804129294,"126":0.00965098804129294,"127":0.16188068323005284,"128":0.0848559252278268,"129":0.02508681615999611,"130":0.00965098804129294,"131":0.00965098804129294,"132":0.0913971335435651,"133":0.09378453947652599,"134":0.19375260907389413,"135":0.09725454630421643,"136":0.24716612425793882,"137":0.01308287881298792,"138":0.447383990176254,"139":0.29239754850424665,"140":1.028757148548526,"141":0.465107773724707,"142":-0.08712922091085612,"143":0.2701246274447129,"144":0.08521422088162572,"145":0.19806596430017703,"146":0.3365713881770317,"147":0.24352154744325305,"148":0.12112932751170866,"149":0.08446605773655114,"150":0.5112793075560123,"151":0.05948190913242077,"152":0.03700277837297705,"153":0.004185629412091607,"154":0.06481206828778413,"155":0.04193579773110495,"156":0.17561687031617298,"157":0.3153325596460862,"158":0.2556218406551718,"159":0.05200789609617512,"160":-0.09821140927449395,"161":0.1633719947452786,"162":0.08231834653811439,"163":-0.052403071239083776,"164":0.16789030464923838,"165":0.08966236565939895,"166":0.24447044791224629,"167":0.022115140954976242,"168":0.13837090743853964,"169":0.06678476813446146,"170":-0.033645311328111605,"171":0.012211828758738483,"172":0.048967803990827896,"173":0.26314484970423313,"174":0.20134114449336193,"175":0.13176355018438796,"176":0.18086105675989195,"177":0.13593686377953085,"178":0.11311431760834961,"179":0.1290525594346855,"180":0.048138429993857756,"181":0.15164291170978142,"182":0.07315638722205237,"183":0.184435708252551,"184":0.18676089819367003,"185":0.11317448585216977,"186":0.021167266643015853,"187":0.15534349769762482,"188":0.24669931192899427,"189":0.07946405334894707,"190":0.11888916576911385,"191":0.009580720757649541,"192":0.052597685424420504,"193":0.40435449769073517,"194":0.11279711589219057,"195":0.18559721880982424,"196":0.006694681904099942,"197":0.06409817177252197,"198":-0.2124042672452836,"199":0.13095754724027903,"200":0.05833877273772667,"201":0.16062711936266774,"202":0.16062711936266774,"203":0.014340958125782316,"204":0.020380693009731166,"205":0.3120662558637558,"206":0.03878519791738724,"207":0.1163887572909547,"208":0.06368050789722,"209":-0.04933703598421452,"210":-0.04748624738006227,"211":0.09867775761451628,"212":-0.012874391748247144,"213":0.03126900730934462,"214":-0.01268061715808022,"215":0.004623642287213348,"216":0.07517050186146232,"217":0.08202940156964558,"218":0.06081655989397082,"219":0.04047258518651012,"220":0.09997881766865196,"221":-0.042070916547838066,"222":0.019218389726392476,"223":0.05333578805250053,"224":-0.08897705153460744,"225":0.01027506746018969,"226":0.005360961052217311,"227":-0.0029483041197039817,"228":0.10591337707703752,"229":0.132189305689575,"230":0.20387377350010866,"231":0.1940372864014854,"232":0.06619632353931276,"233":0.00984788517095761,"234":0.07926989906423168,"235":0.05659725040461186,"236":0.2469965741239441,"237":0.2859451661021882,"238":-0.20157934693844548,"239":0.0705651293415907,"240":0.0705651293415907,"241":-0.27862092075956424,"242":-0.05456238057030449,"243":-0.20748858500992268,"244":-0.3338996569328607,"245":0.8248188322989944,"246":-0.14163702420208996,"247":0.0028198843652536276,"248":-0.05894927215052459,"249":-0.11909642950326454,"250":0.02736038545510175,"251":-0.048234048813571545,"252":0.07801945165931219,"253":-0.06091994938512745,"254":0.0093672411397909,"255":0.02280842429690999,"256":0.02280842429690999,"257":0.05437997706956099,"258":0.05437997706956099,"259":0.12083968069055051,"260":0.12083968069055051,"261":-0.2449631642335024,"262":-0.04119689466856019,"263":-0.24723528880434414,"264":-0.15415685837614962,"265":-0.007969258316308403,"266":-0.0022940228233474247,"267":-0.07623157016235058,"268":-0.07623157016235058,"269":-0.07623157016235058,"270":-0.03659683586021417,"271":-0.03659683586021417,"272":0.060995519987942504,"273":0.2026707979505604,"274":0.24181047347420337,"275":0.02561685398499758,"276":-0.1735986305498907,"277":0.018777602242063318,"278":-0.0030999336879121153,"279":0.4003381496973096,"280":0.06995541741487848,"281":-0.03738030628479489,"282":-0.08978120793200357,"283":0.04791013678613992,"284":-0.02493347280797624,"285":-0.03943590974067612,"286":-0.03677905472940968,"287":-0.01807773733891445,"288":0.016930048101763642,"289":0.06180145526206407,"290":0.03423925940729361,"291":0.053838775972062464,"292":0.04425902633243323,"293":0.1039930248849896,"294":-0.06816445064094728,"295":0.011518217531837516,"296":0.19784106463992135,"297":-0.07533478424421677,"298":-0.05962867615196926,"299":0.060349727896227806,"300":-0.04334939726361803,"301":-0.004627571615718196,"302":-0.03288413100223825,"303":-0.03684818437601339,"304":-0.021463231170215202,"305":0.007651800379469692,"306":-0.021463231170215202,"307":-0.24630861918995334,"308":-0.20698976591152243,