{"1":0.12922997556454174,"2":0.2867749438848364,"3":-0.023534407899745396,"4":0.3401259494209043,"5":0.28902761985471115,"6":0.2339844258497073,"7":0.2846313449648671,"8":0.3778181988429942,"9":0.3778181988429942,"10":0.6213886111723502,"11":0.6213886111723502,"12":0.32010227569159255,"13":0.32010227569159255,"14":0.3530795106600923,"15":0.3530795106600923,"16":0.01012296494340234,"17":0.01012296494340234,"18":0.01012296494340234,"19":0.15160961594398376,"20":0.15160961594398376,"21":0.337054870919769,"22":0.337054870919769,"23":0.05023210263119689,"24":0.21779801690155887,"25":0.06298297105413715,"26":-0.021888788780150492,"27":0.057152248742937506,"28":0.13183406127016467,"29":0.13777656925323206,"30":-0.052351774619044555,"31":0.051813804112025366,"32":0.03305670317445811,"33":0.05133339364943014,"34":-0.016219672353599394,"35":0.027269952237154116,"36":0.08911037369757308,"37":0.1780324547888213,"38":0.22792552497215463,"39":0.2820360163712121,"40":0.10095148273651822,"41":0.14891855766257822,"42":0.13500708470325928,"43":0.17239206635464624,"44":0.2092644907729254,"45":0.1331563875030001,"46":0.22748888921533036,"47":0.14433511331872337,"48":0.2755234937981551,"49":0.13495148839418342,"50":0.13495148839418342,"51":0.2755234937981551,"52":0.2755234937981551,"53":0.223006359755952,"54":0.223006359755952,"55":0.003533137347899784,"56":0.037611538375068615,"57":0.012066915532815914,"58":0.20377141932480217,"59":0.09652600460335467,"60":-0.04764340855883842,"61":0.151971266507183,"62":0.03298138353144425,"63":0.07904283345030425,"64":0.03764688639437011,"65":-0.0134294356575404,"66":0.16725678737399435,"67":0.019495290247816932,"68":0.18403856897405735,"69":0.0665609905453417,"70":0.051695575183987263,"71":0.06350606302622824,"72":0.07131176736885053,"73":0.23908045934750027,"74":0.17543486720762497,"75":0.04813275423604646,"76":0.1869640603036864,"77":0.1354822505670225,"78":0.037229936203778013,"79":0.12489428288799731,"80":0.15352073904198893,"81":-0.009849913631132023,"82":0.06954270422833653,"83":0.1801079414232069,"84":0.23288071238957303,"85":0.026518938634088107,"86":0.0852472605260885,"87":0.0852472605260885,"88":0.10044897310470652,"89":0.10044897310470652,"90":0.030119726888175102,"91":0.024588289034333022,"92":0.026993502369089706,"93":0.05233007096891895,"94":-0.1382543933779906,"95":0.08464835301357254,"96":-0.1009257483141936,"97":-0.007647692524203109,"98":0.14018040908725987,"99":-0.07031101400047987,"100":-0.0025738797570280247,"101":0.03057230253407031,"102":0.07490493961557029,"103":-0.04221993616580541,"104":-0.0034567644870711622,"105":0.07486674485869804,"106":0.17299926244976388,"107":-0.011515342832086772,"108":0.06230362398161493,"109":0.10140769923818624,"110":-0.014229436315626676,"111":0.0539206067048566,"112":0.06428274406178461,"113":0.07218746882976856,"114":0.021131103263795165,"115":0.12286777929440473,"116":0.08046413491580975,"117":0.011743576156615643,"118":0.03738462879795601,"119":0.1027379635079323,"120":0.10025495438863508,"121":0.05962500446404362,"122":0.09787577544237341,"123":-0.009378578550017336,"124":0.101755962135684,"125":0.041691778111362765,"126":0.041691778111362765,"127":-0.10197566271972464,"128":0.024356789384528232,"129":-0.015489289801754902,"130":0.041691778111362765,"131":0.041691778111362765,"132":0.18644413554112993,"133":0.12867329112791415,"134":0.2364916418418912,"135":0.28848208267736697,"136":0.11754503035429781,"137":0.35438151820531727,"138":0.30204740994403645,"139":0.323217706773964,"140":0.07075854609488552,"141":0.21862915348447165,"142":0.28821931923399907,"143":0.09689344560214708,"144":-0.09702956240673444,"145":0.4251411510908986,"146":0.18384779582409794,"147":0.22930834900232677,"148":0.036450237082788495,"149":-0.003520006798266584,"150":0.07916816268619054,"151":-0.1789022520877277,"152":0.10732338547863174,"153":0.11745897579013337,"154":0.1262846880944305,"155":0.11955257137346398,"156":0.15178863924697228,"157":0.14185705050774378,"158":0.18614036736245199,"159":-0.02719076182250857,"160":0.11374023741458783,"161":-0.053931456824529156,"162":0.04935673694059761,"163":0.13782872633134508,"164":0.21744830506893553,"165":0.07105487941617972,"166":0.10187875282873315,"167":0.13238104662074773,"168":0.10124143966811044,"169":0.1761761719918065,"170":0.00998364046790351,"171":-0.024888884172789116,"172":0.06107871806285187,"173":0.41204167626799265,"174":0.12388056257944013,"175":0.32608557421961515,"176":0.10853945168763154,"177":0.3257599457290728,"178":0.2823600087993491,"179":0.15274065576518547,"180":0.07696994010032132,"181":0.20622933191388795,"182":0.16458964677304713,"183":0.2336632083973017,"184":0.2453201638207475,"185":0.1476095423102689,"186":0.2598630305896872,"187":0.09408461125394113,"188":0.31041464100848626,"189":0.37045761384895176,"190":0.2906788063323922,"191":0.3177333235865186,"192":0.3226983224041976,"193":0.10677170871646213,"194":0.14803157423387386,"195":0.05523062403688961,"196":0.3296356897072815,"197":0.2809755163658155,"198":0.24531718303681777,"199":0.19384701043757735,"200":0.03258366438339,"201":0.057362755362848905,"202":0.057362755362848905,"203":0.0703947198235425,"204":0.09875238297583847,"205":0.06971554086583212,"206":0.12006619626712048,"207":0.03850293473057137,"208":0.0674278001587797,"209":0.05400461520222713,"210":0.11881357200234662,"211":0.038639895723409506,"212":0.021590605130277718,"213":0.0462913386625729,"214":0.136595372118603,"215":0.06794558587394978,"216":0.19054070643385856,"217":0.2681575233091581,"218":0.3724272942655861,"219":0.2779510273800633,"220":0.032106899090075636,"221":0.06935787307384728,"222":0.16356495029861107,"223":0.14378366280779076,"224":0.19017250214321157,"225":0.1058354555588922,"226":0.06191890664624278,"227":0.15119045267819803,"228":0.11814630206230708,"229":0.11984268778765986,"230":0.15172614046899174,"231":0.19846362157748,"232":0.05449010838788687,"233":0.2957443689405899,"234":0.15196705870561933,"235":0.17553700617512313,"236":0.2366242789963109,"237":0.1482420796062825,"238":-0.09174119960031796,"239":0.04049483657586611,"240":0.04049483657586611,"241":0.13219119869408738,"242":0.10722584942959171,"243":0.06860394474480126,"244":0.014890428297849256,"245":-0.047613744640075825,"246":0.055635645565659086,"247":0.06239200121045252,"248":0.48649649886155183,"249":0.05630165013393098,"250":0.14287528207136216,"251":0.2049409229761197,"252":0.01264157048915445,"253":0.022464546292982217,"254":0.030863794001231792,"255":0.09996460662882825,"256":0.09996460662882825,"257":0.09927983135754968,"258":0.09927983135754968,"259":0.07526619478524438,"260":0.07526619478524438,"261":-0.005490679290077072,"262":0.023336519192659083,"263":0.03245109672991281,"264":0.06294654914861447,"265":-0.1685805170238458,"266":0.07033871524533472,"267":0.05983810673585127,"268":0.05983810673585127,"269":0.05983810673585127,"270":0.08217890571434303,"271":0.08217890571434303,"272":0.019566221952280076,"273":0.036641359658828615,"274":-0.02708664158179716,"275":-0.06435262401487779,"276":0.09360045673234807,"277":0.22102706886954948,"278":0.23502132501670137,"279":0.01897437645662374,"280":0.03362166590411539,"281":0.023003650395848063,"282":-0.07267001283014607,"283":-0.14543475310252196,"284":0.014042260142675192,"285":0.007144789622381534,"286":-0.0812797819982192,"287":0.11064362043621231,"288":0.3390431106542171,"289":0.11505631631621177,"290":0.1399243403311293,"291":-0.15755065366201193,"292":0.03311940146669479,"293":0.2444145172263253,"294":-0.014968921892042575,"295":0.2698142855849113,"296":-0.009389940180597134,"297":-0.029842569633138485,"298":-0.14843712858714897,"299":0.1214381292853888,"300":0.09064096843867636,"301":0.09449591599416357,"302":0.24995659163221234,"303":0.2699483744316859,"304":0.08130059103535148,"305":0.3484766654740208,"306":0.08130059103535148,"307":0.39366021070137036,"308":0.08425797257181228,"309":0.26596245529881246,"310":0.18906613988303617,"311":0.2138172358298011,