{"1":-0.23239138223733852,"2":-0.4078699896954475,"3":-0.11624121021296951,"4":0.02120665889089174,"5":-0.5146352106015549,"6":-0.02526499594609316,"7":-0.05929457158188718,"8":-0.6936682741966277,"9":-0.6936682741966277,"10":-0.21186811127823313,"11":-0.21186811127823313,"12":-0.07195846982782819,"13":-0.07195846982782819,"14":-0.2257257494624573,"15":-0.2257257494624573,"16":-0.10828171349586135,"17":-0.10828171349586135,"18":-0.10828171349586135,"19":-0.08407167635077781,"20":-0.08407167635077781,"21":-0.007412286457875422,"22":-0.007412286457875422,"23":0.014988930432245251,"24":-0.10958516057375493,"25":-0.17513134851138354,"26":-0.13466541175096308,"27":-0.058606577614130365,"28":-0.07612512523187426,"29":0.028115058935881496,"30":-0.017225314125178567,"31":0.034847083102318974,"32":0.04805437304480038,"33":-0.10604325041529965,"34":-0.223294666069421,"35":-0.15975274256756933,"36":-0.33824669224659326,"37":-0.19862636052765215,"38":-0.11231736895900016,"39":-0.22233126325392719,"40":-0.07415291917983574,"41":-0.09642111463751946,"42":-0.5948763651480994,"43":-0.136245040253369,"44":-0.20630762117730664,"45":-0.29040466605207604,"46":-0.16839343718035663,"47":-0.326867356281501,"48":-0.16997939839616932,"49":-0.11542618154219364,"50":-0.11542618154219364,"51":-0.16997939839616932,"52":-0.16997939839616932,"53":-0.3632294037973598,"54":-0.3632294037973598,"55":-0.06393538596464374,"56":0.13223362164566832,"57":-0.06136710045743676,"58":0.07760122965003294,"59":-0.002508688862442668,"60":0.060209925033608114,"61":0.010183330344533573,"62":0.011219924284773697,"63":-0.44928689903940905,"64":0.044634584471194144,"65":-0.11193550584121156,"66":0.009853970825848601,"67":0.17655210445772201,"68":-0.10645969673234473,"69":-0.10137153242960745,"70":-0.06255740462568424,"71":-0.11076176679344435,"72":0.0650385099336501,"73":-0.08389708290492713,"74":-0.0880817749510435,"75":0.031020611227167483,"76":-0.05674532663966264,"77":-0.033416108505370315,"78":-0.041694685794622266,"79":-0.024018019947341318,"80":-0.15291727984271028,"81":-0.05384369615872778,"82":-0.17020393952343263,"83":-0.1517658862600758,"84":-0.0558966916920214,"85":-0.048280831434749705,"86":-0.16774398082862885,"87":-0.16774398082862885,"88":0.022956419718684562,"89":0.022956419718684562,"90":0.09444843251086016,"91":-0.24172680993733836,"92":-0.09977979866894382,"93":-0.04909534162950041,"94":-0.3371449925261584,"95":-0.21006906412590154,"96":-0.029239051966221508,"97":-0.09971716259690674,"98":-0.09219875333199118,"99":0.16908442279137276,"100":0.10456191085945027,"101":-0.011908730562205483,"102":-0.05103983237586476,"103":0.029006158259786557,"104":-0.00285617039035696,"105":0.049127376116771704,"106":0.006022008322992989,"107":0.06342674789339489,"108":-0.06606828289363426,"109":0.03677934955151008,"110":-0.022926564474527178,"111":-0.0532844576233471,"112":-0.034344222468405045,"113":0.0062119617907219205,"114":0.13914500717060585,"115":-0.020168521171831016,"116":0.14852343051875821,"117":-0.014831234023500645,"118":-0.005792109199874551,"119":0.048275641880540454,"120":0.23398262583267299,"121":0.05595682988335715,"122":-0.08136937329163779,"123":-0.07016455536533561,"124":-0.10306589876496665,"125":-0.017383360060717112,"126":-0.017383360060717112,"127":0.08467337764569277,"128":0.008889534622505468,"129":-0.043973944724895714,"130":-0.017383360060717112,"131":-0.017383360060717112,"132":-0.12891510732240755,"133":-0.04347566838487715,"134":-0.030703491704025476,"135":-0.0687260572515101,"136":0.1591965181186203,"137":0.07262915427286942,"138":-0.06558940076119552,"139":0.10058781778698761,"140":0.05247803730121564,"141":-0.041708380077726176,"142":0.12779409549219845,"143":0.03725103220026965,"144":-0.04311662297839397,"145":-0.1447739716146629,"146":-0.0914303662885686,"147":0.3004709555956522,"148":-0.06628209702428078,"149":0.017461381296387968,"150":0.1654820933372739,"151":-0.024941763277013446,"152":-0.11365376742138203,"153":-0.15634985237444152,"154":-0.13208675824501212,"155":-0.0950333928317153,"156":-0.11156238678711183,"157":-0.08004539674764033,"158":-0.14192305838935154,"159":0.24773912941318138,"160":0.5199404992943031,"161":0.027633965250879217,"162":-0.12309841283264758,"163":-0.12603748535179413,"164":-0.09060634969805581,"165":-0.06284094704868601,"166":-0.04993663657133207,"167":-0.10316323072725325,"168":0.12993839109280256,"169":0.10042006005966314,"170":-0.11587324332360618,"171":0.027468467484693254,"172":-0.05303934172688074,"173":-0.1830920393580237,"174":0.12949073046692333,"175":0.02724320105918232,"176":-0.0364474365426985,"177":-0.0658446164706381,"178":-0.06127061734152084,"179":-0.21443111129233083,"180":-0.040414953363069744,"181":-0.06950600117246379,"182":-0.110598854901546,"183":0.017054875093587593,"184":-0.04988354706277692,"185":-0.09482822480403291,"186":-0.0494850717755356,"187":-0.10760614816022933,"188":-0.10023628369620272,"189":-0.09329446792611255,"190":-0.07329758688550125,"191":-0.10939857880404497,"192":-0.14779299879529273,"193":-0.08292364112719458,"194":-0.17086530702799624,"195":-0.16355201028617863,"196":-0.33299328638524334,"197":-0.4070384248825365,"198":0.05508500040597353,"199":0.04304375474772365,"200":-0.12560237746079433,"201":0.18752455774804314,"202":0.18752455774804314,"203":-0.06509376642270809,"204":-0.0731987453610975,"205":-0.035037416835430116,"206":-0.05484928293607447,"207":-0.08023128676879798,"208":-0.036712308695071645,"209":-0.09254105147870917,"210":-0.06595607821922944,"211":-0.06446742256881648,"212":-0.15881777015590626,"213":-0.15534809436971073,"214":-0.1354323440786137,"215":-0.14940103070989613,"216":-0.051133557895816195,"217":-0.05496427702138068,"218":-0.09211914022615678,"219":-0.10791529710231343,"220":-0.0600189150533971,"221":-0.04546337572042322,"222":-0.10985994179168629,"223":-0.06015950083839644,"224":-0.13986219744311928,"225":-0.2697071463906031,"226":-0.025918053184418394,"227":-0.15632697643119148,"228":-0.2420607351351014,"229":-0.18970216581992638,"230":-0.07738564897670905,"231":-0.09846518284315796,"232":0.031652765614505446,"233":-0.06806824541844375,"234":-0.08187872117388134,"235":-0.12330776880945954,"236":-0.13196963524701208,"237":-0.2856320372810983,"238":0.3507908702988438,"239":-0.10648586355082543,"240":-0.10648586355082543,"241":0.16033950239391348,"242":0.029055387913860732,"243":-0.06367288214326605,"244":-0.0460279386365649,"245":-0.12260478073609149,"246":-0.3359623513007102,"247":-0.01643677589111528,"248":-0.10893246187363835,"249":-0.105518916614947,"250":-0.09734769675859514,"251":-0.39061396044599067,"252":-0.07698229407236336,"253":-0.01294634699180762,"254":0.03855575304945377,"255":-0.10205690571246569,"256":-0.10205690571246569,"257":-0.042936882782310004,"258":-0.042936882782310004,"259":-0.05189767973257413,"260":-0.05189767973257413,"261":-0.18857294970594207,"262":0.017885169910793752,"263":-0.2260666653953306,"264":-0.14451670322978555,"265":0.02700451783474822,"266":-0.04637044111575633,"267":-0.2538000818132738,"268":-0.2538000818132738,"269":-0.2538000818132738,"270":-0.38024489013433027,"271":-0.38024489013433027,"272":-0.21693251543081934,"273":-0.18649934446650068,"274":-0.39358228403151996,"275":0.38778897962548153,"276":-0.28537684113332074,"277":-0.4405808297822087,"278":0.6963225104699196,"279":-0.3805591089291477,"280":-0.6785010138386642,"281":-0.1585382572208045,"282":-0.0706045610452177,"283":-0.09925745353932153,"284":-0.08220561371851001,"285":-0.20927743290566597,"286":-0.022090975460302614,"287":-0.07197774521227233,"288":0.09832841691248771,"289":-0.08555955301479892,"290":-0.22472157221767916,"291":-0.0717789320304146,"292":-0.2726285413926837,"293":-0.5149929656113715,"294":-0.0915103195886921,"295":0.10094564334776368,"296":-0.17618002067944966,"297":-0.04491058784648028,"298":-0.3003817321547054,"299":-0.31503234417308185,"300":-0.341743773756715,"301":0.1615743481713311,"302":0.03198128292074093,"303":-0.05275216513287756,