{"1":-0.12485725357853644,"2":-0.05036948399304721,"3":-0.14137923700959426,"4":-0.031213810492560112,"5":-0.04467386317436452,"6":-0.03118451446787643,"7":-0.018133509108769055,"8":-0.0832618304575709,"9":-0.0832618304575709,"10":-0.021998624259502983,"11":-0.021998624259502983,"12":-0.08553197000249263,"13":-0.08553197000249263,"14":-0.13941797352006047,"15":-0.13941797352006047,"16":0.004955480444900785,"17":0.004955480444900785,"18":0.004955480444900785,"19":-0.013448589918009426,"20":-0.013448589918009426,"21":-0.0054443144345854635,"22":-0.0054443144345854635,"23":-0.01889096070298625,"24":-0.04470720459856987,"25":0.04645914913386872,"26":-0.09028325446038368,"27":-0.007204286169720374,"28":-0.008645403684888267,"29":0.0017398653013134951,"30":-0.059188584626895455,"31":-0.05497090029094214,"32":-0.03804359450179137,"33":0.021650767668636654,"34":-0.02932895354293759,"35":-0.0869024830781292,"36":-0.0653749850824707,"37":-0.06986442657397912,"38":-0.05747751174406939,"39":-0.023427041719213643,"40":-0.07965695326018193,"41":-0.12605081324217346,"42":-0.12279709765203256,"43":-0.0732425607577645,"44":-0.05841532221823448,"45":-0.09048267338745461,"46":-0.05047291594413289,"47":-0.10548558007136018,"48":-0.04928939761555318,"49":-0.1384324066049448,"50":-0.1384324066049448,"51":-0.04928939761555318,"52":-0.04928939761555318,"53":-0.07700021564675745,"54":-0.07700021564675745,"55":-0.017240904039632785,"56":0.020584474329494104,"57":0.02221747925624084,"58":0.004500336782202794,"59":0.025058818473080537,"60":0.046249071400160366,"61":0.057609489367794774,"62":0.03538596489253383,"63":0.07374391757998966,"64":0.008743776739232573,"65":0.040358828621122965,"66":0.07693669325912586,"67":0.11860838746289604,"68":0.025231948718781885,"69":-0.03872108461032004,"70":-0.07644801939138551,"71":-0.027845751840452543,"72":-0.04214072682070575,"73":-0.029604479590963143,"74":-0.03839342972590608,"75":-0.14661776599915743,"76":-0.07677450612650166,"77":-0.0559997659554855,"78":-0.07005691175936068,"79":-0.02632337547518096,"80":-0.04416122482977799,"81":-0.04134206275423606,"82":-0.16203191328071329,"83":-0.07421004209618895,"84":-0.0793725818263335,"85":-0.052867463931428035,"86":-0.11472396465706641,"87":-0.11472396465706641,"88":-0.13291408435856397,"89":-0.13291408435856397,"90":-0.036868948023601654,"91":-0.025114566297867506,"92":-0.0405703441636082,"93":-0.01309820474866915,"94":-0.026370043336341145,"95":-0.04434508994339041,"96":-0.04859012444116033,"97":-0.02187145146231937,"98":-0.012677839127665111,"99":0.148325214425853,"100":0.14321488467938567,"101":-0.0036799579724491743,"102":-0.022465168855250107,"103":-0.03651997449664229,"104":-0.022668888025713207,"105":-0.030331992047780254,"106":0.18006205280333482,"107":-0.03540086776495975,"108":-0.005900959308885026,"109":-0.020445077861695013,"110":-0.043280070341393855,"111":-0.07226073393124093,"112":-0.02186296930824278,"113":-0.013624677370126972,"114":0.001661949001572155,"115":-0.0032733484013219363,"116":0.00538417646777456,"117":-0.1735664469592474,"118":-0.16734912869794066,"119":-0.017122212453174745,"120":-0.00548862687611347,"121":0.005330660977332827,"122":-0.05063942288336312,"123":0.015289718817635342,"124":-0.07220277717142282,"125":-0.019806893711762058,"126":-0.019806893711762058,"127":-0.058977526344261,"128":-0.1284211212374822,"129":-0.031100171404927747,"130":-0.019806893711762058,"131":-0.019806893711762058,"132":0.0725221634783442,"133":0.08240449049875087,"134":-0.01302325957060782,"135":-0.04503226707977912,"136":0.10360268064500895,"137":0.1559558373054108,"138":-0.007711471037744548,"139":0.15480610215447402,"140":-0.011149942184117509,"141":-0.07366698645531156,"142":0.3630431965873674,"143":-0.08294763783262227,"144":0.05178217021857605,"145":0.18573925904385521,"146":-0.03633987691532932,"147":0.14304361304340377,"148":0.01867118476268683,"149":-0.024336924888365523,"150":-0.04166203704254531,"151":-0.017337019199128507,"152":0.022528203296858326,"153":-0.06303888268963485,"154":-0.052277813026828386,"155":-0.04472745610382439,"156":0.021513436424538797,"157":0.0002051337823014976,"158":-0.061680077564662365,"159":-0.018950010232877422,"160":-0.017775865114822067,"161":0.011025144644549942,"162":-0.02851350308904306,"163":-0.011802501252873833,"164":-0.00860355755100875,"165":-0.05691727470846124,"166":-0.039684944817812165,"167":-0.11021268646810331,"168":-0.0726535102583123,"169":-0.035228182479585896,"170":-0.025211658306819595,"171":-0.10716252412585463,"172":-0.015691040748087984,"173":-0.055809393136437464,"174":-0.05606150522969877,"175":-0.05885950074629344,"176":-0.023756754247492948,"177":-0.09925379154354576,"178":-0.08246402997510123,"179":-0.08713633904793242,"180":-0.025546141456974137,"181":-0.04784935493925134,"182":-0.06853035204415835,"183":-0.05280765885936434,"184":-0.07082331244158399,"185":-0.10281543290209369,"186":-0.03999505641962151,"187":-0.06822622435942459,"188":-0.037788503628658834,"189":-0.029211975553651078,"190":-0.043057707775298715,"191":-0.05727157872130727,"192":-0.05973615348376023,"193":-0.0631084043948989,"194":-0.06407892581846078,"195":-0.06758880712389116,"196":-0.02285187935375632,"197":-0.0837275530036027,"198":-0.08077180289237913,"199":-0.04920360019263338,"200":-0.0164848983968838,"201":0.08692982633483853,"202":0.08692982633483853,"203":-0.016067638660813864,"204":-0.023147389006001114,"205":-0.01873534863147778,"206":-0.04055016510844434,"207":-0.04454121387937704,"208":-0.04723198153000392,"209":-0.017451634356909093,"210":-0.017318155400596554,"211":-0.030944888193076364,"212":-0.05528588488488237,"213":-0.017268828632203186,"214":-0.018149513910268283,"215":-0.0481824337961977,"216":-0.03266454918507008,"217":-0.028422487740420964,"218":-0.07805926949140707,"219":-0.03023480103459021,"220":-0.025054122695002387,"221":-0.058446252368814684,"222":-0.0437578697184829,"223":-0.04535379408021814,"224":-0.05530516617199316,"225":-0.019672320894484372,"226":-0.050222411748407,"227":-0.19669984923624534,"228":-0.07271619144862115,"229":-0.09617505726057382,"230":-0.024541563568325764,"231":-0.038807677605006925,"232":0.01927429476977624,"233":-0.043199531985339316,"234":-0.044181264217463795,"235":-0.08165405572033331,"236":-0.02555735615090972,"237":-0.1135516534416856,"238":-0.08644982064215542,"239":-0.19801138939733515,"240":-0.19801138939733515,"241":-0.015556044523708457,"242":0.0617836778559194,"243":0.07702453618153371,"244":-0.06505271677119129,"245":-0.0519019366122168,"246":0.1748368377197218,"247":0.05632009778666536,"248":0.1297603941281769,"249":-0.004435188724263496,"250":0.07277469958581917,"251":-0.02345484735299616,"252":0.08341977108441723,"253":-0.02852635843076433,"254":0.003460539608043033,"255":0.04362202567048618,"256":0.04362202567048618,"257":-0.04551012242529609,"258":-0.04551012242529609,"259":-0.0013152252714981813,"260":-0.0013152252714981813,"261":0.1735202017131644,"262":0.26317397794787967,"263":0.1947055614530481,"264":0.31185366233820305,"265":0.37620752289284154,"266":0.1757447588150324,"267":0.07636795993313414,"268":0.07636795993313414,"269":0.07636795993313414,"270":0.3749194367742481,"271":0.3749194367742481,"272":-0.09518870025043903,"273":-0.000045441174009674956,"274":0.03209796359807254,"275":0.13013352662945876,"276":-0.3984961720205481,"277":-0.17260959292160843,"278":-0.14026010056708726,"279":0.09943154477972475,"280":-0.057883239319810376,"281":-0.09365932869913579,"282":-0.5366590277089184,"283":-1.1111697905579792,"284":-0.12254745803739037,"285":-0.18242270341382147,"286":-0.3085024700428018,"287":0.21447868979900903,"288":0.283049844045345,"289":-0.11462325690218567,"290":-0.18789958264514178,"291":-0.38249246681732463,"292":-0.11611865109599656,"293":-0.06630079099911337,"294":-0.23921599483637251,"295":-0.18787178780305644,"296":-0.11167987732780574,"297":-0.08414085071037058,"298":-0.22236515435596493,"299":0.3769373916454669,"300":-0.07794951776007478,