{"1":-0.9818657834883167,"2":-4.0021127061162725,"3":-1.2724934382182114,"4":-0.7032711862823469,"5":-0.5322965341957149,"6":0.10018891073810887,"7":-0.1282451598653006,"8":-0.5904623074967814,"9":-0.5904623074967814,"10":-1.5524681790262842,"11":-1.5524681790262842,"12":-2.0065709072333546,"13":-2.0065709072333546,"14":-2.3467726699743716,"15":-2.3467726699743716,"16":-0.33180348230560663,"17":-0.33180348230560663,"18":-0.33180348230560663,"19":-0.14155487388632226,"20":-0.14155487388632226,"21":-0.23802525037547198,"22":-0.23802525037547198,"23":-0.09039033677256197,"24":-1.0288699655681794,"25":-0.05013810596536762,"26":-0.2505954759261702,"27":-0.07099359356826426,"28":0.017331292157543338,"29":-0.4959364949209192,"30":0.12126918505827541,"31":0.07985122009181839,"32":0.15972685991708144,"33":-0.04458204656787129,"34":-0.05636936167265208,"35":-2.454139940074446,"36":-0.4270475708477138,"37":-0.6770819870896886,"38":-0.5980485159026218,"39":-0.06820743426942866,"40":-0.41486326585762545,"41":-0.5158614102613575,"42":-1.843644477516833,"43":-0.4925383684921593,"44":-0.3805797334118304,"45":-1.1362035551632073,"46":-1.0389783665900723,"47":-1.2504327186103055,"48":-0.5236752241424241,"49":-1.0103030446550791,"50":-1.0103030446550791,"51":-0.5236752241424241,"52":-0.5236752241424241,"53":-1.089064509038721,"54":-1.089064509038721,"55":-0.07812376481659505,"56":-0.24082257243686683,"57":-0.0663561302303668,"58":0.0342858110385931,"59":0.1534980336803673,"60":-0.10296534331961882,"61":0.08150580975653915,"62":-0.1957716725489711,"63":-0.06424950541198549,"64":0.040251582959050375,"65":0.12882025066425576,"66":-0.06787150483846466,"67":-0.1318386680680388,"68":-0.6834104306624134,"69":-0.34471147794800655,"70":-0.3237690549647767,"71":-0.45872494015896154,"72":-0.4173820992159597,"73":-0.278511411827284,"74":-0.4297695729070017,"75":-2.082450998143543,"76":-0.500278606427983,"77":-0.1975714823943101,"78":-0.6288816855523495,"79":-0.41632333666341176,"80":-0.6010319485653839,"81":-0.15887537235571325,"82":-0.5241950634908695,"83":-0.7654087829722495,"84":-0.598873595481822,"85":0.005723838764247979,"86":-0.5377835576135617,"87":-0.5377835576135617,"88":-0.3443470252944995,"89":-0.3443470252944995,"90":-0.16086734043761552,"91":-0.13660446597199777,"92":-0.31264085860650825,"93":-0.05896018274459899,"94":-0.058347562197890654,"95":-0.20680587006903367,"96":-0.17806144924676656,"97":-0.08406016996767149,"98":-0.1252110662558411,"99":-0.002741423068281734,"100":0.16488169992960033,"101":-0.3770980692679995,"102":-0.25467130503423796,"103":-0.2381859067204466,"104":-0.06654653531894694,"105":0.21531352417985145,"106":-0.2890039700569801,"107":-0.21678601600287778,"108":-0.2263749387078834,"109":0.045804302986080736,"110":-0.18077653462998222,"111":-0.4391497137982171,"112":-0.13727997585824336,"113":-0.18160218107452325,"114":0.06895163637826085,"115":-0.4390939933669471,"116":-0.12462511626810346,"117":-0.36978660758631,"118":-0.5490314183656522,"119":-0.29236713880685483,"120":-0.3929591122683339,"121":-0.18397198760302547,"122":-0.15212301060564315,"123":-0.20469677301733102,"124":-0.3515612266488046,"125":-0.11734338654340604,"126":-0.11734338654340604,"127":-0.26591384723738587,"128":-0.23316290662156725,"129":-0.0942592519846489,"130":-0.11734338654340604,"131":-0.11734338654340604,"132":-0.1515929057395456,"133":-0.5828388226362599,"134":-0.742723213070612,"135":-0.2128641965159741,"136":0.28780721750479565,"137":-1.2251584019989044,"138":-0.5750275963589917,"139":0.2968114924916645,"140":-0.11375513132006643,"141":-0.4292472950351836,"142":-1.0572412635052049,"143":-0.9627324438655624,"144":-0.9409244870031572,"145":-0.5183761527093279,"146":-0.23785102475198516,"147":-0.5425361082726494,"148":-0.1794744115763937,"149":-0.04206466279680354,"150":0.7078666589966656,"151":-0.08927926185291435,"152":0.005018782180632897,"153":-0.36714522679271916,"154":-0.5702209258504748,"155":-1.1168963774931442,"156":-0.8285810195079333,"157":-0.3472045737964493,"158":-0.5229514655733811,"159":-0.5474452409583774,"160":-3.616624975645199,"161":-0.021587557563352733,"162":-0.7011338601297153,"163":-0.225291690297436,"164":-0.2232474057084768,"165":-0.2282816148022735,"166":-0.48686445862371275,"167":-0.37791521649613535,"168":0.03460156883112964,"169":-0.02607525654731746,"170":-0.20230412925059826,"171":-0.03590543770547594,"172":0.274339920776672,"173":-0.4722743805250528,"174":-0.48844633344134236,"175":-0.9072155789519165,"176":-0.3991277214146123,"177":-0.325749914455269,"178":-0.6399460827892226,"179":-0.9685289524434345,"180":-0.19010885337246483,"181":-0.10204106490183473,"182":-0.04356010501389074,"183":-0.24107359102149734,"184":-0.20393489481303118,"185":-0.434856715336047,"186":-0.26072557312671807,"187":-0.13726966977971378,"188":-0.47603269917657715,"189":-0.2518720119064841,"190":-0.10517406830019926,"191":-0.5483907617109649,"192":-1.3412934147736095,"193":-0.4655530668632381,"194":-1.1131455317864458,"195":-0.721000991572651,"196":-0.4533480675957309,"197":-1.5196463291614384,"198":-2.115668586176035,"199":-0.08179327318944951,"200":0.08146899080825731,"201":-0.41049286490963666,"202":-0.41049286490963666,"203":-0.2690474493596241,"204":-0.3126909345904144,"205":-0.18854854772213359,"206":-0.5444119009314821,"207":-0.5512333990265927,"208":-0.2000280302690537,"209":-0.3181777603951847,"210":-0.695079734006484,"211":-0.1361890595123732,"212":-0.4169269681566626,"213":-0.1701270968688134,"214":-0.23852945841735018,"215":-0.539757708660547,"216":-0.27109405082051646,"217":-0.3219819201044142,"218":-0.37026096266714076,"219":-0.3584177279895686,"220":-0.5023404387179249,"221":-0.5561746675524526,"222":-0.8112215245856227,"223":-0.19731101852974825,"224":-0.9974833429627514,"225":-1.2269011610858591,"226":-0.28942911431649165,"227":-0.25403004869994095,"228":-0.3147695968980525,"229":-0.47808412297583885,"230":-0.2628372131432509,"231":-0.2645068252661393,"232":-0.02982879750504963,"233":-0.8195748063676502,"234":-0.385302287576219,"235":-0.6103026665372464,"236":-0.409543312759709,"237":-0.5758117744047876,"238":-4.222805820964956,"239":-0.876490135882053,"240":-0.876490135882053,"241":-0.04162594089480637,"242":0.034369531044997126,"243":0.07902109256142967,"244":-0.06563940370734989,"245":-0.08724691280330504,"246":-0.33554491889523586,"247":-0.1204609724326259,"248":-0.2440583170034172,"249":-0.07359880637163912,"250":-0.349729244625973,"251":-0.3168144975713416,"252":0.1985949737948489,"253":-0.2546298134970335,"254":-0.046222887356158565,"255":-0.05422769783891787,"256":-0.05422769783891787,"257":0.01456146193457121,"258":0.01456146193457121,"259":-0.04115323938300325,"260":-0.04115323938300325,"261":0.36075149027023456,"262":0.40692299972245416,"263":0.6973653611960549,"264":-0.12900947449286382,"265":0.3665812675202693,"266":-0.29838509063978635,"267":0.07773688030311748,"268":0.07773688030311748,"269":0.07773688030311748,"270":-0.11422472469282619,"271":-0.11422472469282619,"272":-2.2676574919312205,"273":0.11111091682119484,"274":-1.337398456085575,"275":-1.538594897884983,"276":-1.888481825000727,"277":-2.5351465033677805,"278":-2.373295544187484,"279":-0.9472760212041101,"280":-0.8715584055559837,"281":-0.12001069040264456,"282":-0.13278385388270694,"283":-0.42692793243933497,"284":-0.15403464580451734,"285":-0.16268963536104292,"286":-0.24875032120543483,"287":-1.1560654380700879,"288":0.22162545831574068,"289":0.264471003349962,"290":0.13855821669647694,"291":-0.29428398539560696,"292":-0.925493424964076,"293":-0.5229587147774251,"294":-0.5694159514666235,"295":-0.6563202123849485,"296":0.016040674850345243,"297":-0.3441647334108796,"298":-0.35361107377409784,"299":-0.2605211197806804,"300":-0.6261479033634998,"301":0.6474490211957875,"302":-1.1557150368306062,"303":0.15239297446322753,"304":-0.4265312775962783,"305":-0.1272145385263066,"306":-0.4265312775962783,"307":-0.3315863564045761,"308":-0.977387407019026,"309":-0.4370318532160179,