{"1":-0.34459113820742915,"2":-0.29231313938535886,"3":-0.4650096088510274,"4":-0.9944634185351158,"5":-0.5133354825543617,"6":-0.3406896451961612,"7":0.33013453391753256,"8":-0.32955889234400226,"9":-0.32955889234400226,"10":0.5265897741285954,"11":0.5265897741285954,"12":0.29474035132476795,"13":0.29474035132476795,"14":0.6601816621125667,"15":0.6601816621125667,"16":0.04895781803892563,"17":0.04895781803892563,"18":0.04895781803892563,"19":0.5420106471649029,"20":0.5420106471649029,"21":0.17727364817800506,"22":0.17727364817800506,"23":0.13650434472701423,"24":0.264688989864446,"25":0.800028598729216,"26":0.13664057044547073,"27":0.07958701429292336,"28":-0.2753946687678348,"29":0.16653262946359693,"30":0.29166171757482795,"31":-0.06360289430927857,"32":-0.1733501852743604,"33":-0.13307409711946194,"34":-1.1538340307392791,"35":-0.7667250462173021,"36":-0.7954421659159658,"37":-0.5180200931085848,"38":-0.9167774500364843,"39":-0.9240407611576957,"40":-0.39806935773355967,"41":-0.7714320406796285,"42":-0.36525307808898866,"43":-0.24891495254584406,"44":-0.19402461418338746,"45":-0.6700988566701378,"46":-0.6673282440182948,"47":-0.2871041847198521,"48":-0.5965243927610899,"49":-0.6563262140796997,"50":-0.6563262140796997,"51":-0.5965243927610899,"52":-0.5965243927610899,"53":-0.18091912323643466,"54":-0.18091912323643466,"55":-0.916052462817861,"56":0.49520111771847986,"57":0.3726253538498949,"58":-0.3739537182574564,"59":-0.17042877798454015,"60":1.097362775411832,"61":0.5868439304259381,"62":0.7745407063551206,"63":0.38612670256861836,"64":0.547928281100106,"65":0.7492064208048141,"66":1.0039793935054009,"67":0.5464994359200004,"68":0.998433779366934,"69":-0.8603094436135166,"70":-0.8697112331840486,"71":-0.4414270866127801,"72":-0.35145450286848323,"73":-0.5610980924790949,"74":-0.6193622325436365,"75":-0.46359377673698177,"76":-0.64570877390093,"77":-0.2616163940667384,"78":0.040052904977105896,"79":-0.5387689467004098,"80":-1.1703463422180436,"81":-0.607608529377988,"82":-0.10129049000491808,"83":-0.39070497426156603,"84":-0.296536986187081,"85":0.5920903579171419,"86":-0.5860958023120268,"87":-0.5860958023120268,"88":-2.204375948048627,"89":-2.204375948048627,"90":0.050039634920166165,"91":-1.402679038200148,"92":-0.40518848384340345,"93":0.08875840554727255,"94":-0.8084236593592697,"95":0.0713346075435286,"96":-0.4663221738895462,"97":0.08552450233604247,"98":0.8325193984950818,"99":0.12398822499624806,"100":0.08275659315180661,"101":0.5507305438339101,"102":-0.6329754297328978,"103":-0.2735020553438541,"104":0.03420193109118408,"105":-0.07717802471782731,"106":-0.04495233653148745,"107":-0.045410736671331886,"108":-0.3614775640440575,"109":-0.09760040722870489,"110":0.38844268804246607,"111":-0.30998728567913325,"112":-0.03891946990584749,"113":-0.3321929193038544,"114":-0.7406079928680089,"115":0.21978627612761992,"116":0.48108144601560143,"117":0.021628008649399177,"118":-0.07183464674256879,"119":0.03024426435243477,"120":0.024423885429892156,"121":0.09278317140226822,"122":-0.21006139812470837,"123":0.5845078027968471,"124":-0.37554832939694327,"125":-0.15877080685516232,"126":-0.15877080685516232,"127":0.3261054434601638,"128":0.07198975830528687,"129":-0.16394931149565517,"130":-0.15877080685516232,"131":-0.15877080685516232,"132":0.23562057746889664,"133":0.48135730245238495,"134":-0.41178434311251255,"135":-0.6821765159968756,"136":-0.044913452196869486,"137":-0.1803646804931751,"138":-0.9902497208941954,"139":1.0735792270982731,"140":-0.978299696259957,"141":-0.7053030193424412,"142":0.8612754784910912,"143":-0.30740665670929745,"144":-0.23566793398062824,"145":-0.025236292194517063,"146":-1.4480955326488143,"147":-0.05886822965307559,"148":-0.40551317653244734,"149":-0.4054992410029197,"150":-0.9557213419715191,"151":-0.45837060813735375,"152":-0.30344466953807947,"153":-0.6663329553846373,"154":-0.5267403877331027,"155":-0.5505551906109367,"156":-0.5379972991784108,"157":-0.7149208085030443,"158":-0.5212909289830607,"159":-0.3271009076626523,"160":-0.36590348860929645,"161":-1.0491596927661608,"162":-0.8646247016787738,"163":-0.29420075212796437,"164":-1.749657613013861,"165":-0.6037107154812582,"166":-0.7636433382441239,"167":-0.42773949074489126,"168":-0.8840711920151652,"169":-0.7772041756332713,"170":-0.4378120510800403,"171":-0.18235453787469114,"172":-0.2903310839239257,"173":-0.6151340111871886,"174":-0.5296913822226355,"175":-0.7050594944076845,"176":-0.3185841018148876,"177":-0.4936943787792343,"178":-0.6024276553866414,"179":-0.24354390519311897,"180":-0.6710285504371178,"181":-0.6037027433184463,"182":-0.5847450392503926,"183":-0.5136256198167437,"184":-0.3732947266032882,"185":-0.28199032604176666,"186":-0.6965270270375092,"187":-0.6899284166589543,"188":-0.7929594463457641,"189":-0.687283850420686,"190":-0.4436648836875352,"191":-0.45551224720856487,"192":-0.7132785798171217,"193":-0.8395250629184283,"194":-0.47305495666957365,"195":-0.7520441040735952,"196":-0.6247801747163377,"197":-0.5014596787223145,"198":0.3085583516212873,"199":-0.5169716190146847,"200":-0.5459255111238948,"201":-0.4235934758872224,"202":-0.4235934758872224,"203":-0.7034554415955578,"204":-0.6315686473946291,"205":-0.47688290270566047,"206":-0.5062421604856002,"207":-0.5698543794563036,"208":-0.6621490625605164,"209":-0.7608993534305237,"210":-0.7784706949715217,"211":-0.920414920133102,"212":-1.1018154085710155,"213":-0.663382208908263,"214":-0.5486832422510488,"215":-0.5306431258620079,"216":-1.241402589064017,"217":-0.6325908512079124,"218":-0.7150800976035692,"219":-0.9058973305455371,"220":-0.9732666184430521,"221":-0.9452262926772077,"222":-0.9329661901709807,"223":-0.8992319101657753,"224":-0.7565156753239077,"225":-0.38549953157370265,"226":-0.4397372999052882,"227":-1.1316807117254717,"228":-1.040270374426166,"229":-0.5885157184853744,"230":-1.0070265305250041,"231":-0.8493384447922674,"232":-0.4358450136348706,"233":-0.6344206018911887,"234":-1.0316300913620973,"235":-0.6970606796220875,"236":-0.854300629069447,"237":-0.8904527133393252,"238":-0.7739867777098102,"239":-0.6638076357925944,"240":-0.6638076357925944,"241":-0.19525838881398272,"242":-0.04704500940308032,"243":-0.2787283850343911,"244":-0.31575938203929343,"245":-0.110405397799199,"246":0.19791094210606408,"247":0.7795541055489126,"248":-0.2633395845286488,"249":-0.951716132268797,"250":-0.22447432986101168,"251":-1.1581995499139444,"252":-0.3661409762844583,"253":0.18311489332162556,"254":0.025310370601315357,"255":-0.16582393131262174,"256":-0.16582393131262174,"257":0.034697017358457316,"258":0.034697017358457316,"259":0.06532144121542194,"260":0.06532144121542194,"261":0.1808554653328176,"262":1.690740265734315,"263":0.3220863332477202,"264":0.7866251688662005,"265":0.9865085716176729,"266":0.42355224919122136,"267":0.04102599175861088,"268":0.04102599175861088,"269":0.04102599175861088,"270":1.4007098872002661,"271":1.4007098872002661,"272":0.18877759947743067,"273":0.10782596911145292,"274":0.6252153381892005,"275":1.4427347555526318,"276":0.572841390463108,"277":1.4973330458475065,"278":1.1261422263019991,"279":0.573435810880741,"280":-0.13005297710123864,"281":-0.18922505145997692,"282":-0.6937269135871711,"283":-0.5966025716194956,"284":-0.8054407995798893,"285":-1.3295089400960123,"286":-2.039387458703916,"287":0.32170930084832317,"288":0.6000877479507762,"289":-0.3192046530780601,"290":0.047499514602701964,"291":-0.4381424583338869,"292":-0.12579665852531274,"293":-0.18320707704539219,"294":-0.31286628221377466,"295":0.1879810143368541,"296":0.050098399106091485,"297":-0.6441815725854951,"298":0.03473314771276215,"299":0.9137252624118628,"300":-0.37746845375450766,"301":-0.37415109736474594,"302":-0.3948966942893879,"303":-0.1274926141896886,"304":-0.7511207005087277,"305":-0.002168261906057012,"306":-0.7511207005087277,"307":-0.11860322049515748,"308":-0.0853749220460549,"309":-0.24567772314602276,"310":-0.3108998897143529,"311":0.03842767827280813,