{"1":-0.2184895483714008,"2":-0.18109884847741192,"3":-0.02861333032500235,"4":-0.1254861975024802,"5":-0.04847911345915723,"6":-0.011357513076769632,"7":-0.0907234612778163,"8":-0.19230650101008492,"9":-0.19230650101008492,"10":0.0862558800173911,"11":0.0862558800173911,"12":-0.29546838195573877,"13":-0.29546838195573877,"14":-0.09611750868188644,"15":-0.09611750868188644,"16":-0.010497420669154683,"17":-0.010497420669154683,"18":-0.010497420669154683,"19":-0.06536116208209303,"20":-0.06536116208209303,"21":-0.10436577890101828,"22":-0.10436577890101828,"23":-0.06445006345389905,"24":0.005364455107440991,"25":0.08620689655172414,"26":-0.07936711381468847,"27":-0.08937136810277167,"28":-0.045808064210956095,"29":0.010663580292575539,"30":0.03704266383406665,"31":0.1218842390604242,"32":-0.07665430330642067,"33":0.07256437563160334,"34":0,"35":-0.22810260049222286,"36":-0.17490569841689818,"37":-0.09825629448382311,"38":-0.11668712477860427,"39":-0.00047721145910678553,"40":-0.33601181943335945,"41":-0.6092567230217786,"42":-0.2753116146382545,"43":-0.06694174587655188,"44":-0.15096205884968716,"45":-0.3224900387447639,"46":-0.00188080554724962,"47":-0.09076266089623258,"48":-0.08868239313919674,"49":-0.40272517688334064,"50":-0.40272517688334064,"51":-0.08868239313919674,"52":-0.08868239313919674,"53":-0.29032763902625364,"54":-0.29032763902625364,"55":-0.1294784645140703,"56":0.02335758932187633,"57":0.06832828604771125,"58":-0.192858489945068,"59":-0.10367121410861052,"60":0.2345940070705138,"61":0.16221303329694758,"62":0.07620588328404927,"63":-0.005332468843065291,"64":-0.014608298911881326,"65":0.22558059668558644,"66":0.5026052987637195,"67":0.31727907026043445,"68":0.42013096523345816,"69":-0.06543360578820667,"70":-0.1657877136347813,"71":-0.024419072542236797,"72":-0.06852030763985723,"73":-0.004539836387175089,"74":0.024496417709791884,"75":-0.021574746717545334,"76":-0.25725996396141265,"77":-0.3733305350234083,"78":0.025245300974833296,"79":0.06953687462638858,"80":-0.06147569414557269,"81":-0.19934403090038785,"82":-0.2489053174567195,"83":-0.36232186137647326,"84":-0.17322986312707925,"85":-0.07662287092161718,"86":-0.07520689685085252,"87":-0.07520689685085252,"88":-0.18700778566757637,"89":-0.18700778566757637,"90":-0.5189070173224937,"91":-0.11844500102919131,"92":-0.6299567643394783,"93":-0.18909698615162696,"94":-0.05650482780967092,"95":-0.5888523542629764,"96":-0.3765789046935366,"97":0.24340160474592842,"98":-0.06995014469362504,"99":0.391654488555301,"100":0.48698381200140084,"101":0.022002722371732675,"102":0.030482441119950965,"103":0.004054663014049609,"104":-0.044038981227426666,"105":0.08004462758583081,"106":0.16385922958888655,"107":0.03264118528883586,"108":0.0022102554409735298,"109":0.032129467026631414,"110":-0.1460914248913091,"111":-0.047145887716517704,"112":-0.009370445308874653,"113":-0.07730792062191788,"114":-0.3564991076617096,"115":-0.043006312483636094,"116":-0.059026049287323024,"117":-0.051947504682945955,"118":-0.3678390720713493,"119":-0.11986329801344253,"120":-0.1622162367981207,"121":-0.03760017916234448,"122":-0.13271219783627297,"123":-0.1472908124447509,"124":-0.12429052372390412,"125":-0.08304552367306633,"126":-0.08304552367306633,"127":0.1606902173794802,"128":-0.17249958211295036,"129":-0.09270111948351559,"130":-0.08304552367306633,"131":-0.08304552367306633,"132":0.36855898288984645,"133":0.42760345906535485,"134":0.114839892965719,"135":-0.07915247662701669,"136":0.13954531296907274,"137":0.530900601832828,"138":-0.08488474921593964,"139":0.4383726306760593,"140":0.07589761722477129,"141":0.11665946527601456,"142":0.9208323546113419,"143":-0.11251903122842116,"144":0.1219037101960132,"145":0.47490965228851356,"146":-0.13152218751766542,"147":0.3181546670506208,"148":0.09899153164263139,"149":-0.06821493601557937,"150":-0.1151003758081166,"151":-0.10124443438132713,"152":0.06970245385844431,"153":-0.11137399011726576,"154":-0.035363005142540066,"155":-0.10130014557421652,"156":0.06469569470509595,"157":-0.13453482889017965,"158":-0.20513267862947634,"159":-0.019628522132307813,"160":-0.0019354264602507998,"161":-0.07939367163805452,"162":-0.05876635194140878,"163":0.0016762885897685376,"164":-0.31666359145809586,"165":-0.09073339268929875,"166":-0.24141492592698266,"167":-0.15468494626060447,"168":-0.10052461774990495,"169":-0.08241447389864037,"170":-0.010142774245096797,"171":0.0027966097232082765,"172":-0.002375773598063513,"173":-0.06591616913792706,"174":-0.21777865968935098,"175":-0.1265024394732031,"176":-0.07615613322207973,"177":-0.16359663945647385,"178":-0.11216573309249875,"179":-0.09726067498778529,"180":-0.019266433333012145,"181":-0.10534147234158435,"182":-0.08331509697582426,"183":-0.11132110324929295,"184":-0.11537274454510116,"185":-0.22393970447990558,"186":-0.20634321745946305,"187":-0.12742229143285141,"188":-0.07985845967383554,"189":-0.02550760072960706,"190":-0.08043724602577712,"191":-0.05480416641412161,"192":-0.08512509053935141,"193":-0.11620632863077218,"194":-0.08726746753945752,"195":-0.2181884021674548,"196":-0.16965107426418258,"197":-0.2413227099311439,"198":-0.08631797804605984,"199":-0.22697187310014888,"200":-0.09107562106444464,"201":0.14142994345597498,"202":0.14142994345597498,"203":-0.03767689378971992,"204":-0.07237019360803375,"205":-0.3296388770176055,"206":-0.08448871419297849,"207":-0.13283784226594883,"208":-0.10754347190804701,"209":-0.09380872417406849,"210":-0.172256181093501,"211":-0.08376638791807722,"212":-0.13931247754017767,"213":-0.06779394491918406,"214":-0.060220455182182,"215":-0.10487946998246678,"216":-0.1663589877013757,"217":-0.030835864381620504,"218":-0.1567472342954949,"219":-0.09766538169324443,"220":-0.17278128811399154,"221":-0.10941084635849152,"222":-0.16407424671148702,"223":-0.08543977093030425,"224":-0.09092465494179353,"225":-0.021336322817810963,"226":-0.10715037379156678,"227":-0.250212250811939,"228":-0.16136691201545011,"229":-0.15085336271053978,"230":-0.08643617743009946,"231":-0.25962355159446493,"232":0.05978359608189182,"233":-0.1668694494170723,"234":-0.19331450490265645,"235":-0.044743355282613306,"236":-0.09240163405852836,"237":-0.19444902028471664,"238":-0.13285344115890413,"239":-0.2596256098169556,"240":-0.2596256098169556,"241":0.025109368652484254,"242":0.08941693221287189,"243":0.36306520997339986,"244":-0.30727978282231083,"245":-0.005986437128042699,"246":0.8356975434930891,"247":0.5479867586352426,"248":0.040357598352110724,"249":0.2114294917785554,"250":-0.11911852293031566,"251":-0.18541815955400287,"252":-0.0038486338817419197,"253":-0.05707189711806385,"254":0.048040121094193707,"255":-0.015364708399114552,"256":-0.015364708399114552,"257":0.24096924177396278,"258":0.24096924177396278,"259":0.08552900191419527,"260":0.08552900191419527,"261":0.23566782228229044,"262":0.2937714913830597,"263":0.2132742303657131,"264":0.2016341505183702,"265":0.9593523231881175,"266":0.15053978913053717,"267":-0.029801863573059306,"268":-0.029801863573059306,"269":-0.029801863573059306,"270":0.6665193965727377,"271":0.6665193965727377,"272":-0.2824924440781447,"273":-0.1347859770966533,"274":-0.35806348772600993,"275":2.6630963862837964,"276":-0.4820470180508831,"277":1.1616938982167202,"278":1.0101679232087761,"279":0.13604140593852285,"280":0.3080790997291253,"281":-0.7173513925669228,"282":-0.4626406102523637,"283":-0.5226031321619553,"284":-0.4414821646247471,"285":-0.5045334475619334,"286":-1.916363685731278,"287":0.8603175878573611,"288":0.5929256058059232,"289":-0.39544757944120196,"290":-0.4071786883185285,"291":-0.8376093066146509,"292":-0.23395040187530713,"293":-0.12054009853540104,"294":-0.1761855010204657,"295":0.25389570241854265,"296":-0.13256124232313438,"297":-0.5390872198669707,"298":-0.8461310807546258,"299":1.3520796345041703,"300":-0.34702254482011147,"301":-0.29564609877851655,"302":-0.36011778603981603,"303":-0.4201438617694937,"304":-0.09289649236160291,"305":-0.20285018831589602,