{"1":-0.47851414615634313,"2":-2.1668275816824254,"3":-0.9205768346044239,"4":-0.21049202216049484,"5":-0.3291155107750815,"6":0.18068399878845115,"7":0.0640505231454006,"8":0.03199271003267712,"9":0.03199271003267712,"10":-0.5073291493768364,"11":-0.5073291493768364,"12":-0.825879387565905,"13":-0.825879387565905,"14":-1.1241891725496163,"15":-1.1241891725496163,"16":-0.2370632691813237,"17":-0.2370632691813237,"18":-0.2370632691813237,"19":-0.04876126281203369,"20":-0.04876126281203369,"21":-0.013409349785430735,"22":-0.013409349785430735,"23":0.09908638550313331,"24":-0.3676055808424886,"25":-0.05227817625794357,"26":-0.14570692212981712,"27":0.029836483989119478,"28":0.14684662213949956,"29":-0.30287317252746804,"30":0.1705012041518585,"31":0.09504779197341684,"32":0.2960984690266315,"33":-0.030276997793174804,"34":-0.027202877887572696,"35":-0.8735044480148397,"36":-0.1402555942749626,"37":-0.2363998839620136,"38":-0.1856676936369479,"39":0.18807057178932235,"40":-0.09959116153822334,"41":-0.14268275733338576,"42":-0.9695654608286739,"43":-0.18809599624191642,"44":-0.18918167557006133,"45":-0.4341179697141529,"46":-0.14460716043559374,"47":-0.3754935830252124,"48":-0.07732244739472027,"49":-0.3928155050246962,"50":-0.3928155050246962,"51":-0.07732244739472027,"52":-0.07732244739472027,"53":-0.3561239836608728,"54":-0.3561239836608728,"55":-0.05202754704804402,"56":-0.13648923140012031,"57":-0.12813190982460387,"58":0.0006896027569864016,"59":0.07852312193087518,"60":-0.14131732759730908,"61":0.02569715121672761,"62":-0.12313388597444574,"63":-0.15543865715798522,"64":-0.04202005005276241,"65":0.05346759547005009,"66":-0.07477380693974889,"67":-0.11744582548184002,"68":-0.2785315681641013,"69":-0.16625499317975279,"70":-0.23389679675555253,"71":-0.42131901652645753,"72":-0.1422892630167789,"73":-0.08128712276374761,"74":-0.1033733416437248,"75":-1.0965475030805085,"76":-0.4840405625810349,"77":-0.07543916832495057,"78":-0.40394749064970364,"79":-0.1998196812065366,"80":-0.37366204143542736,"81":-0.024648455794185953,"82":-0.41009780974610766,"83":-0.8872460710561575,"84":-0.2135183208459862,"85":-0.04456792365733753,"86":-0.3698226433968928,"87":-0.3698226433968928,"88":-0.17099033302847944,"89":-0.17099033302847944,"90":-0.14487888077207212,"91":-0.12315723965727365,"92":-0.19752802650087775,"93":-0.08617523146677553,"94":-0.07149124964209885,"95":-0.2236425424669109,"96":-0.24160086942156997,"97":-0.14918460739841485,"98":-0.2049226975741845,"99":0.06878123484668797,"100":0.14339781452727796,"101":-0.12457676039818588,"102":-0.08819587844823018,"103":-0.10146253648673187,"104":-0.05485074300657311,"105":0.1788254959754355,"106":-0.028012209005189193,"107":-0.0793666515336291,"108":-0.10997483704529826,"109":0.08129063519250562,"110":-0.1754117767654947,"111":-0.13303060950794787,"112":-0.01246533345329981,"113":-0.07272175725031432,"114":0.02878179160390676,"115":-0.09152775546190928,"116":-0.06461618737630093,"117":-0.08750816422687813,"118":-0.24727327588419734,"119":-0.06361856240843244,"120":-0.21685333876201296,"121":-0.052434675327292624,"122":0.037384917103870374,"123":-0.02002299273512742,"124":-0.22523896273299093,"125":-0.010724685935603107,"126":-0.010724685935603107,"127":-0.10945548048244602,"128":-0.1496923996397313,"129":-0.035901912822034365,"130":-0.010724685935603107,"131":-0.010724685935603107,"132":0.0027190738731849295,"133":-0.30641371301686604,"134":-0.10648799040983903,"135":0.0032907289708873355,"136":0.3369884077290708,"137":-0.35882851358614176,"138":-0.1912122895885109,"139":0.2872532082527074,"140":0.028533891695784575,"141":-0.22012728984867191,"142":-0.6574891007854775,"143":-0.24562066292337748,"144":-0.4286330329619421,"145":-0.2360421954210402,"146":-0.1378863498243429,"147":-0.07549967527623735,"148":-0.11363026898711265,"149":0.010401281370195692,"150":0.5821827930001597,"151":-0.10307890175524059,"152":-0.006939472801322344,"153":-0.21561104442834617,"154":-0.2253417906044588,"155":-0.39461797424986733,"156":-0.21909679038835217,"157":0.06039755044027706,"158":0.02024827761764103,"159":-0.09110041516810985,"160":-1.4728689121095462,"161":0.07644663536067453,"162":-0.28443849963179935,"163":-0.011219125791298024,"164":0.011910408276574969,"165":-0.046670446618295225,"166":-0.09078956215618594,"167":-0.15686649500117766,"168":0.21077002838481262,"169":0.07262494106055883,"170":-0.033863291083190084,"171":-0.07334075164493326,"172":0.3249565967898279,"173":0.11928366721118266,"174":0.0004726328610021868,"175":-0.3273713848845732,"176":-0.028141001714289793,"177":-0.09766807220499685,"178":-0.04911367377552922,"179":-0.1882995978429608,"180":-0.027348349894395108,"181":0.011495838743590281,"182":0.0868290746825523,"183":0.03515843750145592,"184":-0.009046091871980966,"185":-0.08816053328259477,"186":0.08350478457423582,"187":0.11438828943878376,"188":0.030626663827305278,"189":0.15220849080521393,"190":0.11438133916108306,"191":-0.026188585638680095,"192":-0.10691561198855637,"193":-0.044975206537068435,"194":-0.3276134242852854,"195":-0.24746013741397943,"196":0.1510980863850886,"197":-0.31574379650033224,"198":-0.46072558585122225,"199":0.3623413350272364,"200":0.2511700121252701,"201":-0.09341878847947505,"202":-0.09341878847947505,"203":-0.023917069452000506,"204":-0.0525504792444112,"205":0.0760733563853972,"206":-0.09885167968811887,"207":-0.18049798731663758,"208":0.015005332360156498,"209":-0.09394360943627433,"210":-0.20211495928338968,"211":0.018637197342533857,"212":-0.18038243254877803,"213":-0.04624376959698556,"214":-0.028504918438281845,"215":-0.09313789685293283,"216":0.03837499877035905,"217":0.06799706279007367,"218":0.11708038436783763,"219":0.05368956648876494,"220":-0.09723214893619603,"221":-0.14996106936874148,"222":-0.16537640532902154,"223":0.031544685244320414,"224":-0.33614231435662234,"225":-0.39880035057927404,"226":0.009853187621105097,"227":0.037152752359392305,"228":-0.01991705515206721,"229":-0.1590949245728388,"230":-0.0010253259789368974,"231":0.0382715265775978,"232":0.07845149275667884,"233":-0.16441446686578554,"234":-0.008378210737395753,"235":-0.10008092749498132,"236":-0.023135864144738894,"237":-0.08326189488151203,"238":-2.1219663369914326,"239":-0.32958149887117827,"240":-0.32958149887117827,"241":0.015047505791953408,"242":0.09152107100081719,"243":0.20136650306503096,"244":0.0001663884978860275,"245":-0.08838800202219009,"246":-0.13932186685336423,"247":-0.043934773207909394,"248":-0.07645376880699606,"249":-0.07022888090564408,"250":-0.2284186393669758,"251":-0.050850224545538225,"252":0.13724489620998354,"253":-0.1675574031301097,"254":0.00045096121272915346,"255":-0.08297558286742035,"256":-0.08297558286742035,"257":0.011196910559065076,"258":0.011196910559065076,"259":-0.004669563614619593,"260":-0.004669563614619593,"261":0.2932226208696733,"262":0.2562149800571165,"263":0.7185078417530973,"264":0.10315599780391582,"265":0.3536397726353613,"266":-0.22481526077564729,"267":-0.006880375487703483,"268":-0.006880375487703483,"269":-0.006880375487703483,"270":0.13273960184603084,"271":0.13273960184603084,"272":-1.242147084240334,"273":0.048373532247737605,"274":-0.8876394419402373,"275":-0.7481485046894791,"276":-1.0186622743509033,"277":-1.3968310309726117,"278":-0.9984282671119802,"279":-0.743515744389676,"280":-0.4406581150935538,"281":-0.13859367169639564,"282":-0.10137103105315845,"283":-0.36795332192182034,"284":-0.1732325718817699,"285":-0.2120395667410463,"286":-0.2287843144401792,"287":-0.6168330262391303,"288":0.2103465798009753,"289":0.34583240052773745,"290":0.3382640382855127,"291":-0.04956447834074762,"292":-0.23587181179120065,"293":-0.17600604667217046,"294":-0.29935639649684714,"295":-0.322903345491475,"296":0.034303776991179896,"297":-0.3769625689140974,"298":-0.2133916730528592,"299":-0.08406879949497573,"300":-0.18509918295557448,"301":0.5543956793434462,"302":-0.24925478639757892,"303":0.22616561753743802,"304":0.004960471593582705,