{"1":0.4454532926804675,"2":-0.418503322609751,"3":0.41285618572050303,"4":0.6774321893783632,"5":-0.07659396351464215,"6":0.45428733990463055,"7":0.14259992212180317,"8":0.3345862390962779,"9":0.3345862390962779,"10":1.028794693217122,"11":1.028794693217122,"12":0.20933684670426994,"13":0.20933684670426994,"14":0.21004084382140542,"15":0.21004084382140542,"16":-0.07981837597187866,"17":-0.07981837597187866,"18":-0.07981837597187866,"19":-0.05844645781809296,"20":-0.05844645781809296,"21":0.3747172055046877,"22":0.3747172055046877,"23":0.2892864844934343,"24":0.09971552196738927,"25":1.0567514677103718,"26":0.1402381201244812,"27":0.16565230669096137,"28":0.13501329124192768,"29":-0.12343404596376452,"30":0.11249325813477545,"31":0.13015214052409776,"32":0.4612035547590606,"33":0.48234048017243686,"34":0.6048735606137929,"35":0.5958879409091898,"36":0.6284466250794957,"37":0.6159117002188466,"38":0.28877483656281194,"39":0.3988958375858698,"40":0.23580475979364357,"41":0.8126692375822335,"42":0.5946786056470723,"43":0.02203876503395727,"44":-0.011554964567910275,"45":0.4879067394101455,"46":0.3932374610278123,"47":0.623112642222823,"48":0.6590470227348257,"49":0.9155293749128024,"50":0.9155293749128024,"51":0.6590470227348257,"52":0.6590470227348257,"53":0.1765736728874152,"54":0.1765736728874152,"55":0.15176891720334967,"56":0.2874718282896532,"57":0.1516705963237373,"58":0.33397261207491213,"59":0.14911501893192577,"60":0.45078174351453437,"61":0.13397974502016188,"62":0.1511400822958383,"63":0.14212364083265808,"64":0.3093786247427832,"65":0.0721790358004535,"66":0.30488824415630394,"67":0.35721021051349355,"68":0.1773451551195918,"69":0.261256423323483,"70":0.44600109683401024,"71":0.11467638870196012,"72":0.014633303263368369,"73":0.021325472147393082,"74":0.13724395197593295,"75":0.10171266342500718,"76":0.09991864199828643,"77":0.17527879038334052,"78":-0.09724175823398976,"79":0.01541953220702802,"80":0.13508952799982551,"81":0.025032086599225983,"82":-0.14599414015059184,"83":0.1362364804259955,"84":-0.012487996106700539,"85":0.027975449301562816,"86":-0.06527413872986054,"87":-0.06527413872986054,"88":0.5951661514009079,"89":0.5951661514009079,"90":-0.03543455250048891,"91":0.01912908239135158,"92":-0.08842005206302847,"93":-0.04916184356085734,"94":0.2967898071995659,"95":0.05820505364860734,"96":-0.06450958925099651,"97":0.10161583246252744,"98":0.052866121229720064,"99":0.09605113882192953,"100":0.09246118583416912,"101":0.030474702457299274,"102":0.009662435638077865,"103":-0.012027511247637263,"104":-0.07543231087495822,"105":0.0407325764253916,"106":-0.05915440021196988,"107":-0.0933267921299892,"108":0.07339887685047106,"109":0.08503945010124753,"110":0.019484642973410737,"111":0.013085237619133744,"112":0.06153690313370591,"113":0.20892911260564584,"114":-0.05544514356931529,"115":0.14090501267695532,"116":-0.018900600476914553,"117":-0.0425952228096903,"118":-0.0801195141569821,"119":0.03874560499183505,"120":0.006039797481900783,"121":0.08228212456941675,"122":0.04614993476447915,"123":0.0565919768661754,"124":-0.2444064086979641,"125":0.0706877890188751,"126":0.0706877890188751,"127":0.1536811371308174,"128":0.08517067082714727,"129":0.061690763935449686,"130":0.0706877890188751,"131":0.0706877890188751,"132":0.1839973026732128,"133":-0.11062233591408449,"134":0.2015143299303223,"135":0.23970056125631023,"136":0.2787587565438299,"137":0.22796770141798656,"138":0.5681878067792785,"139":0.1969339094701648,"140":0.92703115827983,"141":0.983907048517005,"142":-0.39380892308634424,"143":0.39475449718250666,"144":0.1760226474983358,"145":0.30029358299365666,"146":0.8054778825193531,"147":0.6269383890082363,"148":0.42847514233666883,"149":0.1807343444647151,"150":0.6182784752139154,"151":0.13744774386734504,"152":0.20592853083741844,"153":0.14548226592979158,"154":0.30768990661505213,"155":0.26690637784541116,"156":0.44926438011559655,"157":1.0656173892082466,"158":0.5846288486100353,"159":0.22793154739262594,"160":-0.032325542529723916,"161":0.4077684407370347,"162":0.09472315852852564,"163":0.15913871481659084,"164":0.6440232826926651,"165":0.236194982913079,"166":0.7935706600927026,"167":0.15235610628608934,"168":0.19434662903355845,"169":0.22129004482298298,"170":0.04754715944313653,"171":0.034191725489646496,"172":0.38742793115827767,"173":0.8237378048610674,"174":0.4151973497376164,"175":0.9108575387854576,"176":0.4230797270581853,"177":0.3081858058774864,"178":0.5330688974918362,"179":0.4879702419117323,"180":0.3191664764415816,"181":0.7909837257832731,"182":0.4266426944612429,"183":0.6578273735077214,"184":0.5139441312968274,"185":0.29369458498877443,"186":0.39115269209630055,"187":0.3879530435664066,"188":0.7739977311797483,"189":0.6657827820300263,"190":0.4528952591967482,"191":0.3546697754108293,"192":0.5010686721820788,"193":1.100742575974326,"194":0.40596622269445604,"195":0.43074882128546077,"196":0.4998382858757237,"197":0.46901522717086874,"198":0.1581694766234381,"199":0.520332320350706,"200":0.5110409171258606,"201":0.3481935825320889,"202":0.3481935825320889,"203":0.24421933968088766,"204":0.2027117287551245,"205":0.3598627178978827,"206":0.304063486733417,"207":0.19704986930101942,"208":0.20702652065949426,"209":0.0990644411096645,"210":0.07490290057222362,"211":0.37187530076939956,"212":0.031795490317857195,"213":0.2077266049080988,"214":0.22488655801096813,"215":0.05410062900603202,"216":0.4186935759005591,"217":0.19916423412775125,"218":0.18545955861970648,"219":0.24102359364146095,"220":0.21047112523076839,"221":0.09511640436995898,"222":0.3757423551497479,"223":0.25705996706038337,"224":0.2549951967202181,"225":0.32572503956256244,"226":0.13404599125477115,"227":0.12186031273155837,"228":0.5517471510011149,"229":0.34672187249430203,"230":0.5800098325472932,"231":0.5491324572886918,"232":0.10654191397018589,"233":0.14253042494925186,"234":0.3250661427181338,"235":0.4433572190487389,"236":0.7600490310764298,"237":0.4497344356966602,"238":0.018683291144118486,"239":0.05046571354123425,"240":0.05046571354123425,"241":-0.19824962568418325,"242":0.42898761235250343,"243":0.9190887085176483,"244":0.4943332255825124,"245":-0.4437607441920006,"246":0.523611470670813,"247":0.622486704100447,"248":1.5313919836879164,"249":0.907289507128686,"250":0.28477582865116524,"251":0.2136248333314813,"252":1.3784413224812981,"253":-0.08032952901134134,"254":0.0996696546215191,"255":0.556643376437304,"256":0.556643376437304,"257":0.0964800444077843,"258":0.0964800444077843,"259":0.09286599395735341,"260":0.09286599395735341,"261":0.20371673075917562,"262":-0.32314555676903955,"263":0.6047558598955654,"264":0.2644907065998222,"265":0.6385386900000884,"266":-0.17000253456778153,"267":0.8502297294528771,"268":0.8502297294528771,"269":0.8502297294528771,"270":1.4044294925312935,"271":1.4044294925312935,"272":1.3005023887059357,"273":2.169097030178178,"274":1.4695131998255735,"275":0.05748005656720517,"276":-0.39425361328351743,"277":0.2127907456217481,"278":0.015011412089102616,"279":0.5928993864144979,"280":0.7172762267551501,"281":-0.0833792261318386,"282":-0.18040638432893902,"283":-0.6288487344062524,"284":-1.2437468844917228,"285":-0.5881937888656298,"286":-0.41709978737509873,"287":-0.07978239893193897,"288":0.3840316620348911,"289":0.20401233955400136,"290":0.05668478062467855,"291":0.020183576880049098,"292":0.054412167139940154,"293":0.6005012668868128,"294":-0.1031976721233262,"295":-0.9816673612204503,"296":0.5309993172498797,"297":-0.07943762736466992,"298":0.2344124563294126,"299":0.7501368200427951,"300":0.32485219468821447,"301":0.356995126667836,"302":0.23924776860454994,"303":0.40347327903781793,"304":0.24826129631257882,"305":0.23038145959672557,"306":0.24826129631257882,"307":-0.12723683659390167,"308":0.05664263385777141,"309":0.23471685591395192,"310":0.46388571707562376,"311":0.22484022522025013,"312":0.6760966156392771,"313":0.14304728412824302,"314":0.15128219829312367,"315":0.25558433861874263,