{"1":0.8911474159542425,"2":0.15460959310922961,"3":-0.1442478903286134,"4":5.8063939361551355,"5":0.9525167840414281,"6":0.4593953932906293,"7":0.20172669874150728,"8":0.27488738198835216,"9":0.27488738198835216,"10":0.5672561346349289,"11":0.5672561346349289,"12":0.23463473918188005,"13":0.23463473918188005,"14":0.15160814343691167,"15":0.15160814343691167,"16":1.1498019450604984,"17":1.1498019450604984,"18":1.1498019450604984,"19":0.3988686537805622,"20":0.3988686537805622,"21":0.26512000561501337,"22":0.26512000561501337,"23":1.2699765353378505,"24":1.3939531435473527,"25":0.2795518888332663,"26":-0.009795065529548647,"27":0.9960889175892426,"28":0.3357974968698909,"29":0.651848600219542,"30":0.38857174664919114,"31":0.19163812548749787,"32":0.019351270545515054,"33":0.13095601643288285,"34":0.10063424413293985,"35":0.10502036103797563,"36":0.09235011225424677,"37":0.020965991545428386,"38":0.4405988727494253,"39":0.4915024278212008,"40":0.26707406537276535,"41":0.11047143758436445,"42":0.18602235540516868,"43":0.3787204092995198,"44":0.4063557780594455,"45":0.035541801853266775,"46":0.18908420375207427,"47":0.12953289876519436,"48":0.27055913808051746,"49":0.17182800902086537,"50":0.17182800902086537,"51":0.27055913808051746,"52":0.27055913808051746,"53":0.2940293487710127,"54":0.2940293487710127,"55":0.10057680484761358,"56":0.12547207097017019,"57":-0.013849662435640231,"58":0.18533124617034352,"59":0.13353610526260412,"60":0.06850572487691137,"61":0.18736613883329722,"62":0.2604678883591318,"63":0.4032558215207196,"64":0.16349369014439788,"65":0.35086896701805226,"66":-0.02902743789327994,"67":0.18264061829006595,"68":0.06902726076723509,"69":-0.00498651848004511,"70":0.07309138237440915,"71":-0.02386489122426033,"72":0.087389386664741,"73":0.4078350388426969,"74":0.22474486945680422,"75":0.05192576272029037,"76":0.1255383378399561,"77":0.05245725010096225,"78":0.27937441685500336,"79":-0.0266591927065693,"80":0.24114707150855952,"81":-0.057393780019649565,"82":-0.10090773515634782,"83":0.12901132631283516,"84":0.3138524416850236,"85":0.15146623447529517,"86":0.1147265997633114,"87":0.1147265997633114,"88":0.045095806459798715,"89":0.045095806459798715,"90":-0.004259266823801705,"91":0.0042700316122690485,"92":0.04829805520788977,"93":0.024151477595464488,"94":-0.30911808669656204,"95":0.01585632275590626,"96":-0.06138056163059494,"97":-0.041768095875126504,"98":-0.0278723228029219,"99":1.3788951734813593,"100":1.153056989397717,"101":0.11721757204027852,"102":0.19093007503790604,"103":0.24949376382329685,"104":0.2887150522881528,"105":0.2006177244980121,"106":0.25716576484959974,"107":0.23376120205571221,"108":0.3805469202144901,"109":0.3967385098277698,"110":0.5520152777916447,"111":0.4012098300263761,"112":0.256028790196409,"113":0.29685025425967637,"114":1.0117968576671896,"115":0.33639944228964436,"116":0.3422339993215774,"117":0.6126923230417329,"118":0.5029493237134158,"119":0.9444040531144284,"120":0.25092224373323396,"121":0.6541843267327869,"122":0.6090343717851933,"123":0.8468611071807842,"124":4.631105146381361,"125":0.45421422749297646,"126":0.45421422749297646,"127":0.47158430564060816,"128":0.9677522235292966,"129":0.23325863244303693,"130":0.45421422749297646,"131":0.45421422749297646,"132":0.12207910942395434,"133":0.03271227858463338,"134":0.4478568942802424,"135":0.24032012666543878,"136":0.04408648232279408,"137":0.1978234735748027,"138":0.05583713761109155,"139":0.2635995208996531,"140":-0.01793132569169953,"141":0.15563790882961398,"142":0.07311096989173632,"143":0.12170277104944544,"144":0.18986265825065995,"145":0.2451864394108506,"146":0.11796417319878139,"147":0.025762164707682195,"148":-0.06692076782795432,"149":0.11300040226166903,"150":0.1957289709134271,"151":0.013491830739939037,"152":0.06358509604015203,"153":0.13151880342150873,"154":0.14259647862995806,"155":0.08174017278585184,"156":0.13013597928399645,"157":0.30071369018110494,"158":0.6127884718603168,"159":0.09398211439024803,"160":0.10849221445091109,"161":0.11604632059526121,"162":0.24736204360567107,"163":0.1966656805209744,"164":0.3495828953437821,"165":0.39594415301349634,"166":0.18423310382228436,"167":0.21119257431311933,"168":0.60955038847973,"169":0.1992621240325556,"170":0.42681834284436754,"171":0.10663035401476884,"172":0.461948189312116,"173":0.5469173851758053,"174":0.48957841671260205,"175":0.6117972220569675,"176":0.14596378436077667,"177":0.49477733817826214,"178":0.44821318159996426,"179":0.45258211391279757,"180":0.20946831384598413,"181":0.27021567227558785,"182":0.4035439722989413,"183":0.2293661866972156,"184":0.3800486516120248,"185":0.48601003642213736,"186":0.5352018397487,"187":0.41207586150982367,"188":0.7180038946652427,"189":0.5079828920088124,"190":0.4957140248747675,"191":0.4243077331368801,"192":0.5229469430977325,"193":0.48359007172858043,"194":0.3275970665507835,"195":0.26465152011146886,"196":0.7850152701919108,"197":0.5357042366916411,"198":1.250234849285074,"199":0.721869120911877,"200":0.5488864143562749,"201":0.02795529775134925,"202":0.02795529775134925,"203":0.21705379241203016,"204":0.124896659143317,"205":0.12683680057623228,"206":0.19322523784566867,"207":0.09561957040453103,"208":0.1936115084811272,"209":0.0943798199068398,"210":0.12294653664667653,"211":0.14786003236799342,"212":0.1460914847458075,"213":0.18485903590020653,"214":0.21325924848247765,"215":0.20116251411293518,"216":0.3126894281449033,"217":0.23898266282188457,"218":0.6196080539955312,"219":0.2708890598237539,"220":0.21004266786628506,"221":0.13907504712941626,"222":0.5241880917554368,"223":0.42082634972486593,"224":0.508162194713072,"225":0.23553413407453977,"226":0.6066613099144837,"227":0.2512212005930872,"228":0.15918613371367635,"229":0.1318661808772863,"230":0.2568887059660807,"231":0.287300902062988,"232":0.21718779501110452,"233":0.3467361093833131,"234":0.4245282969213824,"235":0.40978174438806897,"236":0.36291794600999094,"237":0.11328118606429344,"238":0.15795314904857197,"239":0.1411492978921936,"240":0.1411492978921936,"241":2.097668689187304,"242":0.9420009853021585,"243":2.8121943825363602,"244":0.6158156231363019,"245":-0.03334515469252197,"246":0.10738096275592462,"247":0.0495288124244547,"248":0.543029703875504,"249":0.175377060680463,"250":0.11005631035086116,"251":0.259531389163962,"252":0.21306818181818182,"253":-0.027161823665081658,"254":0.07005973544090667,"255":0.033760680295277554,"256":0.033760680295277554,"257":0.23429699217283995,"258":0.23429699217283995,"259":0.017033617624732295,"260":0.017033617624732295,"261":0.05639393717894755,"262":0.05604888102621245,"263":0.1829545040835892,"264":0.06365886219737839,"265":0.1569301862552401,"266":0.1895796692628427,"267":0.12137757790891492,"268":0.12137757790891492,"269":0.12137757790891492,"270":0.09645437837886119,"271":0.09645437837886119,"272":0.10678056593699947,"273":0.8133860097606321,"274":0.6863048244937899,"275":-0.0457529717897318,"276":0.009386404371423906,"277":0.45742717325702886,"278":0.3404725365480328,"279":0.31461761858664083,"280":0.10631873779422345,"281":0.020959966464053657,"282":-0.07237975545256983,"283":0.02160006760959332,"284":0.19516763293482955,"285":0.013766091057917103,"286":0.026532322666382675,"287":0.32389441378282435,"288":0.09832841691248771,"289":1.0955474511746874,"290":2.6449193753436266,"291":2.1557536350019206,"292":1.5518883631834797,"293":0.31090556719991047,"294":0.887395591243681,"295":0.3445209650578805,"296":0.1840640667717146,"297":0.29271862422246614,"298":0.281436268472702,"299":0.47279326109060626,"300":0.10069746283838413,"301":0.2637647018610568,"302":0.24793759125218526,"303":0.2634548880368428,"304":0.28266507309864974,"305":0.18335516260337958,"306":0.28266507309864974,"307":0.11443281260455862,"308":-0.015369846307095647,"309":0.24813757283113833,"310":0.49871106040085483,"311":0.44325338708576456,"312":0.3640205499791208,"313":0.1487616930240819,"314":0.08502426292583128,"315":0.07084661707403471,