{"1":-0.5224363371194569,"2":-2.2707746308346914,"3":-1.084801814670083,"4":-0.1754424578552649,"5":-0.6140296918941873,"6":-0.27215981246986065,"7":-0.19097388220966494,"8":-1.4067759622645823,"9":-1.4067759622645823,"10":-2.4353084927109183,"11":-2.4353084927109183,"12":-0.5160479025724087,"13":-0.5160479025724087,"14":-0.9475666645874532,"15":-0.9475666645874532,"16":-0.4848684050576999,"17":-0.4848684050576999,"18":-0.4848684050576999,"19":-0.017041631940250657,"20":-0.017041631940250657,"21":0.13852493273498068,"22":0.13852493273498068,"23":0.0291923936217795,"24":-0.4185790636057578,"25":-0.08259451163527148,"26":-0.43317796901314143,"27":-0.260469657599242,"28":-0.36093274662907016,"29":1.483215586458913,"30":0.5781236274681354,"31":0.8407437430413172,"32":0.19815665536839422,"33":-0.3057940920689446,"34":0.10194376531412641,"35":-0.5941302697869606,"36":-2.0458037541533596,"37":-0.8128354630779784,"38":-0.9032745847025092,"39":-0.5578143518178393,"40":1.30773490763446,"41":-2.3929891054615844,"42":-0.56748479018668,"43":-0.4166728179757473,"44":-0.3145290193305086,"45":-0.30555675618728184,"46":1.480703393086738,"47":-0.23703952400623063,"48":-0.6302358584553414,"49":-1.2174005355227067,"50":-1.2174005355227067,"51":-0.6302358584553414,"52":-0.6302358584553414,"53":0.3005531215627384,"54":0.3005531215627384,"55":-1.923656999522838,"56":-0.5539694926483432,"57":-0.7255685009553874,"58":-0.6158525152064892,"59":-1.207965230659723,"60":-1.3304949526982912,"61":-0.48174534348266884,"62":-0.6474387623542879,"63":-1.3612086711897817,"64":-0.5398583444127394,"65":-0.45198661817239594,"66":-0.9998784009872548,"67":-0.2356714096492194,"68":-0.9529403959011056,"69":-1.4772348943623461,"70":-1.0421282474767004,"71":-0.5788045467345668,"72":-0.4785458232850588,"73":-0.7751385540295974,"74":-0.7740521701729071,"75":-2.3042797254275396,"76":-1.820095621132361,"77":-1.1218634640381593,"78":-1.1364049725039025,"79":-0.606147656712535,"80":-1.4853676354098209,"81":-0.767894423979794,"82":-1.2916485140431426,"83":-3.83499563191788,"84":-0.6985061636319783,"85":-0.9306596620308563,"86":-2.46608892317297,"87":-2.46608892317297,"88":-4.3195991903179705,"89":-4.3195991903179705,"90":-3.648663913402361,"91":-2.997685839918937,"92":-3.2429476092437994,"93":-4.4009710919145,"94":-1.7683241803365757,"95":-4.79714210196088,"96":-4.4165320253578795,"97":-3.774136016737816,"98":-6.056578472461169,"99":0.17764459330250082,"100":-0.3301769492204487,"101":0.05976780248455471,"102":-0.43795885957446234,"103":-0.637405961779681,"104":-1.2417084864887995,"105":-0.550786148275511,"106":-0.3972438298211638,"107":-0.5390688871531337,"108":-1.0864391444585086,"109":-0.9216839617981036,"110":-2.3366209742903816,"111":-0.9913992118817583,"112":-0.8406788996234695,"113":-1.0043617516942085,"114":-0.07242816057120294,"115":-0.2368177956285087,"116":-0.6037359437268646,"117":-0.7975705468813148,"118":-0.7769744347357754,"119":-0.17554948817240312,"120":-1.2455765751204875,"121":-0.6077788822906585,"122":-0.7685017655092583,"123":-0.7393172170370192,"124":-1.0888386238500662,"125":-0.4084405019357531,"126":-0.4084405019357531,"127":-0.9283422880071699,"128":-0.9594099209503026,"129":-0.6933397350287733,"130":-0.4084405019357531,"131":-0.4084405019357531,"132":-0.5805570428922628,"133":-0.7461694104861909,"134":-0.7475612211549754,"135":-1.1476572527126194,"136":0.48777763034041133,"137":-1.3362753222223471,"138":-1.7269217645538033,"139":0.02355967807533954,"140":-2.2033506347844485,"141":-1.297196425127817,"142":-0.985024693014859,"143":-0.3824387288939173,"144":-1.3787323168870476,"145":-1.5732635251011926,"146":-1.2885040034517257,"147":-3.2580672059698124,"148":-0.9718941581032818,"149":-0.5527073611895374,"150":-0.016219673206087748,"151":-1.0868614807169212,"152":-1.132889401082056,"153":-0.915627900835734,"154":-0.9863652550478279,"155":-0.9111440883542845,"156":-0.9237734403494509,"157":-0.40352766199639145,"158":-0.4385704395870871,"159":-0.5629340039263622,"160":-1.7335814556334936,"161":-0.9963094869169122,"162":-0.7754408692637647,"163":-0.6085069273420305,"164":-1.188325101913203,"165":-0.6951739549355254,"166":-0.9743396335813252,"167":-0.8088274269304072,"168":-0.5740985386752882,"169":-0.7264632574620458,"170":-0.6764579422016488,"171":-0.6561064965064902,"172":-0.2278323432136955,"173":-0.5932264978130974,"174":-0.6665870642090987,"175":-1.7254635757465637,"176":-0.39933108871045686,"177":-0.5510081174373238,"178":-1.2794751294982563,"179":-1.130389571530634,"180":-0.6854173023356875,"181":-0.4574831469187184,"182":-0.37125373461964006,"183":-0.25944241931968937,"184":-0.4931199044686656,"185":-0.6031311134065307,"186":-0.33856814341128905,"187":-0.46764139950525996,"188":-0.6827370399798474,"189":-0.5542024673853096,"190":-0.4983371266581704,"191":-1.3231662197062661,"192":-1.8211497475522762,"193":-0.571236330829179,"194":-2.041597883182081,"195":-1.4642696462817373,"196":-1.1516777274042669,"197":-4.903771274151101,"198":-7.027503493070636,"199":-3.233382000903199,"200":-1.1046793079303718,"201":-0.8943797079117735,"202":-0.8943797079117735,"203":-0.9205298170072604,"204":-0.8377578795551,"205":-0.20342342084277787,"206":-0.6840672043358316,"207":-0.9097573404745012,"208":-0.4748489165985843,"209":-0.3696197417834588,"210":-0.6683437510437193,"211":-0.5134394900632435,"212":-0.9293633799975052,"213":-0.4835716140416274,"214":-0.5264891611204445,"215":-0.5289491824087378,"216":-0.6916556353584173,"217":-0.5790024467903847,"218":-0.43050787491207565,"219":-0.8552249682967568,"220":-0.7209074239467941,"221":-1.1713726142161809,"222":-1.293344994869563,"223":-0.46380578114496296,"224":-0.948619660143744,"225":-1.2181815594041399,"226":-1.1265201088281493,"227":-0.5832611381139179,"228":-0.5364451026383168,"229":-0.8013589652049458,"230":-0.4729298147914065,"231":-0.383557935574389,"232":-0.3624038721002196,"233":-0.6105448216051674,"234":-0.469565358675748,"235":-0.5359748857577835,"236":-0.5765672100982493,"237":-0.7347166886295362,"238":-2.194108449853102,"239":-0.4199930977349424,"240":-0.4199930977349424,"241":-0.43312415918548797,"242":-0.5614884073786099,"243":-0.1915346778997531,"244":0.16675572953601403,"245":0.7178766077392988,"246":-0.7286542507109979,"247":-0.4712708206471046,"248":-0.4267069577710296,"249":-0.4672601031978347,"250":-0.5802887184221338,"251":-0.746663924257658,"252":0.21607820914970932,"253":-0.5378427808772759,"254":-0.24298718682017673,"255":-0.527308065700115,"256":-0.527308065700115,"257":-0.7466568332316585,"258":-0.7466568332316585,"259":-0.2563175660344372,"260":-0.2563175660344372,"261":-0.7036377540789953,"262":0.037410064653120134,"263":0.4369965138538554,"264":0.09981440139920428,"265":-0.16423533150573233,"266":0.016676239597501752,"267":-0.27660915667037755,"268":-0.27660915667037755,"269":-0.27660915667037755,"270":0.10692541986016257,"271":0.10692541986016257,"272":-0.8037006126609727,"273":0.09670043264685468,"274":-0.041522379059284464,"275":-0.6980301817902892,"276":-0.8870143329636315,"277":-0.6954103864626502,"278":-0.7196887427603453,"279":-0.6729392749656535,"280":-0.77684165095194,"281":-0.0906904577087182,"282":-0.11291465143774904,"283":-0.6322201799578608,"284":-0.23466459184787436,"285":0.017410980590989,"286":-0.6714566179517614,"287":-0.2220825007041266,"288":0.18770704588019638,"289":-0.0360352858787083,"290":0.3530745499618275,"291":-0.02146637378229488,"292":-0.25579766532726467,"293":-0.45326923624114923,"294":-0.2830662198633626,"295":-0.7010253506956041,"296":0.13065591331005388,"297":-0.8078761501236182,"298":-0.8612223093201643,"299":0.11242669132293992,"300":-0.25984361499324526,"301":0.27126512848367357,"302":-0.16427000669249026,"303":-0.2688216142113058,"304":-0.09302366492550584,"305":0.23981277310409066,"306":-0.09302366492550584,"307":-0.3029337123794211,"308":-0.25277198437531145,"309":-1.2870605445507515,"310":-0.29446046879894716,"311":-0.3431388822467554,"312":-0.14192916824474056,