{"1":-0.657385609020307,"2":-2.8348924750998226,"3":-0.9535042940430289,"4":-0.40291039297989273,"5":-0.5766379187541635,"6":0.056180469649261155,"7":-0.15429674980396785,"8":-0.9144240021930765,"9":-0.9144240021930765,"10":-0.8216568459192746,"11":-0.8216568459192746,"12":-0.9769264243108698,"13":-0.9769264243108698,"14":-1.3310996101284696,"15":-1.3310996101284696,"16":-0.3328182029940012,"17":-0.3328182029940012,"18":-0.3328182029940012,"19":-0.05380475401639839,"20":-0.05380475401639839,"21":-0.08602132876605395,"22":-0.08602132876605395,"23":0.021725363277367793,"24":-0.5745252066242886,"25":-0.18138838947698266,"26":-0.23568109606522386,"27":-0.049348686485704896,"28":-0.03697098783401481,"29":-0.18336483668401982,"30":0.05670533989630461,"31":0.3885918736100634,"32":0.24681591494385002,"33":-0.051737899838191465,"34":-0.03399311482827927,"35":-1.2648183985126638,"36":-0.4838868771891173,"37":-0.4308399926537789,"38":-0.42364406872350735,"39":-0.44589896526103523,"40":-0.19302499368455128,"41":-0.3873451504316867,"42":-1.7631284796217366,"43":-0.36743882158152213,"44":-0.403114586688406,"45":-0.8601936716473246,"46":-0.7521059726340978,"47":-0.9006682294828453,"48":-0.48119704225784576,"49":-0.6390447690275846,"50":-0.6390447690275846,"51":-0.48119704225784576,"52":-0.48119704225784576,"53":-0.8847262656469326,"54":-0.8847262656469326,"55":-0.10853058477992711,"56":-0.07329914807724275,"57":-0.14333627961327355,"58":-0.0018837925873041172,"59":0.09952366060893886,"60":0.06777429924704026,"61":0.05556644459393756,"62":-0.0742088310355582,"63":-0.3117466330887998,"64":0.05919661667768486,"65":-0.21698520075417801,"66":0.009500590041525925,"67":0.23163058581064766,"68":-0.23535060628289395,"69":-0.03436872173498584,"70":-0.19031024623781556,"71":-0.14745264785479262,"72":-0.052544285345109354,"73":-0.24444704408053142,"74":-0.25116257356973415,"75":-1.0546733362115341,"76":-0.4525477672838487,"77":-0.21292768379450389,"78":-0.38644341079061084,"79":-0.23183943050451772,"80":-0.5655138917152049,"81":-0.21336785916366474,"82":-0.47368904150949775,"83":-1.2748190413287062,"84":-0.31756334252990354,"85":0.16534739572674007,"86":-0.5592393972056795,"87":-0.5592393972056795,"88":-0.2866980762707341,"89":-0.2866980762707341,"90":0.026617801398248764,"91":-0.1461346693873592,"92":-0.11103922491729956,"93":-0.16064943743414095,"94":-0.29503006012382077,"95":-0.3643273250309159,"96":-0.14730477988910484,"97":-0.1274981597713874,"98":-0.2756508075447238,"99":0.38505925962365806,"100":0.34105088808291284,"101":-0.09472000329927721,"102":-0.0687286746572241,"103":0.06632502762229853,"104":-0.04418266765625467,"105":0.1568739848735451,"106":-0.13172643421683938,"107":-0.0522751338097423,"108":-0.3193689012996022,"109":0.02689543537625616,"110":-0.10753706315243483,"111":-0.29709967855197017,"112":-0.15398522133457765,"113":-0.0644844395262133,"114":-0.042410415303342164,"115":-0.2707775182673807,"116":-0.0877106188381298,"117":-0.2282024955156774,"118":-0.2873121878767654,"119":-0.08166128611648049,"120":-0.1651081332128097,"121":-0.0500167765512739,"122":-0.14787831770879145,"123":0.002234337844854939,"124":-0.32077972779038216,"125":-0.05838879322372503,"126":-0.05838879322372503,"127":0.035360402087334375,"128":-0.1039078652958274,"129":-0.062405526687691115,"130":-0.05838879322372503,"131":-0.05838879322372503,"132":-0.04591189294831788,"133":-0.2306968347443482,"134":-0.23311370034276713,"135":-0.1871478896500054,"136":0.3823424620546211,"137":-0.7298971243558918,"138":-0.24544994720433677,"139":0.3172291503193807,"140":0.06533945696962318,"141":-0.12200238699614929,"142":-0.4652000376935639,"143":-0.31135720065787653,"144":-0.27856780214990473,"145":-0.3567704240663696,"146":-0.06991601482321297,"147":0.124702840774497,"148":-0.14146540993918807,"149":-0.001969255023882732,"150":0.7934259988893801,"151":0.10407953736444098,"152":-0.029419785905494877,"153":-0.29251760814643724,"154":-0.35318453354710366,"155":-0.46024299487988846,"156":-0.4463366250362908,"157":-0.18305197136809748,"158":-0.34882747018536525,"159":0.12134361986672859,"160":-1.1382106516929005,"161":0.0005089120216237863,"162":-0.32937128845638125,"163":-0.17629447277571142,"164":-0.10701508603535415,"165":-0.13739871511571156,"166":-0.30980147459384344,"167":-0.28047582810055843,"168":0.12565435370141437,"169":-0.005701161902805785,"170":-0.16491679954454902,"171":-0.05526608178613612,"172":0.10347321995928016,"173":-0.39468560514973255,"174":-0.2536710099953431,"175":-0.5585102275432725,"176":-0.23646895229350506,"177":-0.3343667176729178,"178":-0.3900774349097058,"179":-0.6982748159592224,"180":-0.13579966769587698,"181":-0.11044177757288362,"182":-0.10567092826936911,"183":-0.1454467569478039,"184":-0.15535073049817108,"185":-0.28859083549840414,"186":-0.18207398713374706,"187":-0.14908466007536428,"188":-0.2640195883638451,"189":-0.17327504119145143,"190":-0.08900043702348254,"191":-0.36237885532241276,"192":-0.8274757853785804,"193":-0.20305571356071195,"194":-0.5899053617372891,"195":-0.4182025667517178,"196":-0.3144786213883143,"197":-0.8358484531659047,"198":-0.6576864908859255,"199":0.0015361403845182142,"200":-0.05233596359747644,"201":0.022055539582901185,"202":0.022055539582901185,"203":-0.2177886841380187,"204":-0.19272822262317185,"205":-0.10906149303357798,"206":-0.25366827574108775,"207":-0.3136153828737867,"208":-0.18825158839558542,"209":-0.2571715067786636,"210":-0.38896259778047626,"211":-0.10399562222081693,"212":-0.3004161980718892,"213":-0.2524606605534368,"214":-0.262729337999682,"215":-0.3352105621130154,"216":-0.15234626723567957,"217":-0.1984568350848359,"218":-0.19286791925957972,"219":-0.227791969250321,"220":-0.22560426149445637,"221":-0.28062943895434445,"222":-0.5590828137235344,"223":-0.13597390585179747,"224":-0.6509798819374008,"225":-0.8663980126444646,"226":-0.17276744896443735,"227":-0.27533856768860704,"228":-0.3122922537819727,"229":-0.5000911599224366,"230":-0.15145803055551926,"231":-0.1865833904690339,"232":-0.025661616523510455,"233":-0.4503118335641381,"234":-0.23793017938708588,"235":-0.44462208664122743,"236":-0.3420513561087581,"237":-0.4659110528207035,"238":-2.5921251454475662,"239":-0.468249200294728,"240":-0.468249200294728,"241":-0.1971889653943834,"242":-0.0454255506546693,"243":-0.008724557661082266,"244":0.15793170196173367,"245":-0.20202150866286786,"246":-0.31061920748326916,"247":-0.1372799197200616,"248":-0.2820688096397889,"249":-0.0739539759676693,"250":-0.2948483956419228,"251":-0.4538485983127726,"252":0.183391340031268,"253":-0.29488140345884606,"254":0.030637242482340787,"255":-0.289499938172356,"256":-0.289499938172356,"257":-0.07889317953102504,"258":-0.07889317953102504,"259":-0.020597080896569142,"260":-0.020597080896569142,"261":0.06689903602412695,"262":0.5373899685741526,"263":0.5313990896706534,"264":-0.10798912352305023,"265":0.5080584481930926,"266":-0.10020012399584666,"267":-0.17499722373563953,"268":-0.17499722373563953,"269":-0.17499722373563953,"270":-0.1942659710011232,"271":-0.1942659710011232,"272":-1.3638941363609511,"273":0.08791434788138702,"274":-1.0758038446075164,"275":0.4364945946256009,"276":-1.1709388322342678,"277":-1.0986921966641399,"278":0.1019671888519671,"279":-0.8657931115582118,"280":-0.5307866674725568,"281":-0.141223189132642,"282":-0.11729505168580051,"283":-0.14864245854828861,"284":-0.20088984685593736,"285":-0.33310964890662564,"286":-0.2617895449051498,"287":-0.705771096655569,"288":0.07615620399663556,"289":0.260491406258623,"290":0.22858639265607195,"291":-0.20839972516982497,"292":-0.7081300844845827,"293":-0.6473272080144343,"294":-0.49079272707627597,"295":-0.35937020064246916,"296":-0.04997248599232876,"297":-0.24483842090101998,"298":-0.40538433627497245,"299":-0.20823312421108256,"300":-0.4639215690201714,"301":0.44128587206866976,"302":-0.5654476060918626,"303":0.024334847499577927,"304":-0.14096414823895276,"305":-0.08218881454917748,"306":-0.14096414823895276,