{"1":0.0506393214330928,"2":0.04364906154517678,"3":0.14977028582084667,"4":0.05561735261401557,"5":0,"6":0.017629688395257612,"7":-0.07099846271236813,"8":0.005487065312190623,"9":0.005487065312190623,"10":0.0020388107777031123,"11":0.0020388107777031123,"12":0.0033223578918408735,"13":0.0033223578918408735,"14":0.016030522146173346,"15":0.016030522146173346,"16":0.017947514229939742,"17":0.017947514229939742,"18":0.017947514229939742,"19":-0.01459602842732425,"20":-0.01459602842732425,"21":-0.0028577991970495376,"22":-0.0028577991970495376,"23":0.005063920496844553,"24":0.10890677109158925,"25":-0.6309369511914581,"26":0.0034727769825170784,"27":0.06368471857310913,"28":0.08135057667761428,"29":0.18134010336385892,"30":0.030987989694350175,"31":0.0946908868347707,"32":0.016782043213761276,"33":-0.05078131828416017,"34":-0.03389328069959538,"35":0.1743181783537086,"36":0.19788631834339437,"37":0.1071770190032767,"38":0.21612667104480532,"39":0.1134816851731559,"40":0.029337769860112245,"41":0.082634153852291,"42":0.10659906967061988,"43":0.10370681190271165,"44":0.07892805252942232,"45":0.20771998385766344,"46":0.07909268981527164,"47":0.06710333659147949,"48":0.21219781183708303,"49":0.17352257902309154,"50":0.17352257902309154,"51":0.21219781183708303,"52":0.21219781183708303,"53":0.15819927794894612,"54":0.15819927794894612,"55":-0.04423332551324477,"56":0.02304147465437788,"57":-0.015560008533871558,"58":0.047290906634238614,"59":0.050003420628075015,"60":0.10472608716659085,"61":0.039230060157996835,"62":0.03363747214396838,"63":-0.003159200677896103,"64":0.005062059408155517,"65":0.14668901927912825,"66":0.09443139192760468,"67":-0.0004296920459610776,"68":0.12786344855741483,"69":0.14423142802913935,"70":-0.05643016673324308,"71":0.06393537301652563,"72":0.14224943047128855,"73":0.08723482513522982,"74":0.12164796496970239,"75":0.11691601748037633,"76":0.17314396634659934,"77":0.03312449141825617,"78":0.034802737924264096,"79":0.029951426838775497,"80":-0.09931868948367495,"81":-0.036965055653311776,"82":0.22855556466783777,"83":-0.06731307961908915,"84":0.11261625778847942,"85":0.13991416854177652,"86":0.1537932594891826,"87":0.1537932594891826,"88":0.14011967523126234,"89":0.14011967523126234,"90":0.15916731211635093,"91":0.09633126806382078,"92":-0.05750180682380232,"93":-0.06767622137198778,"94":0.38992724735609424,"95":0.06604061938311595,"96":0.13935484363645959,"97":0.004703727345451325,"98":-0.1406014756468884,"99":0.16902748702063744,"100":0.11380433037957202,"101":0.11832596889481899,"102":0.046148092339773496,"103":0.052427322200266455,"104":0.12112507188781862,"105":0.023888843692885478,"106":0.13912419939296441,"107":0.014961099526507537,"108":0.21949205043601475,"109":0.12957843453701667,"110":0.11010059796065808,"111":0.13705030754087555,"112":0.05196249555115774,"113":0.06262964889232503,"114":0.07384087521912974,"115":0.035729446235940786,"116":0.0850541199051659,"117":0.4069989860438391,"118":0.22445205203049037,"119":0.3523457664595714,"120":0.016922536394396226,"121":-0.020958798583560062,"122":0.11339483514926865,"123":0.048727172584412004,"124":0.0920345045100257,"125":0.05588408066836095,"126":0.05588408066836095,"127":0.2906315516478289,"128":0.11515313759709958,"129":0.1372985545392709,"130":0.05588408066836095,"131":0.05588408066836095,"132":0.08187705543588059,"133":0.12571455504457263,"134":0.06677481788060227,"135":0.04536364173425504,"136":0.020144642011788484,"137":0.036074208047374504,"138":0.10962791030337357,"139":0.05770418016817789,"140":0.07554816273260895,"141":0.14808606689948495,"142":0.006412348971609708,"143":0.09060972604912494,"144":0.033151100217135396,"145":0.046037174292959046,"146":0.020943423911539638,"147":0.08157467511711478,"148":0.010963507034327621,"149":0.020923801756375357,"150":0.053340227885754044,"151":0.016122240669994896,"152":-0.02361482534291813,"153":0.02042513966134909,"154":0.025038461444413802,"155":0.020091766502167988,"156":0.042401186565309106,"157":0.062134843655699434,"158":0.07017387805494082,"159":0.039009171214183735,"160":-0.02918881182377227,"161":-0.013568333517271623,"162":0.06360564500099383,"163":0.05392398885001626,"164":0.09430201705305533,"165":0.12283084478638151,"166":0.08477493314419662,"167":0.14980950776558186,"168":0.15462078576696203,"169":0.32006727255305756,"170":0.026622038835109912,"171":0.17998368316997437,"172":0.037588618070899804,"173":0.06107077892878176,"174":0.14809015252026025,"175":0.11353708900882571,"176":0.04104186290203383,"177":0.09978183540003488,"178":0.026555271741652578,"179":0.025094163383128833,"180":0.03496186236962791,"181":0.04316484654897052,"182":0.03331704932960476,"183":0.02717227763706014,"184":0.03653353559242946,"185":0.04383038073046487,"186":0.05242322943165241,"187":0.019772838776690848,"188":0.11174087063707416,"189":0.04807855197874296,"190":0.03627539301561792,"191":0.01493979543448067,"192":0.03592865215305476,"193":0.04787640643659968,"194":0.02739899872136132,"195":0.012731734188844747,"196":0.09741918654381015,"197":0.07544504614592122,"198":0.14856555505234456,"199":0.1469802405340735,"200":0.12541519424643904,"201":0.006414165472941019,"202":0.006414165472941019,"203":0.03360068399356532,"204":0.03726982153880269,"205":0.07958128003428117,"206":0.037935737634576826,"207":0.035396096171421525,"208":0.033721398025113924,"209":0.011714807157985839,"210":0.04500849620982982,"211":0.063884569364943,"212":0.06306651214425148,"213":0.031517157152424854,"214":0.054484036177400025,"215":0.05102147538626177,"216":0.046742290179442175,"217":0.024005525117636803,"218":0.03550689218913331,"219":0.024020232569006077,"220":0.017000098000944444,"221":0.034637474167861115,"222":0.13345423698290332,"223":0.08752196856411956,"224":0.06751877431749004,"225":0.03342684892258103,"226":0.11535985032102375,"227":-0.04079557492010267,"228":0.036410486656817884,"229":0.0412716046412658,"230":0.101557790959538,"231":0.046185190598375676,"232":0.06441160580918304,"233":0.02258890289502877,"234":0.03458065796377792,"235":0.10394483329040724,"236":0.09262682644873699,"237":0.07360022401698212,"238":0.061781297194393285,"239":0.0295955626597956,"240":0.0295955626597956,"241":0.32175860560658665,"242":-0.08148170870716154,"243":0.43969995688389973,"244":0.5896764499607415,"245":1.6159860411838354,"246":-0.20753661039082172,"247":-0.046889494461366324,"248":0.2469110454726957,"249":0.19714144898965008,"250":0.04444049997846497,"251":0.0915046272226266,"252":-0.06521672069539466,"253":0.09927479169059089,"254":-0.09518209231727566,"255":-0.019091389822072896,"256":-0.019091389822072896,"257":0.09525404178526908,"258":0.09525404178526908,"259":0.14974376707438647,"260":0.14974376707438647,"261":0.0524714030853185,"262":0.03008535571471506,"263":0.017041069143650923,"264":-0.05554124156696125,"265":0.1387619609758954,"266":-0.19638917210059312,"267":0.01771530977613823,"268":0.01771530977613823,"269":0.01771530977613823,"270":0.21641429810143104,"271":0.21641429810143104,"272":0.011532695190866105,"273":0.40498442367601245,"274":0.07084270322047752,"275":-0.005391506303915064,"276":-0.025176581806169857,"277":0.17712153601877884,"278":0.26469699626933113,"279":-0.10259962531067711,"280":-0.1384826902367279,"281":-0.010132544464269068,"282":0.13486176668914363,"283":0.7919655514561306,"284":0.26842865992153625,"285":0.07005253940455342,"286":-0.019928237864077283,"287":0.4344677769732078,"288":0.01096441442123195,"289":0.7426676622215704,"290":0.4871596135828354,"291":1.0927629028413828,"292":0.9883668196677033,"293":0.37773144192690256,"294":0.22018228401111753,"295":-0.035716598043840364,"296":0.11186693271053366,"297":0.2588066139468009,"298":0.32408533834750053,"299":0.7840243791485204,"300":0.4583723748773351,"301":0.38402711270062484,"302":0.6330189933904664,"303":0.2926575766213282,"304":0.32745164294088996,"305":0.23661136142991857,"306":0.32745164294088996,"307":0.07732258258751051,"308":0.08885924123368164,"309":0.1410411191878032,