{"1":-0.017606251235199332,"2":-0.016264810446873758,"3":-0.008532423208191127,"4":0.006787023211619384,"5":-0.01451885784372475,"6":0.011297474423537054,"7":-0.008973143822477297,"8":-0.019226979855585878,"9":-0.019226979855585878,"10":-0.02383389803968356,"11":-0.02383389803968356,"12":-0.043818709696334904,"13":-0.043818709696334904,"14":-0.025618105595644907,"15":-0.025618105595644907,"16":-0.025422166083820114,"17":-0.025422166083820114,"18":-0.025422166083820114,"19":0.0018578254772563894,"20":0.0018578254772563894,"21":-0.017622129926091475,"22":-0.017622129926091475,"23":0,"24":-0.001559854948205036,"25":0,"26":0.005196865395975982,"27":0.008551473713680518,"28":-0.018636506586840296,"29":-0.003912198532673561,"30":-0.00818150815581422,"31":-0.010682265279827281,"32":-0.009915180140795558,"33":-0.001940914798824767,"34":0,"35":-0.03131372377923091,"36":-0.036791703295453795,"37":-0.019113745504553824,"38":-0.02825002646897736,"39":-0.04002254566004476,"40":-0.01205684968584328,"41":-0.05470200593529263,"42":-0.0222230912261707,"43":-0.013420000711473016,"44":0.015048255343737632,"45":-0.019045564020244286,"46":-0.036646889473574154,"47":0.019766509762950107,"48":-0.013124044265141403,"49":-0.03611962718694177,"50":-0.03611962718694177,"51":-0.013124044265141403,"52":-0.013124044265141403,"53":-0.01222078959195209,"54":-0.01222078959195209,"55":-0.0537085711864104,"56":0.005036095846139145,"57":-0.005158819428907132,"58":0,"59":-0.0020790211225194992,"60":0.001603435728495627,"61":0.018216675429409634,"62":-0.004172383578660245,"63":0,"64":0.012255321854178604,"65":-0.005044717351048831,"66":-0.0025664748896554596,"67":-0.006381811097178643,"68":-0.0020167913525913307,"69":-0.0391841573692918,"70":-0.009207755819172063,"71":-0.03205134870588363,"72":0.002719375804114731,"73":-0.021751952446885495,"74":-0.0009524499601361626,"75":-0.03513401819875956,"76":-0.004302798512480446,"77":-0.018316237412142132,"78":-0.010751442161030567,"79":-0.01026698972510992,"80":-0.009326711656409924,"81":-0.019684490745491126,"82":-0.01651922249813313,"83":-0.005850633028731124,"84":-0.0048124036528259875,"85":-0.019346054307944498,"86":-0.011351545891204184,"87":-0.011351545891204184,"88":-0.03875936347311366,"89":-0.03875936347311366,"90":-0.02164474040836265,"91":-0.06300081406103845,"92":-0.02344638931942557,"93":-0.022095044727268538,"94":-0.032763610549882596,"95":-0.02049999179893674,"96":-0.027577599324616578,"97":-0.016773710585008803,"98":-0.029681054409300647,"99":0.01941190592987432,"100":0.016142700884795465,"101":-0.03243739890711627,"102":-0.017655695678051413,"103":-0.003460351002406376,"104":-0.017017317425966867,"105":-0.01686954594942364,"106":-0.04946018484116475,"107":-0.026183895435670006,"108":-0.020519441770303983,"109":-0.007054933830292058,"110":-0.019855007715371797,"111":-0.019530155292089978,"112":-0.02805532781764548,"113":-0.03321280385761532,"114":-0.10784579118092621,"115":-0.018827750733330526,"116":-0.030516301220031496,"117":-0.050986213144368187,"118":-0.08207901261011882,"119":-0.035575283670119515,"120":-0.030018136001052357,"121":-0.010478322175453941,"122":-0.06503583159935575,"123":0.011466117754318349,"124":-0.04266507436996263,"125":-0.01776849405575513,"126":-0.01776849405575513,"127":-0.03503039372321211,"128":-0.0115949638344541,"129":-0.005981460407995784,"130":-0.01776849405575513,"131":-0.01776849405575513,"132":0.004592850028784618,"133":-0.047916737140785315,"134":-0.006625823958815875,"135":-0.01432304491076787,"136":0.011370186300724111,"137":-0.0009297868415073483,"138":-0.008018175168954658,"139":-0.024942028308775323,"140":-0.013334019183666945,"141":-0.01705135401631289,"142":-0.0981944496366084,"143":-0.023002682386727823,"144":-0.01999024004855313,"145":-0.03235535144145737,"146":-0.03504905168839483,"147":-0.016565957684515888,"148":0.004446212899996565,"149":-0.0029988513650716546,"150":-0.02439248544017225,"151":-0.010834628639769165,"152":-0.0070047291194361835,"153":-0.04306168671296514,"154":-0.019472260331605606,"155":-0.005805276099563363,"156":0.0017325739418807481,"157":-0.026212744470583395,"158":-0.017495721822541683,"159":-0.01186084490307025,"160":-0.0007404871834632435,"161":-0.019102495642436268,"162":-0.004917161199910262,"163":-0.01638593290251822,"164":-0.03695495684117684,"165":-0.030404408912394883,"166":-0.019957027255036824,"167":-0.02557785659153123,"168":-0.007384281061213263,"169":-0.010042601773840608,"170":-0.014230125576111717,"171":-0.014607117996431666,"172":-0.020500186316616705,"173":-0.012619545194885506,"174":-0.035037320690073315,"175":-0.03265194748045201,"176":-0.01326064187392641,"177":-0.02610414347648696,"178":-0.03360676960454844,"179":-0.04604699036609216,"180":-0.014502601543603322,"181":-0.01094952470168423,"182":-0.009419582843117563,"183":-0.012149552738849505,"184":-0.013052753984351679,"185":-0.024342290059695168,"186":-0.013527695956704933,"187":-0.03163993964614098,"188":-0.014049752152061109,"189":-0.013116344674183624,"190":-0.0005278168747467442,"191":-0.016624361633466977,"192":-0.024241815906185574,"193":-0.011966979786813697,"194":-0.018532657908014057,"195":-0.016979550266581427,"196":-0.02715760081762393,"197":-0.032202302591693835,"198":-0.008551716803003763,"199":-0.021219593248452667,"200":-0.0107255090678505,"201":-0.01633349130966389,"202":-0.01633349130966389,"203":-0.006545860841766239,"204":-0.021539459413932635,"205":-0.0002135367186313574,"206":-0.005957664247392248,"207":-0.011644828939505221,"208":-0.022170801112742847,"209":-0.015207721532211668,"210":-0.008068409905614771,"211":-0.006872694407878759,"212":-0.01794722161248508,"213":-0.02417031591357815,"214":-0.01754832725202409,"215":-0.024243346950794928,"216":-0.011083203948096776,"217":-0.006439211595464203,"218":-0.023062621362817334,"219":-0.004364974236101871,"220":-0.014669702808748008,"221":-0.012559020568366368,"222":-0.0127265323996901,"223":-0.030518796607348568,"224":-0.036472066918499524,"225":-0.0029295025355717407,"226":-0.01262923232352357,"227":-0.036495141292972856,"228":-0.027095795629825004,"229":-0.02656604795459542,"230":-0.017760436125998924,"231":-0.012715347066832122,"232":-0.013733254188796062,"233":-0.01237352555116022,"234":-0.013516332287020188,"235":-0.014619829488749113,"236":-0.0227863021920972,"237":-0.01777827675678606,"238":-0.02644645311358725,"239":-0.03927297592692902,"240":-0.03927297592692902,"241":-0.08717292153290163,"242":-0.020655060489820007,"243":-0.003752650239431242,"244":-0.07731192016700089,"245":-0.021963540522732264,"246":-0.004448469468102026,"247":-0.015133966902770465,"248":-0.09328415640818588,"249":-0.012320581531448284,"250":-0.02262662830914439,"251":-0.06180469715698393,"252":-0.03618706014501322,"253":-0.009937812426485438,"254":0.010006003602161296,"255":-0.014860522256275432,"256":-0.014860522256275432,"257":-0.036296656212437745,"258":-0.036296656212437745,"259":0.006513904375503619,"260":0.006513904375503619,"261":0.0022393930207414564,"262":0.0424147514380946,"263":0.015186681417380724,"264":0.0039058439426335875,"265":0.02816380042757868,"266":-0.03493652426467047,"267":-0.014698687189898235,"268":-0.014698687189898235,"269":-0.014698687189898235,"270":0.4913757816736884,"271":0.4913757816736884,"272":0.008810184573366813,"273":-0.026933756887859324,"274":-0.036335360767390884,"275":-0.01267810539220561,"276":-0.033152564065679214,"277":-0.013453974296749813,"278":-0.022295508076959673,"279":-0.01879738256717626,"280":-0.022917918935470596,"281":-0.03493296086989636,"282":-0.2263012320844858,"283":-0.26044713324117086,"284":-0.229076330415937,"285":-0.08176859005594499,"286":-0.18218204754493833,"287":-0.03745270788055534,"288":0.05091913851376902,"289":-0.01583972969611437,"290":-0.009370977003073232,"291":-0.008597501811616453,"292":-0.016838984357863827,"293":-0.11559907763218151,"294":-0.11222095356981697,"295":-0.22729859384757758,"296":-0.0361205316302161,"297":-0.10795064565790975,