{"1":0.01579420555146076,"2":0.001490695795328352,"3":-0.07483765490070321,"4":0.03732862766390661,"5":0.013585311137115388,"6":0.01059359569331201,"7":-0.019221972398670496,"8":0.010307263296596501,"9":0.010307263296596501,"10":0.023062107515565033,"11":0.023062107515565033,"12":0.0011017250570474514,"13":0.0011017250570474514,"14":-0.022508424715451926,"15":-0.022508424715451926,"16":-0.02402137745382931,"17":-0.02402137745382931,"18":-0.02402137745382931,"19":0.007253919702577782,"20":0.007253919702577782,"21":0.0016033031863052008,"22":0.0016033031863052008,"23":0.02413310954516422,"24":0.0027426087149791667,"25":0.07827788649706457,"26":-0.02238263107828325,"27":0.0041584906503720695,"28":-0.015546198296514529,"29":0.023767988840902508,"30":-0.01394944139662303,"31":0.0038370407062480703,"32":0.001860447809787816,"33":-0.006978427973707615,"34":0.015267175572519083,"35":0.010837300499582841,"36":0.029090130273533066,"37":0.01799826975639087,"38":0.016578511733652337,"39":0.02764331337703782,"40":0.01241207668361347,"41":0.010885116093827366,"42":0.041182097726849456,"43":0.0014794669063597637,"44":0.023700823476735952,"45":-0.014104029911830518,"46":0.016514012792388743,"47":-0.0035062872843074997,"48":0.006307912195851532,"49":0.003989401272614414,"50":0.003989401272614414,"51":0.006307912195851532,"52":0.006307912195851532,"53":0.024833678839244002,"54":0.024833678839244002,"55":-0.0029403060766229477,"56":-0.0041476515472648225,"57":-0.005739493137984539,"58":-0.004483364533919393,"59":-0.00850332783980867,"60":-0.00046191521056433704,"61":-0.017758861205678506,"62":0.017609424426718475,"63":-0.016081824322151106,"64":-0.02454321988566187,"65":-0.017079036023153846,"66":0.017881352487693104,"67":0.025156375421704055,"68":-0.0025226452395947264,"69":-0.0401294465967752,"70":-0.028721652367279898,"71":-0.012696110813863442,"72":-0.00093362678833692,"73":-0.007035768237092904,"74":0.0012406246274012447,"75":-0.005247160777241638,"76":-0.002148138449004487,"77":-0.004577918580003226,"78":-0.07251334584059413,"79":-0.015517549100885788,"80":0.009646755450937634,"81":-0.017756972830885502,"82":-0.009970396791404582,"83":0.011494240436619691,"84":-0.0019694723574075097,"85":-0.030493389833806766,"86":-0.02024655040375166,"87":-0.02024655040375166,"88":-0.01372714879588512,"89":-0.01372714879588512,"90":-0.008851953262421408,"91":-0.00033607977987293834,"92":-0.020157954095938034,"93":-0.014333576159571267,"94":-0.04994899877061939,"95":-0.0037272712361703167,"96":-0.01352093331735394,"97":-0.015299481812645543,"98":-0.004940499850243628,"99":0.01302748769808966,"100":0.016858988811599907,"101":-0.013382259292870194,"102":-0.00288377501635656,"103":-0.0017351538549729012,"104":-0.0062691222532008165,"105":-0.00027344871202676646,"106":0.006385804757941045,"107":0.015445974680370948,"108":-0.006369010962107173,"109":0.006157596393925765,"110":0.00013144404972299448,"111":0.006338449297576189,"112":-0.004230003952328577,"113":-0.002676607354126913,"114":-0.08733483714278063,"115":0.026549783371847227,"116":-0.001992676210472097,"117":-0.04950632228546062,"118":-0.04567718816031022,"119":0.019628770801067036,"120":0.013022421563384439,"121":-0.0242157863689643,"122":0.002450753947504214,"123":0.005281964827347038,"124":-0.0014962851249118447,"125":0.026488784873575005,"126":0.026488784873575005,"127":-0.015357544126103566,"128":0.014548629223086591,"129":0.0005704665896065983,"130":0.026488784873575005,"131":0.026488784873575005,"132":0.0031253998641342894,"133":-0.013093771589875854,"134":-0.0038526417866453985,"135":0.006386911886992849,"136":0.009166946328802359,"137":0.006503277766024346,"138":0.012771331728948294,"139":0.007765941414586475,"140":0.029421603061786285,"141":0.024794920794669346,"142":-0.025426130105785857,"143":0.009345087091233974,"144":0.00893073587356974,"145":0.015592481703246279,"146":0.0074917087716319455,"147":0.000049145492822288625,"148":-0.0029335844851817294,"149":0.0015639845814819694,"150":0.00884688945244556,"151":-0.011001186049389194,"152":0.005195425903645322,"153":0.010617462161673363,"154":0.009762829114500153,"155":-0.000018610920303937725,"156":0.006630777586865002,"157":-0.0060238421166903255,"158":0.028042992016435817,"159":-0.003311853824939438,"160":0.000294010225683098,"161":0.006898767273176721,"162":0.0023025973026044484,"163":0.01796354071520183,"164":0.009102771786393037,"165":0.023240163232318305,"166":0.01764034861241092,"167":0.010555371786318518,"168":-0.005293898136440153,"169":0.027428094646380713,"170":0.01945559880959248,"171":0.01995198965068696,"172":0.035317963458087465,"173":0.008572620386426158,"174":0.0209782529234687,"175":0.03295562627644098,"176":0.0064266226673699595,"177":0.013265274975394932,"178":0.010627081909219453,"179":0.007894528984927821,"180":0.011309118743118284,"181":0.02223122554477816,"182":0.023350089627572394,"183":0.006693288423617065,"184":0.01597182304107763,"185":0.007451693776304986,"186":0.016894819985354546,"187":0.0133702522506879,"188":0.022221031769398,"189":0.015729657923059075,"190":0.017250664850976573,"191":0.0076211026203622575,"192":0.016992036277585963,"193":0.013305515100140167,"194":-0.005418815817760186,"195":0.004710777111114586,"196":0.01771392156955947,"197":0.00548941471211583,"198":0.02600231361646392,"199":0.0306777454646594,"200":0.042612702201449006,"201":0.004379411332392946,"202":0.004379411332392946,"203":0.0045836257649211915,"204":0.0068726067964386085,"205":0.008023240705957448,"206":0.005235518773232686,"207":0.0016878672228122244,"208":0.0060184008241579235,"209":0.0006082444082199136,"210":-0.001217896199735653,"211":0.007917681115925893,"212":0.0059100427849093345,"213":0.007663329694152009,"214":0.00009214712419593901,"215":0.004397419260878933,"216":0.006418758695184145,"217":0.0077770228378884025,"218":0.013873519594654724,"219":0.007387435118353927,"220":0.002776649659833176,"221":0.007082334482534568,"222":0.020927187492680424,"223":0.0012409820442987416,"224":0.011462653042142364,"225":0.013779772687739496,"226":-0.01575987160185576,"227":0.011980264604167238,"228":0.0071628995622918246,"229":0.009223750283986365,"230":0.016407444336467382,"231":0.014941288672585526,"232":0.004851647871251313,"233":0.0020395669534662986,"234":0.014711655352770355,"235":0.023605843056328898,"236":0.04370514484981624,"237":0.016197350901894187,"238":-0.004401578622802004,"239":-0.016367859094782576,"240":-0.016367859094782576,"241":0.03761051511185583,"242":0.030879709375223316,"243":0.022693858017195694,"244":0.021009035457681815,"245":0.2415179243893808,"246":0.03953198548730292,"247":-0.01567301801223546,"248":-0.010006673749227757,"249":-0.018480872297172428,"250":0.004336329162540975,"251":0.0044008406204207465,"252":-0.035855145213338116,"253":-0.0029242331198643156,"254":-0.003832096658606785,"255":0.009556946698656896,"256":0.009556946698656896,"257":0.03998712985674861,"258":0.03998712985674861,"259":-0.003285523258703028,"260":-0.003285523258703028,"261":0.02267230955259976,"262":0.059380118856477045,"263":0.01965077760934254,"264":0.01569160760519915,"265":0.07146686777327672,"266":0.009322705449121334,"267":0.08350636453913514,"268":0.08350636453913514,"269":0.08350636453913514,"270":0.02537048352888337,"271":0.02537048352888337,"272":-0.007445606510003136,"273":0.00938761460712833,"274":0.048388490451913936,"275":0,"276":0.01895395242557941,"277":0.01145002389002816,"278":0.030562046415686096,"279":0.007102777185879679,"280":-0.0004400804550268554,"281":0,"282":0,"283":-0.057570321902237404,"284":0.006243623997847395,"285":-0.007415647015202077,"286":0.05521811154058531,"287":0.013371218452281465,"288":0.05222321695016413,"289":0.022297595020307898,"290":0.05532179011451743,"291":0.05094358256261527,"292":0.06377986431291144,"293":0.033310312214282115,"294":0.004487087845127375,"295":-0.024053589218021518,"296":0.0173139006251898,"297":0.04465033208684489,"298":0.0376416270338179,"299":0.018528002711970956,