{"1":-0.049789411727312716,"2":-0.21819839405169228,"3":-0.20296916465231443,"4":0.14493711339088977,"5":-0.012121883616200146,"6":0.12246651377752792,"7":0.13019303733777848,"8":0.21015994192860954,"9":0.21015994192860954,"10":0.048602678418833645,"11":0.048602678418833645,"12":-0.0316320552053847,"13":-0.0316320552053847,"14":-0.18032817468955148,"15":-0.18032817468955148,"16":-0.011934453758396107,"17":-0.011934453758396107,"18":-0.011934453758396107,"19":0.032372974730787,"20":0.032372974730787,"21":0.0996537732696689,"22":0.0996537732696689,"23":0.11058117362381384,"24":0.08836124757448938,"25":-0.022970921863606178,"26":-0.02190098583999675,"27":0.05546735777121431,"28":0.1289086223210655,"29":-0.06030967355401995,"30":0.09291080157721743,"31":0.058825109853264446,"32":0.19905902103467024,"33":-0.009106145878116381,"34":0.022875409783086387,"35":0.05154698243458211,"36":0.03145389777539881,"37":0.02740577439680708,"38":0.056242247537154955,"39":0.25802376336830507,"40":0.08293255612547756,"41":0.08844480316486791,"42":-0.15737706876298702,"43":0.019255546950894903,"44":-0.022065583061683686,"45":0.03048742013076472,"46":0.3379892934836627,"47":0.11155899884063464,"48":0.13880857216122935,"49":0.0035312293583232846,"50":0.0035312293583232846,"51":0.13880857216122935,"52":0.13880857216122935,"53":0.12703767170020713,"54":0.12703767170020713,"55":-0.01743269844679146,"56":-0.04488214735830623,"57":-0.10748584549286114,"58":-0.012363866826492681,"59":0.006253261158878504,"60":-0.10720834146634889,"61":-0.018325009643288676,"62":-0.050309169807826626,"63":-0.10869842739982277,"64":-0.06199427221880496,"65":-0.0003139384119045796,"66":-0.05047124723487453,"67":-0.1155009440835515,"68":-0.0448691637555928,"69":-0.019603050093079832,"70":-0.12426446614847653,"71":-0.2581496511381687,"72":0.02228145670662518,"73":0.05254950837685657,"74":0.07010879819709759,"75":-0.1428452396046619,"76":-0.22131564377016244,"77":0.0256599828400203,"78":-0.09085424831996067,"79":-0.0028221180430593185,"80":-0.08253452121966054,"81":0.06377729302048751,"82":-0.1548214717122104,"83":-0.4776102466509369,"84":0.06350714005924074,"85":-0.018080289466530897,"86":-0.11041116882724486,"87":-0.11041116882724486,"88":-0.013524669642020759,"89":-0.013524669642020759,"90":-0.08629770897386566,"91":-0.06563182205847562,"92":-0.08570248308489409,"93":-0.06566812566005437,"94":-0.05106123768016056,"95":-0.13825117493803712,"96":-0.1697883184638829,"97":-0.11610751778148128,"98":-0.15459147954240196,"99":0.015135717799040216,"100":0.03815748479806913,"101":0.025025588977661134,"102":0.021417223611803926,"103":-0.015869324608464075,"104":-0.015610735128713693,"105":0.07360370389803539,"106":0.09759767474289399,"107":0.002456687141405456,"108":-0.018002644047269728,"109":0.05617443264635588,"110":-0.10252679169582551,"111":0.04650472375644307,"112":0.03328353676808182,"113":-0.0022769444693006013,"114":0.02715293892501186,"115":0.13082046585957804,"116":0.0031933615070523225,"117":0.06344280339039243,"118":-0.023654509894519615,"119":0.05274060670799685,"120":-0.03562938773314131,"121":0.039526550720229925,"122":0.11290559517558796,"123":0.01796660588706339,"124":-0.02761162272278289,"125":0.035725128278436824,"126":0.035725128278436824,"127":-0.027643932261483872,"128":-0.05585656668798661,"129":0.00036867976630031163,"130":0.035725128278436824,"131":0.035725128278436824,"132":0.03548909533341249,"133":-0.07893284863731309,"134":0.09943503464681214,"135":0.09659458900886564,"136":0.16963978601734586,"137":0.06505883071939783,"138":0.0033475816361776545,"139":0.20052190164336425,"140":0.04964614456312716,"141":-0.07468604632046316,"142":-0.06361230367014903,"143":0.07413679084167601,"144":-0.13024194287267776,"145":0.019239021787117783,"146":-0.07761464278907937,"147":0.0397403885286951,"148":-0.06806067705226473,"149":0.01473916769147679,"150":0.2934478439392073,"151":-0.0975304278771642,"152":-0.014860647939736071,"153":-0.052008176334664535,"154":-0.010373237366374799,"155":0.017523596687882503,"156":0.07903531714741197,"157":0.17888429266826855,"158":0.21278310038768017,"159":0.048657280999688246,"160":-0.18192376559970402,"161":0.055405880557583,"162":-0.038798178094231806,"163":0.05001160856652104,"164":0.08838008787619345,"165":0.039445043082318165,"166":0.07168904926465808,"167":0.0062027590592005355,"168":0.17108806103255325,"169":0.08777644366187815,"170":0.05375599401344844,"171":-0.048031983878925766,"172":0.1839800148939409,"173":0.28686968526781415,"174":0.1806787389375728,"175":0.046538877384058264,"176":0.12218497055479288,"177":0.08324191427275673,"178":0.161489180057448,"179":0.1286931464270869,"180":0.04563036322561517,"181":0.0663986902817591,"182":0.12124614011615964,"183":0.12177062181003653,"184":0.07960613130126282,"185":0.06925692461295502,"186":0.19633117971413339,"187":0.1763147836068255,"188":0.19144526095115066,"189":0.24866314592599775,"190":0.14454829823492665,"191":0.1411686481299198,"192":0.33895188455541947,"193":0.07956503248261271,"194":0.025276275688196403,"195":-0.02442459575964001,"196":0.27821606289628276,"197":0.17420786573391744,"198":0.14674332664878453,"199":0.3522808396788426,"200":0.20520354095412985,"201":0.0035153252549868785,"202":0.0035153252549868785,"203":0.08703638982506978,"204":0.04597173016363215,"205":0.1306431125113761,"206":0.08541128296832037,"207":0.02209104099774381,"208":0.11213998633542478,"209":0.04545943614600437,"210":0.039002049831404415,"211":0.07376691027143882,"212":0.01519230491610303,"213":0.049435333539042114,"214":0.08433717579013658,"215":0.09029143608635815,"216":0.11619852280806486,"217":0.16980914806963315,"218":0.21653080196566746,"219":0.14799952147322504,"220":0.04935394230751183,"221":0.0399464866910936,"222":0.11236891676229299,"223":0.10691649980285639,"224":0.1025716156944399,"225":0.11382126177307789,"226":0.09858292512089312,"227":0.15058102742169874,"228":0.11569253116999162,"229":0.05133494098875141,"230":0.08734161909417534,"231":0.11404098218283823,"232":0.05772823475610006,"233":0.1532603246923163,"234":0.11588074998612857,"235":0.12989939780129425,"236":0.14919482063053285,"237":0.1509966654756205,"238":-0.1161878600088363,"239":0.04043964018925844,"240":0.04043964018925844,"241":0.05519933594451777,"242":0.06075131622032107,"243":0.16452892093657617,"244":0.054164569088259146,"245":-0.03562213070792341,"246":0.01798814815384331,"247":0.008871174469503484,"248":0.03668352132080466,"249":-0.034533842326248565,"250":-0.056977380922683354,"251":0.08005464456630465,"252":0.040309877323564815,"253":-0.02999105788090177,"254":0.01990125719958695,"255":-0.016722902741580087,"256":-0.016722902741580087,"257":0.0074056328485811035,"258":0.0074056328485811035,"259":0.01811424024388597,"260":0.01811424024388597,"261":0.07462826570683695,"262":0.022841605918552832,"263":0.2575069351659331,"264":0.08141342949256783,"265":0.09831712880944099,"266":-0.07683024630370286,"267":-0.024912044127456096,"268":-0.024912044127456096,"269":-0.024912044127456096,"270":0.13723733629244714,"271":0.13723733629244714,"272":-0.2133766934817412,"273":-0.023176748289118226,"274":-0.1883766994921725,"275":-0.26951626909398785,"276":-0.008520692540022912,"277":-0.12180779850433088,"278":-0.10248615724896021,"279":-0.20751795873824122,"280":-0.1740789132098774,"281":-0.030853721369861475,"282":-0.008561088795475374,"283":-0.12344555320716166,"284":-0.04651647353079799,"285":-0.03638707333031567,"286":-0.08351186927884102,"287":-0.020285167968701015,"288":0.1306895760503358,"289":0.1447248474558302,"290":0.22292813442621623,"291":0.06611545458998377,"292":0.14281426062405078,"293":0.03901293846269997,"294":-0.007468265792671708,"295":-0.012358797230172677,"296":0.025309183904079643,"297":-0.12151903184439758,"298":-0.04954282848749672,"299":0.031318788752709825,"300":0.07086859077134727,"301":0.22822987290212426,"302":0.12179161571918082,"303":0.10534146897686247,"304":0.10338797813141926,"305":0.1480313120971065,