{"1":-0.10336637505591631,"2":-0.08865482395991223,"3":-0.017008202103879766,"4":-0.08015687787598014,"5":-0.032300083444567355,"6":-0.007527161144461281,"7":-0.04839866060116341,"8":-0.11008303487726852,"9":-0.11008303487726852,"10":0.012084640694144999,"11":0.012084640694144999,"12":-0.14708736984442702,"13":-0.14708736984442702,"14":-0.04466793729764844,"15":-0.04466793729764844,"16":-0.0059934016777060325,"17":-0.0059934016777060325,"18":-0.0059934016777060325,"19":-0.03996235479975741,"20":-0.03996235479975741,"21":-0.06950415780627575,"22":-0.06950415780627575,"23":-0.028985850032556423,"24":-0.0038067789831943283,"25":0.06062443164595332,"26":-0.036988441248756956,"27":-0.03845114922283717,"28":-0.021399368800899057,"29":-0.0035800985532686014,"30":0.01894667613415771,"31":0.06324574307900269,"32":-0.038972537014134265,"33":0.037083036632020464,"34":0,"35":-0.09008875933927826,"36":-0.08157141348841948,"37":-0.053101741184825274,"38":-0.07063102190247422,"39":-0.045771507709560594,"40":-0.1361420915625094,"41":-0.2085711763328731,"42":-0.10236966254481038,"43":-0.029141348594562633,"44":-0.05551086601761265,"45":-0.10423641951259294,"46":-0.004511662598099542,"47":-0.008949594112275194,"48":-0.05715212264273209,"49":-0.16080776686690443,"50":-0.16080776686690443,"51":-0.05715212264273209,"52":-0.05715212264273209,"53":-0.11696068455900015,"54":-0.11696068455900015,"55":-0.0726533497794915,"56":0.01946231023596382,"57":0.03829948978755957,"58":-0.10157402587222726,"59":-0.04893696888287115,"60":0.07882577554390285,"61":0.06914589505149057,"62":0.03360396821331174,"63":-0.0036329731054322023,"64":-0.007056112737881558,"65":0.09454859795173594,"66":0.2181208234811135,"67":0.17291411413791055,"68":0.1500290969557989,"69":-0.026768326079756627,"70":-0.03705902454681656,"71":-0.005972321284812648,"72":-0.021774204437523786,"73":-0.0003001591732978981,"74":0.012137402673151734,"75":-0.02166564187982639,"76":-0.09694045522423983,"77":-0.1397201732014025,"78":-0.007299044593452597,"79":0.02761600074339704,"80":-0.01973011821203649,"81":-0.07363589369962266,"82":-0.13167308376555556,"83":-0.13559091685852948,"84":-0.08099167126826703,"85":-0.05442042201777482,"86":-0.051030579431825845,"87":-0.051030579431825845,"88":-0.07308015528143091,"89":-0.07308015528143091,"90":-0.08647444682037142,"91":-0.022978384120571627,"92":-0.1346200285112965,"93":-0.018464164144823547,"94":-0.028978837227598198,"95":-0.1790584875798953,"96":-0.044607175542284105,"97":0.0660343632597234,"98":0.05194439098765857,"99":0.2154391178875179,"100":0.25140177734621455,"101":0.02556893813543168,"102":0.02501525808235537,"103":0.0036703861778112634,"104":-0.014524158321795683,"105":0.04652591704577497,"106":0.11175821794169061,"107":0.031093641915342668,"108":0.016562975099093796,"109":0.026906779672804526,"110":-0.015195919432108879,"111":-0.013972623247101912,"112":0.00963997065656437,"113":-0.002616739003765106,"114":-0.11837550092061247,"115":-0.005234652327021236,"116":-0.00714114253708667,"117":0.013620609350226492,"118":-0.10503062522009984,"119":-0.0015500933810684847,"120":-0.028241508324491987,"121":0.004583661269796813,"122":-0.045797386647934535,"123":-0.009535742621166882,"124":-0.04344245763787827,"125":-0.011102586312379564,"126":-0.011102586312379564,"127":0.10019655649574766,"128":-0.06734199435169044,"129":-0.03563192625196197,"130":-0.011102586312379564,"131":-0.011102586312379564,"132":0.16198550587282415,"133":0.18225617597682744,"134":0.05456573563037752,"135":-0.036796260168057454,"136":0.07779633555493604,"137":0.2752165462801408,"138":-0.021467438867875166,"139":0.18879392073933096,"140":0.0655914279802354,"141":0.05497421790437439,"142":0.3466707591630903,"143":-0.04252202467937463,"144":0.06087620425896151,"145":0.20500313056733976,"146":-0.035049173954902285,"147":0.1633667669009207,"148":0.04872092909983826,"149":-0.01994574342258809,"150":-0.03329194112695083,"151":-0.034169992400613455,"152":0.03862034483246023,"153":-0.05166409576232392,"154":-0.011120639763429988,"155":-0.04135293763299672,"156":0.043543156173509096,"157":-0.016695652897809887,"158":-0.10144871774948452,"159":-0.00474505894909466,"160":-0.000024993827296329596,"161":-0.030144945034611945,"162":-0.029077574023872677,"163":0.00681446587908506,"164":-0.0908078609662103,"165":-0.03882483571745976,"166":-0.05924734326518097,"167":-0.06803587151264709,"168":-0.031578529084600904,"169":-0.029824141463639375,"170":0.00046248880221400057,"171":0.010428952728979451,"172":0.013139524021408638,"173":-0.03930356673830801,"174":-0.12642920645094352,"175":-0.059931878821069984,"176":-0.03291943224306071,"177":-0.09995852588991488,"178":-0.05557615295224057,"179":-0.04668224669370506,"180":-0.006296167339067155,"181":-0.06129775717744253,"182":-0.05242025333091631,"183":-0.05356705824006422,"184":-0.0628110420430361,"185":-0.12654536252470566,"186":-0.11390176563402932,"187":-0.06927634179401297,"188":-0.03724072437985573,"189":-0.01360356919531764,"190":-0.040696515716292334,"191":-0.028073233861733576,"192":-0.045395922603961664,"193":-0.04412907743819697,"194":-0.04303806389912096,"195":-0.10096486179073366,"196":-0.06728258683933083,"197":-0.10412338313819974,"198":-0.03534318877563555,"199":-0.10794564864160322,"200":-0.04229515819123132,"201":0.07677513226670271,"202":0.07677513226670271,"203":-0.004681425395937189,"204":-0.02145258494903325,"205":-0.1515172362314987,"206":-0.019898604525821637,"207":-0.04685901630583594,"208":-0.043228192222747125,"209":-0.03608342935843811,"210":-0.06916270867353908,"211":-0.033415664814035406,"212":-0.06315224434221943,"213":-0.03000986252577202,"214":-0.017253796890127723,"215":-0.0343778318771743,"216":-0.049096587751578796,"217":-0.013176381504694808,"218":-0.07114387954010008,"219":-0.04236203255911174,"220":-0.06411715000579905,"221":-0.03353459883739918,"222":-0.0542967072756633,"223":-0.017093554895750762,"224":-0.03386649216976492,"225":-0.004691548992113957,"226":-0.0032999867951033213,"227":-0.09602734560319118,"228":-0.07393731520549249,"229":-0.06831572064540342,"230":-0.004021080077390687,"231":-0.10370340510373961,"232":0.04472148842689458,"233":-0.07694553195692169,"234":-0.07667349402252088,"235":-0.016340048894863304,"236":-0.030664957725364303,"237":-0.08404493556235706,"238":-0.055096557039379906,"239":-0.14130788136245678,"240":-0.14130788136245678,"241":-0.0529673986991846,"242":0.0735969592953937,"243":0.18501735876114506,"244":-0.23293303182626846,"245":-0.02084072168282622,"246":0.5595637531669602,"247":0.4286670816756504,"248":0.05138102517243248,"249":0.15769301450908207,"250":-0.07497656982193064,"251":-0.09839674721311814,"252":-0.0029797833998180395,"253":-0.04174661299485957,"254":0.035029867720453335,"255":-0.022894552610168206,"256":-0.022894552610168206,"257":0.13493576040516775,"258":0.13493576040516775,"259":0.05231726488988391,"260":0.05231726488988391,"261":0.18589950804165994,"262":0.13147804123713852,"263":0.18395654804523415,"264":0.14207308980474515,"265":0.4494866600054016,"266":0.11129017375395123,"267":-0.014231542287436949,"268":-0.014231542287436949,"269":-0.014231542287436949,"270":0.43504354981072846,"271":0.43504354981072846,"272":-0.11171606425465896,"273":-0.08192114321156227,"274":-0.1597602578801985,"275":1.4892286255646554,"276":-0.4247515168678091,"277":-0.2908813884992636,"278":0.2923943004158911,"279":0.09813793620061771,"280":0.3106632934338762,"281":-0.47207942794897484,"282":-0.45421935956850734,"283":-0.9135661857466109,"284":-0.44210479611393383,"285":-0.4316943959417344,"286":-1.129468165071486,"287":0.4536088418611077,"288":0.2087799753910301,"289":-0.16021951878897353,"290":-0.1799703624685623,"291":-0.43811842538171847,"292":-0.09428785816629406,"293":-0.09437238752006816,"294":-0.15888966977403945,"295":0.12898580649235508,"296":-0.11052355003947711,"297":-0.5258413848026817,"298":-0.6213612912842392,"299":0.8373292501661118,"300":-0.19552310698296627,"301":-0.08809399390067829,