{"1":-0.8767969063566468,"2":-3.4276864667197176,"3":-1.1006052968319182,"4":-0.4159567994578592,"5":-1.0275071565494995,"6":-0.47739941304999933,"7":-0.5119134539227463,"8":-2.8168205325376805,"9":-2.8168205325376805,"10":-2.7881720558578618,"11":-2.7881720558578618,"12":-0.7546000371988812,"13":-0.7546000371988812,"14":-1.291535892373211,"15":-1.291535892373211,"16":-0.6372468617527097,"17":-0.6372468617527097,"18":-0.6372468617527097,"19":-0.008009891224006305,"20":-0.008009891224006305,"21":0.036526418235357294,"22":0.036526418235357294,"23":-0.07087490254177053,"24":-0.7261583690786968,"25":-0.2543140956635171,"26":-0.5899312558309457,"27":-0.3855730828655868,"28":-0.6240371623341372,"29":1.6402531959976567,"30":0.4129428853487185,"31":1.2679799354456822,"32":0.12469652792655506,"33":-0.3382852000114014,"34":0.05706815173822899,"35":-1.2157700396823508,"36":-2.5834917392550008,"37":-1.1289385586004759,"38":-1.3236823380936968,"39":-1.53526227157022,"40":1.1367349064419106,"41":-2.7760426481671256,"42":-1.868014422524431,"43":-0.7217545478489233,"44":-0.677650538987244,"45":-0.9388968068630899,"46":0.5241842360941931,"47":-1.1165953167188283,"48":-1.2585404364656547,"49":-1.6247644375740453,"50":-1.6247644375740453,"51":-1.2585404364656547,"52":-1.2585404364656547,"53":-0.5362734374763631,"54":-0.5362734374763631,"55":-2.020283048646295,"56":-0.43804605137420227,"57":-0.7559229334822144,"58":-0.6483827559917997,"59":-1.1477735534911986,"60":-1.0138052497403138,"61":-0.46184157983629803,"62":-0.6150396630207324,"63":-1.567141003558898,"64":-0.38947951551032967,"65":-0.9304390664801636,"66":-0.8537311810574,"67":0.30892383289825,"68":-0.851492809174121,"69":-1.288971979286699,"70":-0.9500277263427623,"71":-0.10223214372901346,"72":-0.37903882197863314,"73":-1.0405229538666951,"74":-1.0451279233455208,"75":-2.3397916303630613,"76":-1.7929549714761688,"77":-1.3442786099758157,"78":-1.1317664595601022,"79":-0.6902046113610965,"80":-1.8158044028100209,"81":-1.1060909540242307,"82":-1.378511495915638,"83":-4.436150569970598,"84":-0.8322666245755772,"85":-0.5871972996336554,"86":-2.864270047169101,"87":-2.864270047169101,"88":-4.533173786608236,"89":-4.533173786608236,"90":-3.429395663198905,"91":-3.045449630369358,"92":-3.15571482316005,"93":-4.562704623200666,"94":-2.103175416363774,"95":-5.020566848958648,"96":-4.310220585471443,"97":-3.761064693747377,"98":-6.184407950258129,"99":0.6293475707607832,"100":-0.05679535638162392,"101":0.10336290145875182,"102":-0.4315535817254772,"103":-0.39560112346210463,"104":-1.2475947389241098,"105":-0.5968969774051085,"106":-0.6305112817439587,"107":-0.4911965175535764,"108":-1.4492123959564243,"109":-1.020715412294558,"110":-2.264645944559824,"111":-1.2821480536153964,"112":-1.091827426493543,"113":-1.0027836318491046,"114":-0.22761029785778675,"115":-0.5702299374541271,"116":-0.7556424365157488,"117":-1.0506091139934997,"118":-0.8892714996337236,"119":-0.24321071957415796,"120":-1.276117472733254,"121":-0.6312174268217761,"122":-1.055957805422108,"123":-0.6872048683833905,"124":-1.2709543334886106,"125":-0.4957125568156844,"126":-0.4957125568156844,"127":-0.7451710116785932,"128":-0.921546025647014,"129":-0.7423694292065512,"130":-0.4957125568156844,"131":-0.4957125568156844,"132":-0.6295517312016887,"133":-0.6275673225826424,"134":-0.9127091918895793,"135":-1.4704135678363563,"136":0.5231115931991477,"137":-2.0479117132357496,"138":-1.803980087122711,"139":0.10949653696027539,"140":-2.149466390859896,"141":-1.1229552494478865,"142":-0.7567575629129903,"143":-0.47109180880024404,"144":-1.0954945132661837,"145":-1.7942592960005501,"146":-1.110215781859444,"147":-2.943541283994687,"148":-0.9992930914812259,"149":-0.572437452335967,"150":0.3107968635288989,"151":-0.7157958606940817,"152":-1.151113284680255,"153":-1.104160396797666,"154":-1.2256780662315125,"155":-1.0298257900912309,"156":-1.2513690581885237,"157":-0.7442785683444111,"158":-1.0089075873544013,"159":-0.2375735866888915,"160":-1.2917927496305692,"161":-1.0955708270265192,"162":-0.8095497654264665,"163":-0.8671865741213254,"164":-1.3308107124016386,"165":-0.7607566199706539,"166":-1.3283837564439351,"167":-1.037340234234732,"168":-0.6667208379665555,"169":-0.8767011404108453,"170":-0.8920155245628512,"171":-0.6376345822272116,"172":-0.5406786519445879,"173":-1.4073443375561512,"174":-1.1050086425217889,"175":-2.1010901914514264,"176":-0.7424359679724208,"177":-0.9479834577049453,"178":-1.838755389496689,"179":-1.9991188238660342,"180":-0.8659445845352258,"181":-0.6636148624629518,"182":-0.7064988390560529,"183":-0.5603962380531196,"184":-0.748251015299733,"185":-0.9251463296862574,"186":-0.7670358749322057,"187":-0.8912990631234521,"188":-1.0860444810735435,"189":-1.0522928601459933,"190":-0.7678873331121805,"191":-1.8921729505445315,"192":-3.1999986131933413,"193":-0.8086561487496295,"194":-2.5051628238131887,"195":-1.739561069089031,"196":-1.8620423753791728,"197":-5.728181219180337,"198":-7.231519407729051,"199":-3.7813650364322084,"200":-1.6110912810948577,"201":-0.7016129538049949,"202":-0.7016129538049949,"203":-1.2920487864888317,"204":-1.0947419529939832,"205":-0.5314679913979503,"206":-0.9948428961384015,"207":-1.1534908210800803,"208":-0.870104145810553,"209":-0.6762974090276443,"210":-0.9891244497092193,"211":-0.7366612233610509,"212":-1.1727728587930115,"213":-0.8493436248602944,"214":-0.9609674233983265,"215":-0.9507050789241913,"216":-1.0226489737366986,"217":-1.050052306166845,"218":-0.952936683502734,"219":-1.346030885658027,"220":-0.9529932430171473,"221":-1.416886508986433,"222":-1.972348357866232,"223":-0.7554686764841909,"224":-1.5233886142598303,"225":-2.0347730015697305,"226":-1.4274745751722975,"227":-1.1391777421368139,"228":-1.0690260162984944,"229":-1.4068254542165626,"230":-0.7155177886882917,"231":-0.7659012575134552,"232":-0.5410733903133043,"233":-1.123830994650456,"234":-0.8635179244595581,"235":-1.154453829007767,"236":-1.114046595315335,"237":-1.43030324743446,"238":-2.9090670588552845,"239":-0.6692967787480115,"240":-0.6692967787480115,"241":-0.7735528260286866,"242":-0.7546060923360705,"243":-0.5538524380903753,"244":0.3768432045073964,"245":0.4849553181834012,"246":-0.9723615869494282,"247":-0.6231823807298161,"248":-0.7733845691261874,"249":-0.46354930035145925,"250":-0.7179518852411504,"251":-1.4072454967432555,"252":0.2871691195236863,"253":-0.7942935980962262,"254":-0.17316244766861488,"255":-0.8549993369055375,"256":-0.8549993369055375,"257":-0.8783212157696256,"258":-0.8783212157696256,"259":-0.2732267220216329,"260":-0.2732267220216329,"261":-0.9690055716799383,"262":0.4805166278221078,"263":0.24026388052158731,"264":-0.23821815209907737,"265":0.08392747427451397,"266":0.2272904321267819,"267":-0.5107035587642514,"268":-0.5107035587642514,"269":-0.5107035587642514,"270":-0.2790042921064615,"271":-0.2790042921064615,"272":-1.0567109076968049,"273":0.16061830433041557,"274":-0.3925954081159919,"275":1.0658780858170545,"276":-1.26080135099689,"277":-0.27248349045239095,"278":0.761546184267524,"279":-0.9372807214376602,"280":-0.967935025263557,"281":-0.13052175693322154,"282":-0.1650999545486187,"283":-0.3798370174568442,"284":-0.35213316153110297,"285":-0.28829168936201643,"286":-0.7816078669539124,"287":-0.4217330088405945,"288":-0.02789451479974958,"289":-0.18928601126484912,"290":0.22052972014472028,"291":-0.31171971094167694,"292":-1.033987774231726,"293":-1.2564876373504414,"294":-0.6295300454213797,"295":-0.7843908210753295,"296":-0.0001473763459796107,"297":-0.6217528762457536,"298":-1.1829144380957377,"299":-0.10868641267895551,"300":-0.7266576681842316,"301":0.09029045194392848,"302":-0.7619964264035257,"303":-0.6003529226668682,"304":-0.3470352483171659,"305":-0.12363713801761467,"306":-0.3470352483171659,"307":-0.6408599212279416,"308":-0.4314078696320378,"309":-1.8942184573698024,"310":-0.9514471504256043,"311":-0.8214377687980872,"312":-0.2859692172795447,"313":-0.9967701652135919,