{"1":-0.48054406692434737,"2":-0.5860500915088144,"3":-0.3138314016079895,"4":-0.8033535911993495,"5":-0.7594719405935602,"6":-0.14255602499466202,"7":-1.2349002229991595,"8":-0.6242968269610305,"9":-0.6242968269610305,"10":-0.05995407420941079,"11":-0.05995407420941079,"12":-0.6561662691831918,"13":-0.6561662691831918,"14":-0.6032901610743188,"15":-0.6032901610743188,"16":-1.8851078578484999,"17":-1.8851078578484999,"18":-1.8851078578484999,"19":-1.6992684939480143,"20":-1.6992684939480143,"21":-0.18586326719182888,"22":-0.18586326719182888,"23":0.2683340604045247,"24":-0.07028272205333069,"25":0.1604330000230868,"26":-0.33565756091070553,"27":0.035195594775285444,"28":0.6583724157948893,"29":-0.024128448154318527,"30":-0.3784058425038791,"31":0.3434688667992855,"32":0.5419378770463144,"33":-0.2531910529210355,"34":0.8395725659667299,"35":0.1760904648623084,"36":0.054168748386042576,"37":-0.0708131779697671,"38":0.10868944254080337,"39":-1.4782551212141808,"40":-0.13975365829274788,"41":-0.09591502038263594,"42":-0.12900227291378785,"43":-0.400553560751147,"44":-0.6181116541900529,"45":-0.257614944006622,"46":-0.729978846067481,"47":-0.6495896030031194,"48":-0.24856935824181525,"49":-0.021810225786199178,"50":-0.021810225786199178,"51":-0.24856935824181525,"52":-0.24856935824181525,"53":-0.7356434001257468,"54":-0.7356434001257468,"55":-0.03088361530432112,"56":0.05238107148066162,"57":-0.21665185892629407,"58":0.13037231198272725,"59":1.1969240745359353,"60":-0.14930511603214347,"61":-0.2567842860835715,"62":-0.03706633628591738,"63":0.04055403138353564,"64":0.039030890196549595,"65":-0.21351790271684876,"66":0.14973324156725487,"67":0.08685509425272919,"68":-0.2042493131995815,"69":0.017057482016462677,"70":0.08740138131085859,"71":-0.032357504205531795,"72":-0.2063722494399302,"73":-0.2293279950380438,"74":0.22954330703453218,"75":-0.08757266955206133,"76":-0.17598911603459272,"77":-0.3544433056204427,"78":-1.244941201393425,"79":-1.0381970476017641,"80":-0.6322214635725057,"81":-0.474985653809843,"82":-0.3514024886744128,"83":-0.08411359584048766,"84":-0.07350402415790297,"85":-0.08182051672609,"86":-0.4518099382604945,"87":-0.4518099382604945,"88":-0.26059271340208456,"89":-0.26059271340208456,"90":-0.004688977920545043,"91":0.017569533989192407,"92":0.001644465891704817,"93":-0.012640186264805522,"94":-0.011322994989525277,"95":0.010184424783745219,"96":-0.00436776906881747,"97":-0.005673467484451064,"98":-0.010530819760066402,"99":-0.6911207729641784,"100":-0.6278235167556627,"101":-1.3409258534647797,"102":-1.23806506274343,"103":-0.057567616328115634,"104":-1.044421602870214,"105":-0.33352372455659884,"106":-0.6592247400107362,"107":-0.6791341378709205,"108":-1.4602385804481999,"109":-0.824502175441658,"110":-0.6174950613406716,"111":-0.4904311727683974,"112":-0.9661323880625377,"113":-0.7789519395019875,"114":-1.6059542792144414,"115":-1.9520895957660747,"116":-3.160142041778908,"117":-0.7179322811957574,"118":-1.1637546856693477,"119":-1.5036629995297102,"120":-1.9657402361375982,"121":-0.9998038129085167,"122":-2.3004487843222883,"123":-0.07546111051733695,"124":-1.0849139233729272,"125":-1.0107776408560427,"126":-1.0107776408560427,"127":-0.03317816703986276,"128":-0.15690902119773176,"129":-0.9498717548249473,"130":-1.0107776408560427,"131":-1.0107776408560427,"132":-0.22804060746577293,"133":-0.46214090299873667,"134":-0.07679547882999549,"135":-0.9715786721758901,"136":-0.3297438406992861,"137":-0.28214976182931206,"138":0.2700079353450622,"139":-0.019217816895913065,"140":0.2757515266705581,"141":0.0794888760973157,"142":-0.8418553655810904,"143":-0.1669834854431368,"144":-0.14762756797379684,"145":-0.3811520013556965,"146":0.03131020864114564,"147":0.16064831792920387,"148":0.121268557390382,"149":-0.2669103479449997,"150":-0.11872034544720544,"151":-0.11731372091353354,"152":-0.07584961649917887,"153":-1.036544459227571,"154":-0.4011087549887129,"155":-0.12437168623465222,"156":0.34774137233590974,"157":0.027076313310828604,"158":0.02732603392402866,"159":-0.21655164370324398,"160":-0.32987569631721425,"161":0.048498856301320115,"162":0.0049947364409130834,"163":-0.15298658616766314,"164":-0.27090280289614377,"165":0.4021087128171785,"166":0.2991685727594968,"167":-0.1717488291632071,"168":0.0837175938409419,"169":0.09597587632696569,"170":-0.23858072087147975,"171":-0.4524776100257557,"172":-0.10629694179279392,"173":0.175669722471279,"174":0.6134619356050948,"175":0.06487898534696113,"176":-0.161205637925663,"177":-0.3043656856974273,"178":0.010479729317993236,"179":-0.001121767319785083,"180":-1.2434284740598407,"181":-1.6428344177533403,"182":-1.4282471120925222,"183":-0.5171160279840614,"184":-0.5813015970779163,"185":-0.5088207276942411,"186":-0.022666684243430657,"187":-0.3571791673031417,"188":0.19987632935495026,"189":-0.016951251462877126,"190":-0.14491109217392217,"191":-0.23876296695327148,"192":-0.05194533686952996,"193":0.36602080963264494,"194":0.3851594568243457,"195":0.628850064605138,"196":-0.027476054516156645,"197":0.04744560813239118,"198":0.08284330414575791,"199":0.2412804746505226,"200":-0.07185475155231336,"201":-0.2851744123725727,"202":-0.2851744123725727,"203":-0.6798185576661482,"204":-0.7458144757373686,"205":-0.5749768349464144,"206":-0.6234749275265064,"207":0.318078338750311,"208":-1.6875250591588165,"209":-2.7262698124931406,"210":-2.7807152834916935,"211":-2.381816603923848,"212":-1.7943166795059904,"213":-3.091659829023875,"214":-1.6612960143418336,"215":-0.5077330029789144,"216":-0.5733450512432103,"217":-0.4262363862105837,"218":-0.38641877963497606,"219":-0.4426376313678425,"220":-0.4603459601282216,"221":-0.8288651205433255,"222":-0.6999936597213385,"223":-1.6164414189993945,"224":-1.038967166387272,"225":-0.5729574362575798,"226":-0.29445041255250926,"227":-1.7060920022812365,"228":-1.1720300651988678,"229":-0.5041974832105804,"230":0.016238314166069356,"231":0.18835200558636445,"232":-0.25939447256283643,"233":-0.7871585216600024,"234":-0.2712900637694222,"235":-0.3258714971619565,"236":-0.47200769385839236,"237":-0.4196851555888932,"238":-0.8105383821794516,"239":-0.6747172618060489,"240":-0.6747172618060489,"241":-0.36373934149563003,"242":-0.2669478079204164,"243":-5.761248178668406,"244":-0.6378207140011527,"245":-1.3977456301522975,"246":-0.3583403273710686,"247":-2.5180494818554378,"248":-0.2906102053715699,"249":0.9724438895132154,"250":0.23810952062009705,"251":0.29660935497341256,"252":-0.12448754209382651,"253":-1.8653670322656897,"254":-2.8916700173009007,"255":-1.7035853312672162,"256":-1.7035853312672162,"257":-0.690670931217578,"258":-0.690670931217578,"259":-0.22028463592158598,"260":-0.22028463592158598,"261":-1.538647274963913,"262":-1.0142871352842822,"263":-0.5418177089015601,"264":0.6637471727540707,"265":-0.2556524290566179,"266":-0.5820191011463398,"267":-4.028586202308785,"268":-4.028586202308785,"269":-4.028586202308785,"270":-0.6559330226766418,"271":-0.6559330226766418,"272":0.492775191001221,"273":-0.6591720293038148,"274":-0.6216143273495618,"275":0.08645359200764896,"276":-0.8609829270792315,"277":-0.24755136626695212,"278":-0.11806774606737147,"279":-0.7139017893762178,"280":-1.8872247898218233,"281":-1.6408968779032573,"282":-0.36363477752177054,"283":-0.9443889587040513,"284":-1.5806717269834714,"285":-1.5069026225757949,"286":-2.0761544379454486,"287":-1.2988577273548214,"288":-0.33860979725503154,"289":-0.13252782328265106,"290":-0.34544024797951406,"291":-0.7325304806445548,"292":-0.28700097642390043,"293":-1.541478578765116,"294":-0.8648405733669988,"295":-0.6156506079091018,"296":-0.6704915690492714,"297":-2.637567680402974,"298":-0.6074054460210521,"299":-2.1838065514448397,"300":0.15797856854376802,"301":-0.38051966777850166,"302":-0.3561617672347468,"303":-0.12663034158079578,"304":-0.2804428721134391,"305":-0.2575031602483534,"306":-0.2804428721134391,"307":-3.1408181265152377,"308":-0.3991132188165245,"309":-0.06956271797743807,