{"1":-1.8886076662507505,"2":-6.150167114418946,"3":-1.972316999065906,"4":-0.7467849721643072,"5":-0.9188433618902965,"6":0.10847797810416981,"7":-0.3498647450414245,"8":-2.9592978770071796,"9":-2.9592978770071796,"10":-2.7911331000242834,"11":-2.7911331000242834,"12":-3.0579521297611043,"13":-3.0579521297611043,"14":-4.048684700072018,"15":-4.048684700072018,"16":-0.5465975381733396,"17":-0.5465975381733396,"18":-0.5465975381733396,"19":-0.03231187191636886,"20":-0.03231187191636886,"21":-0.2277066581956606,"22":-0.2277066581956606,"23":-0.06016969880014844,"24":-1.3139173800963193,"25":-0.2855044668851114,"26":-0.460165573743877,"27":-0.1654068807749553,"28":-0.08825728617468526,"29":-0.32089393037198066,"30":0.07213229711446373,"31":0.7399494930093657,"32":0.43133814651872515,"33":-0.10323690798381174,"34":-0.1180008191294728,"35":-3.7998211764985,"36":-1.3914946306546567,"37":-1.3277364118477175,"38":-1.0880411932201648,"39":-0.5888766609978768,"40":-0.4288907961727042,"41":-0.9270346705723833,"42":-4.214494148376456,"43":-0.9967446455924385,"44":-0.9180963561802864,"45":-2.2446558752289114,"46":-1.6623351835039022,"47":-2.2732188007411613,"48":-1.1521913947446423,"49":-1.805243238101123,"50":-1.805243238101123,"51":-1.1521913947446423,"52":-1.1521913947446423,"53":-1.9954517764902457,"54":-1.9954517764902457,"55":-0.3042389059083923,"56":-0.18762332732494147,"57":-0.33920151134386134,"58":-0.020499357876475166,"59":0.2140840945786429,"60":0.06708524077403966,"61":0.12460630338057199,"62":-0.2794060586107492,"63":-0.6724320403546734,"64":0.11499212527503222,"65":-0.5474530849119068,"66":-0.03413230703309722,"67":0.38495052323675516,"68":-0.8570251627836467,"69":-0.09418973187066282,"70":-0.6853739532959162,"71":-0.4535374604557534,"72":-0.06651464444450172,"73":-0.458342818290312,"74":-0.6601598119827783,"75":-1.9110923330715597,"76":-0.8570957206253174,"77":-0.39787857774115976,"78":-0.6741561515351577,"79":-0.4215794110468787,"80":-1.2223611459957058,"81":-0.363920752741989,"82":-0.933705750740293,"83":-2.6428298025592554,"84":-0.5403136797359032,"85":0.6691778712118186,"86":-1.242211742760924,"87":-1.242211742760924,"88":-0.6133038133125741,"89":-0.6133038133125741,"90":0.0661259215123462,"91":-0.4619364094768361,"92":-0.5118143844427561,"93":-0.5569894037698713,"94":-0.8195152068089735,"95":-1.0353460890306136,"96":-0.44701367873036557,"97":-0.38772984883605344,"98":-0.7932140346282011,"99":0.5938880053781281,"100":0.5995765509462478,"101":-0.3616847961501479,"102":-0.15340407804557366,"103":0.10804245970345394,"104":-0.020987286981501763,"105":0.3454538693854178,"106":-0.3003554963095132,"107":-0.20738613050500732,"108":-0.789269129518078,"109":0.04949583260564494,"110":-0.40493863073870795,"111":-0.7196747461690709,"112":-0.4286495281720766,"113":-0.22327620190877173,"114":-0.1320681999684259,"115":-0.5707677827264606,"116":-0.15411001605560393,"117":-0.582544513443606,"118":-0.8058091927946296,"119":-0.3121141910851657,"120":-0.49399361887973914,"121":-0.09554228768127615,"122":-0.3578262113544186,"123":-0.2873362775440751,"124":-0.6448026017544659,"125":-0.1981364983157181,"126":-0.1981364983157181,"127":-0.17488413902191047,"128":-0.34052412268657895,"129":-0.161821450557198,"130":-0.1981364983157181,"131":-0.1981364983157181,"132":-0.2578086608346952,"133":-0.583440121658932,"134":-0.9138453268987683,"135":-0.4867441741943326,"136":0.8454511451115003,"137":-2.316273038789575,"138":-0.9460031504421658,"139":1.0076436927484933,"140":-0.12479544143581034,"141":-0.6413363040550148,"142":-0.5522063645697131,"143":-1.1558265292589023,"144":-1.084432789721811,"145":-0.7660339056089893,"146":-0.4902167424505617,"147":-0.09775567790988493,"148":-0.5848760534364734,"149":-0.00851518048322708,"150":2.437291128498128,"151":0.19137668173399147,"152":-0.15910457932411148,"153":-0.9234547571523585,"154":-1.1345586983232048,"155":-1.4228409406210654,"156":-1.3552299690556668,"157":-0.829279733434406,"158":-0.9778325619074406,"159":0.05781278437900639,"160":-3.2210377931707646,"161":-0.19934059500229728,"162":-0.9615018090171354,"163":-0.6149685654786063,"164":-0.574380988916102,"165":-0.4039653047617897,"166":-1.0561338525051718,"167":-0.5996035847827368,"168":0.2904216034172784,"169":0.04825761488931413,"170":-0.3745419779723843,"171":-0.08499975575869412,"172":0.1463859464608932,"173":-1.181401962869727,"174":-0.6782572323306266,"175":-1.8082510866328385,"176":-0.6619519648160535,"177":-0.6694146149877793,"178":-1.1306342216732672,"179":-2.1897698298920325,"180":-0.3537422838393378,"181":-0.20973108934969487,"182":-0.1531194700077314,"183":-0.42807220484306796,"184":-0.3626926863172636,"185":-0.776246197193013,"186":-0.43239805322570923,"187":-0.3598755371950193,"188":-0.8764653747106872,"189":-0.4688085722501567,"190":-0.3024953393667169,"191":-1.170595741188001,"192":-2.4712142770964194,"193":-0.8308369407869995,"194":-1.947248670944128,"195":-1.3974268939314698,"196":-1.0665344388393532,"197":-2.965222202797628,"198":-2.557572345157732,"199":-0.11317701089641874,"200":-0.19727613725487136,"201":-0.13222316709779203,"202":-0.13222316709779203,"203":-0.5706139563713495,"204":-0.6099440564574538,"205":-0.37860876320273074,"206":-0.807134187779664,"207":-0.938970519049696,"208":-0.4246875120683443,"209":-0.618794069444105,"210":-1.1659258354048299,"211":-0.2502123260108726,"212":-0.7313382365730949,"213":-0.5201761889171455,"214":-0.5908269801795198,"215":-1.077635471165911,"216":-0.5370520532416501,"217":-0.6374843603084166,"218":-0.7356866900982959,"219":-0.8548090045950429,"220":-0.8154447044800871,"221":-0.8936544820019897,"222":-1.7492068183167413,"223":-0.32177263892804164,"224":-1.7190611148607517,"225":-2.137982140118146,"226":-0.6873201084004084,"227":-0.6794467447924092,"228":-0.7999562287285654,"229":-1.2502886861521658,"230":-0.5575754111138793,"231":-0.6581109206471545,"232":-0.20711190849883665,"233":-1.2066307875223439,"234":-0.7956310270433394,"235":-1.3322187793392648,"236":-0.9649128251169607,"237":-1.223119469770378,"238":-5.8379908077277385,"239":-1.0750593799343604,"240":-1.0750593799343604,"241":-0.3057912798706718,"242":-0.16877427253284205,"243":0.007172145461752821,"244":0.30534386457648477,"245":-0.36539646789066205,"246":-0.7281193706639151,"247":-0.27988505556450216,"248":-0.7995439973831098,"249":-0.17969325867354524,"250":-0.721024946563336,"251":-1.199323576515622,"252":0.37557742591781285,"253":-0.5735154035339685,"254":0.0984822662647592,"255":-0.5602679202955845,"256":-0.5602679202955845,"257":-0.1542817117014314,"258":-0.1542817117014314,"259":-0.06109434001519476,"260":-0.06109434001519476,"261":-0.04220635960409558,"262":0.8435297368946904,"263":0.43216438950782554,"264":-0.7758881701768334,"265":0.8526400734805586,"266":-0.23788170042414136,"267":-0.48820097268963336,"268":-0.48820097268963336,"269":-0.48820097268963336,"270":-0.6360105908807925,"271":-0.6360105908807925,"272":-3.090767705123562,"273":0.10042407769007144,"274":-2.2881090733776928,"275":0.06998129460731839,"276":-2.014843063893803,"277":-2.954212461059287,"278":-1.096637229657448,"279":-1.8865860214645787,"280":-1.7702069522869324,"281":-0.2023058512413871,"282":-0.11860167821369305,"283":-0.0016827858713801547,"284":-0.18393284519664121,"285":-0.24215448551604046,"286":-0.4743097804486386,"287":-1.4645039531519717,"288":0.380689133696427,"289":0.27393917487531505,"290":0.4477083017147252,"291":-0.4997747992029127,"292":-2.420980300761746,"293":-1.5900254398744686,"294":-1.0377537718458327,"295":-0.7453286513039465,"296":-0.1132372280343627,"297":-0.4315679008250646,"298":-1.0362627711286065,"299":-0.4822032662208958,"300":-1.29845105347306,"301":0.9829758557496759,"302":-1.8668801237488721,"303":-0.24589372823361355,"304":-0.6979272391762048,"305":-0.4597669876901771,"306":-0.6979272391762048,"307":-0.4956431673374977,"308":-1.378973576483165,"309":-1.5088406462484631,"310":-1.2194497812257872,"311":-0.9881168698027754,