{"1":0.040394056595578876,"2":0.012347882340514371,"3":0.002957366679828155,"4":0.4974157646795654,"5":0.22358610977947083,"6":0.07968259680491839,"7":-0.05864970489112853,"8":0.05095906402672062,"9":0.05095906402672062,"10":0.11966131684009437,"11":0.11966131684009437,"12":-0.011451806709629517,"13":-0.011451806709629517,"14":0.015515428038341848,"15":0.015515428038341848,"16":0.13710167645820134,"17":0.13710167645820134,"18":0.13710167645820134,"19":0.09317358252208367,"20":0.09317358252208367,"21":-0.5064552734080147,"22":-0.5064552734080147,"23":0.998496642023695,"24":2.056914118321159,"25":1.2995562454121048,"26":0.2091130436290089,"27":1.440828718580008,"28":0.7565397263461473,"29":1.0292044252385741,"30":0.35119786380352536,"31":0.04690010634311775,"32":0.1200113921725533,"33":0.26282031005133755,"34":1.1307381527776181,"35":0.15053558122275115,"36":0.24997080070459848,"37":0.2613428430966235,"38":0.765947010962295,"39":0.3470889249600366,"40":0.23423385976740227,"41":0.17574109762730078,"42":0.35934770066195554,"43":0.28101902010207835,"44":0.639140585248106,"45":0.11048418340840915,"46":0.14929600403432236,"47":0.11769743972780591,"48":0.30721876996278585,"49":0.22459437676613309,"50":0.22459437676613309,"51":0.30721876996278585,"52":0.30721876996278585,"53":0.37105453597827764,"54":0.37105453597827764,"55":-0.017373035132085213,"56":0.025422631138670493,"57":0.37606518807243705,"58":0.0737575790068277,"59":0.3469692022814844,"60":0.17042959667394203,"61":0.33568189792092934,"62":0.19277434183595926,"63":0.4258591088142649,"64":0.15369192211297475,"65":0.3947401655288711,"66":0.1578883262400381,"67":0.22189042503167744,"68":0.11594596476547304,"69":0.24732797724929523,"70":0.008951871465730787,"71":0.09583941050749667,"72":0.27232182420706247,"73":0.18313626622246937,"74":0.24187429888387868,"75":0.15134599612252303,"76":0.16100241103928925,"77":0.1493104606957943,"78":0.18060648029337584,"79":0.07524090897493446,"80":0.08885420971329361,"81":-0.06939313228625432,"82":0.1487104271511292,"83":-0.05417649575990213,"84":0.4660325190620343,"85":0.3872766742624885,"86":0.09798856600516581,"87":0.09798856600516581,"88":0.0652057950871262,"89":0.0652057950871262,"90":-0.035434447716054196,"91":-0.06680369328279234,"92":-0.03874817488364807,"93":-0.07620456793815611,"94":0.08376315135626655,"95":0.012680570204388758,"96":-0.011143811898273848,"97":-0.2916434153793148,"98":-0.15048071008441655,"99":1.2153113742039774,"100":1.1844076502363237,"101":0.4186281213941636,"102":0.3552526014825625,"103":0.5210867447870899,"104":0.4698293117918129,"105":0.37363296474172014,"106":0.42341951165504504,"107":0.723953818187562,"108":0.7907658542116367,"109":0.8881105598224327,"110":1.7240151460874669,"111":1.0737384737176043,"112":0.7570825747960713,"113":1.1189469639672107,"114":2.41822704669125,"115":1.1506593547117892,"116":1.2445136724901482,"117":2.262325084420117,"118":2.081332905221563,"119":3.183661988793288,"120":0.9221500202974586,"121":1.0671894872577123,"122":1.7920668212840158,"123":2.4764349488170456,"124":11.240815908929713,"125":1.3390181631177662,"126":1.3390181631177662,"127":1.1710439667990376,"128":2.0288579943996368,"129":0.39983826165673103,"130":1.3390181631177662,"131":1.3390181631177662,"132":0.13731732708657934,"133":0.06379015992790857,"134":0.1610919038434136,"135":0.09703209475156946,"136":0.0618651914085706,"137":0.03775045904643987,"138":0.13499942876158436,"139":0.10224186626538441,"140":0.16760041118550695,"141":0.32425580941251586,"142":0.022108312625424398,"143":0.12156242723900396,"144":0.0008529199548276828,"145":0.10546154592282497,"146":0.16059246242805894,"147":0.06326646258707283,"148":0.023217682111464973,"149":0.042766997471696,"150":0.09116339423214105,"151":0.0028434809671490507,"152":0.022075048847569896,"153":0.045263323228410354,"154":0.048048014699468275,"155":0.026402669583609775,"156":0.08106662458912214,"157":0.026699120203670546,"158":0.40743924859711156,"159":0.005358264585484412,"160":0.038838631103997226,"161":0.051731491418978676,"162":0.1426135497587562,"163":0.16383797768560981,"164":0.13028586517843022,"165":0.4522211758702587,"166":0.37169436235981196,"167":0.3454722620332088,"168":0.8693480721580857,"169":0.6150809088337684,"170":0.6006252050298392,"171":0.47584170426563155,"172":0.20322009295296636,"173":0.4024982279595065,"174":0.4177706363881304,"175":0.42928014278988386,"176":0.045297834507698545,"177":0.4049685610911506,"178":0.2036446284639276,"179":0.2082953304454089,"180":0.07505220693687553,"181":0.07888943476161633,"182":0.22057126303024976,"183":0.07095069561982233,"184":0.16797468419439227,"185":0.26703846291954086,"186":0.20928756513498314,"187":0.19247811380940236,"188":0.24247030014170187,"189":0.13461797485676497,"190":0.2180672590672881,"191":0.2193076974148868,"192":0.359207479311731,"193":0.21606823757590946,"194":0.1888773327530253,"195":0.24440651332517876,"196":0.3021764626682706,"197":0.3878915692827277,"198":1.152152855270366,"199":0.6457875806905515,"200":0.7813370822072278,"201":0.02045522931098556,"202":0.02045522931098556,"203":0.0644434435036004,"204":0.07623879876568995,"205":0.06789352458005096,"206":0.08066853830292128,"207":0.05587896269593687,"208":0.08935649377579517,"209":0.062235043331619826,"210":0.047893241852662624,"211":0.07621455410622892,"212":0.10278377352937723,"213":0.07652205944626904,"214":0.06176128915482215,"215":0.1253882188571895,"216":0.14597571414848037,"217":0.08954533763321917,"218":0.15453193479624236,"219":0.06547295417624271,"220":0.06099614554026371,"221":0.05473995482317649,"222":0.2875193158049003,"223":0.15404401864613057,"224":0.17737172060761447,"225":0.16506923655663044,"226":0.09095234806562236,"227":0.12675963776938842,"228":0.02009661643784727,"229":0.11507328209685712,"230":0.24241869450918638,"231":0.11153681753010646,"232":0.10252126372251251,"233":0.13857297871067453,"234":0.1669991123605038,"235":0.26364751428750643,"236":0.29026217907613205,"237":0.15953047449513766,"238":0.1537318000296553,"239":0.06559530062857724,"240":0.06559530062857724,"241":0.5042439625670592,"242":1.6470269172811178,"243":3.409077982176561,"244":1.388265341196447,"245":2.7744723175359973,"246":0.7711403271424855,"247":-0.5178927539646269,"248":-0.1306121711056869,"249":0.06513134597610426,"250":0.09583030025781447,"251":-0.2504284167405072,"252":-0.2132139566851503,"253":0.1256499170937826,"254":-0.16474337748415604,"255":0.3274354520846431,"256":0.3274354520846431,"257":0.9643282015913046,"258":0.9643282015913046,"259":0.11212666953353057,"260":0.11212666953353057,"261":0.07576211528692821,"262":0.16766012404439876,"263":0.00615822090078566,"264":-0.03522384787354571,"265":0.5198830522474548,"266":-0.07982713892877877,"267":0.137469081070929,"268":0.137469081070929,"269":0.137469081070929,"270":0.14825573435732753,"271":0.14825573435732753,"272":0.10073539379246968,"273":0.7799101131809685,"274":1.0847242995957693,"275":0.05809539977747439,"276":0.11678742596598471,"277":1.0862459801767022,"278":0.41939155603174083,"279":0.1440398012218719,"280":0.12342884928684378,"281":-0.011189745691764563,"282":0.16689294983187836,"283":0.5795172246499966,"284":0.5151331281709322,"285":0.3624284966603784,"286":0.09243328703321663,"287":0.5266263233389915,"288":0.24884815028668295,"289":3.1762761256113388,"290":5.917526768411379,"291":4.198870995728655,"292":2.9842579279188004,"293":0.5308224440238252,"294":1.1747235461557932,"295":0.025079689222448853,"296":0.48715488106988036,"297":0.33631397884553216,"298":0.7111535816046148,"299":1.2536842072913126,"300":0.5119905947587039,"301":0.5637227591158288,"302":0.5517160191534927,"303":0.45354287357544243,"304":0.5473262713062546,"305":0.3394573263643146,"306":0.5473262713062546,"307":0.1352735407025863,"308":0.11584834215147334,"309":0.47981556148784565,"310":0.8213428026363565,"311":0.7026435024863076,"312":0.7769486788699346,"313":0.6370703333725733,"314":0.1829008832595829,"315":0.06823068786349479,