{"1":-0.42872473442903053,"2":-1.9486291876307336,"3":-0.7176076699521093,"4":-0.3554291355513846,"5":-0.31699362715888135,"6":0.05821748501092319,"7":-0.0661425141923779,"8":-0.1781672318959322,"9":-0.1781672318959322,"10":-0.5559318277956701,"11":-0.5559318277956701,"12":-0.7942473323605203,"13":-0.7942473323605203,"14":-0.9438609978600649,"15":-0.9438609978600649,"16":-0.22512881542292756,"17":-0.22512881542292756,"18":-0.22512881542292756,"19":-0.08113423754282065,"20":-0.08113423754282065,"21":-0.11306312305509963,"22":-0.11306312305509963,"23":-0.011494788120680527,"24":-0.455966828416978,"25":-0.02930725439433739,"26":-0.12380593628982037,"27":-0.02563087378209486,"28":0.01793799981843404,"29":-0.24256349897344812,"30":0.07759040257464109,"31":0.03622268212015234,"32":0.09703944799196132,"33":-0.021170851915058415,"34":-0.0500782876706591,"35":-0.925051430449422,"36":-0.17170949205036146,"37":-0.26380565835882064,"38":-0.24190994117410292,"39":-0.06995319157898267,"40":-0.18252371766370093,"41":-0.23112756049825361,"42":-0.8121883920656869,"43":-0.20735154319281132,"44":-0.16711609250837767,"45":-0.4646053898449176,"46":-0.4825964539192563,"47":-0.4870525818658471,"48":-0.21613101955594968,"49":-0.3963467343830196,"50":-0.3963467343830196,"51":-0.21613101955594968,"52":-0.21613101955594968,"53":-0.4831616553610799,"54":-0.4831616553610799,"55":-0.03459484860125256,"56":-0.09160708404181406,"57":-0.02064606433174268,"58":0.013053469583479086,"59":0.07226986077199665,"60":-0.03410898613096017,"61":0.04402216086001631,"62":-0.07282471616661917,"63":-0.046740229758162416,"64":0.019974222166042555,"65":0.053781533881954655,"66":-0.02430255970487441,"67":-0.0019448813982885782,"68":-0.2336624044085085,"69":-0.14665194308667293,"70":-0.10963233060707603,"71":-0.163169365388289,"72":-0.16457071972340412,"73":-0.13383663114060415,"74":-0.1734821398408225,"75":-0.9537022634758466,"76":-0.2627249188108726,"77":-0.10109915116497092,"78":-0.3130932423297431,"79":-0.1969975631634773,"80":-0.29112752021576677,"81":-0.08842574881467347,"82":-0.2552763380338974,"83":-0.4096358244052206,"84":-0.277025460905227,"85":-0.02648763419080663,"86":-0.2594114745696479,"87":-0.2594114745696479,"88":-0.15746566338645862,"89":-0.15746566338645862,"90":-0.058581171798206474,"91":-0.057525417598798034,"92":-0.11182554341598372,"93":-0.02050710580672116,"94":-0.020430011961938284,"95":-0.08539136752887383,"96":-0.0718125509576871,"97":-0.03307708961693356,"98":-0.05033121803178253,"99":0.053645517047647695,"100":0.1052403297292088,"101":-0.1496023493758471,"102":-0.10961310206003416,"103":-0.08559321187826777,"104":-0.03924000787785953,"105":0.10522179207740012,"106":-0.12560988374808318,"107":-0.08182333867503455,"108":-0.09197219299802856,"109":0.02511620254614974,"110":-0.07288498506966917,"111":-0.17953533326439097,"112":-0.045748870221381605,"113":-0.0704448127810137,"114":0.001628852678894871,"115":-0.22234822132148735,"116":-0.06780954888335328,"117":-0.1509509676172705,"118":-0.22361876598967773,"119":-0.1163591691164293,"120":-0.18122395102887162,"121":-0.09196122604752249,"122":-0.07552067807171764,"123":-0.03798959862219087,"124":-0.19762734001020799,"125":-0.0464498142140399,"126":-0.0464498142140399,"127":-0.0818115482209622,"128":-0.09383583295174469,"129":-0.036270592588334705,"130":-0.0464498142140399,"131":-0.0464498142140399,"132":-0.032770021460227505,"133":-0.227480864379553,"134":-0.2059230250566511,"135":-0.09330386003797819,"136":0.16734862171172504,"137":-0.42388734430553965,"138":-0.1945598712246885,"139":0.08673130660934297,"140":-0.02111225286734264,"141":-0.14544124352820884,"142":-0.5938767971153285,"143":-0.3197574537650535,"144":-0.29839109008926423,"145":-0.255281217208158,"146":-0.06027170703526352,"147":-0.11524006380493235,"148":-0.04556959193484786,"149":-0.004337886321281126,"150":0.2887349490609523,"151":-0.005548473878076443,"152":0.007921175138413727,"153":-0.16360286809368155,"154":-0.214968553238084,"155":-0.41214157093774983,"156":-0.29813210753576413,"157":-0.11848674222799149,"158":-0.1925348227700392,"159":-0.1397576961677981,"160":-1.2909451465098423,"161":0.02104075480309156,"162":-0.24564032153756762,"163":-0.06123073435781906,"164":-0.07646967959961842,"165":-0.08611548970061342,"166":-0.16247861142084402,"167":-0.16306925406037828,"168":0.03968196735225932,"169":-0.015151502601319311,"170":-0.0876192850966386,"171":-0.02530876776600749,"172":0.14097658189588708,"173":-0.16758601805663143,"174":-0.18020610607657056,"175":-0.37391026226863133,"176":-0.15032597226908273,"177":-0.18090998647775355,"178":-0.2106028538329773,"179":-0.3169927442700477,"180":-0.07297871312001032,"181":-0.05490285153816882,"182":-0.03441706543360737,"183":-0.08661218430858063,"184":-0.08865222317324377,"185":-0.15741745789554973,"186":-0.11282639513989762,"187":-0.06192649416804173,"188":-0.16081859712384533,"189":-0.09645465512078386,"190":-0.030166959073843508,"191":-0.16735723376859984,"192":-0.44586749654397584,"193":-0.12454023901968114,"194":-0.35288969997348174,"195":-0.22303554165433942,"196":-0.12711797651119416,"197":-0.48995166223424974,"198":-0.6074689125000066,"199":0.010060495348393872,"200":0.04596647117114028,"201":-0.09693411373446192,"202":-0.09693411373446192,"203":-0.11095345927707032,"204":-0.09852220940804332,"205":-0.05456975612597892,"206":-0.18426296265643927,"207":-0.20258902831438136,"208":-0.09713465397526826,"209":-0.1394030455822787,"210":-0.24111700911479414,"211":-0.05512971292890497,"212":-0.19557473746488108,"213":-0.09567910313602764,"214":-0.11284209422841843,"215":-0.18342933293929087,"216":-0.07782352403770577,"217":-0.10181208527955952,"218":-0.09945041759782977,"219":-0.0943099549844601,"220":-0.14658609124370786,"221":-0.1899075560598351,"222":-0.27774532209131453,"223":-0.07537181455853595,"224":-0.4387139300510623,"225":-0.5126216123523519,"226":-0.0887297374997881,"227":-0.11342827506230643,"228":-0.13560958632205883,"229":-0.21042986556159016,"230":-0.08836694507311224,"231":-0.0757694556052404,"232":0.02072325800057878,"233":-0.31767479155810185,"234":-0.1242589607235243,"235":-0.2299803252962756,"236":-0.17233068477527175,"237":-0.2342585603571325,"238":-2.005778476982596,"239":-0.37002113906043665,"240":-0.37002113906043665,"241":-0.04015183015256435,"242":0.030769754780496136,"243":0.036837582128454754,"244":-0.05399818059037312,"245":-0.05276587131426669,"246":-0.15731001500720754,"247":-0.05280594767741288,"248":-0.11313729012780072,"249":-0.03569503857939551,"250":-0.17144125844429248,"251":-0.1309048691118429,"252":0.0969350188864187,"253":-0.1375663452492079,"254":-0.019450295986857796,"255":-0.06625268012584026,"256":-0.06625268012584026,"257":0.003791277710483945,"258":0.003791277710483945,"259":-0.022783803858505577,"260":-0.022783803858505577,"261":0.21859435516283635,"262":0.23337337413856363,"263":0.46100090658716436,"264":0.02174256831134791,"265":0.2553226438259203,"266":-0.14798501447194445,"267":0.018031668639752585,"268":0.018031668639752585,"269":0.018031668639752585,"270":-0.004497734446416324,"271":-0.004497734446416324,"272":-1.0287703907585928,"273":0.07155028053685583,"274":-0.6992627424480649,"275":-0.4786322355954913,"276":-1.0101415818108803,"277":-1.2750232324682809,"278":-0.8959421098630203,"279":-0.5359977856514349,"280":-0.26657920188367634,"281":-0.10773995032653416,"282":-0.0928099422576831,"283":-0.24450776871465865,"284":-0.1267160983509719,"285":-0.1756524934107306,"286":-0.1452724451613382,"287":-0.5965478582704292,"288":0.07965700375063951,"289":0.20110755307190736,"290":0.11533590385929648,"291":-0.11567993293073131,"292":-0.37868607241525154,"293":-0.21501898513487044,"294":-0.29188813070417546,"295":-0.31054454826130234,"296":0.008994593087100225,"297":-0.25544353706969986,"298":-0.16384884456536244,"299":-0.11538758824768555,"300":-0.25596777372692175,"301":0.3261658064413221,"302":-0.37104640211675977,"303":0.12082414856057555,"304":-0.09842750653783655,