{"1":-0.2968280009487377,"2":-0.13026682952914792,"3":-0.3776435045317221,"4":-0.09896091044037605,"5":0.20080571243103615,"6":-0.13274372147717337,"7":-0.012807452254434137,"8":-0.6554069067888714,"9":-0.6554069067888714,"10":-1.5653890771498578,"11":-1.5653890771498578,"12":-0.46627756239214924,"13":-0.46627756239214924,"14":-0.3473574624908406,"15":-0.3473574624908406,"16":0.038901297535437473,"17":0.038901297535437473,"18":0.038901297535437473,"19":-0.20092119175630185,"20":-0.20092119175630185,"21":-0.9220493142024515,"22":-0.9220493142024515,"23":-0.09718172983479106,"24":0.06447597966661664,"25":0,"26":0.05443014387744098,"27":-0.04747317293366923,"28":-0.06948548344747922,"29":0.2836845222665719,"30":-0.27616597995490294,"31":0.0784977438257144,"32":-0.14545562321690936,"33":-0.3774223350049276,"34":-0.2701242571582928,"35":-1.9472803617113448,"36":-2.0545140912980533,"37":-2.146259933976243,"38":-2.505526683174358,"39":-0.6970855184893352,"40":-0.3040343324151267,"41":-3.4904131458442755,"42":-1.7968643175136993,"43":-0.024780331421086377,"44":0.7413987024118058,"45":-0.9560206727556708,"46":-1.3617504450547324,"47":-1.110243070659266,"48":-1.3678148246523225,"49":-2.1565184208487254,"50":-2.1565184208487254,"51":-1.3678148246523225,"52":-1.3678148246523225,"53":-0.39684569146294457,"54":-0.39684569146294457,"55":-4.070900419390798,"56":0.1207732029317274,"57":0.0147494133666657,"58":-0.338409475465313,"59":-0.21087002640110158,"60":-0.21064337118413246,"61":0.6750862597458582,"62":0.23880924546388693,"63":0.19717233545476706,"64":0.10528751804477245,"65":-0.24230735371348722,"66":-0.8866064905475737,"67":-1.423578693748583,"68":-0.8404717699323512,"69":-0.8860976782344552,"70":-3.222771676168295,"71":-2.5744822751138003,"72":0.038322115063806006,"73":-0.7681643314962581,"74":-2.194550631187361,"75":-1.1804750816641612,"76":0.4653039705465729,"77":0.27263643938440996,"78":-0.1699431801794007,"79":1.4098967640619804,"80":-0.7711915072206471,"81":-0.7029370427559811,"82":1.0252953466323536,"83":-0.4926578358664322,"84":0.10709663826155702,"85":1.111826514666475,"86":0.6734500781728301,"87":0.6734500781728301,"88":-1.1434743341076032,"89":-1.1434743341076032,"90":-5.10318332783583,"91":-9.123234648302018,"92":-4.379507196761216,"93":-5.5400309024529495,"94":-4.515136606236493,"95":-2.6479038689887755,"96":-4.107576261595059,"97":-4.6679764080816675,"98":-5.549867965903451,"99":-0.34926993317628363,"100":-0.34332784470656175,"101":-0.11110265760448257,"102":-0.026121227223618537,"103":-0.17518205918440038,"104":0.13464281942225392,"105":-0.5179101152157239,"106":-0.4232279695163531,"107":0.2797832374633322,"108":-0.08628896776358064,"109":-0.5180095650723882,"110":-0.6071581999780609,"111":-0.39729000728637376,"112":0.007437763131553199,"113":-0.4671898467847536,"114":-0.9463504442850394,"115":-0.028644480771497394,"116":0.47533222421463045,"117":0.02692758960015995,"118":0.045396060531486926,"119":-0.06461939070347977,"120":0.018301418503354316,"121":0.008807443710490803,"122":-0.0626965288963015,"123":-0.6093940710523136,"124":-0.0018555560336756538,"125":-0.1605020137895507,"126":-0.1605020137895507,"127":-0.530006624551266,"128":-0.6360156473524339,"129":-0.3156458127487475,"130":-0.1605020137895507,"131":-0.1605020137895507,"132":-1.4911247712208784,"133":0.04124187909592658,"134":-0.713234089694984,"135":-0.9170742599542998,"136":-0.7809331290250103,"137":-0.8507686921375802,"138":-2.5285991850559295,"139":-0.374565129049258,"140":-0.829053316431001,"141":-2.8026811437954926,"142":0.4475848452900084,"143":-0.6346405595294946,"144":-1.6103756261236575,"145":-0.34447673861821904,"146":-1.4868672857447907,"147":-1.2615457510611807,"148":-1.0735960028637281,"149":-0.9140273563233214,"150":-0.7681376772842767,"151":-1.1356387506868373,"152":-0.9245919896815064,"153":-0.9189322371952553,"154":-0.8520817786030241,"155":-0.7113390079444644,"156":-0.5844941951778588,"157":-2.3683248220308064,"158":-0.6403634643680786,"159":-0.5503877756300645,"160":-0.19523810724686663,"161":-1.45270941538414,"162":-0.35836145950471165,"163":-1.0605650156786,"164":-2.100311817696845,"165":-0.9607576193136517,"166":-1.2239665413420986,"167":-0.47008653861650085,"168":-0.21158801913381436,"169":-0.8307247472283832,"170":-0.38606451250020873,"171":-0.0847930112919153,"172":-0.4809833889352586,"173":-0.5235840246641439,"174":-0.33901890610031604,"175":-0.609428266486468,"176":-0.4847416725036383,"177":-0.15700260011611133,"178":-0.6754995250719531,"179":-0.4980894766612007,"180":-0.5855598967559859,"181":-0.2551605601600442,"182":-0.40872623268121655,"183":-0.49927796263706115,"184":-0.624490692425475,"185":-0.4760456509485618,"186":-0.2153467468374582,"187":-0.48241959135855833,"188":-0.9758099666612586,"189":-0.47510353605620115,"190":-0.5815116739835685,"191":-0.5884753086500769,"192":-1.2869102567624446,"193":-0.8638653274582373,"194":-0.7746764844334092,"195":-0.6844928099948338,"196":-0.790226466689969,"197":-1.2218056900484824,"198":-0.13277032192803961,"199":-0.8528941860814807,"200":-0.3371200234180645,"201":-1.351980345377101,"202":-1.351980345377101,"203":-1.0303502188120461,"204":-1.0118062466714088,"205":-0.15587273551925393,"206":-1.1578277412307454,"207":-0.6629853328092752,"208":-0.4024133908229248,"209":-0.34759827368479307,"210":-0.730139034252683,"211":-0.3473211951167936,"212":-0.3293607165293897,"213":-0.11567612552904166,"214":-0.27526213553745216,"215":-0.6602467294982499,"216":-1.3151505678532565,"217":-0.858543075076206,"218":-0.9871314689472944,"219":-1.0608107624165355,"220":-0.8929195401529311,"221":-1.065616025647877,"222":-1.105622111447474,"223":-0.6621759370664508,"224":-0.48774189342837115,"225":-0.16271568382521975,"226":-0.6840027680112015,"227":-0.6072165162559928,"228":-0.5925966621458776,"229":-0.7091135462434617,"230":-2.0183392052428193,"231":-0.8433726482619919,"232":-1.4604556766796446,"233":-0.35705710745751634,"234":-1.2506322996778765,"235":-0.716027678905571,"236":-0.6133378078899391,"237":-0.6410787283203776,"238":-0.31872776503656414,"239":-0.43964693620417283,"240":-0.43964693620417283,"241":0.1575697405928233,"242":-0.45924139531560393,"243":-0.07632469169135137,"244":-0.27108660562555775,"245":0.4346001074127638,"246":-0.3646387464938582,"247":-0.2582010386752194,"248":-0.9139485508733286,"249":-0.881345451597639,"250":-0.3054363692661565,"251":-0.4850616101414313,"252":-0.11224283082779382,"253":-0.2635522496341268,"254":0.13919557662028956,"255":-0.17297344431119963,"256":-0.17297344431119963,"257":-0.06973319473319473,"258":-0.06973319473319473,"259":-0.2762378781370515,"260":-0.2762378781370515,"261":-0.06763063422001907,"262":-0.04263125801635864,"263":-0.7110461311510573,"264":0.05778659736371344,"265":-1.1194868007438095,"266":-0.19768930459001463,"267":-0.14383144881122562,"268":-0.14383144881122562,"269":-0.14383144881122562,"270":-0.11021242872261411,"271":-0.11021242872261411,"272":0,"273":0.03758691975192633,"274":0.13784720404783612,"275":-0.4990814217060627,"276":0.02881630977195826,"277":-0.23478648293498997,"278":-0.14290170085933085,"279":-0.03130354317353096,"280":-0.44256248746297466,"281":-0.1525940996948118,"282":0.19865456313827198,"283":-0.07589867227715896,"284":0.010040783181088128,"285":-0.12861736334405144,"286":-0.11305319610172855,"287":0.08703220191470844,"288":-0.08952551477170993,"289":-0.8834148371253355,"290":-0.17319585818221606,"291":-0.06925956642501552,"292":-0.1717303742051529,"293":0.022557266641812845,"294":-0.1588685299486991,"295":0.10548523206751055,"296":-0.11885596012190636,"297":-0.29348142528919785,"298":-0.465312586272861,"299":-0.023024075146499456,"300":-0.5350724191225835,"301":-1.0775802900046791,"302":-0.9641171331103888,"303":-1.1002110380209535,"304":-0.8448102397913694,"305":-0.49046895805374624,"306":-0.8448102397913694,"307":0.08004376854565226,"308":-0.5808065631152715,"309":-0.7647310485028487,"310":-0.42923491507478306,"311":0.24962835653046234,