{"1":0.14110419716759925,"2":0.2672685039748104,"3":-0.4405763797532867,"4":0.4920756611258979,"5":0.158040365566901,"6":0.26478178237835115,"7":0.4747248754622223,"8":0.6148719954443238,"9":0.6148719954443238,"10":0.06777848854986868,"11":0.06777848854986868,"12":-0.12868424606755635,"13":-0.12868424606755635,"14":-0.6001019321613419,"15":-0.6001019321613419,"16":0.11964118084114966,"17":0.11964118084114966,"18":0.11964118084114966,"19":0.10087631516362544,"20":0.10087631516362544,"21":0.3270113844741248,"22":0.3270113844741248,"23":0.15346059643126203,"24":0.18652588766656963,"25":-0.03580536562688636,"26":-0.0505185605209576,"27":0.03511471418677892,"28":0.22713348776481057,"29":-0.056750605541950216,"30":0.13122792674599099,"31":0.10822003513743628,"32":0.35959011638841387,"33":-0.019332064292378465,"34":0.014540059621190482,"35":0.16119693132533097,"36":0.08538437555287037,"37":0.04869982568589548,"38":0.27576041424623043,"39":0.9189059324993374,"40":0.2878651176102216,"41":0.28229293135058464,"42":-0.30198649284756096,"43":0.05019193289713786,"44":-0.01769918765608225,"45":0.10651602894236178,"46":0.8783303526772221,"47":0.2396580480176247,"48":0.4403996372203388,"49":0.0025763745293835294,"50":0.0025763745293835294,"51":0.4403996372203388,"52":0.4403996372203388,"53":0.4470714960064215,"54":0.4470714960064215,"55":-0.0501498001851281,"56":-0.10970538312761013,"57":-0.2502795206902796,"58":-0.04322935333778072,"59":0.004738955021946156,"60":-0.40952289124744323,"61":-0.06270029497549268,"62":-0.15906193448167272,"63":-0.23677276360613825,"64":-0.14007916620404604,"65":0.006334449869110137,"66":-0.16701738980301695,"67":-0.4820140532361693,"68":-0.18867090711460177,"69":-0.05286390717771805,"70":-0.45534060991602243,"71":-0.7982952050905436,"72":0.09519194881883575,"73":0.25632771083976547,"74":0.23591845381607945,"75":-0.02328196728427523,"76":-0.3823919116951442,"77":0.1294227241892727,"78":-0.12482128387425762,"79":0.04548843533420821,"80":-0.13544881412642662,"81":0.2436691030036734,"82":-0.21243018503114963,"83":-0.8732105799103518,"84":0.3305172315735756,"85":0.1129467775646027,"86":-0.173887796778448,"87":-0.173887796778448,"88":0.14139375917581054,"89":0.14139375917581054,"90":-0.2724665639236611,"91":-0.20371497806119215,"92":-0.35437161777547765,"93":-0.21974933183855389,"94":-0.14138396850779433,"95":-0.3926529652795667,"96":-0.5014505088884665,"97":-0.3427940576256597,"98":-0.4468185162096235,"99":-0.06414505684323779,"100":0.03618097139048193,"101":0.03553482914998063,"102":0.04882739710700351,"103":-0.052923680729467903,"104":-0.008825160792916342,"105":0.1636040918305805,"106":0.22638256027541104,"107":-0.0246279170619616,"108":-0.05735655288644648,"109":0.12886467616085145,"110":-0.3203693502686781,"111":0.1403280535539969,"112":0.05015535799517684,"113":-0.033548217676510395,"114":0.048705113284551016,"115":0.28697564967673095,"116":0.011465281821539774,"117":0.15062637965230152,"118":-0.08859973640840035,"119":0.10229559040304381,"120":-0.10532879062978673,"121":0.08649222456184225,"122":0.22408375523752,"123":-0.09785028334804047,"124":-0.035413122959884746,"125":0.047804038888498324,"126":0.047804038888498324,"127":-0.15558408025549542,"128":-0.15345713007989997,"129":-0.011027948665465637,"130":0.047804038888498324,"131":0.047804038888498324,"132":0.027491048893603542,"133":-0.15519642061856076,"134":0.2606459563437513,"135":0.41021719018643954,"136":0.400704913711353,"137":0.18332074535680998,"138":-0.09116471589377606,"139":0.6394436606996463,"140":-0.04864041464171609,"141":-0.4188270552472779,"142":0.08654053943545481,"143":0.1381870786553998,"144":-0.577969728768877,"145":0.207557243581735,"146":-0.6150075244316557,"147":-0.23408759362272447,"148":-0.303527233615298,"149":0.048073919929277564,"150":0.8677975941718838,"151":-0.4377108834010994,"152":-0.08999790012802067,"153":-0.1613042314426858,"154":-0.04527902489896429,"155":0.0560917268586415,"156":0.16737682337686666,"157":0.34209866745780126,"158":0.6081370351841697,"159":0.057530568663948234,"160":-0.5140008959006359,"161":0.014788486256752886,"162":-0.08501672324838205,"163":0.07205951159362378,"164":0.03177808796117221,"165":0.08830966509361138,"166":0.07758072611469413,"167":0.03441450013378339,"168":0.4094964281539166,"169":0.25105220319523447,"170":0.16411292626820584,"171":-0.08167643354859122,"172":0.3716195196075873,"173":0.8655105503870464,"174":0.43427560613452654,"175":0.04109888277411988,"176":0.3283920997388212,"177":0.41520807622315736,"178":0.5234955604551479,"179":0.37060935479895774,"180":0.18893316150440687,"181":0.26355146105695826,"182":0.4320578005065011,"183":0.3561581900097829,"184":0.3052074041475593,"185":0.3019068462547938,"186":0.7272114332003481,"187":0.5200847543501365,"188":0.619959069457525,"189":0.897434786450243,"190":0.5293910841234544,"191":0.49372052472258066,"192":1.1060439091166379,"193":0.07966516836215343,"194":0.033431413308332214,"195":-0.15239330433272147,"196":0.7651325630115802,"197":0.3757069242375999,"198":0.2618631082563825,"199":0.907829831083711,"200":0.48770926581839813,"201":-0.08330910821397275,"202":-0.08330910821397275,"203":0.236200818888616,"204":0.11173612696059099,"205":0.3768537121539192,"206":0.2509931272070256,"207":0.028884244723925145,"208":0.3002646655647432,"209":0.12986933607399578,"210":0.13812711022424168,"211":0.22449874423959168,"212":0.08984182167761556,"213":0.15525082823578595,"214":0.3067571682274921,"215":0.2905982931318444,"216":0.3117078085571191,"217":0.6437796694897967,"218":0.7408226359897339,"219":0.5696807513429935,"220":0.12028324080510555,"221":0.12529310316882303,"222":0.3624616520598669,"223":0.3438232642892424,"224":0.4150531247023581,"225":0.3252884116112927,"226":0.20532904895937998,"227":0.50925448621557,"228":0.353048836602451,"229":0.17647573909647618,"230":0.2290555872703841,"231":0.35652392816065015,"232":0.10762827449293855,"233":0.5608127266695881,"234":0.35147558490155517,"235":0.39962883303017105,"236":0.37486763777329546,"237":0.42071162897863323,"238":-0.23733554009636793,"239":0.2387675320922037,"240":0.2387675320922037,"241":0.11705135928570007,"242":0.0792643243662543,"243":0.32508064139426457,"244":0.10265234244559207,"245":-0.06636492117784185,"246":0.012796326117648998,"247":0.02979439122265385,"248":0.08695450271483518,"249":-0.08402200809089926,"250":-0.14546021455362532,"251":0.18276560440058393,"252":0.08269300440800949,"253":-0.044322029575827815,"254":0.05040159516976403,"255":-0.007710822520663213,"256":-0.007710822520663213,"257":0.029686155596619496,"258":0.029686155596619496,"259":0.03708417544282602,"260":0.03708417544282602,"261":0.09571121789642045,"262":-0.03576251677854991,"263":0.3590674225339653,"264":0.04820314499075368,"265":0.1442509702009036,"266":-0.1675106264453473,"267":-0.0902828522642003,"268":-0.0902828522642003,"269":-0.0902828522642003,"270":0.2194064015226872,"271":0.2194064015226872,"272":-0.4912772493633777,"273":-0.08046067188060907,"274":-0.40132913696857964,"275":-0.6842632391581658,"276":0.016230060603817265,"277":-0.3226557259457643,"278":-0.3307109932689203,"279":-0.45131773914723106,"280":-0.47457014143033677,"281":-0.042271550307838884,"282":0.021647141895973054,"283":-0.2015267532157194,"284":-0.038715243504194474,"285":-0.023784801733208655,"286":-0.155125291219876,"287":-0.00423828633628176,"288":0.42211903829212055,"289":0.2711939488620916,"290":0.5115370785180563,"291":0.16149168335813513,"292":0.33228617778608527,"293":0.10350491841094722,"294":0.006907626987459614,"295":0.018156993581513736,"296":0.06084810694221393,"297":-0.2396360953934825,"298":-0.12745407385332744,"299":0.09031251235097884,"300":0.16945944550125308,"301":0.561823640011753,"302":0.30301810423338615,"303":0.22015319715328385,"304":0.2054780746844997,"305":0.38009895959668266,"306":0.2054780746844997,"307":0.04022794575599503,"308":-0.04720884526158903,"309":-0.09745394571047039,"310":0.2749125175215976,"311":0.36429943638452633,