{"1":-0.47966483073464783,"2":-0.18948896102903845,"3":-0.5766236357695669,"4":-0.3936540341613246,"5":0.08281513971735466,"6":-0.19064794645763583,"7":0.9600506765573558,"8":-0.7025822378441955,"9":-0.7025822378441955,"10":0.004260745710991998,"11":0.004260745710991998,"12":-0.08500150955528518,"13":-0.08500150955528518,"14":0.2791126969159121,"15":0.2791126969159121,"16":0.24510585861011824,"17":0.24510585861011824,"18":0.24510585861011824,"19":0.8649295295778381,"20":0.8649295295778381,"21":0.8813064631894045,"22":0.8813064631894045,"23":-0.009771690596370064,"24":0.5140128677367284,"25":0.7589401467925188,"26":-0.0034164145555544145,"27":-0.03336482587595757,"28":-0.13279863449948381,"29":0.5782112745163897,"30":0.05688778516625792,"31":0.01800153096328394,"32":-0.29939439994013073,"33":-0.07136166990881021,"34":-1.1626688767814306,"35":-1.302504268527838,"36":-0.7139952261318765,"37":-0.42287617860051085,"38":-0.684499611189259,"39":0.07353424814946763,"40":-0.662761431874948,"41":-0.5528875051942386,"42":-0.31684661569688455,"43":-0.6295395492738995,"44":0.5120796631507547,"45":-0.9567424209293733,"46":-0.365156450777838,"47":-1.0106432294158019,"48":-0.3362413483718054,"49":-0.9554281104193372,"50":-0.9554281104193372,"51":-0.3362413483718054,"52":-0.3362413483718054,"53":0.4541043758239969,"54":0.4541043758239969,"55":-1.6897118321418283,"56":0.5234323646897989,"57":0.5038304988007112,"58":-0.25745756320051205,"59":-0.04397423909767806,"60":1.6095320410904748,"61":0.9798731757837649,"62":0.7685317855654255,"63":0.3922723506785055,"64":0.42948010476342313,"65":0.7644261169965629,"66":1.7533000359508835,"67":0.14781943303668577,"68":1.88582916820301,"69":-1.2232250003752707,"70":-1.6529468460020844,"71":-0.5012240954610405,"72":-0.39935460848892035,"73":0.02708963811994991,"74":-0.7579278143111408,"75":0.053564515910522914,"76":-0.3193741443355007,"77":-0.019221960326142096,"78":0.4057553274557337,"79":0.09517766688483498,"80":-0.9989270820476106,"81":-0.4214973448960606,"82":0.8028606622520176,"83":0.3178537840111213,"84":0.3780349112923034,"85":1.513979677165616,"86":0.3832590496029127,"87":0.3832590496029127,"88":-2.350663649113347,"89":-2.350663649113347,"90":0.05766785404481922,"91":-2.2027649124846107,"92":-1.1360881545868864,"93":-0.46062160356829196,"94":-1.7709134419724997,"95":1.2282486880592351,"96":-0.7784117269806465,"97":-0.14089402949028695,"98":1.3956488774741835,"99":-0.7094052687927395,"100":-0.23900515432254732,"101":0.3661180633727348,"102":-0.4903775484462489,"103":-0.43110866261681036,"104":-0.04580554877659271,"105":-0.5850508667442771,"106":-0.18243929927120295,"107":-0.5031664873855295,"108":-0.6436654035941025,"109":-0.3125901770202426,"110":0.08694590899597543,"111":-0.4455094164852982,"112":-0.29114062706912947,"113":-0.641632442791642,"114":-1.3842870887963348,"115":0.2875276690066739,"116":1.0181883769783968,"117":-0.18682977991058802,"118":-0.4230927125622337,"119":-0.2919020733249198,"120":-0.23681592856516254,"121":-0.04290880426978738,"122":-0.4590735347068371,"123":-0.352434078039626,"124":-0.4735127899336167,"125":-0.4389734102982126,"126":-0.4389734102982126,"127":-0.2356198549211701,"128":-0.45031052544975836,"129":-0.30066149059291414,"130":-0.4389734102982126,"131":-0.4389734102982126,"132":0.05646872176795803,"133":1.253010975440212,"134":-0.8113970113742823,"135":-0.8776140625429285,"136":-0.512851944377755,"137":-0.14844878405742445,"138":-1.4634006743105985,"139":2.0488825903050625,"140":-1.6936763751032125,"141":-1.6231539476451857,"142":2.606728419107336,"143":-0.6920582825552533,"144":-0.6849777619366941,"145":0.7175404480303476,"146":-2.8623769041051252,"147":-0.48676388780638913,"148":-0.9938252296485945,"149":-1.0362267232147215,"150":-1.913805942433771,"151":-1.2804487664341577,"152":-0.83973731110237,"153":-1.2119187838755208,"154":-1.0455858125743234,"155":-1.0452475248776856,"156":-0.8212334174890343,"157":-1.7045702775980427,"158":-0.8067941438127155,"159":-0.7910101957813422,"160":-0.42684246800640446,"161":-2.1897218291604448,"162":-1.1428113040885384,"163":-0.5558420291927733,"164":-2.6646507045251795,"165":-1.0812241122718986,"166":-1.3750075069068268,"167":-0.530450349386574,"168":-1.1645715202114197,"169":-0.8061928309908093,"170":-0.5616021652126024,"171":-0.35116386116398113,"172":-0.6105674048054297,"173":-0.5997934700606944,"174":-0.8247964527379512,"175":-0.7710410559334262,"176":-0.6300004130846348,"177":-0.35796508698174323,"178":-0.8093091855825216,"179":-0.6406969125760371,"180":-0.9672618510959059,"181":-0.6489435109109611,"182":-0.5751393119020838,"183":-0.8445381663931602,"184":-0.4746222128853259,"185":-0.4574782769749324,"186":-0.6072530659424489,"187":-0.8590737006193332,"188":-0.984592921650167,"189":-0.6145140128413105,"190":-0.5857521761761415,"191":-0.5409524165810722,"192":-0.8625194223844201,"193":-1.6360514346068298,"194":-0.8901354657461034,"195":-1.4493920252212282,"196":-0.9617020284127213,"197":-0.9385883543280862,"198":0.35315925866907794,"199":-0.9134913759482681,"200":-0.9396309885329046,"201":-1.0949135658906934,"202":-1.0949135658906934,"203":-1.137728406441632,"204":-1.3535188244772307,"205":-1.010014140279553,"206":-1.1168828419820032,"207":-1.0543889627648324,"208":-0.8081693992780592,"209":-0.9301988723434464,"210":-1.1994482576481809,"211":-1.28796437489382,"212":-1.3763021228322088,"213":-0.7067874496069777,"214":-0.43447703078530564,"215":-1.0051916964911745,"216":-2.157670047489747,"217":-1.0046614905097209,"218":-1.2922712488749974,"219":-1.550702775341012,"220":-1.8770029165227404,"221":-1.647103019442945,"222":-1.594212403141527,"223":-1.1180418270399604,"224":-0.9447575268641941,"225":-0.43569552506767395,"226":-1.0334849898977065,"227":-1.571209435396578,"228":-1.441867205846663,"229":-0.8552115691270719,"230":-1.9116019277394756,"231":-1.5547019933678832,"232":-1.1934164802627771,"233":-0.68338646815441,"234":-1.8769655929070828,"235":-1.1161706019004343,"236":-1.1515298255315733,"237":-1.3288098729779532,"238":-1.0888149957978555,"239":-1.003665823721772,"240":-1.003665823721772,"241":0.011188637295321602,"242":-0.42281588866471687,"243":0.1558651251358043,"244":-0.22157467656877916,"245":-0.5115925574189255,"246":0.22422017501316338,"247":0.5636484409973002,"248":-0.6596825746274915,"249":-1.1164476510873858,"250":-0.31416003292395445,"251":-1.4266748613754783,"252":-0.454067830521258,"253":0.48231731501914,"254":-0.07484873771513101,"255":0.03135533122918588,"256":0.03135533122918588,"257":-0.20370411033743796,"258":-0.20370411033743796,"259":-0.018046343388638864,"260":-0.018046343388638864,"261":0.15309647891442202,"262":1.9504566533810443,"263":0.049077621584269426,"264":0.9288655465187836,"265":0.4456044161210908,"266":0.4909432955078046,"267":0.0648574937514712,"268":0.0648574937514712,"269":0.0648574937514712,"270":2.4996239558950193,"271":2.4996239558950193,"272":-0.09330272448806731,"273":0.07887399290944941,"274":0.5911246575063289,"275":1.6153931609138494,"276":0.449925904392142,"277":2.32692357620616,"278":1.4780983543801973,"279":0.5746829389610904,"280":-0.548009445562958,"281":-0.04860707268731379,"282":-1.108052243966823,"283":-0.8579087275607336,"284":-0.3870285904919837,"285":-1.0115823851360628,"286":-2.5173787403032843,"287":0.9310646835953449,"288":2.2898828456899833,"289":-0.9714182469026253,"290":-0.4776057637976532,"291":-1.2554103060217399,"292":-0.8154948590218529,"293":-0.34788890401766226,"294":-0.6238058897767589,"295":0.1288126442886739,"296":-0.1936610312784568,"297":-0.8096258591962493,"298":-0.23980066862925575,"299":0.8269304899205183,"300":-0.6117150341040718,"301":-1.6529693684184839,"302":-1.105099558788667,"303":-0.5823854452969552,"304":-1.4959669450368125,"305":-0.20812574739486855,"306":-1.4959669450368125,"307":1.0617839962994569,"308":-0.17218470422904808,"309":-0.4178310450424325,"310":-0.44271436307108125,"311":0.0681916261379838,"312":0.0024794035470643294,"313":0.009513545809256563,