{"1":-0.2735020011096486,"2":-1.5425904755166464,"3":-0.021331058020477817,"4":-0.07870791078074871,"5":-0.19815261549670363,"6":0.044732730666901296,"7":-0.04828765191793835,"8":-0.21755718750510766,"9":-0.21755718750510766,"10":-0.21565082857442358,"11":-0.21565082857442358,"12":-0.4338355425613421,"13":-0.4338355425613421,"14":-0.35055263383322754,"15":-0.35055263383322754,"16":-0.25263586561232254,"17":-0.25263586561232254,"18":-0.25263586561232254,"19":-0.007000305232400576,"20":-0.007000305232400576,"21":-0.10413613731718552,"22":-0.10413613731718552,"23":0.008759988632187174,"24":-0.06308966159387501,"25":0,"26":-0.015346294948073777,"27":-0.019963071250192574,"28":0.004104634912953407,"29":-0.2734152975178012,"30":0.027409278778403892,"31":-0.11923081650764378,"32":0.027048586202454407,"33":0.006800942039871537,"34":-0.03198771671678076,"35":-0.20082362202354997,"36":-0.07813651914935091,"37":-0.047658012114858136,"38":-0.09979326066766193,"39":-0.03632173986216808,"40":-0.08984319113038484,"41":-0.04073513004114532,"42":-0.21745047508207208,"43":-0.13566071594774723,"44":-0.1273442381741697,"45":-0.01917382389746082,"46":-0.03259966920113999,"47":0.005071584789894362,"48":-0.03346706530631503,"49":-0.11974530386574096,"50":-0.11974530386574096,"51":-0.03346706530631503,"52":-0.03346706530631503,"53":-0.12835856220626193,"54":-0.12835856220626193,"55":-0.027273437761313038,"56":0.11395664290797505,"57":-0.002075029087521406,"58":-0.03742029679532679,"59":0.014519264289700696,"60":-0.024142092977668915,"61":0.013383332695761724,"62":-0.050903559104721385,"63":-0.06355184956083676,"64":-0.029831063794579258,"65":0.0074010829118802135,"66":0.014586052290889384,"67":-0.07635226001579976,"68":-0.07742558672596922,"69":-0.11180081092351402,"70":-0.05627922476005561,"71":-0.03894869370116054,"72":-0.10383999327237275,"73":-0.08498945660755465,"74":-0.10193515231734937,"75":-0.33178738606915104,"76":-0.3355158249527538,"77":-0.009665262492667873,"78":-0.17015250350537856,"79":-0.07016826794353505,"80":-0.16750104669332272,"81":-0.10243908023508033,"82":-0.17844055030652667,"83":-0.36351716945110646,"84":-0.07174693118230845,"85":-0.05612141412960939,"86":-0.2463229320087753,"87":-0.2463229320087753,"88":-0.1216611965810083,"89":-0.1216611965810083,"90":-0.04331075595603774,"91":-0.038761497170067494,"92":-0.17485821298817328,"93":-0.05002702793005752,"94":0.021038824087459575,"95":-0.100538648618099,"96":-0.06881962170637987,"97":-0.019462438115977098,"98":-0.041188923350551854,"99":0.04937027439254796,"100":-0.028292634198227584,"101":-0.10296632877421191,"102":-0.10718859488424232,"103":-0.05819138116693083,"104":-0.1556119316665675,"105":-0.02309578959845887,"106":-0.18958191227616825,"107":-0.0609642737727866,"108":-0.09751749709049475,"109":-0.054043713614353214,"110":-0.13906059026493267,"111":-0.12760342564177174,"112":-0.053151782505287126,"113":-0.05670234705090507,"114":-0.2142493717414134,"115":-0.15870506570734044,"116":-0.2338560521861489,"117":-0.09079229363911724,"118":-0.13456463822858217,"119":-0.09227351479314622,"120":-0.18631688810820454,"121":-0.08192222110445727,"122":-0.10998727398645816,"123":-0.0025691140175733707,"124":-0.35318364925237955,"125":-0.05694847641493854,"126":-0.05694847641493854,"127":-0.0184713703342666,"128":-0.08077215648699425,"129":-0.036935366218629404,"130":-0.05694847641493854,"131":-0.05694847641493854,"132":-0.03801902053226168,"133":-0.21608003505989212,"134":-0.072198260792328,"135":-0.13261603459812243,"136":0.15495044257921642,"137":-0.3399840704396332,"138":-0.10200852669674779,"139":-0.003425728105811321,"140":-0.035756623371680896,"141":-0.18021306174576962,"142":-0.6784523221992103,"143":-0.12241692899509954,"144":-0.20422532181887398,"145":-0.2745185230766803,"146":-0.10471247791228969,"147":-0.020637299845859824,"148":-0.02233860479202758,"149":0.021518318083463744,"150":0.3120292772809431,"151":0.04020303138057982,"152":-0.022682950850798356,"153":-0.35634852647341214,"154":-0.30857539202522555,"155":-0.33145092095829737,"156":-0.11921767664099503,"157":-0.089538424839162,"158":-0.09666169030524717,"159":-0.12619657281482782,"160":-0.688702042383756,"161":0.02398171769002473,"162":-0.028399517949240533,"163":-0.0932835437867871,"164":-0.10626863791567812,"165":-0.03151472681504093,"166":-0.060080607074220624,"167":-0.041997617832093014,"168":0.02624677884918586,"169":-0.01565244832223417,"170":-0.056445365803062725,"171":-0.06798834546032965,"172":0.028498030766953508,"173":-0.09544857012239578,"174":-0.03721392904446302,"175":-0.35216949869138214,"176":-0.06571294404506017,"177":-0.2604516759610336,"178":-0.11418010519243355,"179":-0.15250070944730434,"180":-0.03946357754529394,"181":-0.08511675431119572,"182":-0.042736904107682064,"183":-0.08645855536560808,"184":-0.06473236673222232,"185":-0.06294920266802334,"186":-0.12672300109099555,"187":-0.120506282999,"188":-0.08626793406696442,"189":-0.0656785595796146,"190":-0.025195960283040365,"191":-0.13459293206861403,"192":-0.18879736054434987,"193":-0.09998219947848172,"194":-0.2288682122253251,"195":-0.1612390618270038,"196":-0.12901936984154433,"197":-0.18618874825943954,"198":-0.2712749957495417,"199":-0.022239365125875155,"200":-0.005953764866452667,"201":-0.005638529375036561,"202":-0.005638529375036561,"203":-0.12385495660804169,"204":-0.056365677201716265,"205":-0.03947570490073089,"206":-0.148475668226678,"207":-0.10312593954842113,"208":-0.10531045089950511,"209":-0.13582620475868132,"210":-0.16488066498929838,"211":-0.04262734697279562,"212":-0.21770766202703226,"213":-0.10291939973740152,"214":-0.08945876927950203,"215":-0.12372633642266104,"216":-0.05884890409143262,"217":-0.08009581220274373,"218":-0.05566308586316416,"219":-0.042908014317177154,"220":-0.0603678328793602,"221":-0.138984902126246,"222":-0.19096680368326052,"223":-0.05307507485280282,"224":-0.4390636608374661,"225":-0.20938881830656508,"226":-0.11383893321563371,"227":-0.12217699771833783,"228":-0.10110594341573342,"229":-0.15317942398643447,"230":-0.04520238369343785,"231":-0.04729504962164907,"232":-0.0587164265406815,"233":-0.19025271202381994,"234":-0.06857721452529529,"235":-0.1998690651353296,"236":-0.13472703186144958,"237":-0.13459926539503106,"238":-1.3210820440664492,"239":-0.12753392724675394,"240":-0.12753392724675394,"241":-0.09465578854844969,"242":-0.006420367076318854,"243":-0.028221313907261007,"244":-0.11415681957953719,"245":-0.06589062156819679,"246":0.017026416830002892,"247":0.002363415583628182,"248":-0.09914582112096432,"249":-0.03610593821293298,"250":-0.11599753245518818,"251":-0.040642076484745646,"252":-0.000663829863350205,"253":-0.12889927988740837,"254":-0.0007451431868295295,"255":-0.24223929430138758,"256":-0.24223929430138758,"257":-0.03592760884800666,"258":-0.03592760884800666,"259":-0.0332915635068876,"260":-0.0332915635068876,"261":0.023664452689474882,"262":-0.14137345317584926,"263":0.38801063779510947,"264":-0.05347278594561127,"265":0.09474096966195401,"266":-0.1886731956817335,"267":-0.1464796699528202,"268":-0.1464796699528202,"269":-0.1464796699528202,"270":0.3349718319834418,"271":0.3349718319834418,"272":-0.2611128323784136,"273":-0.08331593206585791,"274":-0.1906720363637152,"275":-0.23846752275225983,"276":-0.7413130961310856,"277":-0.2498627567639658,"278":-0.09063017651241076,"279":-0.30843432464137804,"280":-0.36479093275377117,"281":-0.14356157543224518,"282":-0.06914759869248177,"283":-0.1957494860331317,"284":-0.26196555721740383,"285":-0.33468648012770413,"286":-0.1261616099452274,"287":-0.27888297822923913,"288":0.15098330341374513,"289":0.020332801931766203,"290":0.13688915349930178,"291":-0.08197496175971676,"292":-0.17014148737324988,"293":-0.06180980083196354,"294":-0.17664581327096873,"295":-0.15534998408665335,"296":-0.0344637875110555,"297":-0.4655381950577945,"298":-0.05801493082963179,"299":-0.12028704379047304,"300":-0.04611312710700452,"301":0.11694494556626037,"302":-0.13659342147139866,