{"1":1.2613840204071076,"2":1.1579665025441086,"3":-2.5828779826813943,"4":-0.05250376391623757,"5":-0.8608844187172195,"6":4.584993341706171,"7":1.1440925254855312,"8":2.2511511671993567,"9":2.2511511671993567,"10":0.3348789097770051,"11":0.3348789097770051,"12":3.0939024308703336,"13":3.0939024308703336,"14":3.1520836073076697,"15":3.1520836073076697,"16":0.30846327690285147,"17":0.30846327690285147,"18":0.30846327690285147,"19":0.15390513169432296,"20":0.15390513169432296,"21":0.3928449524856945,"22":0.3928449524856945,"23":4.949340805333762,"24":1.4126343476555405,"25":1.7703099749741564,"26":1.5796673462959676,"27":3.601127495927811,"28":1.192889115838292,"29":0.002519555205912738,"30":3.3010744301256576,"31":-0.2345820836784407,"32":1.5352687690023266,"33":1.6695914820625517,"34":0.12558460856381837,"35":-0.3513079642545507,"36":-0.05854183369526611,"37":-0.2815682496660913,"38":-0.39772565435333584,"39":0.06291288360751313,"40":-0.2679954328681785,"41":-0.12041737689996013,"42":0.21561723639412111,"43":0.167881680769024,"44":0.04748991430435656,"45":0.2852990994511573,"46":0.1593242833600279,"47":0.3593423471474475,"48":0.037558390339116565,"49":-0.11256981859728699,"50":-0.11256981859728699,"51":0.037558390339116565,"52":0.037558390339116565,"53":0.15560655073227425,"54":0.15560655073227425,"55":0.008772271678977185,"56":0.4083059074504263,"57":0.12229681629645572,"58":1.345895424794254,"59":1.6911011713854487,"60":0.04151811529324401,"61":0.4995109749137323,"62":0.10352727411245866,"63":1.7446589717051517,"64":0.9622162155143963,"65":0.8994189056391768,"66":0.08548169860788235,"67":-0.09336329049987846,"68":-0.24942857227304582,"69":-0.09908789913640548,"70":0.020781112390973355,"71":-0.09295728022503957,"72":-0.18442780265113745,"73":-0.13403681967891812,"74":0.02925018236096788,"75":-0.13901199786018514,"76":-0.2797012881891705,"77":-0.3717490733610753,"78":-0.7553342713117317,"79":-0.3947366767196496,"80":0.055189749566517676,"81":-0.4104015221726911,"82":-0.5809167404258071,"83":-0.5316809614911606,"84":-0.5228012324622453,"85":-2.0718241571757385,"86":-0.45841583172737166,"87":-0.45841583172737166,"88":-0.37040772878468986,"89":-0.37040772878468986,"90":-0.005298339242471681,"91":0.004069894785777017,"92":0.022384279133019394,"93":0.015835403338765208,"94":0.013512008197748594,"95":0.01456909951461024,"96":0.014198792863696932,"97":-0.023733069875329887,"98":0.029865917011991094,"99":0.4808501446035167,"100":0.38995948205615716,"101":0.8699831465240502,"102":0.4054548899184831,"103":0.0678882615420422,"104":-1.1993106648855907,"105":0.907435592699168,"106":0.48402978714514777,"107":1.1091774120645408,"108":0.6758165763105979,"109":0.6860385686133474,"110":0.2251956714355401,"111":0.2827948596368981,"112":1.114943297419814,"113":0.5184220127839403,"114":2.017297776824276,"115":2.7676711379916843,"116":-1.0538940745852745,"117":-0.06520440870105637,"118":0.5751646279804432,"119":0.26321048273149117,"120":0.7943211105340888,"121":0.11007782365934338,"122":0.7550623647857844,"123":1.1006940953714994,"124":3.3408439080608003,"125":1.657833577033173,"126":1.657833577033173,"127":0.2897718634356825,"128":1.3142601449232374,"129":0.9853963348962602,"130":1.657833577033173,"131":1.657833577033173,"132":-0.12523834284330926,"133":-0.6340115105523885,"134":0.3481085447004695,"135":0.7276537622336399,"136":1.148215463707899,"137":0.6621263115856528,"138":0.06774198674551157,"139":-0.2487334914850683,"140":0.015335644256471381,"141":0.15298746795090867,"142":-0.9723512004834505,"143":0.347882099641613,"144":1.5808495536601708,"145":-0.11764274165827437,"146":0.5638738387558835,"147":0.6644286930187966,"148":1.0266112008400805,"149":0.8832075143085443,"150":0.6602249575778347,"151":0.8338127982153107,"152":0.9522179536789657,"153":1.410494804231441,"154":2.006187658381724,"155":2.2354509841259578,"156":1.9932159530820988,"157":0.8610192854420515,"158":3.1797113754565673,"159":0.25752063845759565,"160":0.5208398461437955,"161":1.4342482529651543,"162":0.6752381269958594,"163":1.1007041770845292,"164":0.3324978801675307,"165":0.8790756448251322,"166":1.2818416522357619,"167":1.129598219727216,"168":1.2752350093126985,"169":1.1930274076323237,"170":0.28266983007412794,"171":0.567636486274361,"172":1.4421127443126904,"173":2.0852534005168284,"174":0.27080304249106923,"175":0.7132403014621622,"176":1.226487389429603,"177":1.3742344656531165,"178":2.156924294044216,"179":2.210066294164704,"180":2.6655101136921235,"181":3.608323211880608,"182":2.6717119715398527,"183":2.25167930679639,"184":3.07879411113385,"185":2.309666819156593,"186":2.797525368578844,"187":3.7176427311510745,"188":0.9358839983059992,"189":2.399554361721239,"190":1.5088027375392707,"191":1.6059879369557848,"192":1.8320238061797842,"193":1.206709707833852,"194":1.099492788429798,"195":1.4307875293452956,"196":2.3260036799789288,"197":0.6273320983535313,"198":1.308639709498049,"199":1.691219870342639,"200":3.0497402289919875,"201":0.7656351896577109,"202":0.7656351896577109,"203":4.546474272303481,"204":2.958963380810412,"205":4.204914447594231,"206":3.438740215488581,"207":2.1335514226121504,"208":5.0682837818095825,"209":2.6148787808729077,"210":2.613150148726592,"211":3.1694247347414652,"212":3.0941965336732444,"213":4.301177670737259,"214":4.028038157310277,"215":3.45498119851328,"216":4.165334850488335,"217":4.34538513318843,"218":4.033011922117016,"219":4.499240274132276,"220":2.746278555110074,"221":2.825801875773472,"222":2.4193778816857763,"223":3.6194647875334756,"224":2.9451772921841872,"225":4.400000158909084,"226":2.8407442216407777,"227":3.464608148352529,"228":2.4698584732598663,"229":1.5977263732268336,"230":1.1838377702910576,"231":2.4604453251174583,"232":2.493183280859954,"233":2.7788986805168028,"234":2.807531109200814,"235":3.1635695198256566,"236":3.1954166626398592,"237":3.1337636577767527,"238":2.315030588283057,"239":1.593427054543155,"240":1.593427054543155,"241":-0.1436461660192121,"242":1.9815035607231497,"243":1.3267892679035516,"244":-0.5803726331930528,"245":-0.5201419988514826,"246":0.09871707752196013,"247":0.8662229774818019,"248":0.08975119272584053,"249":2.3151727366532513,"250":-0.14051520668133888,"251":0.7837014566609066,"252":0.5269727835770897,"253":0.0639073257912055,"254":-0.017734709962735185,"255":1.4398559932707777,"256":1.4398559932707777,"257":-0.2585151327178259,"258":-0.2585151327178259,"259":0.5119323015605999,"260":0.5119323015605999,"261":3.7759035469370317,"262":-1.0542630972416496,"263":6.009572822097539,"264":1.5166856763733794,"265":0.06468103330806185,"266":-0.007859609302424353,"267":2.0507643933695348,"268":2.0507643933695348,"269":2.0507643933695348,"270":1.0644195663989877,"271":1.0644195663989877,"272":-0.8579747974405478,"273":0.09771132734998167,"274":-0.7457641163706059,"275":-0.9689667525085772,"276":-1.01034909603715,"277":-0.8067897763793714,"278":-0.9725024881125683,"279":-0.386954002710604,"280":1.5653261721698173,"281":-2.3907663191920063,"282":-0.2386257343745073,"283":-1.3020410158826903,"284":-4.447245586134669,"285":-4.484673993780766,"286":0.8794180785732724,"287":-1.3515649112171257,"288":-0.5558283031874764,"289":0.6474904935212791,"290":0.2208198031069588,"291":0.31641842007724463,"292":0.38709498459673086,"293":0.1713015045740396,"294":0.2349929409001592,"295":-1.8787219574473086,"296":-0.26865277892438266,"297":-0.7949766929680218,"298":-0.23862827947871068,"299":0.02207569431269274,"300":-0.5933204921974098,"301":0.5709924017500212,"302":0.6640406346752945,"303":0.03363553448673651,"304":0.45602649283754637,"305":0.16105729857429107,"306":0.45602649283754637,"307":-3.54258195902372,"308":-0.02500299897368219,"309":0.11522674958203138,"310":0.35866830391117244,"311":0.5252452338945526,"312":-0.42628853723812066,"313":0.2398605639795095,"314":0.3628140323582638,"315":0.21039922896260665,"316":-0.3435603191629397,"317":0.3653435912634615,"318":0.26410242573977616,"319":0.03363553448673651,