{"1":-0.6639265478665578,"2":-1.903903149973016,"3":-0.5160569184176708,"4":-0.08070945949881456,"5":-0.4428938809839403,"6":-0.008125615758180799,"7":-0.1989044190150832,"8":-2.3564642786059578,"9":-2.3564642786059578,"10":-0.9137699574588332,"11":-0.9137699574588332,"12":-0.5697967893228117,"13":-0.5697967893228117,"14":-1.1564973051278633,"15":-1.1564973051278633,"16":-0.20741561485506735,"17":-0.20741561485506735,"18":-0.20741561485506735,"19":0.0776545622863749,"20":0.0776545622863749,"21":0.09949615222534813,"22":0.09949615222534813,"23":0.026261301241122526,"24":-0.27386720755533334,"25":-0.239333721626196,"26":-0.22384959917037706,"27":-0.0811499624132547,"28":-0.11441051120190782,"29":0.19466516177219995,"30":-0.06288766187982767,"31":0.673416989270383,"32":0.2611589703745387,"33":-0.061427056698001886,"34":-0.022683913414119128,"35":-1.0188535284596014,"36":-0.8987981019062632,"37":-0.5433547639534408,"38":-0.43004321425930314,"39":-0.561943295828959,"40":0.034914025348511624,"41":-0.3385814908007574,"42":-2.2382247111337543,"43":-0.43499960224836076,"44":-0.533235492078398,"45":-1.0182612248913272,"46":-0.5665286668796206,"47":-1.0490730533817714,"48":-0.6087463406895437,"49":-0.6909704307222844,"50":-0.6909704307222844,"51":-0.6087463406895437,"52":-0.6087463406895437,"53":-0.8455122004492805,"54":-0.8455122004492805,"55":-0.2097845190938752,"56":0.029489156192117283,"57":-0.2832158563999779,"58":-0.045414496408969995,"59":0.05702860011028492,"60":0.2160276149555571,"61":0.021698623480374324,"62":-0.04756186285379582,"63":-0.5677956981258132,"64":0.07762074757393661,"65":-0.6904681305816105,"66":0.05416699676037462,"67":0.5559235824716005,"68":-0.05042643854832951,"69":0.29529090224437016,"70":-0.3144968689968608,"71":0.05220202668217078,"72":0.3595008567904804,"73":-0.1990366762616902,"74":-0.18858044674145047,"75":0.2816283725683344,"76":-0.3163476695982963,"77":-0.20653513371508248,"78":-0.05192407726959214,"79":0.0002556292113987668,"80":-0.5781278228996499,"81":-0.23690462990299577,"82":-0.3777289654925964,"83":-1.8304223435970537,"84":-0.010932998600883592,"85":0.5978636396068995,"86":-0.6159173850946738,"87":-0.6159173850946738,"88":-0.22173577315003512,"89":-0.22173577315003512,"90":0.2499268923068061,"91":-0.2842581241108977,"92":-0.08565525868973389,"93":-0.484910594227453,"94":-0.7601537186058485,"95":-0.7930547761702982,"96":-0.23496835973514507,"97":-0.28913001339514044,"98":-0.6481150122580202,"99":0.6055456822641789,"100":0.4327069905620693,"101":0.07193331794133151,"102":0.09299804311220117,"103":0.34201035244487044,"104":0.025106121093404044,"105":0.10905343646989596,"106":-0.012754941479866555,"107":0.03263859209728304,"108":-0.555128617533013,"109":-0.004019109092794126,"110":-0.165888457472662,"111":-0.28067743952109014,"112":-0.29195951420345995,"113":-0.019872535778405198,"114":-0.12014593824450637,"115":-0.09989754975628362,"116":-0.028183111104691183,"117":-0.19957358476244402,"118":-0.20585365751365203,"119":0.014241508044006368,"120":-0.04652790593353928,"121":0.0936032134491821,"122":-0.18131711427787756,"123":-0.054359966074575605,"124":-0.24981657416300002,"125":-0.06611751284248435,"126":-0.06611751284248435,"127":0.13520573401527836,"128":-0.08511386615021066,"129":-0.07063755122848986,"130":-0.06611751284248435,"131":-0.06611751284248435,"132":-0.10596796615215542,"133":0.05306066358735362,"134":-0.14084333119683468,"135":-0.23804590048206853,"136":0.5010254827439644,"137":-0.9786546508978029,"138":-0.2442431515603838,"139":0.7289003105195867,"140":0.08188858520010456,"141":-0.08192005201799613,"142":0.6523252360886842,"143":-0.04011818272198964,"144":0.00974793066959434,"145":-0.1880352582414634,"146":-0.16770207964994444,"147":0.5215821759095025,"148":-0.3753828854570023,"149":0.007084731446753145,"150":1.569446934748237,"151":0.30806328265293814,"152":-0.15799025758826057,"153":-0.407021166031138,"154":-0.44463244514204625,"155":-0.14785096363628836,"156":-0.452984060416616,"157":-0.3493503721914837,"158":-0.43803877069710734,"159":0.7064608631350648,"160":0.6132115513661045,"161":-0.18773001728020677,"162":-0.23998217395816207,"163":-0.38766062656281886,"164":-0.2541558538752333,"165":-0.15243462432107813,"166":-0.5089328628691447,"167":-0.2462512101285066,"168":0.20565932847847063,"169":0.05365661391751653,"170":-0.17639349688818623,"171":-0.049145042618394974,"172":-0.1499991531623437,"173":-0.6802067552513352,"174":-0.20516458046239872,"175":-0.6324641035469571,"176":-0.24364914061295706,"177":-0.30219755354420075,"178":-0.5188419056688415,"179":-1.1931902281276558,"180":-0.16341752902550014,"181":-0.11797417478754407,"182":-0.12981112256664282,"183":-0.17322772115128132,"184":-0.15459923551895208,"185":-0.3542529333622077,"186":-0.15266900352795754,"187":-0.21497586106091543,"188":-0.3430010432105758,"189":-0.21021819240049314,"190":-0.20244202577574355,"191":-0.6281355164801883,"192":-1.111968359568737,"193":-0.3307948879612395,"194":-0.7893711758650376,"195":-0.656950360023272,"196":-0.622653478448794,"197":-1.2875217856559984,"198":-0.3045418520911207,"199":-0.07932854048320381,"200":-0.2897192074676808,"201":0.2999197819522217,"202":0.2999197819522217,"203":-0.2799083537129534,"204":-0.2987799159218782,"205":-0.18350232088258006,"206":-0.22357647698857713,"207":-0.3371870565881753,"208":-0.2077386906198022,"209":-0.28461059717755677,"210":-0.4435364950956325,"211":-0.11561114256168845,"212":-0.25165778813367556,"213":-0.330187123286977,"214":-0.3556858112550223,"215":-0.487942030829029,"216":-0.26385802051033636,"217":-0.31159105136990056,"218":-0.3548487534599638,"219":-0.501490736239711,"220":-0.2907170869637693,"221":-0.2893514670365044,"222":-0.8790841622295282,"223":-0.14496170938978375,"224":-0.5325867695771808,"225":-0.8731700132635534,"226":-0.3309775036056116,"227":-0.41208482316801287,"228":-0.45622597570645973,"229":-0.724050114061579,"230":-0.24330327947461972,"231":-0.3875834791639018,"232":-0.20130495378201246,"233":-0.33917995765926223,"234":-0.3788884781353551,"235":-0.6435728080036995,"236":-0.4783255925052977,"237":-0.6079997440307958,"238":-1.2155072824996624,"239":-0.1849379640961361,"240":-0.1849379640961361,"241":-0.25724782341836694,"242":-0.20650844229460028,"243":-0.06909494562008772,"244":0.4245855959514171,"245":-0.2690133118700937,"246":-0.36766922332262647,"247":-0.1702396881912279,"248":-0.4784796445534429,"249":-0.09253951815171502,"250":-0.30419195961817935,"251":-0.85318714088644,"252":0.17953144032639826,"253":-0.3006325709319211,"254":0.12936784732526424,"255":-0.441025414827268,"256":-0.441025414827268,"257":-0.17264847475357506,"258":-0.17264847475357506,"259":-0.002263533250041583,"260":-0.002263533250041583,"261":-0.3553676218979985,"262":0.5089135269591839,"263":-0.11204870907915698,"264":-0.5193732865612539,"265":0.44682718813835387,"266":0.08677001463720979,"267":-0.46625522400786074,"268":-0.46625522400786074,"269":-0.46625522400786074,"270":-0.49673542670749693,"271":-0.49673542670749693,"272":-0.7680925582604838,"273":-0.00009516644251672535,"274":-0.7982733425169946,"275":1.6606169559713466,"276":-0.1587340275039626,"277":0.2911501350737087,"278":1.7634276617149247,"279":-0.7201731491628307,"280":-0.8044176727238496,"281":-0.02323321076437207,"282":0.024473847300099327,"283":0.42164958374483086,"284":-0.011749789246665365,"285":-0.03493720188509597,"286":-0.2016467746770379,"287":-0.21226134376748906,"288":0.07633010321237671,"289":-0.0434101802665261,"290":0.2337006203425308,"291":-0.22280792228019347,"292":-1.1096487806638324,"293":-1.063557064935924,"294":-0.41663278141452176,"295":-0.0838604355086909,"296":-0.13541772252928364,"297":0.09334255525663093,"298":-0.6184810814428044,"299":-0.20721613361117658,"300":-0.5830634835460919,"301":0.17155648005563795,"302":-0.6477016405088902,"303":-0.3976569531615428,"304":-0.22407538247405023,"305":-0.2702281291892922,"306":-0.22407538247405023,"307":-0.29224390870722544,"308":-0.28113335117765414,