{"1":-1.1031403120992949,"2":-4.463416409657308,"3":-1.622112189059012,"4":-0.35741203066397376,"5":-0.41012077369734934,"6":0.3093818457839934,"7":0.20046083925474956,"8":-0.249902847689639,"9":-0.249902847689639,"10":-1.5809972135991082,"11":-1.5809972135991082,"12":-2.1576017338303273,"13":-2.1576017338303273,"14":-2.8244450449089396,"15":-2.8244450449089396,"16":-0.35554974233374903,"17":-0.35554974233374903,"18":-0.35554974233374903,"19":-0.034019222030387986,"20":-0.034019222030387986,"21":-0.028056164645428927,"22":-0.028056164645428927,"23":0.05777965331417201,"24":-0.8144395932758939,"25":-0.08227211557829461,"26":-0.28192526378444965,"27":-0.051008902517798105,"28":0.2288031859606089,"29":-0.6097158616864284,"30":0.23745115121866045,"31":0.1588857487422709,"32":0.5003021078435523,"33":-0.06045853083007027,"34":-0.08520296602911154,"35":-2.273398727691635,"36":-0.34645790785545594,"37":-0.6160095230571276,"38":-0.4108815253243674,"39":0.6815541988227912,"40":-0.2120168984422044,"41":-0.2773921648842925,"42":-2.133184944170641,"43":-0.5144563783660399,"44":-0.3988122386512861,"45":-1.0555819937769968,"46":-0.26208823439172013,"47":-1.0031229045586327,"48":-0.14121450654488932,"49":-1.0079455073443047,"50":-1.0079455073443047,"51":-0.14121450654488932,"52":-0.14121450654488932,"53":-0.7213445119202926,"54":-0.7213445119202926,"55":-0.12400042737502892,"56":-0.31732104690135976,"57":-0.30437919006952596,"58":-0.01948145726045547,"59":0.1418427310381945,"60":-0.4048491834282478,"61":0.023412750280235595,"62":-0.35949975458440986,"63":-0.33797038475889807,"64":-0.10192091365671502,"65":0.1115930424910464,"66":-0.1996077116448557,"67":-0.6271941616514374,"68":-0.8285757229059765,"69":-0.44546532029754227,"70":-0.7460482218092188,"71":-1.2162091162156554,"72":-0.39938100757622785,"73":-0.12392407853548915,"74":-0.30026295746340925,"75":-2.2460146143818904,"76":-0.9692970592943548,"77":-0.10436645913883025,"78":-0.7827136857457646,"79":-0.4076510372014689,"80":-0.792728395951122,"81":0.00316840536504559,"82":-0.7893148278724575,"83":-1.7350809179230748,"84":-0.3604147790564822,"85":0.06719023009828184,"86":-0.791882584545254,"87":-0.791882584545254,"88":-0.29927633907588524,"89":-0.29927633907588524,"90":-0.41627300316426985,"91":-0.3401897734314443,"92":-0.7025238386751089,"93":-0.2700236474865426,"94":-0.1730775939099098,"95":-0.5631376354872526,"96":-0.6475306219023187,"97":-0.40037562573095864,"98":-0.541752091141658,"99":-0.09653015358369177,"100":0.17050339847915263,"101":-0.37374215724120163,"102":-0.2166285674061219,"103":-0.3114075077967444,"104":-0.09323567858550685,"105":0.3430443426609995,"106":-0.12754603931512243,"107":-0.27343632712841726,"108":-0.30932323431456465,"109":0.1237184886202376,"110":-0.5479802322405833,"111":-0.36284006302091587,"112":-0.10909486638804922,"113":-0.23208477325189225,"114":0.02231394439456591,"115":-0.20740080856760867,"116":-0.1274740786688604,"117":-0.243676246019203,"118":-0.6627078448162629,"119":-0.22654736131196485,"120":-0.5496981689220615,"121":-0.13613119202994284,"122":0.0380109175751433,"123":-0.3123080676563543,"124":-0.4484489724584424,"125":-0.08545152726030047,"126":-0.08545152726030047,"127":-0.40422872263853815,"128":-0.42103401606160573,"129":-0.11154501224070723,"130":-0.08545152726030047,"131":-0.08545152726030047,"132":-0.14502904067695188,"133":-0.7919124037724319,"134":-0.58308074412628,"135":0.05305354674305418,"136":0.6042478798090527,"137":-1.2188681415800358,"138":-0.7046475878006224,"139":0.7649205040340452,"140":-0.1701286126344601,"141":-0.8736314452579004,"142":-1.1573834526139541,"143":-0.853215394711544,"144":-1.475550718608289,"145":-0.4357893377230666,"146":-0.7834096921265878,"147":-0.7566767548439204,"148":-0.4626059022944813,"149":-0.005491549082492053,"150":1.4240526102492246,"151":-0.5245014089010152,"152":-0.1071040705024151,"153":-0.6511789809585972,"154":-0.7229292736837285,"155":-1.219903207071779,"156":-0.7445827946120331,"157":-0.10855196752360241,"158":-0.059401854454180114,"159":-0.5069287226829329,"160":-4.198540637238287,"161":-0.012721176891294705,"162":-0.7832370923807683,"163":-0.1977574270167266,"164":-0.1786007544493824,"165":-0.19589733872137494,"166":-0.43169519710817905,"167":-0.3309491369387705,"168":0.4066630664133506,"169":0.18916326387129723,"170":-0.06046277880272588,"171":-0.1325023589490515,"172":0.5837307957303814,"173":0.18338135263087807,"174":-0.08484064107226308,"175":-0.9538958062304959,"176":-0.16840358793488686,"177":-0.09607668757117516,"178":-0.2579360780874458,"179":-0.720941997253651,"180":-0.03394767452397174,"181":0.10048131947857741,"182":0.3327567678753153,"183":0.029629366208149266,"184":0.02701924945313605,"185":-0.19903944976225207,"186":0.28792363782475294,"187":0.26763186068193545,"188":-0.039252104601886106,"189":0.42687898534968305,"190":0.22867854095768925,"191":-0.19356442495565584,"192":-0.4863810123342853,"193":-0.4727061977052043,"194":-1.1563047549153598,"195":-0.9525688559576213,"196":0.1217094210474805,"197":-1.1927308002100427,"198":-2.0377719382159745,"199":0.6425266841430677,"200":0.5093790284044838,"201":-0.4738411221866332,"202":-0.4738411221866332,"203":-0.08723309947233937,"204":-0.22180441891978075,"205":0.11263386204249248,"206":-0.3661474037255048,"207":-0.5640883006970739,"208":0.05065554473799916,"209":-0.22219385425772786,"210":-0.6063501411694917,"211":0.054367957168080905,"212":-0.4138897490084452,"213":-0.05460124764700003,"214":0.01988346249124895,"215":-0.31566776458280277,"216":-0.02718062505320007,"217":0.1574158467736131,"218":0.20942789386771166,"219":0.0869424689751559,"220":-0.42605362389690904,"221":-0.4988850724957634,"222":-0.577826682395711,"223":0.09766503761466971,"224":-0.7975048452443583,"225":-0.9533075808820268,"226":-0.1503222623155318,"227":0.13272179082302782,"228":-0.04594940671866621,"229":-0.3711412574874686,"230":-0.08691895299604346,"231":-0.010019908907200614,"232":0.01757965011094531,"233":-0.37660141080564546,"234":-0.14713414614252152,"235":-0.33793998732024777,"236":-0.14784886065887326,"237":-0.2228885726060823,"238":-4.72196605209199,"239":-0.6903502260725081,"240":-0.6903502260725081,"241":0.044060730904900924,"242":0.09658445465340498,"243":0.36448316813030446,"244":-0.0146060399106549,"245":-0.1630414519958755,"246":-0.3265520598397363,"247":-0.08733354336400609,"248":-0.19597673080696704,"249":-0.17341823730821326,"250":-0.5203783958801542,"251":-0.1635806631073441,"252":0.2476426887006634,"253":-0.31685931150599544,"254":0.007648072708260206,"255":-0.13945581925373912,"256":-0.13945581925373912,"257":0.01438358187105504,"258":0.01438358187105504,"259":-0.036962130397074855,"260":-0.036962130397074855,"261":0.38862283754174953,"262":0.35418996161399185,"263":0.9507251006399265,"264":-0.11636232367073807,"265":0.5189859493569189,"266":-0.46821111658488457,"267":-0.05254139063614294,"268":-0.05254139063614294,"269":-0.05254139063614294,"270":0.1084368318428739,"271":0.1084368318428739,"272":-2.635351461105189,"273":-0.014614172706966189,"274":-1.6438327728321542,"275":-1.9770715466561937,"276":-1.9305090659155981,"277":-2.6335613586326385,"278":-2.4217367010246624,"279":-1.4698205015660402,"280":-1.376234274533216,"281":-0.22299175150191564,"282":-0.1328749789703078,"283":-0.6443816338558235,"284":-0.22192511225379058,"285":-0.2753526302744188,"286":-0.42491880427950257,"287":-1.1973371242270314,"288":0.6389325627456988,"289":0.41690955972033317,"290":0.5219205150194335,"291":-0.18226657559451986,"292":-0.7121506581600892,"293":-0.4222915540991995,"294":-0.599202789590715,"295":-0.6415832293645525,"296":0.06767639236983292,"297":-0.7307669645836903,"298":-0.47870086834711456,"299":-0.20767487157662878,"300":-0.47223604911552985,"301":1.0553554038301256,"302":-0.888716830997623,"303":0.2997478435343921,"304":-0.23863319873896183,"305":0.17311242517129477,"306":-0.23863319873896183,"307":-0.2581137853458013,"308":-1.0533776070736072,"309":-0.5606780452461368,