{"1":-1.6386073894083537,"2":-4.014437199125342,"3":-1.8736519168594132,"4":-0.8761537868340709,"5":-0.8900388193719071,"6":0.14971527538920293,"7":-0.29545551639621775,"8":-1.8541077957060577,"9":-1.8541077957060577,"10":-2.0948129599535052,"11":-2.0948129599535052,"12":-2.549644048141277,"13":-2.549644048141277,"14":-3.3175597157914494,"15":-3.3175597157914494,"16":-0.3118673835596727,"17":-0.3118673835596727,"18":-0.3118673835596727,"19":-0.05325995665180294,"20":-0.05325995665180294,"21":-0.08403166381199245,"22":-0.08403166381199245,"23":0.022104095956754666,"24":-1.3244796429189107,"25":-0.1207783319102261,"26":-0.46476068129761094,"27":-0.1555328488186814,"28":-0.09318178425964779,"29":-0.20842954998076357,"30":0.08239193463228744,"31":0.842582250604619,"32":0.428491025538018,"33":-0.07813038780405185,"34":-0.08809085885199452,"35":-3.0140983749880803,"36":-1.232197679563632,"37":-1.1419480398105692,"38":-0.98069671904776,"39":-0.5589929129416902,"40":-0.4640754792183863,"41":-0.8251023208628352,"42":-4.168964961957809,"43":-0.8544231169428693,"44":-0.8325701972956936,"45":-2.0896801794839535,"46":-1.4375498259866728,"47":-1.9342859450803174,"48":-0.9756331638177718,"49":-1.5001208431290047,"50":-1.5001208431290047,"51":-0.9756331638177718,"52":-0.9756331638177718,"53":-1.6326382815403842,"54":-1.6326382815403842,"55":-0.2605186164326305,"56":-0.18457354181079866,"57":-0.43887496174579843,"58":-0.05337469902329267,"59":0.21032912760010733,"60":0.049587741756019765,"61":0.12385131405633676,"62":-0.30475794026389535,"63":-0.6170481311062758,"64":0.14803008092557346,"65":-0.4690451444157302,"66":-0.07094949910435178,"67":0.19001821171669553,"68":-0.8219542199574104,"69":0.19708066185858097,"70":-0.4566112749820257,"71":-0.4333109586887305,"72":-0.09603991922156196,"73":-0.4579694368748708,"74":-0.6412155008260867,"75":-1.9899603002090611,"76":-0.7094862576173635,"77":-0.4038803771250039,"78":-0.6743492673323537,"79":-0.37321514744622974,"80":-1.1692053969163154,"81":-0.38486747587451764,"82":-0.7246082989911027,"83":-2.410337640701503,"84":-0.5811516964288648,"85":0.6236791668955488,"86":-1.102277714498868,"87":-1.102277714498868,"88":-0.584660263995187,"89":-0.584660263995187,"90":0.08101836452954503,"91":-0.4334896125887888,"92":-0.5142493283194041,"93":-0.5777130286491932,"94":-0.7863447162474422,"95":-0.9337979672317771,"96":-0.39688366878228276,"97":-0.356006902190777,"98":-0.766393472154802,"99":0.5208490908251506,"100":0.5164827738708336,"101":-0.3207856333595047,"102":-0.18524794059098615,"103":0.006851322521439718,"104":-0.047020225651448255,"105":0.2920187802498746,"106":-0.23467672851608468,"107":-0.23590757411230667,"108":-0.7244767083310826,"109":-0.027763074516689912,"110":-0.44534366997858,"111":-0.6475835786625712,"112":-0.41434976835152715,"113":-0.2132607130742743,"114":-0.043320751422884274,"115":-0.5188640739563992,"116":-0.28561162869412793,"117":-0.5403826657163282,"118":-0.8701027246808954,"119":-0.23194972841970918,"120":-0.4645946281912203,"121":-0.053152270058731466,"122":-0.22274828417088188,"123":-0.29741304394257195,"124":-0.45510789073375224,"125":-0.13855999043642386,"126":-0.13855999043642386,"127":-0.18166300998045992,"128":-0.3104905721716773,"129":-0.15750072494624867,"130":-0.13855999043642386,"131":-0.13855999043642386,"132":-0.3567877669394208,"133":-0.6624102244705197,"134":-0.9870949301559249,"135":-0.6114310548828388,"136":-0.1866964345225659,"137":-1.8017834494037,"138":-0.9723848305682996,"139":0.8873126572480272,"140":-0.03864039706209388,"141":-0.44718505232073813,"142":-0.6316229512336391,"143":-1.0738839964157187,"144":-1.0900155453913778,"145":-0.6665092377373472,"146":-0.3421374217739068,"147":-0.26489462519630447,"148":-0.5728429514671435,"149":-0.26382304866752193,"150":0.7565887378943026,"151":-0.5679606656251937,"152":-0.22586076327187943,"153":-0.7929322316240411,"154":-0.9878882809635465,"155":-1.2554667379122966,"156":-1.2083666188065618,"157":-0.5897292493895556,"158":-0.874895963822322,"159":0.088926139635916,"160":-3.0979683975885948,"161":-0.2045179653619289,"162":-1.0442253965098565,"163":-0.6528552972275135,"164":-0.38136074309266066,"165":-0.2826643042444039,"166":-1.0295525851258716,"167":-0.61887164614883,"168":0.30347748784750594,"169":0.0011522233228209444,"170":-0.3609000945067278,"171":-0.10520728190348194,"172":0.2861737517783518,"173":-1.049162903480541,"174":-0.5361731324155163,"175":-1.3544863802720943,"176":-0.6046636071472595,"177":-0.5334764647253039,"178":-0.9982918717825842,"179":-2.0561101059757227,"180":-0.36920301174388204,"181":-0.189987306092385,"182":-0.1653866867848579,"183":-0.3641937216522163,"184":-0.36222552372350686,"185":-0.7528867100839923,"186":-0.2907096511777256,"187":-0.29256954013767245,"188":-0.7718351997477083,"189":-0.40697847793245867,"190":-0.277838113443881,"191":-1.0521031203883795,"192":-2.2143021912884597,"193":-0.7677439142281592,"194":-1.7924283185150234,"195":-1.231385193777733,"196":-0.8973952416246842,"197":-2.8637552963841495,"198":-2.1047821551888424,"199":-0.05262553424113836,"200":-0.1494144013577866,"201":-0.1870937533935726,"202":-0.1870937533935726,"203":-0.5064349133170675,"204":-0.5876230999743771,"205":-0.43575584243746024,"206":-0.7633638041384007,"207":-0.8776648567758439,"208":-0.4154501300482225,"209":-0.580010747249459,"210":-1.1105457080705907,"211":-0.2596095900700001,"212":-0.6059464518034895,"213":-0.45789194445378967,"214":-0.5827761155359407,"215":-0.9642595701851766,"216":-0.5431641711038167,"217":-0.5987672731109502,"218":-0.7101152658433941,"219":-0.9012648055178509,"220":-0.7900157773890092,"221":-0.8211691344954548,"222":-1.5242533359874284,"223":-0.32330527594902203,"224":-1.497848124772802,"225":-2.059298079256367,"226":-0.6053310356846646,"227":-0.6594726304155505,"228":-0.7931434186892156,"229":-1.0564114617912923,"230":-0.4479895567699561,"231":-0.6214513365064795,"232":-0.2217903119043243,"233":-1.0919713184579642,"234":-0.710749008141867,"235":-1.1446497917603682,"236":-0.7093358789385222,"237":-1.2041278499418713,"238":-4.536039402568692,"239":-1.0033612277778547,"240":-1.0033612277778547,"241":-0.14406723673053878,"242":-0.1110037743471316,"243":-0.0017168508483076383,"244":0.14751963274012514,"245":-0.38785875708559087,"246":-0.625725297615118,"247":-0.2512873267926624,"248":-0.49772843466970795,"249":-0.059678791728325076,"250":-0.588443537244008,"251":-1.18840710485741,"252":0.46983776118050435,"253":-0.45081336676882866,"254":0.0812709627376717,"255":-0.1471834987953884,"256":-0.1471834987953884,"257":-0.09049552485596096,"258":-0.09049552485596096,"259":0.020094814547743867,"260":0.020094814547743867,"261":0.18690521810208194,"262":0.7677808472537029,"263":0.6698501556544592,"264":-0.7216809723822897,"265":1.0212750943781344,"266":-0.010339282779895598,"267":-0.257379736626975,"268":-0.257379736626975,"269":-0.257379736626975,"270":-0.48250280334680307,"271":-0.48250280334680307,"272":-2.8408437236702486,"273":0.25971257615041654,"274":-1.8666940064261683,"275":-0.040180919800819836,"276":-2.295598264049424,"277":-3.075779752614558,"278":-1.3522229516941255,"279":-1.345263959603443,"280":-1.5437695149704127,"281":-0.06311580916612214,"282":-0.1340096299009793,"283":-0.06977160971290264,"284":-0.21381864646189108,"285":0.008271452399760904,"286":-0.4569502132997199,"287":-1.1813886638261806,"288":0.26074828953749696,"289":0.22209383057388532,"290":0.26580988090627455,"291":-0.5092829203113085,"292":-2.130386339365388,"293":-1.5694123734733023,"294":-0.9425257501008893,"295":-0.6623407189492101,"296":-0.055355270495622,"297":-0.16774246314862706,"298":-0.9740313842134742,"299":-0.42641790617172737,"300":-1.144523384503314,"301":1.0288646781935575,"302":-1.7734734237657546,"303":-0.10342447308555691,"304":-0.711731975810199,"305":-0.3938964093793613,"306":-0.711731975810199,"307":-0.6280492342250659,"308":-1.2546174112584167,"309":-1.3651013239609242,"310":-1.1528741283497381,