{"1":-0.5177882349462708,"2":-0.8964936471405275,"3":-0.2164954065851205,"4":0.05561735261401557,"5":-0.8493468296382498,"6":-0.04275974813398849,"7":-0.08245189224314436,"8":-1.5385804892049284,"9":-1.5385804892049284,"10":-0.4756581069771034,"11":-0.4756581069771034,"12":-0.09020488836668639,"13":-0.09020488836668639,"14":-0.5284986190740899,"15":-0.5284986190740899,"16":-0.23108145793611456,"17":-0.23108145793611456,"18":-0.23108145793611456,"19":-0.15431415914592284,"20":-0.15431415914592284,"21":0.05339893906444987,"22":0.05339893906444987,"23":0.004171606596731159,"24":-0.21517664798488578,"25":-0.2683843263553409,"26":-0.2484109639990141,"27":-0.12887024820507537,"28":-0.14951684999118753,"29":0.15036893267806745,"30":-0.032296674591366176,"31":0.06656056251724671,"32":0.0788313560635795,"33":-0.1777340759835906,"34":-0.3372976346773476,"35":-0.43178794927355785,"36":-0.8848426109363304,"37":-0.5438608818522592,"38":-0.25019709955483493,"39":-0.32215061880893303,"40":-0.13406592408270057,"41":-0.31999236637562656,"42":-1.6929928952693951,"43":-0.34588036815946,"44":-0.5787515457220178,"45":-0.8979025687045512,"46":-0.4685326884249035,"47":-1.0877881013766437,"48":-0.34394471783082414,"49":-0.2843845885125904,"50":-0.2843845885125904,"51":-0.34394471783082414,"52":-0.34394471783082414,"53":-0.9611267750112693,"54":-0.9611267750112693,"55":-0.23089821108156572,"56":0.21411063003246314,"57":-0.14866381497363623,"58":0.1333474590764669,"59":-0.012817416847928628,"60":0.18481894036523228,"61":0.03456548452559169,"62":0.049062686020906576,"63":-0.8502113370599058,"64":0.08650378016358379,"65":-0.2674362310066517,"66":0.006664937343408006,"67":0.322833918058524,"68":-0.22235864766282154,"69":-0.27680072320773175,"70":-0.27405109940816463,"71":-0.37567290125159747,"72":0.2036495444672607,"73":-0.2565680954209374,"74":-0.27387329005834316,"75":0.30893662129604493,"76":-0.10463602710269027,"77":-0.08241237907208951,"78":-0.06725144206059125,"79":-0.07749861899516985,"80":-0.45321687635971586,"81":-0.1344110532475607,"82":-0.3646469892930173,"83":-0.3696671193644859,"84":-0.06620426976048743,"85":-0.04207935806821539,"86":-0.3781300226028743,"87":-0.3781300226028743,"88":0.11644807872305418,"89":0.11644807872305418,"90":0.2834968368474926,"91":-0.9129375256377306,"92":-0.5168100446358102,"93":-0.33169860356515035,"94":-0.9992993975397854,"95":-0.7282422937552266,"96":-0.2939829735326458,"97":-0.6166555465779306,"98":-0.5216172060766342,"99":0.2962772492891149,"100":0.14092137228263113,"101":-0.14416806431079576,"102":-0.15808225264334075,"103":0.06517238243963591,"104":-0.022534388474591438,"105":0.08142631453868843,"106":-0.03397356327636092,"107":0.07967700244023568,"108":-0.20961960096254972,"109":0.02220199177329696,"110":-0.24194026133443924,"111":-0.1611617128599072,"112":-0.15637833547918162,"113":-0.07755541949418054,"114":0.3024147833624215,"115":-0.10637236196385635,"116":0.30147411051320494,"117":-0.12480233432444132,"118":-0.1390463539270903,"119":-0.08337655604557681,"120":0.37993799586415755,"121":0.0870431051671009,"122":-0.2686707772188768,"123":-0.33615330105748276,"124":-0.24982324980624107,"125":-0.13197307355654653,"126":-0.13197307355654653,"127":0.11123989525818878,"128":-0.044881077332084574,"129":-0.13071148569927005,"130":-0.13197307355654653,"131":-0.13197307355654653,"132":-0.3202059778662716,"133":-0.0643038835541595,"134":-0.08310237476848703,"135":-0.13561433618718144,"136":0.29238997101593445,"137":0.04840070547894748,"138":-0.21645501107210463,"139":0.2572750885588909,"140":-0.01291112708498976,"141":-0.15283943258362898,"142":0.41158367764100245,"143":0.0489045096401719,"144":-0.14640013576327227,"145":-0.33936655776257185,"146":-0.2917868849392541,"147":0.5484521598340322,"148":-0.16067153660851638,"149":0.004849293656796261,"150":0.35569727941476137,"151":-0.09122557721513103,"152":-0.2939127536687521,"153":-0.3313140814830846,"154":-0.2921958838123751,"155":-0.2288357316034093,"156":-0.25814797630375863,"157":-0.3046277579849227,"158":-0.2845896156475135,"159":0.5210562234238817,"160":1.1391272223507745,"161":0.055762266365147195,"162":-0.2693240381944485,"163":-0.293683987476511,"164":-0.34663931424335415,"165":-0.1416180545064043,"166":-0.317411013731437,"167":-0.2331110014300537,"168":0.23209870655975573,"169":0.1861505686059955,"170":-0.22256404051104323,"171":0.03665493507396678,"172":-0.1415253419410326,"173":-0.3210655469010998,"174":0.2009442630221715,"175":0.0355741441259505,"176":-0.1085001795957582,"177":-0.08166426979957714,"178":-0.11341091089500355,"179":-0.4322223240361799,"180":-0.08315298993462353,"181":-0.12010772169947101,"182":-0.17697835399607986,"183":0.021125676907296498,"184":-0.09138377124778616,"185":-0.16399814842086885,"186":-0.06948600816816797,"187":-0.1969662989521467,"188":-0.20764560912372615,"189":-0.1714836057331661,"190":-0.1447517089887715,"191":-0.21224289213048875,"192":-0.2349008461321147,"193":-0.2025319592994616,"194":-0.3390120507915203,"195":-0.3479612631985982,"196":-0.7653208295018243,"197":-0.9421236747650577,"198":0.10639645483707905,"199":0.059987967467290404,"200":-0.24516055786393748,"201":0.3725177997347698,"202":0.3725177997347698,"203":-0.1678131983686951,"204":-0.19009090198691544,"205":-0.10248064095216952,"206":-0.16387113992722424,"207":-0.2184849990269305,"208":-0.09042015541995271,"209":-0.19136464300997177,"210":-0.16792941304622414,"211":-0.13744057820905306,"212":-0.31965979691081253,"213":-0.2921867391994239,"214":-0.3011916176693046,"215":-0.354951003649286,"216":-0.15607900285304563,"217":-0.11699088396688687,"218":-0.20224945334568006,"219":-0.24904935593856975,"220":-0.1645887917828729,"221":-0.14185724180127185,"222":-0.3125249951899354,"223":-0.1585743382277553,"224":-0.30609338374804196,"225":-0.579879375328065,"226":-0.15510791142419322,"227":-0.36873510386500785,"228":-0.5101318153966883,"229":-0.39233842734022517,"230":-0.24675915347669924,"231":-0.2485034240685154,"232":0.03509467595631077,"233":-0.14970528559492496,"234":-0.20316810258613263,"235":-0.2779353221533426,"236":-0.3266460950892866,"237":-0.630582436571302,"238":0.07679051322459518,"239":-0.1823722277832659,"240":-0.1823722277832659,"241":0.30847023127308165,"242":0.044331278309447136,"243":-0.09959889386838494,"244":-0.05692594834633585,"245":-0.1931324755587522,"246":-0.5119291910402813,"247":-0.046889494461366324,"248":-0.23023791250959325,"249":-0.1477346942243868,"250":-0.15920705792578807,"251":-0.6948673892627308,"252":-0.1187648456057007,"253":-0.005584246424853251,"254":0.05735574288043005,"255":-0.13107347268881422,"256":-0.13107347268881422,"257":-0.07246376811594203,"258":-0.07246376811594203,"259":-0.09552286086162212,"260":-0.09552286086162212,"261":-0.317902836164877,"262":0.08640244714055928,"263":-0.30936415935253514,"264":-0.18477454906018909,"265":0.14268960168131206,"266":-0.0431966165175362,"267":-0.3551344304101786,"268":-0.3551344304101786,"269":-0.3551344304101786,"270":-0.4766015070339683,"271":-0.4766015070339683,"272":-0.4014603916249698,"273":-0.2848648156991155,"274":-0.840620005145056,"275":0.7183145321831454,"276":-0.3658555653889817,"277":-0.1538070313526445,"278":1.7574869170116854,"279":-0.49116644878894944,"280":-1.2323099360558887,"281":-0.24630487193034648,"282":-0.08838210641373107,"283":-0.02754271530660035,"284":-0.0643131324475853,"285":-0.28224910886907384,"286":-0.029746636479718536,"287":-0.13830311548986693,"288":0.19120458891013384,"289":-0.19889775007527843,"290":-0.5218787940644505,"291":-0.12506929346734508,"292":-0.7395776727710004,"293":-0.7804115924272284,"294":-0.10567507766031572,"295":0.16450742518665243,"296":-0.2506483058278404,"297":0.0129500043786136,"298":-0.5801410813822871,"299":-0.5542618454165682,"300":-0.6377294315397425,"301":0.25673037806311916,"302":0.012884965282044747,"303":-0.16230378110483556,"304":-0.10680557688032555,"305":-0.0657309385438567,"306":-0.10680557688032555,"307":-0.2188359954099749,