{"1":-1.089868984204962,"2":-2.0264363957076084,"3":-1.0880439602072833,"4":-0.5732151017203492,"5":-1.2363170984578624,"6":-0.48780238988428026,"7":-0.4601345998009827,"8":-1.9406744027425042,"9":-1.9406744027425042,"10":-3.1751692400414937,"11":-3.1751692400414937,"12":-0.7419841343767533,"13":-0.7419841343767533,"14":-1.1243751158349355,"15":-1.1243751158349355,"16":-0.7318276112140311,"17":-0.7318276112140311,"18":-0.7318276112140311,"19":-0.026971047883686428,"20":-0.026971047883686428,"21":0.08647189055493643,"22":0.08647189055493643,"23":-0.08452461800318378,"24":-1.1415479207411354,"25":-0.07167690060083098,"26":-0.7081031784394687,"27":-0.658129693424927,"28":-0.8527643370026365,"29":1.7033673194083123,"30":0.43066458631389537,"31":1.4262950159323058,"32":1.261445122911935,"33":-0.43970136149409345,"34":0.16864861129280517,"35":-1.117951449244897,"36":-2.884851369726479,"37":-1.043555712977854,"38":-1.3882213676116564,"39":-1.4735277826115363,"40":1.4642167012697769,"41":-2.0880262738602156,"42":-1.8627844267421247,"43":-0.56378514727747,"44":-0.4842931394883121,"45":-0.8813577212222015,"46":0.47794866836893934,"47":-0.8949150809496151,"48":-1.2053615301611105,"49":-1.4949381753736102,"50":-1.4949381753736102,"51":-1.2053615301611105,"52":-1.2053615301611105,"53":-0.26610444714687453,"54":-0.26610444714687453,"55":-1.7003473554419815,"56":-0.5108639743048651,"57":-1.2180052232880627,"58":-0.8074869002012584,"59":-1.316864756159047,"60":-1.4150983134901196,"61":-0.622948260319256,"62":-0.8794009202180109,"63":-2.108341170558262,"64":-0.5204258963428849,"65":-0.9327764524464544,"66":-1.1143290431503443,"67":0.2942261004325042,"68":-1.1223115979031135,"69":-1.474768269545157,"70":-0.7063152029758921,"71":-0.019833912453552927,"72":0.0507014348749566,"73":-0.7607590413084466,"74":-0.7335595920311118,"75":-1.0673254478282939,"76":-1.915744258986174,"77":-1.084114548928742,"78":-0.8696559800686878,"79":-0.42744738043453534,"80":-1.5909989765834096,"81":-1.1822190489058495,"82":-1.1808319688369808,"83":-4.512538572492231,"84":-0.7512773176036673,"85":-0.5769938931893295,"86":-2.6451388845488237,"87":-2.6451388845488237,"88":-5.068736703950634,"89":-5.068736703950634,"90":-3.1510043850346126,"91":-2.673294752487706,"92":-2.9979852813643753,"93":-4.72107406659849,"94":-2.4278760326228994,"95":-4.939395727561575,"96":-3.900191044865176,"97":-3.926646314068626,"98":-6.383486754361958,"99":0.7539564208615275,"100":0.11221573605641533,"101":0.09305017899881829,"102":-0.2915032716397059,"103":-0.3929900565609108,"104":-0.8671488299669914,"105":-0.41785411238229075,"106":-0.4500327529969086,"107":-0.4214927661854406,"108":-1.3369771031065572,"109":-0.7296660312121959,"110":-1.7998150482142545,"111":-1.0632701431395981,"112":-1.1068795517987207,"113":-0.7466262538436883,"114":0.02787367706923849,"115":-0.36663095709926274,"116":-0.7747803710063805,"117":-0.5151264263825626,"118":-0.7202411989208626,"119":-0.049940076386912224,"120":-1.0745326549949974,"121":-0.5164368392805194,"122":-0.7118185718776919,"123":-0.5382905785793657,"124":-1.0955840902854501,"125":-0.42594830687748253,"126":-0.42594830687748253,"127":-0.9675191763403541,"128":-0.9809238658771902,"129":-0.70775944623235,"130":-0.42594830687748253,"131":-0.42594830687748253,"132":-0.5895272300229992,"133":-0.47255903301024915,"134":-0.9486126538894126,"135":-1.0122301683954493,"136":0.3049848544215301,"137":-1.6664067811212044,"138":-1.9024927785586252,"139":0.2906833435638987,"140":-2.5597949433389395,"141":-0.9811031204451037,"142":-0.6569728873458445,"143":-0.27244614358553765,"144":-0.8775954321828703,"145":-1.656746873833379,"146":-1.264295669402422,"147":-2.7585846228445376,"148":-1.031797963910183,"149":-0.5292281602600144,"150":-0.08546475763587047,"151":-1.0210793703651815,"152":-1.0561557853155836,"153":-1.1416149641648647,"154":-1.2721893326329892,"155":-0.9040186565736281,"156":-1.23341170796636,"157":-0.6553604050502946,"158":-1.028939449402348,"159":-0.06540297599348133,"160":-1.008886091243439,"161":-1.058470624133828,"162":-0.7507806049575745,"163":-0.8522164917864514,"164":-1.5543367717834826,"165":-0.7409339055341482,"166":-1.43755742245899,"167":-1.0574773646481024,"168":-0.711336549756227,"169":-0.8493901139791018,"170":-0.9545890133376842,"171":-0.619929296822405,"172":-0.5037254524156176,"173":-1.5271512861602239,"174":-1.0495466944349805,"175":-2.28929605444619,"176":-0.6658846134032399,"177":-0.8272214885788323,"178":-1.7256038871025359,"179":-2.101588855764948,"180":-0.8875374925500743,"181":-0.6410406559808062,"182":-0.6676542411473396,"183":-0.4686046719413981,"184":-0.6555714266010904,"185":-0.9226170571669103,"186":-0.6847590278961913,"187":-0.8402066729927198,"188":-1.199580186363558,"189":-1.1187792625196855,"190":-0.880499861990085,"191":-2.020164444534935,"192":-3.3395818718663666,"193":-0.9272820516951463,"194":-2.787954886919728,"195":-1.9454148070622082,"196":-1.8910663048372256,"197":-6.186961670361892,"198":-7.892518155873482,"199":-3.727052550679665,"200":-1.6597279933751912,"201":-0.6365029481074527,"202":-0.6365029481074527,"203":-1.2186009775729987,"204":-1.0271658253211209,"205":-0.546875730825561,"206":-0.9334329266851373,"207":-1.212802534969168,"208":-0.8729607968472541,"209":-0.6561366679960161,"210":-0.9082805258626572,"211":-0.7423835096184321,"212":-1.2324887331619943,"213":-0.8728673076345272,"214":-1.0203560818789605,"215":-1.0029034769090792,"216":-1.0438652626088496,"217":-1.1444230912707405,"218":-1.1158589375612533,"219":-1.4840188343820868,"220":-0.9959745407625804,"221":-1.4817753883126947,"222":-2.129324728217136,"223":-0.7457037130967337,"224":-1.6138386860585183,"225":-2.136741093472196,"226":-1.879944360393548,"227":-1.234077235722639,"228":-1.2214206497950377,"229":-1.4093932932818372,"230":-0.8266240458322849,"231":-0.8317434306912679,"232":-0.5908515998632575,"233":-1.1936815726556205,"234":-0.9293827418138281,"235":-1.3054613928000316,"236":-1.1682213240370052,"237":-1.694992167777527,"238":-2.6782665374092636,"239":-0.7399481021194587,"240":-0.7399481021194587,"241":-0.576260876422106,"242":-0.7187663341915298,"243":-0.5290376228269307,"244":-0.054464413756772245,"245":0.4970770480633644,"246":-0.9878293815193409,"247":-0.621783084275195,"248":-0.7555481981321661,"249":-0.4947275704473829,"250":-0.9635337301885348,"251":-1.7946996309961505,"252":0.5647441422269421,"253":-1.0231301408311195,"254":-0.18899703457995776,"255":-0.6314816417609586,"256":-0.6314816417609586,"257":-0.9683562350444805,"258":-0.9683562350444805,"259":-0.26570024871658404,"260":-0.26570024871658404,"261":-0.802527103369626,"262":0.11574856334468464,"263":0.27892339115556,"264":-0.5324483780681293,"265":0.1434301352529297,"266":0.37523008635126254,"267":-0.6706078112603321,"268":-0.6706078112603321,"269":-0.6706078112603321,"270":-0.4021013767699406,"271":-0.4021013767699406,"272":-1.4040164304174312,"273":0.16658685290480968,"274":-0.47925371809436057,"275":0.6204250785892915,"276":-1.8800233284813865,"277":-1.0760372257038888,"278":0.5095600652653323,"279":-1.210552203558616,"280":-1.377136665544447,"281":-0.22757672790316918,"282":-0.295658584293365,"283":-0.5843677428008172,"284":-0.5043405374958456,"285":-0.27760696887714875,"286":-1.0034789415353884,"287":-0.48295049167317705,"288":-0.0314430906085017,"289":-0.4852773347004442,"290":-0.0157063608127479,"291":-0.3085501815624274,"292":-1.1779601751673296,"293":-1.4952897945673056,"294":-0.708898210178233,"295":-0.8171807527741651,"296":0.04133867095398358,"297":-0.7592952600049194,"298":-1.5335726723508092,"299":-0.2253988087510792,"300":-0.8677738974242275,"301":0.07158511211291829,"302":-0.8833554581034764,"303":-0.8962858363645729,"304":-0.4543582085377129,"305":-0.2545358709785268,"306":-0.4543582085377129,"307":-0.8005993380584371,"308":-0.6021323951679167,"309":-2.372587917743057,"310":-1.2251303382856573,"311":-1.0570821901941585,"312":-0.5228363853159221,"313":-1.076971367913679,