{"1":-0.05212294490629854,"2":-1.2776482576939254,"3":0.6909831184002565,"4":-0.24124019026660698,"5":-0.08534195824601937,"6":0.14860123237481587,"7":0.025993328921374348,"8":-1.088861848408636,"9":-1.088861848408636,"10":-0.5893628845633426,"11":-0.5893628845633426,"12":-0.4154740184231537,"13":-0.4154740184231537,"14":-0.41309284520893935,"15":-0.41309284520893935,"16":-0.0627010805691545,"17":-0.0627010805691545,"18":-0.0627010805691545,"19":-0.03387850137058235,"20":-0.03387850137058235,"21":-0.08042362573424239,"22":-0.08042362573424239,"23":0.08495546975210796,"24":0.11154464141822878,"25":0.19832932935515804,"26":0.16135131669485736,"27":0.05275671729559839,"28":0.24169145012010956,"29":-0.06806478912717864,"30":0.08940893442205793,"31":0.6133380636067751,"32":0.18574908916055313,"33":0.2333396073602087,"34":0.4602021526024083,"35":0.37292124792412806,"36":0.32182888293247114,"37":0.3160027724859673,"38":0.2118145323551871,"39":-0.039839952096796305,"40":0.35830325457155965,"41":0.28670443476919205,"42":0.5170136228487885,"43":0.09418330829462118,"44":0.17392086309720212,"45":0.014611262294125349,"46":0.19157681997206844,"47":0.2821648122925893,"48":0.23870661560299122,"49":0.26825291644807314,"50":0.26825291644807314,"51":0.23870661560299122,"52":0.23870661560299122,"53":0.07045585219953776,"54":0.07045585219953776,"55":0.49448818940493755,"56":0.3933587383325441,"57":0.22173323820032076,"58":0.1585531627306847,"59":0.16341315630395997,"60":0.06034414784772868,"61":0.18248279046430715,"62":0.20380088489876763,"63":0.0464654296041989,"64":0.24575626521523308,"65":0.1008210040500369,"66":-0.00498355632262415,"67":0.33891169251283565,"68":0.045894624648538884,"69":0.39273463577917667,"70":0.1513811277235489,"71":0.14989193678390683,"72":0.24788944523341344,"73":-0.012104694940845206,"74":0.5798837579334308,"75":0.1632039335741423,"76":0.07200874589923922,"77":0.16281825250428694,"78":-0.20069301746533375,"79":0.15904918580371996,"80":0.09842180488044494,"81":0.03163435608395382,"82":0.00016004905954225546,"83":-0.4986751092091177,"84":0.011509751122440404,"85":0.1513169460756081,"86":0.05248823046017892,"87":0.05248823046017892,"88":0.27546461482176166,"89":0.27546461482176166,"90":0.05767259781834366,"91":0.6522013896832428,"92":0.09918441598420213,"93":-0.013749840487355502,"94":0.5306213505438484,"95":-0.3457965346490075,"96":-0.13826293447755023,"97":0.130003359376905,"98":-0.0528401918054906,"99":0.36950636298723355,"100":0.3351571699146208,"101":0.0472508172224107,"102":0.06499556438754611,"103":0.09024847091982234,"104":-0.031199524395782108,"105":0.021242448563579902,"106":0.03268791457597542,"107":0.04219179294992148,"108":0.02569923788123435,"109":0.113883576951018,"110":0.027928740901976945,"111":-0.009713474325175192,"112":0.015262520893872644,"113":0.22053916299514364,"114":-0.05486676476604402,"115":0.04955534013791732,"116":0.08159246519450647,"117":-0.001052131493277042,"118":-0.010997945370571749,"119":0.03916896873389275,"120":-0.039066928274001045,"121":0.024643888365188826,"122":-0.013587718776919777,"123":0.11434962927830439,"124":-0.25524635807269,"125":0.042634427022666066,"126":0.042634427022666066,"127":0.21567065276476222,"128":0.11588049758080013,"129":0.0873011983590784,"130":0.042634427022666066,"131":0.042634427022666066,"132":0.18887672362305874,"133":0.16612891269669894,"134":0.2778162782564321,"135":0.2098942731902499,"136":0.45010372157096523,"137":-0.049836736695344386,"138":0.750282859898007,"139":0.4202351465141774,"140":1.4521496766307807,"141":0.7521883157500827,"142":-0.06503860544835227,"143":0.4398749769213892,"144":0.20404410388438798,"145":0.3477610717946466,"146":0.611881874642988,"147":0.575284820550083,"148":0.22823815130633707,"149":0.1697098746114856,"150":1.1192829523922323,"151":0.22016314863718567,"152":0.1361344328385234,"153":0.08270024705952705,"154":0.1881369815238642,"155":0.13839898795330297,"156":0.26248783396486874,"157":0.6361903207227722,"158":0.4365308972949496,"159":0.19999567124021767,"160":-0.17197054772320808,"161":0.24355872006504947,"162":0.15278681127295604,"163":-0.11562511180611845,"164":0.3507991846491896,"165":0.13167410406741153,"166":0.4405311531040118,"167":0.08772668189842808,"168":0.28883987716746257,"169":0.17600653588832527,"170":-0.05771408418954052,"171":0.0676484370818477,"172":0.12508294746026155,"173":0.45941593553241084,"174":0.3525705181450916,"175":0.1833601315635376,"176":0.3178424707636658,"177":0.26646276223372406,"178":0.18724519227283437,"179":0.23408916417122672,"180":0.12942270443257292,"181":0.311635541104063,"182":0.2153130446842631,"183":0.41274908233410856,"184":0.39751757710021085,"185":0.2339608970030653,"186":0.08718380975396026,"187":0.3272028323707796,"188":0.44267678761213175,"189":0.25605287872518956,"190":0.2286081866419849,"191":0.1144511730070551,"192":0.18339551668024223,"193":0.7609281166580313,"194":0.29599124623448103,"195":0.3615719141325394,"196":0.017033357714387964,"197":0.275327150629459,"198":-0.2709218904983599,"199":0.2765063854772233,"200":0.17519831107970824,"201":0.30265321711167653,"202":0.30265321711167653,"203":0.10943455954342313,"204":0.09770170351817248,"205":0.6666817103978887,"206":0.16444160014994225,"207":0.26266459995820857,"208":0.18701338975610704,"209":-0.0067383118110788676,"210":-0.047730713672195946,"211":0.24744898626313547,"212":0.009078450129745425,"213":0.10272678903913535,"214":0.05324704995822843,"215":0.00907386424428508,"216":0.25015465413056276,"217":0.16358002272382327,"218":0.11738501422991632,"219":0.11776643080404137,"220":0.23635753608103535,"221":-0.00032013994855378813,"222":0.025828501398928283,"223":0.18920815567225016,"224":-0.06986707333913217,"225":0.03816372675383173,"226":0.05470176343145672,"227":0.06740367686358606,"228":0.3057735439207253,"229":0.2633509060153999,"230":0.4338320749496779,"231":0.3581232694552621,"232":0.10548594414254883,"233":0.042507446840405916,"234":0.16648042197688112,"235":0.1477882494872016,"236":0.4539848481747866,"237":0.5649667712874793,"238":-0.8619459565301204,"239":0.11321105645779511,"240":0.11321105645779511,"241":-0.47706672647786297,"242":-0.1346434250404942,"243":-0.5588737398975998,"244":-0.8124547543299576,"245":0.8994057465795426,"246":-0.3373293649920118,"247":-0.06671317679871552,"248":-0.7912782885867774,"249":-0.40720122622254384,"250":-0.09507245452540858,"251":-0.5666045872351537,"252":-0.03352896316080339,"253":-0.1720179070347053,"254":-0.1005216566484233,"255":-0.24752405441744052,"256":-0.24752405441744052,"257":-0.08765157545451763,"258":-0.08765157545451763,"259":0.15141450410566737,"260":0.15141450410566737,"261":-0.5064274924196731,"262":-0.15919770014205697,"263":-0.5259026517440547,"264":-0.3760169547080139,"265":-0.13421917479658063,"266":0.023364594762008584,"267":-0.15702633720498288,"268":-0.15702633720498288,"269":-0.15702633720498288,"270":-0.2847687094444139,"271":-0.2847687094444139,"272":0.1649026421212304,"273":0.3539887435276821,"274":0.3626057278901666,"275":0.09958473643666316,"276":-0.06469877630555859,"277":0.03456201900505851,"278":-0.0005977062900888175,"279":0.6254027838453357,"280":0.14255131755991807,"281":-0.08352030509211585,"282":-0.07522985055224002,"283":0.038004435013777815,"284":-0.08573701621601497,"285":0.01615628149521972,"286":-0.05817254727037699,"287":-0.054967060760204245,"288":0.06477099605157564,"289":-0.02338692752613708,"290":-0.014777532981748304,"291":0.021239099188043287,"292":-0.07507756626057582,"293":0.13009037546987845,"294":-0.18643684939287408,"295":-0.09659503734701158,"296":0.28597747287073716,"297":-0.17907175276475534,"298":-0.20567293165747436,"299":0.1232057244548857,"300":-0.11005945987194365,"301":-0.03904001863157458,"302":-0.15267204411608992,"303":-0.21879673065546135,"304":-0.07532281507561145,"305":-0.06731512922747918,"306":-0.07532281507561145,"307":-0.4819496510402812,"308":-0.5212609663620302,"309":-0.2129999106627517,"310":-0.2491352457000478,