{"1":-0.29435496558559227,"2":-0.12334646589620284,"3":0.12434030438480825,"4":-0.12474913969365267,"5":-0.05790689056490163,"6":-0.03237321337079678,"7":-0.043336070915093866,"8":-0.24373588076930477,"9":-0.24373588076930477,"10":-0.08259667915784397,"11":-0.08259667915784397,"12":-0.2524507097708106,"13":-0.2524507097708106,"14":-0.2588878823868146,"15":-0.2588878823868146,"16":0.005967724396484922,"17":0.005967724396484922,"18":0.005967724396484922,"19":0.024291365964921208,"20":0.024291365964921208,"21":0.02043575868268921,"22":0.02043575868268921,"23":-0.02363481932494821,"24":0.015419009172632447,"25":0.10271533819031077,"26":0.01612939088423082,"27":0.04755192754882634,"28":-0.01914009319505261,"29":0.052550556560350736,"30":-0.07877701532682824,"31":0.002272952926084537,"32":-0.056747434114336054,"33":0.05806540098639301,"34":-0.21415563011128663,"35":-0.2314237232711847,"36":-0.1538644892189842,"37":-0.048167090782701205,"38":-0.11608793249590466,"39":-0.15140493250424047,"40":-0.2582025256481928,"41":-0.46614010571130904,"42":-0.24438851006582007,"43":-0.050106801724210503,"44":-0.23542210832692623,"45":-0.3636258878698705,"46":-0.18700643546547802,"47":-0.16370232207959673,"48":-0.04408677071211797,"49":-0.2562918559939861,"50":-0.2562918559939861,"51":-0.04408677071211797,"52":-0.04408677071211797,"53":-0.27415702266897995,"54":-0.27415702266897995,"55":-0.021836336041254123,"56":0.05876175588132668,"57":0.10197451307831083,"58":-0.02912444677599129,"59":0.04497520590041176,"60":0.5132598538585349,"61":0.30529418606997516,"62":0.16766547799573567,"63":0.11556139256023934,"64":0.11819766505593561,"65":0.2884512876393567,"66":0.527473597348329,"67":0.44381088594268664,"68":0.3566442877019287,"69":0.013899322901549716,"70":-0.004859565526276977,"71":-0.0018971401838853152,"72":0.05686056496159225,"73":0.0021367043009964948,"74":-0.029796641535888235,"75":-0.08857142509701332,"76":-0.13811675962109127,"77":-0.07046180793208356,"78":0.11249379214204286,"79":0.11699823154337241,"80":-0.04074646430637152,"81":-0.0915225546954167,"82":-0.1023414661447869,"83":-0.10815634196914264,"84":-0.07042042363236029,"85":0.049596852179979,"86":-0.011948909688018872,"87":-0.011948909688018872,"88":-0.20890769330274606,"89":-0.20890769330274606,"90":0.05797835778505034,"91":-0.12036590832353733,"92":-0.07649731097320234,"93":0.26552623384606944,"94":-0.10242433026124032,"95":-0.040612913260656525,"96":-0.06040165546472687,"97":0.13999560363418284,"98":0.10056381186254315,"99":0.45645219106289164,"100":0.47085434357424205,"101":0.030964102808864302,"102":-0.002629949738420817,"103":-0.047347514977004096,"104":0.0005486971748152603,"105":0.019192981457949843,"106":0.3322447414432793,"107":-0.05039916172471845,"108":-0.035062096046267394,"109":-0.002721121233929341,"110":-0.037509954447746074,"111":-0.1265156162534439,"112":-0.07982825200617955,"113":-0.06730022516063772,"114":-0.4504196388961508,"115":-0.009910821978788259,"116":0.09298941820307022,"117":-0.35759979977741585,"118":-0.3616702117156622,"119":0.002627672681818405,"120":-0.02876939504032161,"121":0.0813829631345454,"122":-0.1323853207297564,"123":-0.004095781181696179,"124":-0.1802850899178468,"125":-0.03586195547394738,"126":-0.03586195547394738,"127":0.0036461256759372507,"128":-0.16157366298665526,"129":0.006523445601591765,"130":-0.03586195547394738,"131":-0.03586195547394738,"132":0.4006178048279503,"133":0.43370913685155277,"134":0.05157700968028339,"135":-0.11954859169563004,"136":0.2839081389780396,"137":0.5164108988797736,"138":-0.057462605257622035,"139":0.5394505533047051,"140":0.0890482452671727,"141":-0.0911073220499179,"142":1.2753954957714608,"143":-0.15940023182850915,"144":0.1539167254033711,"145":0.5807309451446674,"146":-0.21225266846412283,"147":0.33083328293621733,"148":0.0958412034704946,"149":-0.022584613707866324,"150":-0.07538754081020912,"151":-0.024509048386459314,"152":0.029614692210881505,"153":-0.22719329624075088,"154":-0.12023266149286999,"155":-0.09451476121631745,"156":0.043735704678544096,"157":-0.08898312493145244,"158":-0.17485699943568966,"159":-0.047928425321099505,"160":-0.019706241674684377,"161":-0.03816885443926757,"162":-0.048791187507273626,"163":-0.060264684090974324,"164":-0.16614048567500328,"165":-0.17778021499802546,"166":-0.14166824692380703,"167":-0.1497669676725772,"168":-0.08250335073492177,"169":-0.06206408612472286,"170":-0.05594280632280718,"171":-0.09106209044326802,"172":-0.06060866179708807,"173":-0.10993382668771778,"174":-0.16904823048583836,"175":-0.1745937524248662,"176":-0.08407943469293566,"177":-0.1699955420487333,"178":-0.21424212316877783,"179":-0.20496612308142614,"180":-0.04330339198731624,"181":-0.101970299827223,"182":-0.1355696887844023,"183":-0.1288283008492717,"184":-0.13795137536346036,"185":-0.24232414526769627,"186":-0.17131517314290176,"187":-0.14501569713684076,"188":-0.10080612540195061,"189":-0.07411035416797176,"190":-0.08364585780120506,"191":-0.16637714503147055,"192":-0.17064071537817788,"193":-0.17950582728890901,"194":-0.1580846185178268,"195":-0.2109880941587374,"196":-0.1441984244445006,"197":-0.2145126238260947,"198":-0.08789774514174586,"199":-0.1545753983591749,"200":-0.0713813414600595,"201":0.1333974666358102,"202":0.1333974666358102,"203":-0.07549095632003044,"204":-0.10265530608874951,"205":-0.2742547585573697,"206":-0.09956252128109008,"207":-0.1204039755035235,"208":-0.11686440158569737,"209":-0.07171144196640394,"210":-0.04861656177724458,"211":-0.06141569975534414,"212":-0.13144036728788952,"213":-0.11820284620446536,"214":-0.10362772255565786,"215":-0.12727455720787867,"216":-0.19657149674760385,"217":-0.04492886637831446,"218":-0.26582014810040866,"219":-0.1200675536512239,"220":-0.12782718611760674,"221":-0.1824945654097778,"222":-0.2294293092270034,"223":-0.09943249696619699,"224":-0.15436726430564662,"225":-0.009861090447242385,"226":-0.1284357373958323,"227":-0.41405594667765533,"228":-0.19286783498759794,"229":-0.16917694411480366,"230":-0.035490203575555324,"231":-0.20227736648452782,"232":0.010665165870350546,"233":-0.18308144676542878,"234":-0.17309577764571338,"235":-0.23680068031112383,"236":-0.10726457243521625,"237":-0.2983762256748291,"238":-0.17253417543829946,"239":-0.3740068222745152,"240":-0.3740068222745152,"241":0.036922078530102875,"242":0.08773325132731702,"243":0.29461112116986043,"244":0.22616076435738774,"245":0.07995309863547673,"246":0.5944060177057949,"247":0.7982860249647444,"248":0.23787963725430017,"249":-0.10169072775245025,"250":0.3172916468504331,"251":-0.057273038309295754,"252":0.16658878964529628,"253":0.17147008266739006,"254":0.13960918221853344,"255":0.12715334673032908,"256":0.12715334673032908,"257":0.07749416402550013,"258":0.07749416402550013,"259":0.1914192345479982,"260":0.1914192345479982,"261":0.2780492279540594,"262":1.513204555730697,"263":0.26717168027083715,"264":0.8322196523506115,"265":1.7764476244907963,"266":0.5151112763077114,"267":0.09595957324523763,"268":0.09595957324523763,"269":0.09595957324523763,"270":1.7268235209896015,"271":1.7268235209896015,"272":0.028885113135320495,"273":0.14183750240160597,"274":0.4889253735483362,"275":1.6754129273989777,"276":-0.028700540367155636,"277":0.28577055769586845,"278":0.38597037618393637,"279":0.43599712933036944,"280":0.10555262450915692,"281":-0.03469367411937996,"282":-0.5256713690266439,"283":-0.13620878849787843,"284":-0.05487113683022127,"285":-0.48119407768117495,"286":-1.3843988582418962,"287":0.6359649035001983,"288":1.5016744936389272,"289":-0.3574184654000927,"290":-0.3730137969112842,"291":-0.7323357856003383,"292":-0.3540445722895256,"293":-0.2567455833891107,"294":-0.2877578218771482,"295":-0.1812052606381268,"296":-0.10673350328308129,"297":-0.13670163838005855,"298":-0.01601913784320308,"299":0.8075278322312731,"300":-0.39216161207274963,"301":-0.12777174243408068,"302":-0.29446930379149533,"303":-0.2091470843608702,"304":-0.06788593802069565,"305":-0.04062644921162056,