{"1":0.04679367445983395,"2":0.01489304256348739,"3":0.007783891255651043,"4":0.4618581316915713,"5":0.197499871166713,"6":0.07203988310707138,"7":-0.04121915644343299,"8":0.04693121325386452,"9":0.04693121325386452,"10":0.11881295047085859,"11":0.11881295047085859,"12":-0.009303266980894502,"13":-0.009303266980894502,"14":0.005676802732920615,"15":0.005676802732920615,"16":0.13551542814331966,"17":0.13551542814331966,"18":0.13551542814331966,"19":0.08195452915442795,"20":0.08195452915442795,"21":-0.4704071946163193,"22":-0.4704071946163193,"23":0.8824774889420236,"24":1.9151329882185646,"25":0.9913818884380254,"26":0.1721910812544188,"27":1.3410792831482121,"28":0.670503098818434,"29":0.9949282420134729,"30":0.31030168782926987,"31":0.0326637794400198,"32":0.10538518144616361,"33":0.23310686624292193,"34":0.9942120031503604,"35":0.15229093632412832,"36":0.23628592258218706,"37":0.24160776860143018,"38":0.7393747700563862,"39":0.3392853238169665,"40":0.22755668758445613,"41":0.16802133138168407,"42":0.3374194450530292,"43":0.28526997161232415,"44":0.6350645120067582,"45":0.10431600755544496,"46":0.1498828101927973,"47":0.10462779274552597,"48":0.3115270850163373,"49":0.22207477800525824,"50":0.22207477800525824,"51":0.3115270850163373,"52":0.3115270850163373,"53":0.3655464430597042,"54":0.3655464430597042,"55":-0.019080025127925948,"56":0.028204818123640868,"57":0.3551721148051595,"58":0.05915749970546802,"59":0.310839825985321,"60":0.16585438905623406,"61":0.3075749725858165,"62":0.18288955283575953,"63":0.36364486111612093,"64":0.1231333630633491,"65":0.3607132866597521,"66":0.14846404479542824,"67":0.21112611660881403,"68":0.12013886486639372,"69":0.23243545263990573,"70":-0.04518900908466217,"71":0.09143030705382715,"72":0.26367232689198594,"73":0.17678293461060257,"74":0.23682099773204368,"75":0.14882237322795216,"76":0.15419660236353494,"77":0.13944340312355935,"78":0.17822112620079666,"79":0.07749644991897758,"80":0.09260312017945682,"81":-0.05902664636551369,"82":0.14751280350532386,"83":-0.04359602006376734,"84":0.4533904299037903,"85":0.35942497022789,"86":0.11638458485448311,"87":0.11638458485448311,"88":0.06645020400279122,"89":0.06645020400279122,"90":-0.028441081398016488,"91":-0.05754983236825151,"92":-0.034983447002608276,"93":-0.07332174139710529,"94":0.0898231323578248,"95":0.012655887985979497,"96":-0.010290245581336621,"97":-0.2835797578490509,"98":-0.1539772116454864,"99":1.2564322962867236,"100":1.191457745777135,"101":0.40124161333270425,"102":0.3428388332865881,"103":0.5067893984189538,"104":0.4545344180118027,"105":0.3531974142626175,"106":0.3992099787420853,"107":0.6670463350357397,"108":0.7728675977469984,"109":0.8397787030964852,"110":1.6701897967935753,"111":1.0382217849269098,"112":0.7220525996556323,"113":1.059966545818754,"114":2.2893683566926177,"115":1.063421054532242,"116":1.2130588277142174,"117":2.160323916386702,"118":1.937973837147154,"119":3.1075387615153973,"120":0.8748326637067544,"121":1.0380580684328384,"122":1.7050187281382936,"123":2.3040508054441684,"124":10.62323411262251,"125":1.2473976882885316,"126":1.2473976882885316,"127":1.1509221228675857,"128":1.9256523676596042,"129":0.3987728617452908,"130":1.2473976882885316,"131":1.2473976882885316,"132":0.1398159896078932,"133":0.06766779894171414,"134":0.16009207189059788,"135":0.09766106563337044,"136":0.05904920608488218,"137":0.03761959615118029,"138":0.13529943346674256,"139":0.10351884316675604,"140":0.1576094811560893,"141":0.31930866738529945,"142":0.019897601295180103,"143":0.12812064449642085,"144":0.011199682390613336,"145":0.10150164206082543,"146":0.1457045881267399,"147":0.06640380925501349,"148":0.022406920652203385,"149":0.044696552906040875,"150":0.08607729534833049,"151":0.0020064956361065672,"152":0.01909192142486839,"153":0.04705295290715204,"154":0.05337281636190714,"155":0.026476273843314007,"156":0.08608302137565602,"157":0.015209072760405618,"158":0.38362717849700767,"159":0.009489911085056521,"160":0.034082201609433885,"161":0.045310404556216724,"162":0.13584337890896162,"163":0.15293987220589456,"164":0.13652010762109262,"165":0.4335652578903842,"166":0.33423619185901715,"167":0.32268637066403033,"168":0.8072077948642757,"169":0.5535324795406088,"170":0.5481837086549661,"171":0.43360816601962726,"172":0.19779154592997306,"173":0.3686741713591084,"174":0.4077771296745611,"175":0.4046904536711363,"176":0.047419560931419684,"177":0.37676948525535237,"178":0.1920969561040331,"179":0.19659731392514268,"180":0.07716050177424155,"181":0.08070504520070099,"182":0.20902251780940753,"183":0.06785430747106154,"184":0.16101797929274983,"185":0.25075528248861706,"186":0.19934688759842586,"187":0.1794028736911546,"188":0.23798651336307577,"189":0.13120527103240545,"190":0.2041812272964351,"191":0.19275977158027854,"192":0.3238548932846056,"193":0.19561542126561704,"194":0.16261929630588134,"195":0.2113867826319227,"196":0.30002683865510005,"197":0.3552654080930163,"198":1.0770293030034983,"199":0.6175628260955972,"200":0.7269600158144717,"201":0.017987596154519316,"202":0.017987596154519316,"203":0.06390989841916991,"204":0.07523812958724219,"205":0.0793200360466801,"206":0.08193848073745605,"207":0.055182650327323196,"208":0.08708339426070431,"209":0.058731522999462105,"210":0.04307809459373571,"211":0.08208634843185779,"212":0.10507228584842535,"213":0.07422309371092747,"214":0.06362581103511845,"215":0.12060071020996978,"216":0.14004983917338124,"217":0.084684309455336,"218":0.1502966782966667,"219":0.06618305637138655,"220":0.06015996697423133,"221":0.05758691083044347,"222":0.28433697004678077,"223":0.15088241341056668,"224":0.1778128048595373,"225":0.15681571774467473,"226":0.09583964257671443,"227":0.11383226729808674,"228":0.02204107451218648,"229":0.10423796890901194,"230":0.23147149059398775,"231":0.10862813792585735,"232":0.10125615791404909,"233":0.12208236077951133,"234":0.1647032665187698,"235":0.2524066843748173,"236":0.2861725494455044,"237":0.1555191914890313,"238":0.14250976129945797,"239":0.05596375100738096,"240":0.05596375100738096,"241":0.5438680485314471,"242":1.4622390544830681,"243":3.2132713823570325,"244":1.3440331231135978,"245":2.8932092282878887,"246":0.7264024317109414,"247":-0.48724374190603287,"248":-0.11299061583958703,"249":0.0626293009431762,"250":0.0785454046507923,"251":-0.22028404017218028,"252":-0.19307912621253065,"253":0.1554045219221648,"254":-0.14514055342922583,"255":0.2981140895089289,"256":0.2981140895089289,"257":0.9264225953657692,"258":0.9264225953657692,"259":0.11379586626722782,"260":0.11379586626722782,"261":0.0655450562026087,"262":0.1604890681456167,"263":-0.008448633265224437,"264":-0.03753383497573587,"265":0.5010101649675932,"266":-0.08217969339694974,"267":0.13168036142263023,"268":0.13168036142263023,"269":0.13168036142263023,"270":0.1346687017564755,"271":0.1346687017564755,"272":0.08818590442065559,"273":0.7616590287194092,"274":1.0408989382834728,"275":0.053217024587923836,"276":0.1097640241136916,"277":1.058841854433687,"278":0.4259344474960402,"279":0.13575946731183228,"280":0.10452068594160335,"281":-0.006253560476465525,"282":0.16549703571444369,"283":0.6105249091557258,"284":0.5152105294612346,"285":0.3397887391064613,"286":0.087212198065757,"287":0.5200616989848194,"288":0.22879243398782162,"289":3.136850357677179,"290":5.789076569984348,"291":4.143307493102073,"292":2.936527164280201,"293":0.526661372317327,"294":1.096655470338849,"295":0.03279274178985431,"296":0.4507856037035656,"297":0.3494437146929736,"298":0.6945865565253847,"299":1.2270256883092971,"300":0.5291705380980007,"301":0.5649827953752209,"302":0.5818267705456768,"303":0.4583189560429367,"304":0.5427341547288319,"305":0.34016892633445206,"306":0.5427341547288319,"307":0.1612992462976618,"308":0.10903001994926527,"309":0.47497299901915613,"310":0.8123401918716725,"311":0.6861492431598766,"312":0.759199777770547,"313":0.6086437215904098,"314":0.17956166193898673,"315":0.06670090524033137,