{"1":-0.187730489330507,"2":-0.08827997815575434,"3":0.15841432572412706,"4":-0.17515462166433887,"5":-0.07851376910480355,"6":-0.05393393813680121,"7":-0.030420822480673,"8":-0.11223750128852987,"9":-0.11223750128852987,"10":-0.013641358858585778,"11":-0.013641358858585778,"12":-0.12234160620178883,"13":-0.12234160620178883,"14":-0.15262977420839052,"15":-0.15262977420839052,"16":0.010642366275727767,"17":0.010642366275727767,"18":0.010642366275727767,"19":0.012109827606841372,"20":0.012109827606841372,"21":0.013069862346466232,"22":0.013069862346466232,"23":0.00006840786469008986,"24":-0.013304182437032935,"25":0.09656939235825449,"26":0.005068587094469612,"27":0.0566073304339515,"28":-0.009372401571096284,"29":0.029086836972297164,"30":-0.08998103762842555,"31":-0.0015108268153301574,"32":-0.043964155785385234,"33":0.04766706099656495,"34":-0.24441292916498933,"35":-0.15149339675713633,"36":-0.12125077735664602,"37":-0.04758555681006443,"38":-0.11544926010686424,"39":-0.22411739949403492,"40":-0.21035950248458335,"41":-0.3576715652585126,"42":-0.22531712963082715,"43":-0.05811590056163024,"44":-0.2522895819731407,"45":-0.28412381635821704,"46":-0.18865953958728926,"47":-0.13021017660477463,"48":-0.07267130417050482,"49":-0.19429478306884562,"50":-0.19429478306884562,"51":-0.07267130417050482,"52":-0.07267130417050482,"53":-0.2442306359245066,"54":-0.2442306359245066,"55":-0.02392057125672109,"56":0.021107802694634026,"57":0.08800383851875193,"58":-0.01615403604617785,"59":0.053841078816222965,"60":0.32646778164016393,"61":0.22208796828777475,"62":0.15899023222668626,"63":0.12951436318819812,"64":0.1228604612692452,"65":0.24386684558639526,"66":0.36929673456066425,"67":0.35308542302667395,"68":0.2114286787682833,"69":0.012354802522127395,"70":-0.04564246288851376,"71":-0.012337820520663068,"72":-0.0036159617060477767,"73":-0.04029440418273453,"74":-0.0730416620268653,"75":-0.13015467755950577,"76":-0.16107675459312837,"77":-0.08199484273799565,"78":0.013028540579075931,"79":0.018410379408528188,"80":-0.08155579486959846,"81":-0.09654046903411587,"82":-0.13280387188195647,"83":-0.1660044329511884,"84":-0.10852362716417593,"85":-0.0026750344287985173,"86":-0.11541837677394556,"87":-0.11541837677394556,"88":-0.208140638452385,"89":-0.208140638452385,"90":0.011264577939656406,"91":-0.11922245430694589,"92":-0.07112765691422668,"93":0.12364169084243681,"94":-0.06583216592593027,"95":-0.07355202203290323,"96":-0.09459729576766396,"97":0.05993506487994882,"98":0.010886765502856277,"99":0.4085016567999012,"100":0.41259341947665057,"101":0.05441434388101832,"102":0.002990118661000768,"103":-0.04173153908195676,"104":-0.003855601693724009,"105":0.025157408331304476,"106":0.39672466588696076,"107":-0.019832844562032353,"108":-0.028173519984497408,"109":0.0013656905990654389,"110":-0.03366970463669128,"111":-0.09796169586656846,"112":-0.05368988678574943,"113":-0.012013562938612388,"114":-0.25430755030603625,"115":0.0035806557623795365,"116":0.09176776058979896,"117":-0.2923266481579511,"118":-0.26812810224873207,"119":0.03008348674406852,"120":0.019500609642607636,"121":0.06427144057180129,"122":-0.07441866102412736,"123":0.04686823363603654,"124":-0.13295262460949814,"125":-0.003183785889828039,"126":-0.003183785889828039,"127":0.028649131526868266,"128":-0.13094466010205436,"129":0.003892679238849339,"130":-0.003183785889828039,"131":-0.003183785889828039,"132":0.2608545125098407,"133":0.29290389747717127,"134":0.031356807259134645,"135":-0.07760053263722375,"136":0.17925446719189295,"137":0.39822874042738354,"138":-0.03275880382636598,"139":0.38108086348997594,"140":0.08422041340228725,"141":-0.02868346261195792,"142":0.8912536256425678,"143":-0.08503094686588877,"144":0.14057477944258226,"145":0.40340856546898063,"146":-0.06589621115248517,"147":0.28701857082168664,"148":0.06436942611403113,"149":-0.0071875230742788065,"150":-0.024425899981754234,"151":0.0028130869866411917,"152":0.021728770271436895,"153":-0.11861803596331949,"154":-0.06850194263381532,"155":-0.06208385143553563,"156":0.03068383826403981,"157":-0.021991490389226542,"158":-0.11331410668627032,"159":-0.011377648972065793,"160":-0.008612990601656392,"161":0.006750070341599759,"162":-0.03559647457213548,"163":-0.02854628695042144,"164":-0.05153150359262698,"165":-0.11391065073059524,"166":-0.08518161165450033,"167":-0.14679371493759372,"168":-0.06847275707875916,"169":-0.0881740063614288,"170":-0.06271578591058055,"171":-0.09125728344834688,"172":-0.022729515201456885,"173":-0.07486072309044059,"174":-0.08944116659477039,"175":-0.08853777648407796,"176":-0.04456553451956208,"177":-0.14297279578141897,"178":-0.15448375778738116,"179":-0.10620586512555322,"180":-0.023780227015730043,"181":-0.08145856830973022,"182":-0.12254597725533486,"183":-0.08771311092531846,"184":-0.1046877535478263,"185":-0.17738074689720026,"186":-0.1455885015251058,"187":-0.10573566444338435,"188":-0.07404845939003676,"189":-0.04640066313025856,"190":-0.062342501974447545,"191":-0.11854475859292418,"192":-0.11872953001383738,"193":-0.09935664836761826,"194":-0.10507506259770275,"195":-0.13822323875295106,"196":-0.05141295454354122,"197":-0.1272691199867746,"198":-0.0499802674483413,"199":-0.08914999653450509,"200":-0.04780701747457919,"201":0.11802950971217313,"202":0.11802950971217313,"203":-0.057913306429389244,"204":-0.053514898195597155,"205":-0.1555194121127839,"206":-0.06826895501659183,"207":-0.07633482517666287,"208":-0.0959275951988699,"209":-0.05591895973774608,"210":-0.02307981178663815,"211":-0.05120333405706991,"212":-0.11304245900963024,"213":-0.09668963760994469,"214":-0.08862917793298923,"215":-0.07902774823956363,"216":-0.12503997044464785,"217":-0.02776859037085397,"218":-0.14037900164474149,"219":-0.07163105494292801,"220":-0.05742236828282257,"221":-0.13321304515539947,"222":-0.16810263102128628,"223":-0.077795843924096,"224":-0.12038446568971167,"225":-0.010773875685403195,"226":-0.05065335549559741,"227":-0.3566647100829524,"228":-0.151375582210563,"229":-0.13559591769645818,"230":0.008155203654889198,"231":-0.10599431597695663,"232":0.02626546875851793,"233":-0.11770046540106356,"234":-0.0913256865279172,"235":-0.1575482885602003,"236":-0.06018241390739221,"237":-0.2219149938161058,"238":-0.13041781426811133,"239":-0.2839996977450914,"240":-0.2839996977450914,"241":-0.038426215602068825,"242":0.21190541662982165,"243":0.10994452541216837,"244":0.133993833016818,"245":0.19571086654207898,"246":0.517883122044216,"247":0.6971732530177741,"248":0.3310735345918102,"249":-0.09842598363842087,"250":0.31048135937364557,"251":0.0480578118956656,"252":0.19458677071403735,"253":0.08989365179828346,"254":0.11436897828506334,"255":0.04417571033416684,"256":0.04417571033416684,"257":0.033463090594135436,"258":0.033463090594135436,"259":0.1751336049892558,"260":0.1751336049892558,"261":0.3562793542113104,"262":1.4219008055176032,"263":0.521188210059283,"264":0.8315984005332429,"265":1.472772981764885,"266":0.5572017250873681,"267":0.15217943744181492,"268":0.15217943744181492,"269":0.15217943744181492,"270":1.339270788982425,"271":1.339270788982425,"272":0.0874361713745836,"273":0.17722223023245665,"274":0.44061461589404627,"275":1.3278138954255327,"276":-0.2953620859058579,"277":0.014700687548083291,"278":0.2869536785521256,"279":0.3971787298697551,"280":0.21999414840285514,"281":-0.16680289058647046,"282":-0.7684215163921972,"283":-1.2759147732578962,"284":-0.4531848655744273,"285":-0.8072087533474019,"286":-1.444381064661724,"287":0.4993468097506151,"288":0.7490826176937031,"289":-0.20843637871489695,"290":-0.2668773135941207,"291":-0.5402084099291573,"292":-0.1738677650003641,"293":-0.14040524213423328,"294":-0.2563959091983539,"295":-0.11997959555389914,"296":-0.06346406114135972,"297":-0.021843846844259884,"298":-0.021506642756361938,"299":0.8135935024454555,"300":-0.24849129667884634,"301":-0.06358662313236166,"302":-0.18301309619358358,"303":-0.07865220552169738,"304":-0.02293190701556247,