{"1":0.0013974891738217391,"2":-0.005650057777391134,"3":0.02537605725356215,"4":-0.03942586693577921,"5":-0.0038055449837928954,"6":0.013715387355572942,"7":-0.03465746611252137,"8":0.005361073012634279,"9":0.005361073012634279,"10":0.022437137119463834,"11":0.022437137119463834,"12":0.0022417578369054395,"13":0.0022417578369054395,"14":0.0047520867198601845,"15":0.0047520867198601845,"16":0.014366944449590998,"17":0.014366944449590998,"18":0.014366944449590998,"19":0.021593788654090805,"20":0.021593788654090805,"21":-0.14211101043513602,"22":-0.14211101043513602,"23":0.12340986118839264,"24":0.07214867202094832,"25":0.1781652971410399,"26":0.14643104633761742,"27":0.1137667378731624,"28":0.04717013913205928,"29":0.16213648057745883,"30":0.01863576166250222,"31":-0.018869150706284143,"32":0.03540757277490608,"33":0.08098228996398206,"34":0.7016913350018056,"35":0.03873055859317963,"36":0.06844867348776011,"37":0.07081911436742497,"38":0.09371309330872313,"39":0.047497836532695535,"40":0.0182018569362893,"41":0.04698461860224807,"42":0.04295079080869136,"43":0.038827253772981754,"44":0.03315216087485092,"45":0.01752683812773377,"46":0.01370169062085519,"47":0.02395975774695174,"48":0.0700893269847476,"49":0.06587984029408825,"50":0.06587984029408825,"51":0.0700893269847476,"52":0.0700893269847476,"53":0.05854087093885577,"54":0.05854087093885577,"55":-0.006986388793749632,"56":-0.02814939452991494,"57":0.04576826562124314,"58":-0.022084150559469926,"59":0.03450201348770388,"60":0.05747200677803733,"61":0.022681441326702474,"62":0.0037504000450627184,"63":0.029575627604632518,"64":0.02133763751372934,"65":0.04190601656485664,"66":0.04547284392147956,"67":0.05101359454492178,"68":0.024362853532907503,"69":0.12723172147777032,"70":-0.023808476145101662,"71":0.0277524164195682,"72":0.05582045826989584,"73":0.011164815995121674,"74":0.04567625252604426,"75":0.0437262746421629,"76":0.01847750214222997,"77":0.027657074868419063,"78":0.02339829779964249,"79":-0.005479756249707007,"80":-0.018613087929210903,"81":-0.02283167449928114,"82":0.01941630350060801,"83":-0.0494181099129882,"84":0.01931667907519926,"85":0.07370625604889677,"86":0.037823361604067185,"87":0.037823361604067185,"88":0.015258306400666055,"89":0.015258306400666055,"90":0.00439375546566706,"91":-0.012022102205775459,"92":-0.005794905737723802,"93":-0.004245488544233025,"94":0.08919971126120735,"95":0.009492249859664473,"96":0.01581410846221487,"97":-0.07484530338083056,"98":-0.04207952781264582,"99":0.043384320192849886,"100":0.061079577354461255,"101":0.05810422396713906,"102":0.034413390595172615,"103":0.06253935441909565,"104":0.059796151782143814,"105":0.03193247436660626,"106":0.025298111059804736,"107":0.09434400930304873,"108":0.127124147195993,"109":0.08187322177115677,"110":0.10521769966157224,"111":0.07065972690351416,"112":0.059764104968154604,"113":0.059563286791857795,"114":0.03907992509644412,"115":0.044436951663491715,"116":0.14895314528265807,"117":0.1258919533484566,"118":0.2088779624474262,"119":0.21609324690251047,"120":0.047809230689008025,"121":0.02614657659051456,"122":0.12388114002669726,"123":0.13738017059298907,"124":0.026171942783808702,"125":0.06272853590650446,"126":0.06272853590650446,"127":0.12214462232883316,"128":0.10638599962152742,"129":0.08111402640406905,"130":0.06272853590650446,"131":0.06272853590650446,"132":0.02405780450491507,"133":0.01961656217500333,"134":0.0222974457187846,"135":0.015813801688788983,"136":0.011623728788491593,"137":0.006829837488166547,"138":0.03161525295575259,"139":0.033926620120638254,"140":0.0430013065754502,"141":0.08643484159444906,"142":0.0008931689373077242,"143":0.02602358341404306,"144":0.0032393778534366355,"145":0.0095589424485674,"146":0.030335732836889825,"147":0.01728797567291704,"148":0.0028625505431230406,"149":0.0070850101312733725,"150":0.013715122490509204,"151":0.0008210811660892409,"152":0.0008619353257586105,"153":0.006484864418510277,"154":0.005215671999493996,"155":0.0060286838983685895,"156":0.013164056553149969,"157":0.018221933948704153,"158":0.024020813310532976,"159":0.008568952005687568,"160":0.004907029205446769,"161":0.006263253693836861,"162":0.02062808469680142,"163":0.010926145256546302,"164":0.030067725637666097,"165":0.07343829423020981,"166":0.08048276763266358,"167":0.053849323210796135,"168":0.14582457586989722,"169":0.14359119880873678,"170":0.06598678484219156,"171":0.08570395589746395,"172":0.024948227009363947,"173":0.035104391901777325,"174":0.04795162542987793,"175":0.0396419676310069,"176":0.008529571038243393,"177":0.014337826121267432,"178":0.002746127109915057,"179":0.009822342546999622,"180":0.013246074036429247,"181":0.0078715293443607,"182":0.01823398717353676,"183":0.004412159816968015,"184":0.01228052026507647,"185":0.010131650138313464,"186":0.01177408889220793,"187":0.013206346096564792,"188":0.025996075153539838,"189":0.008744196983281226,"190":0.015384633840598634,"191":0.008870383635607243,"192":0.017443158382612525,"193":0.018695664770918843,"194":0.010872821290009639,"195":0.022865665394218162,"196":0.02442592761667916,"197":0.035299457392333415,"198":0.051666375727052447,"199":0.04889559821071034,"200":0.08574883733438923,"201":0.0023550788407324438,"202":0.0023550788407324438,"203":0.00922218678839747,"204":0.012719535632857878,"205":0.012440540052878327,"206":0.01114826071785102,"207":0.01189455160117332,"208":0.01398210282981641,"209":0.006632355650877087,"210":0.00641580406321136,"211":0.007297345643656727,"212":0.012909121712128479,"213":0.01146083653966342,"214":0.009994525327330882,"215":0.013632719197765857,"216":0.01975746201959428,"217":0.006214227850567151,"218":0.009871353260612635,"219":0.008409888993884609,"220":0.007811253766335248,"221":0.010362778694600814,"222":0.04450119486058534,"223":0.018187762712846726,"224":0.02056325003414457,"225":0.01795536669493772,"226":0.00849134498798746,"227":0.013167350409117214,"228":-0.003052980479255691,"229":0.008435246587990733,"230":0.04307230665930124,"231":0.01732173905956035,"232":0.019515934526166356,"233":0.003692736416832907,"234":0.014849323434893195,"235":0.03935278778583548,"236":0.04592623252792724,"237":0.028558104395909313,"238":0.02779651073484394,"239":0.004085280105358073,"240":0.004085280105358073,"241":-0.20072006256654096,"242":0.14888964831539336,"243":0.32553353684680447,"244":0.32865156636090154,"245":1.2849684876212515,"246":0.3380369123465973,"247":-0.20681881856250256,"248":-0.08812063894547018,"249":0.004742478793945182,"250":0.05907245192721766,"251":-0.07932185761738814,"252":-0.17375753020355478,"253":0.04195068218923684,"254":-0.06762228410665891,"255":0.07329627705590358,"256":0.07329627705590358,"257":0.29651966398954355,"258":0.29651966398954355,"259":0.04489459550735719,"260":0.04489459550735719,"261":0.020151851797439904,"262":0.06084296568184672,"263":0.02766802264886456,"264":-0.0046001841857007675,"265":0.08321258356503618,"266":-0.0409809787746292,"267":0.02720059990524895,"268":0.02720059990524895,"269":0.02720059990524895,"270":0.0774030101339302,"271":0.0774030101339302,"272":0.016278895038693682,"273":0.12589897768567135,"274":0.09299085896680066,"275":0.023257674916764927,"276":0.04199916520330264,"277":0.05093036090034256,"278":0.06900446947100576,"279":0.008872267669980706,"280":-0.008317368933413064,"281":-0.017540542199037355,"282":0.04038565449111665,"283":0.18421753348500125,"284":0.13175668161311613,"285":0.10268652795505748,"286":0.022816149358084806,"287":0.14944688962578223,"288":0.03152543654629002,"289":0.2793134634587068,"290":0.2315189903190356,"291":0.31899879384031804,"292":0.28066254075667907,"293":0.09685717311413294,"294":0.09755016457753311,"295":-0.037531025464130605,"296":0.0856872127777023,"297":0.06386375490745182,"298":0.17078317038198318,"299":0.2611851610195104,"300":0.12595769738523757,"301":0.10056503609359335,"302":0.1288437659482733,"303":0.09135755837345214,"304":0.11150429676439877,"305":0.07053050510363171,"306":0.11150429676439877,