{"1":-0.24548475587375052,"2":-1.2030900685081103,"3":-0.06399317406143344,"4":0.001430305185048504,"5":-0.06090520644232509,"6":0.00477420100997767,"7":-0.06939206530840841,"8":-0.6217802836627888,"9":-0.6217802836627888,"10":-0.5079751107925674,"11":-0.5079751107925674,"12":-0.15513701521095702,"13":-0.15513701521095702,"14":-0.27885352732506097,"15":-0.27885352732506097,"16":-0.07151841049138596,"17":-0.07151841049138596,"18":-0.07151841049138596,"19":0.0023977432456489256,"20":0.0023977432456489256,"21":-0.11618562820061853,"22":-0.11618562820061853,"23":0.0414598535198633,"24":-0.0573108406759793,"25":0,"26":-0.011349994852630012,"27":-0.005870472890481291,"28":-0.021116524949245215,"29":-0.15165941817989398,"30":-0.01741444174896504,"31":-0.06997699914779176,"32":0.0026897013226469257,"33":-0.011162195154238622,"34":-0.04870825786104244,"35":-0.08230804206746012,"36":-0.10343478907461685,"37":-0.1437677492893769,"38":-0.045888226711707,"39":-0.09160436151293506,"40":-0.10542382709187895,"41":-0.2384847394009642,"42":-0.19523985738505661,"43":-0.136389249720836,"44":-0.13758328450293159,"45":-0.14648197918970773,"46":-0.022044093451848462,"47":-0.02306761862596024,"48":-0.10546976468054517,"49":-0.17700659599640084,"50":-0.17700659599640084,"51":-0.10546976468054517,"52":-0.10546976468054517,"53":-0.14358756315485383,"54":-0.14358756315485383,"55":-0.13390425948794962,"56":0.038691387463410123,"57":-0.03416053978922264,"58":-0.04611549530670881,"59":-0.006521152438068192,"60":-0.04026685547619592,"61":-0.02267005297962304,"62":-0.008886050326640277,"63":0.010594801618199957,"64":-0.014363797929501189,"65":-0.0025954183126911876,"66":-0.07844045051691056,"67":-0.07724261241912964,"68":-0.17191244048419474,"69":0.00678764155438244,"70":-0.08627905667411319,"71":-0.07238454126804833,"72":-0.03458934559465854,"73":-0.11168564340240944,"74":0.025040404934980054,"75":-0.26320932977546374,"76":-0.2992968380909402,"77":-0.010007551980810186,"78":-0.2213111404955743,"79":-0.07831791076967959,"80":-0.15557607956909572,"81":-0.11034840847413668,"82":-0.15760062835787408,"83":-0.5985182185770642,"84":-0.04260833539568393,"85":0.016958506166258547,"86":-0.24442101902602925,"87":-0.24442101902602925,"88":-0.14800520760925584,"89":-0.14800520760925584,"90":-0.15332091309703758,"91":-0.24903220024215728,"92":-0.2960145456731317,"93":-0.16329252820966694,"94":-0.019513897626995926,"95":-0.6457997589887133,"96":-0.2614849324178965,"97":-0.08703176597782998,"98":-0.1470698805563356,"99":0.0774182944862844,"100":0.03003824402189273,"101":-0.04721156724503159,"102":-0.08211285402220812,"103":-0.0014963969404389321,"104":-0.14684922613781798,"105":-0.0661798204977537,"106":-0.07949258667989959,"107":-0.04397108240486276,"108":-0.09487550436843614,"109":-0.08534224713248433,"110":-0.19099747344762838,"111":-0.07794248048155052,"112":-0.06724861010075861,"113":-0.08551407156991438,"114":-0.1270150919103463,"115":-0.058976173468167636,"116":-0.1597868562875535,"117":-0.05037279110252832,"118":-0.10126019044357346,"119":-0.11239557956314014,"120":-0.14339883038576381,"121":-0.09487724307689527,"122":-0.1750129073844461,"123":0.023649759564105977,"124":-0.2710346990313479,"125":-0.06417663023762003,"126":-0.06417663023762003,"127":-0.03303330160224621,"128":-0.03735007233370806,"129":-0.0617243365409983,"130":-0.06417663023762003,"131":-0.06417663023762003,"132":-0.1245624671115888,"133":-0.1886926019304766,"134":-0.047356330268975566,"135":-0.1841879681291626,"136":0.11651339874509625,"137":-0.25020851637358493,"138":-0.08643895259288387,"139":-0.02282609335828606,"140":0.07438135520479411,"141":-0.13223164560180684,"142":-0.3856915734337899,"143":-0.05618584722742387,"144":-0.19111177734413334,"145":-0.21795186659725252,"146":-0.11118732619637506,"147":-0.08141206986753591,"148":-0.07883271277008803,"149":-0.05067800586638126,"150":0.24401499906287805,"151":-0.043603471245355074,"152":-0.17742125130219785,"153":-0.33030560018264676,"154":-0.258330389679831,"155":-0.245082886923976,"156":-0.09485711472947986,"157":-0.15357523033647225,"158":-0.08713547108711774,"159":-0.14337840480415215,"160":-0.35950331847139727,"161":0.016723231060578547,"162":-0.02883672680769292,"163":-0.13428132812012586,"164":-0.23772716245261388,"165":-0.15144135249528623,"166":-0.06972021886731755,"167":-0.06853673310830063,"168":0.020511844405794552,"169":-0.06272592254185452,"170":-0.07111365035388231,"171":-0.07756129574439224,"172":-0.07227474663353947,"173":-0.10962678488453127,"174":-0.0659906139255948,"175":-0.29637422569549177,"176":-0.09759031014219144,"177":-0.20403496146964728,"178":-0.13906116825912077,"179":-0.14100921803767025,"180":-0.10915877919465723,"181":-0.11919948493197773,"182":-0.07411964378270376,"183":-0.11959483333689969,"184":-0.08974396232330711,"185":-0.0655683645373755,"186":-0.11098073320282457,"187":-0.15790403515319953,"188":-0.09914625565143848,"189":-0.1403527808132053,"190":-0.046619411572623795,"191":-0.25280179875698594,"192":-0.1877011359931386,"193":-0.08064291899178369,"194":-0.21976420651950274,"195":-0.14480284300779597,"196":-0.18865476509681228,"197":-0.4862405534196662,"198":-0.4114764574559215,"199":-0.15022703698824086,"200":-0.06085991131122468,"201":-0.032436400569024304,"202":-0.032436400569024304,"203":-0.19065401754570657,"204":-0.1372684983792322,"205":-0.03644072506571254,"206":-0.1857398919144836,"207":-0.09418046662191151,"208":-0.1023227742848895,"209":-0.14311446726571753,"210":-0.17262955167845762,"211":-0.07053916689414799,"212":-0.13533712644866774,"213":-0.09646670838456764,"214":-0.10315174715530123,"215":-0.13785110884273744,"216":-0.11277083253823242,"217":-0.06958706832302916,"218":-0.05895642467712713,"219":-0.08801519861705814,"220":-0.10286063219790169,"221":-0.1310452636325152,"222":-0.22390036825772722,"223":-0.0977614167781877,"224":-0.3666619043223224,"225":-0.1844506589575369,"226":-0.13991513206598402,"227":-0.10246343738941076,"228":-0.10595119296276334,"229":-0.18558219295002357,"230":-0.0993953653704471,"231":-0.09456593886092826,"232":-0.07518325481639627,"233":-0.1633795820864717,"234":-0.0971498964636901,"235":-0.15800150270275687,"236":-0.15415601798753592,"237":-0.09342724460355137,"238":-0.5290832518973185,"239":-0.08815846869653539,"240":-0.08815846869653539,"241":-0.152382302543071,"242":-0.024103225482210167,"243":-0.05864859369903716,"244":-0.07398532880619803,"245":-0.04392708104546453,"246":-0.004301229131074155,"247":-0.039721596140053654,"248":-0.09560790042454503,"249":-0.08715642580016354,"250":-0.04414930292848272,"251":-0.04462212589023368,"252":-0.024567260005575613,"253":-0.07111368533025757,"254":-0.0007451431868295295,"255":-0.2902978249098677,"256":-0.2902978249098677,"257":-0.02827896090006566,"258":-0.02827896090006566,"259":-0.00005714214190243039,"260":-0.00005714214190243039,"261":-0.2010557979397601,"262":-0.04867844083338113,"263":0.1892478885067489,"264":-0.020662531057449633,"265":-0.035470337147805855,"266":-0.12579869242393277,"267":-0.20626493956001654,"268":-0.20626493956001654,"269":-0.20626493956001654,"270":0.18915441884573642,"271":0.18915441884573642,"272":-0.14789195515556827,"273":-0.10522036614915735,"274":-0.07302515219512937,"275":-0.1227859252320158,"276":-0.2589025283835739,"277":-0.13531370010389232,"278":-0.08570307393977593,"279":-0.06586251728270168,"280":-0.23227662017693096,"281":-0.05117576859739529,"282":-0.09429218003520241,"283":-0.07610173481102833,"284":-0.15479876160990713,"285":-0.07494236170690935,"286":-0.0710897929274941,"287":-0.14788373278939318,"288":0.034694140948755586,"289":0.05925288794625144,"290":0.06697310235348408,"291":-0.04350558576764967,"292":-0.08790136877851344,"293":-0.07826858137425666,"294":-0.1343664318621833,"295":-0.06013397304505379,"296":-0.06204674579185074,"297":-0.19328549605525014,"298":-0.05063755799664751,"299":-0.12979235339036665,"300":-0.04575563111631151,"301":0.010068455648494345,"302":-0.033975310358168115,