{"1":-1.0835769212165935,"2":-3.9789954604711184,"3":-1.8968364604015222,"4":-0.17399985153959463,"5":-0.31790911533945543,"6":0.3813853762407019,"7":0.32376454943588096,"8":0.012038397043102833,"9":0.012038397043102833,"10":-1.8095846540155809,"11":-1.8095846540155809,"12":-2.616839586505848,"13":-2.616839586505848,"14":-3.492289327105496,"15":-3.492289327105496,"16":-0.21954074247712252,"17":-0.21954074247712252,"18":-0.21954074247712252,"19":-0.009090119039118383,"20":-0.009090119039118383,"21":-0.00019142594688381642,"22":-0.00019142594688381642,"23":0.06702959638999106,"24":-0.8535242848744165,"25":-0.08197611088580174,"26":-0.28683453509445755,"27":-0.049142204174921766,"28":0.2532867127920332,"29":-0.572309697686131,"30":0.26624788574028235,"31":0.17475253887641917,"32":0.5297692925326002,"33":-0.06114191557818832,"34":-0.08077684609416313,"35":-2.619770716713568,"36":-0.40731215319552305,"37":-0.735681822208381,"38":-0.38223756471463166,"39":0.8919725673304197,"40":-0.17593970391099423,"41":-0.3061602484210417,"42":-2.278255930090263,"43":-0.51155311044694,"44":-0.4025600517579707,"45":-1.119878621395222,"46":-0.2174761639470595,"47":-0.9844876993417655,"48":-0.10304541683475943,"49":-1.111696432849455,"50":-1.111696432849455,"51":-0.10304541683475943,"52":-0.10304541683475943,"53":-0.7028680800345439,"54":-0.7028680800345439,"55":-0.14460418699964517,"56":-0.32681786664466894,"57":-0.3062651756341632,"58":-0.018314214805285833,"59":0.1617944494903042,"60":-0.5584652654289604,"61":0.04020738492470488,"62":-0.3909061302386261,"63":-0.3414091058349986,"64":-0.10270778850295037,"65":0.14934949553881405,"66":-0.255316693596489,"67":-0.6529871124710147,"68":-0.9952696313499187,"69":-0.4423445412927507,"70":-0.8262176942150781,"71":-1.3040346922284678,"72":-0.33082355241614625,"73":-0.002978431188856323,"74":-0.2356609114252488,"75":-2.2160026729241693,"76":-0.923139962722165,"77":-0.06192071983680458,"78":-0.7470533581398231,"79":-0.37634660492406913,"80":-0.7796821372224825,"81":0.11665298016468006,"82":-0.7684069702788465,"83":-1.6856180388725535,"84":-0.19886344956144386,"85":0.18426100916952182,"86":-0.8001821544446985,"87":-0.8001821544446985,"88":-0.2501742809867282,"89":-0.2501742809867282,"90":-0.4562675347181211,"91":-0.3813932634271304,"92":-0.7805307435284998,"93":-0.29182814138097246,"94":-0.20074545671091928,"95":-0.634944278139882,"96":-0.7134958278836872,"97":-0.44139389306657256,"98":-0.5919175385798044,"99":-0.07580273372928881,"100":0.20305053177466048,"101":-0.39808328494149925,"102":-0.19757472405077137,"103":-0.28689157347088434,"104":-0.054918568867822204,"105":0.4000045247461025,"106":-0.06121799455423549,"107":-0.264652639664252,"108":-0.2914970648715114,"109":0.18237961785929047,"110":-0.5594195235347237,"111":-0.29866925309398384,"112":-0.0865346559734399,"113":-0.23695188380687693,"114":0.036782851560631435,"115":-0.18389458329344577,"116":-0.11446162312937291,"117":-0.23234454902886048,"118":-0.6885552716893777,"119":-0.22406010872612847,"120":-0.5527945035759869,"121":-0.10265327656861589,"122":0.047574658160979055,"123":-0.33082659481753995,"124":-0.4303991505513507,"125":-0.0842149465847355,"126":-0.0842149465847355,"127":-0.46567395329268413,"128":-0.4088673866162684,"129":-0.10221184799417382,"130":-0.0842149465847355,"131":-0.0842149465847355,"132":-0.12434964578893593,"133":-0.7916972058648466,"134":-0.5123560393581825,"135":0.16151891647417527,"136":0.74513057607889,"137":-1.1542976425349623,"138":-0.792924714775558,"139":0.9181870429285528,"140":-0.25532444127763165,"141":-0.9782433072842969,"142":-1.1179910612229427,"143":-0.9775212678815124,"144":-1.6721504491602825,"145":-0.37044140378579105,"146":-0.9375221872322728,"147":-0.8534254474421115,"148":-0.5130204015947692,"149":0.03247400799929756,"150":1.7356417879217747,"151":-0.5543974843200461,"152":-0.09111222186387158,"153":-0.6777378225639064,"154":-0.7352052780801228,"155":-1.2188982501261356,"156":-0.7348690852621842,"157":-0.13783069378512103,"158":0.06834324397383629,"159":-0.59111751009211,"160":-4.348250240437504,"161":0.003177908534662377,"162":-0.8065363583073553,"163":-0.1552484273221637,"164":-0.2884470470796967,"165":-0.1632210153471001,"166":-0.4696202635213331,"167":-0.31893787452044675,"168":0.49425870309272435,"169":0.24565320416703207,"170":-0.034035554815992075,"171":-0.11753114668889042,"172":0.6680046192308242,"173":0.3643153427686543,"174":-0.038817045733701594,"175":-1.1346881003117617,"176":-0.08991072446427495,"177":0.04799101477957857,"178":-0.0882967555492784,"179":-0.6259702469654194,"180":-0.0013915933094306165,"181":0.1717945464948074,"182":0.40874945306541244,"183":0.1013137063179963,"184":0.097113953349248,"185":-0.12008641757601168,"186":0.4474823835025963,"187":0.37518507821603264,"188":0.08649473795741347,"189":0.6388444066005794,"190":0.4293377705324808,"191":-0.04873969998523231,"192":-0.25320200841104423,"193":-0.42037688446360644,"194":-1.124446081770758,"195":-0.892869838240919,"196":0.32125160262102126,"197":-1.30199349290403,"198":-1.991167384810229,"199":0.8739813606704963,"200":0.5801523360312074,"201":-0.5154520572639867,"202":-0.5154520572639867,"203":-0.054504783769780185,"204":-0.19942801357498463,"205":0.18174726983376854,"206":-0.33256458358406116,"207":-0.5728992177375954,"208":0.08331584411620108,"209":-0.20431413619255245,"210":-0.584262230084956,"211":0.08989756079040745,"212":-0.3898386267618037,"213":-0.03473823739438242,"214":0.07161599930299456,"215":-0.2990951472050378,"216":0.038513775825805174,"217":0.3178863605512807,"218":0.35998469935140176,"219":0.2163624829876616,"220":-0.40444437671121225,"221":-0.4790099117966624,"222":-0.5076610040273462,"223":0.16701233475098454,"224":-0.7714212205812125,"225":-0.9395237152433,"226":-0.15101355583541665,"227":0.2418925645911736,"228":0.009318583580345319,"229":-0.3497628329941105,"230":-0.08521654436887549,"231":0.08599648667739745,"232":0.1018213197761142,"233":-0.3066381031934935,"234":-0.06526696400642917,"235":-0.2890171383053941,"236":-0.11171959483836735,"237":-0.19440809676094872,"238":-4.859819065324445,"239":-0.6513538837460204,"240":-0.6513538837460204,"241":0.06850790283339514,"242":0.11699849412801255,"243":0.4013477324761051,"244":-0.016589388929340254,"245":-0.16274807719841014,"246":-0.3476538212236395,"247":-0.07985097615062045,"248":-0.23410985011483165,"249":-0.17117574861272944,"250":-0.562293201498782,"251":-0.1633708312285983,"252":0.27873898999942415,"253":-0.31720486217787514,"254":0.01951601410925899,"255":-0.12695332798897974,"256":-0.12695332798897974,"257":0.0480529186487631,"258":0.0480529186487631,"259":-0.021746631322327126,"260":-0.021746631322327126,"261":0.4088724801903234,"262":0.29885369315695653,"263":0.9032805211209478,"264":-0.20831173862482544,"265":0.5500638555431085,"266":-0.49216234150669846,"267":-0.11222860094597287,"268":-0.11222860094597287,"269":-0.11222860094597287,"270":0.08013123734939143,"271":0.08013123734939143,"272":-2.813952396226456,"273":0.020058572251979156,"274":-1.891164867829278,"275":-2.274898900522196,"276":-1.839878975786024,"277":-3.5680183220787596,"278":-3.190775884641292,"279":-1.617730611448979,"280":-1.4403594209934198,"281":-0.22134419078485393,"282":-0.12142838361781927,"283":-0.6248591228319302,"284":-0.21089829945417032,"285":-0.23100208536415334,"286":-0.42778829699147675,"287":-1.256480895720764,"288":0.7264780687761707,"289":0.5885433040039325,"290":0.7255447598902507,"291":-0.11547519356458413,"292":-0.9790453423118279,"293":-0.4229634565275977,"294":-0.6142133634438514,"295":-0.6433112222137418,"296":0.08302860143713481,"297":-0.7645465514751779,"298":-0.5452357635391294,"299":-0.18467462025874049,"300":-0.5459281244257147,"301":1.3732430157057907,"302":-0.916160379006596,"303":0.3719164220812132,"304":-0.26837378201765505,"305":0.1905601010957978,"306":-0.26837378201765505,"307":-0.16317131287427733,"308":-1.1450490705671,"309":-0.6245683434353233,"310":-0.16230487819032713,