{"1":-0.9385608306804634,"2":-1.8563506255337723,"3":-0.9897636420518889,"4":-0.3669170242801362,"5":-0.6863776907244383,"6":-0.5729141514524443,"7":-0.10354489026838065,"8":-2.217596785578192,"9":-2.217596785578192,"10":-5.188741846750839,"11":-5.188741846750839,"12":-0.864757323935538,"13":-0.864757323935538,"14":-1.1429797374832105,"15":-1.1429797374832105,"16":-0.5501239156620374,"17":-0.5501239156620374,"18":-0.5501239156620374,"19":0.018606227557944166,"20":0.018606227557944166,"21":0.31019262013971804,"22":0.31019262013971804,"23":-0.21827008524210467,"24":-1.0731865718807718,"25":0.016378400427199125,"26":-0.57882035075036,"27":-0.7289195794998133,"28":-0.7202483287073616,"29":2.397558463116664,"30":0.499547718365704,"31":1.1561989404620654,"32":1.2938251743363667,"33":-0.3528937410071207,"34":0.1788486567157197,"35":-0.5794795277595801,"36":-2.8387744627347207,"37":-0.44471086185326314,"38":-0.6559617087872809,"39":1.049731181584713,"40":3.934955723174877,"41":-0.6421192643333917,"42":0.7763810647989322,"43":-0.22562721425933407,"44":0.44956742052106513,"45":0.2799563842988837,"46":2.1000454348154083,"47":-0.2434719142483628,"48":-0.11664549966283744,"49":-1.1365235510494394,"50":-1.1365235510494394,"51":-0.11664549966283744,"52":-0.11664549966283744,"53":1.8886860127730491,"54":1.8886860127730491,"55":-2.0186689764445784,"56":-0.5882722902717448,"57":-0.8662869393384636,"58":-0.7434560938651427,"59":-1.541175793405963,"60":-2.3012033922127157,"61":-0.7249386834138538,"62":-0.9428554131072153,"63":-1.714570122067773,"64":-0.6072388012416339,"65":-0.5290305397915824,"66":-1.310309132219718,"67":-0.36907902781517965,"68":-1.4055056781568833,"69":-2.137215382853066,"70":-0.6954489306503522,"71":1.1018190941452861,"72":0.2417509789500656,"73":-0.16883978597155203,"74":-0.19586655432124633,"75":2.178971037713392,"76":-1.0595909324137205,"77":-0.6972148360011143,"78":-0.49535373012842143,"79":-0.0033862518834144595,"80":-0.8655743559206588,"81":-0.6713326294920732,"82":-0.18753044695294285,"83":-2.6919919936194248,"84":-0.14735276615733817,"85":-0.24931762368619736,"86":-1.2634529711101656,"87":-1.2634529711101656,"88":-5.115416147317466,"89":-5.115416147317466,"90":-4.681509557345063,"91":-3.554298838776644,"92":-4.543831147798702,"93":-7.112198678669515,"94":-2.6969312696334247,"95":-6.0909030185361,"96":-5.528203947904899,"97":-5.487835759711945,"98":-8.849736475625818,"99":-0.06303166735124055,"100":-0.5796943837266149,"101":-0.14841878286035293,"102":-0.3625414552518631,"103":-0.6418548976820038,"104":-0.9562631864248505,"105":-0.6997958097072305,"106":-0.48598626417147495,"107":-0.5927637739173495,"108":-1.1714164153706772,"109":-0.8505316093393516,"110":-2.3380259095942364,"111":-0.8172225176529295,"112":-1.2725825100040051,"113":-1.0966651373075305,"114":-0.1224065862680992,"115":-0.3488550540294635,"116":-0.8410552952872106,"117":-0.587439860704845,"118":-0.7704013277984485,"119":-0.27128522621583784,"120":-1.3505072477111062,"121":-0.6645482539324554,"122":-0.8450875773926372,"123":-1.4810632526001184,"124":-1.110734766729429,"125":-0.6307558073066968,"126":-0.6307558073066968,"127":-1.683976255974649,"128":-1.0776942044377993,"129":-0.8063282444780691,"130":-0.6307558073066968,"131":-0.6307558073066968,"132":-1.1011809975091573,"133":-0.08397564437369631,"134":-1.483653326736011,"135":-0.5583255993369551,"136":0.1542455523221511,"137":-1.8874993795806585,"138":-2.4606396785015114,"139":0.22701123578933569,"140":-4.446156674261561,"141":-1.9555838927925233,"142":-0.145452662866993,"143":-0.2595181858088047,"144":-1.5768153726020309,"145":-1.4062940697728505,"146":-2.615484330338205,"147":-5.859096501192056,"148":-1.5452629584201767,"149":-0.7967712865856038,"150":-0.6426920615421743,"151":-1.7121672399478194,"152":-1.8008700292195723,"153":-1.4965911325472745,"154":-1.7726546678000097,"155":-1.3233104744495456,"156":-1.4583978815806464,"157":-1.0072771893947419,"158":-0.9684585836455195,"159":-1.082401719636942,"160":-1.8244673078522178,"161":-1.9980397472852953,"162":-0.7068209769711524,"163":-0.9923610028401861,"164":-2.571038245993119,"165":-0.9693804597705253,"166":-1.5290121553063347,"167":-0.8720648724493536,"168":-1.034281893897255,"169":-0.8966804551898653,"170":-0.9108020858882893,"171":-0.5531940419770272,"172":-0.7281210989679843,"173":-1.3633021353522508,"174":-1.1529945335791263,"175":-2.6877460524238623,"176":-0.8115837816176414,"177":-0.43021572910232786,"178":-1.7641981280517323,"179":-2.0193824684555626,"180":-1.0934509989533971,"181":-0.6893255567842103,"182":-0.44137579302583196,"183":-0.663663857635965,"184":-0.5342452914856315,"185":-0.7846351916396057,"186":-0.4529884345738111,"187":-0.735719020387473,"188":-1.2724429170885454,"189":-1.1140118334004563,"190":-1.0611726600353553,"191":-2.3447615403961795,"192":-3.2075013600416913,"193":-1.3440605562997319,"194":-3.3030427565888747,"195":-2.270423453654202,"196":-2.2852003489004327,"197":-8.168086192209893,"198":-12.93333310668649,"199":-5.330349808265312,"200":-2.164802386625608,"201":-1.6174426311030472,"202":-1.6174426311030472,"203":-1.4894622107605682,"204":-1.5603804508178492,"205":-0.9099678654679244,"206":-1.549343358234402,"207":-1.5870654839329443,"208":-0.8487785411968936,"209":-0.6531257411761902,"210":-1.1956565979527012,"211":-0.9208144567790082,"212":-1.3829866318871826,"213":-0.6918339370296481,"214":-0.8515163700862123,"215":-1.2400089121985558,"216":-1.6433447207766743,"217":-1.473159967789743,"218":-1.653506919329828,"219":-2.134891123291526,"220":-1.6237881365980047,"221":-2.143504521933907,"222":-2.6703347487847697,"223":-0.93909082963638,"224":-1.5933127755285748,"225":-1.901069271897977,"226":-2.9022547647050807,"227":-1.1532122748197042,"228":-1.1394670903133264,"229":-1.18375128612257,"230":-1.2445253806867145,"231":-1.063002966467415,"232":-1.054161020966374,"233":-1.269217710824826,"234":-1.2311357416971527,"235":-1.3913745742526156,"236":-1.2954633896249046,"237":-1.543909579942285,"238":-2.6541836020786604,"239":-0.5224615708090043,"240":-0.5224615708090043,"241":-0.3963963575566902,"242":-0.846965618414347,"243":-0.41648919452562794,"244":-0.0939821771522742,"245":0.7720377655631581,"246":-0.9733523138697553,"247":-0.5833437574774851,"248":-0.5799288990084555,"249":-0.499970553637269,"250":-0.7645841962226378,"251":-1.2773905949767626,"252":0.4026018700043301,"253":-0.721979894668684,"254":-0.31725014090932446,"255":-0.46446503104419024,"256":-0.46446503104419024,"257":-0.9094974989907945,"258":-0.9094974989907945,"259":-0.36377481231639397,"260":-0.36377481231639397,"261":-0.7473839707583835,"262":-0.31995599412376174,"263":0.027613641796833788,"264":-0.2241181596726688,"265":-0.6972544163655021,"266":0.31023863318454215,"267":-0.42638147931146864,"268":-0.42638147931146864,"269":-0.42638147931146864,"270":-0.08276438676210573,"271":-0.08276438676210573,"272":-0.922679460523671,"273":0.1000761861968209,"274":0.4197587682185524,"275":-0.4868113347297167,"276":-1.1930311612680629,"277":-0.828289577305044,"278":-0.9187169766450776,"279":-0.6184381508021345,"280":-1.1258683232746254,"281":-0.07880326264185777,"282":-0.053181332499620204,"283":-0.4929697127591304,"284":-0.208160910329952,"285":0.0077290206612572465,"286":-0.8003162884903279,"287":-0.2574586718791424,"288":0.26436021700405377,"289":-0.8449219171671323,"290":-0.2839030943723162,"291":-0.23050387248974236,"292":-1.0063420704878299,"293":-0.7578247257537811,"294":-0.28682307414070063,"295":-0.7468834081484496,"296":0.1347221398938352,"297":-0.818957364098319,"298":-1.272106026352275,"299":-0.06082137137681487,"300":-0.5378378267683441,"301":-0.8920304184358159,"302":-0.7902599115687257,"303":-1.0257061957110611,"304":-0.7336216061823442,"305":-0.2983078332927458,"306":-0.7336216061823442,"307":-0.22379723478143165,"308":-0.4361600185407981,"309":-1.9279935480871346,"310":-0.8332727905734649,"311":-0.9455079593607314,"312":-0.7104039007113001,"313":-0.701939062113496,