{"1":-0.002360283573267785,"2":0.23691564299075502,"3":-0.17534639255163745,"4":0.3731164999233041,"5":0.28554753155794355,"6":0.20534939274811312,"7":0.331406187183919,"8":0.29239447298599275,"9":0.29239447298599275,"10":0.7116623444497319,"11":0.7116623444497319,"12":0.15152706251431658,"13":0.15152706251431658,"14":0.06783711991921326,"15":0.06783711991921326,"16":0.026948052275937384,"17":0.026948052275937384,"18":0.026948052275937384,"19":0.12436997547716833,"20":0.12436997547716833,"21":0.3801673427391248,"22":0.3801673427391248,"23":-0.01227371362285204,"24":0.18961551340982635,"25":0.12989031354586708,"26":-0.10779836402831032,"27":0.029847596520403752,"28":0.11265218091033807,"29":0.08381882020376208,"30":-0.1295459588897514,"31":-0.0682618555035649,"32":-0.04666246321787276,"33":0.07020294700827728,"34":-0.10552460722754514,"35":-0.1955702661142219,"36":-0.09515283094388227,"37":0.01960776658621255,"38":0.1073742072658197,"39":0.2612383436341592,"40":-0.076578828768807,"41":-0.09927702167839303,"42":-0.1556107555930678,"43":0.03279232572650437,"44":0.15777825097113485,"45":-0.017720023549269548,"46":0.18554257294815535,"47":-0.02374159530162062,"48":0.1725793091337317,"49":-0.12774035778516757,"50":-0.12774035778516757,"51":0.1725793091337317,"52":0.1725793091337317,"53":0.12304702679632284,"54":0.12304702679632284,"55":-0.11621398225102769,"56":0.1003495163282703,"57":0.06490580639900506,"58":0.16518929527802179,"59":0.12898189163379306,"60":-0.13577762271638139,"61":0.22048586480339266,"62":0.08092416929053853,"63":0.15702239547871577,"64":0.008844854611445019,"65":0.051102544561573704,"66":0.33372815191474137,"67":0.16713009284032532,"68":0.12350462765512749,"69":-0.06016847544096149,"70":-0.15178563719186222,"71":-0.039152185010302154,"72":-0.026313824763336213,"73":0.26011044668647865,"74":0.0781714833508016,"75":-0.24091707977389598,"76":0.06310977963563524,"77":0.017976332600409095,"78":-0.025709654089594136,"79":0.10301325800394656,"80":0.04827895028475304,"81":-0.0836429440965108,"82":-0.21774864264948468,"83":0.08504035181043629,"84":0.16611154109052717,"85":-0.0072869545088108945,"86":-0.11955582325966352,"87":-0.11955582325966352,"88":-0.18340059433552103,"89":-0.18340059433552103,"90":-0.10222728870769227,"91":-0.09413592649973457,"92":-0.1564869571008094,"93":-0.02641199679443529,"94":-0.3218027976032526,"95":-0.1062973477817728,"96":-0.3203687019974988,"97":-0.13686840099306086,"98":0.09221435851722748,"99":0.08136365823052716,"100":0.15807021018491213,"101":-0.01520245404136239,"102":0.02752447081241355,"103":-0.10111447903647747,"104":-0.07986444215471061,"105":-0.018699579778942488,"106":0.26199694676136054,"107":-0.07575077319718876,"108":0.005093254164029282,"109":0.03467735104498476,"110":-0.12138940548763322,"111":-0.07728921271307232,"112":0.02401546835995505,"113":-0.01733467169963593,"114":-0.04706543032565241,"115":0.16493932091350416,"116":0.17492151378663928,"117":-0.2531417840633263,"118":-0.17371439357011342,"119":0.038465835305966256,"120":0.056211331633466255,"121":0.02163240266051175,"122":-0.02268231591028297,"123":0.00968470719949377,"124":-0.04114240416314208,"125":-0.01579031333887171,"126":-0.01579031333887171,"127":-0.2712401133088511,"128":-0.1903390957361384,"129":-0.04685902358044486,"130":-0.01579031333887171,"131":-0.01579031333887171,"132":0.27201297841025096,"133":0.2499401712951801,"134":0.15991197558595294,"135":0.16396124175300153,"136":0.27080112588206473,"137":0.5538540140310182,"138":0.18696454322288303,"139":0.6354825815471222,"140":-0.047226809045758156,"141":0.019343720611928794,"142":0.7970684148557656,"143":-0.1546285407055913,"144":-0.10591592509451964,"145":0.7096962715947538,"146":-0.032994879809346234,"147":0.3596254212994491,"148":0.03417033303799677,"149":-0.11479645071248212,"150":-0.08698176692073012,"151":-0.31882634330044124,"152":0.12348568246846836,"153":-0.043909944617463115,"154":-0.03049346243300044,"155":0.012828958673394841,"156":0.1206181352717196,"157":0.028061190660779722,"158":0.06760070624531112,"159":-0.0889313806505364,"160":0.06372384683215232,"161":-0.09806660802312261,"162":-0.07822056434475522,"163":0.08337752601782711,"164":0.06737423067163917,"165":-0.09380791047793602,"166":-0.019648108880449544,"167":0.015762236748539493,"168":-0.039064994131159936,"169":0.12424865578329936,"170":-0.034217613600924346,"171":-0.17799688212849135,"172":0.011799104192906418,"173":0.3330200856482388,"174":0.004675254335357093,"175":0.18880909720363748,"176":0.05282236065180557,"177":0.13419667579957173,"178":0.17784107928325732,"179":-0.0377623416408146,"180":0.002747455087682371,"181":0.1656977871023982,"182":0.044026324432678066,"183":0.10508207080368104,"184":0.12994203482489913,"185":0.017006103185177923,"186":0.20229145724210346,"187":-0.018013587694940658,"188":0.22425990619074387,"189":0.31586133991197224,"190":0.18071283634053392,"191":0.20167528860224204,"192":0.23936670110970815,"193":-0.04773300174246142,"194":0.013677077818824324,"195":-0.11347479968996843,"196":0.24851966528142222,"197":0.07893081361163101,"198":0.1332389665151854,"199":0.1287492653738983,"200":-0.021434328396266633,"201":0.0920005468173245,"202":0.0920005468173245,"203":-0.004120059088475958,"204":0.004490720031651185,"205":-0.009712268493625997,"206":0.048188849867317585,"207":-0.04710119377096622,"208":0.0037346018962292615,"209":0.014302175438439646,"210":0.06567284474829571,"211":-0.010668274705722458,"212":-0.08983242747225001,"213":-0.018693265249691837,"214":0.05514340531452827,"215":-0.07291517447465057,"216":0.12576757750104384,"217":0.18126431923384678,"218":0.18870081608624578,"219":0.19781394562016963,"220":-0.0565516819268983,"221":-0.0516141777471803,"222":0.05519293742276954,"223":0.07434145807144765,"224":0.06060511906534938,"225":0.07183062803455056,"226":-0.12522564361433886,"227":-0.1377806054873154,"228":-0.05182422178322116,"229":-0.04966719655030838,"230":0.05483741123329444,"231":0.11138000104593782,"232":0.08542600813295409,"233":0.18634327854097116,"234":0.03852188688847069,"235":0.008810731601694544,"236":0.1341034180597358,"237":-0.1273488199155367,"238":-0.24557955887015914,"239":-0.3059091453273822,"240":-0.3059091453273822,"241":0.11038800725774361,"242":0.09631050587949733,"243":0.11164533571014051,"244":-0.11775532055022353,"245":-0.17256793087958433,"246":0.2641145513915788,"247":0.09209988410886355,"248":0.6525986291143145,"249":0.009719344684197995,"250":0.17293150807786728,"251":0.048414503498331096,"252":0.06992530896091473,"253":-0.027587160226314966,"254":-0.008893770236336557,"255":0.13214779945582505,"256":0.13214779945582505,"257":-0.05796217113593255,"258":-0.05796217113593255,"259":0.05813160678119195,"260":0.05813160678119195,"261":0.17169504401596464,"262":0.3402571489915889,"263":0.2228090811397495,"264":0.45744177488121973,"265":0.2676943935143019,"266":0.13545367741726339,"267":0.12113558569221666,"268":0.12113558569221666,"269":0.12113558569221666,"270":1.01656240887734,"271":1.01656240887734,"272":-0.12211723773359645,"273":0.050745734339308124,"274":-0.08094793851981807,"275":0.040399311556915896,"276":-0.2142713258864588,"277":0.013398582527328173,"278":-0.06495689037963381,"279":0.06473498143108641,"280":-0.11210953566330994,"281":-0.08329257398644074,"282":-0.7967013556679325,"283":-1.6497407046194392,"284":-0.173457295270864,"285":-0.2930709940808235,"286":-0.5576214512397275,"287":0.32235330330269524,"288":1.0296616174509157,"289":-0.08889811927348434,"290":-0.193781714240449,"291":-0.7263794185582712,"292":-0.3273300029167985,"293":0.08252861491412866,"294":-0.38727236940802146,"295":-0.06229723932829423,"296":-0.14301417867123356,"297":-0.1800745382712921,"298":-0.4608648656966465,"299":0.4858791367413414,"300":-0.10553968617112841,"301":0.07706717184504897,"302":-0.019496000488960608,"303":0.159753876945663,"304":0.01890670156147034,"305":0.343870853632396,"306":0.01890670156147034,"307":0.33982130494095936,