{"1":0.007996797343855343,"2":-0.01463942502477546,"3":0.0495690842364675,"4":-0.08104188384462689,"5":-0.0007714246938058562,"6":0.02846419035495923,"7":-0.07453905041509251,"8":0.011907971729668794,"9":0.011907971729668794,"10":0.055874256412136176,"11":0.055874256412136176,"12":0.0037905145386147206,"13":0.0037905145386147206,"14":0.011245144371622214,"15":0.011245144371622214,"16":0.03749350752972518,"17":0.03749350752972518,"18":0.03749350752972518,"19":0.07249763714490688,"20":0.07249763714490688,"21":-0.3402345784380164,"22":-0.3402345784380164,"23":0.28431120865614634,"24":0.1824987141176474,"25":0.8317218358676537,"26":0.23281259166041335,"27":0.22661664197429313,"28":0.07646294743185444,"29":0.36167736533130107,"30":0.025245000488918742,"31":-0.044036091567415,"32":0.07321345894720448,"33":0.19975184625293196,"34":1.0105395929728163,"35":0.09366900179812121,"36":0.16577619075412875,"37":0.19472146726017434,"38":0.2733130454298046,"39":0.15392440621350184,"40":0.035916220264138626,"41":0.11415713179329781,"42":0.10818242912005475,"43":0.09879435450353313,"44":0.11512727886330854,"45":0.022352882440325267,"46":0.07016637936325368,"47":0.05919328629929631,"48":0.1672124638182762,"49":0.1477503834664746,"50":0.1477503834664746,"51":0.1672124638182762,"52":0.1672124638182762,"53":0.16133712584094623,"54":0.16133712584094623,"55":-0.009296841183921156,"56":-0.02348914120808801,"57":0.09196246069744096,"58":-0.07879113928533556,"59":0.0748644253366528,"60":0.1355843218500078,"61":0.031650411457279856,"62":0.009693132245227012,"63":0.08840109342378161,"64":0.031381890573425206,"65":0.10090544590628157,"66":0.10635662792303482,"67":0.15227402720586733,"68":0.06533658568101919,"69":0.30293747690326306,"70":-0.014288013777277897,"71":0.08776253328288763,"72":0.13478037902393644,"73":0.042937341649232574,"74":0.14083798307383436,"75":0.15538853963225208,"76":0.06382985309962091,"77":0.07915762003366814,"78":0.09433310330191261,"79":-0.015864620761775278,"80":-0.03392204717062591,"81":-0.06749944498614341,"82":0.0664660404473788,"83":-0.06732906061769378,"84":0.04341915630861669,"85":0.19486463257971898,"86":0.14576341010345711,"87":0.14576341010345711,"88":0.07714018675847334,"89":0.07714018675847334,"90":0.004372915663003574,"91":-0.053971259552043405,"92":-0.0404774418498941,"93":-0.040947453893612484,"94":0.19739114219305237,"95":0.010190788353817065,"96":0.041296085446262565,"97":-0.21193653880801627,"98":-0.10889007530545797,"99":0.07966358449338465,"100":0.1329240063574068,"101":0.12416791622986616,"102":0.0742976877130298,"103":0.13141827465457823,"104":0.13312122093046597,"105":0.075899365525523,"106":0.06972755021346412,"107":0.23883222212840133,"108":0.2822654409114062,"109":0.20909587304182942,"110":0.2654052554145844,"111":0.16873087591451244,"112":0.1399058014782064,"113":0.1632091084641243,"114":0.08262787541445299,"115":0.096496333247471,"116":0.247782764534616,"117":0.22610373503754522,"118":0.49042341184369465,"119":0.5430546247902346,"120":0.09586229199303342,"121":0.056382500804098845,"122":0.2901492189325082,"123":0.204920218851264,"124":0.11273368913128004,"125":0.09922440966195623,"126":0.09922440966195623,"127":0.2384601816720876,"128":0.24479905646408745,"129":0.1595374847738414,"130":0.09922440966195623,"131":0.09922440966195623,"132":0.07266831977847606,"133":0.04772936794830701,"134":0.06264090817863588,"135":0.04948513116684255,"136":0.033368043087698335,"137":0.015525339504878305,"138":0.08664808074100085,"139":0.1056208572688172,"140":0.11745076397689108,"141":0.20276049963452597,"142":0.013288177133052054,"143":0.07472520886750479,"144":-0.007508308472557873,"145":0.032725114449367265,"146":0.08432214903022886,"147":0.04843429521415438,"148":0.010391561926600876,"149":0.024972605152458444,"150":0.046210360327896834,"151":-0.00013849209571108884,"152":0.003827442056388519,"153":0.02097967311093121,"154":0.014396173922893187,"155":0.017000053309975928,"156":0.04062747015384203,"157":0.055075623312807354,"158":0.07531572166387757,"159":0.028567414381547765,"160":0.016273148042479438,"161":0.012420748774384469,"162":0.06457088671302734,"163":0.03036394937857633,"164":0.07040479397118643,"165":0.21732582226266572,"166":0.19804440253738048,"167":0.13919732244208466,"168":0.3925110732912613,"169":0.4087036574433222,"170":0.19387654424116557,"171":0.233536360265036,"172":0.06664033943897943,"173":0.11339008661037941,"174":0.1196348409758064,"175":0.11161357082057832,"176":0.015368303995312013,"177":0.07156081915953491,"178":0.008602043971810074,"179":0.02633949093455746,"180":0.04175127224103309,"181":0.01689688053603392,"182":0.05806782247164492,"183":0.014859577947693756,"184":0.03900425295711145,"185":0.03552734495538502,"186":0.03751341132491877,"187":0.041885933312643495,"188":0.07889889567421114,"189":0.02840220862848101,"190":0.055087527414062025,"191":0.03665620498421622,"192":0.06029181585895166,"193":0.05496913066976292,"194":0.04942841836984113,"195":0.06909200018489421,"196":0.11092788976104574,"197":0.11082052482854453,"198":0.16892113427637295,"199":0.12650700691813288,"200":0.21907965640145877,"201":0.00513610563430196,"202":0.00513610563430196,"203":0.023560923435494985,"204":0.037360349178930594,"205":0.029311306293139428,"206":0.031011905033212606,"207":0.029710147300118207,"208":0.03452238035603062,"209":0.01895780653907602,"210":0.017589631203187704,"211":0.016577354022587386,"212":0.04006315423034445,"213":0.026742318586900904,"214":0.025832852661461098,"215":0.03804315903252682,"216":0.05185423556611654,"217":0.02171654751158786,"218":0.029673339431572153,"219":0.028838933743024202,"220":0.021921112828735,"221":0.025485274921901124,"222":0.12816260617337472,"223":0.04784376031182689,"224":0.06225598863850192,"225":0.050167130255230875,"226":0.01720653783187212,"227":0.04839499226529094,"228":-0.010560576272944433,"229":0.02020133542224828,"230":0.12145563245962018,"231":0.052826529362604166,"232":0.06011054728716871,"233":0.019478564058531912,"234":0.04063553603855716,"235":0.11785006607673168,"236":0.11240227870668132,"237":0.07733637842319188,"238":0.073315930820695,"239":0.008473405220161517,"240":0.008473405220161517,"241":-0.2061331954705019,"242":0.3752077805201827,"243":0.789546582695901,"244":0.6627517110398798,"245":2.0647695410516236,"246":0.4790509284528235,"247":-0.47232583351655094,"248":-0.1432630637691925,"249":0.017673571795038145,"250":0.13936024393592117,"251":-0.21313228362280845,"252":-0.28746623097198265,"253":0.09287801159891479,"254":-0.1008067658496006,"255":0.31717606634849077,"256":0.31717606634849077,"257":0.7212215508751121,"258":0.7212215508751121,"259":0.12278566827330872,"260":0.12278566827330872,"261":0.041033160169117275,"262":0.10134291373970888,"263":0.02441214507301198,"264":-0.0455869589336618,"265":0.15893777861821917,"266":-0.11338645317173512,"267":0.05635680624901704,"268":0.05635680624901704,"269":0.05635680624901704,"270":0.18439178735514072,"271":0.18439178735514072,"272":0.03101925626771443,"273":0.2742162178112796,"274":0.20101759108145786,"275":0.044365594815688525,"276":0.10608370054095219,"277":0.09844872973529323,"278":0.08679932662852508,"279":0.02891129406964285,"280":-0.026702785017338256,"281":-0.006900511113300173,"282":0.11070788353985822,"283":0.404698342324621,"284":0.26114718802713344,"285":0.23749445434216981,"286":0.03181231103413859,"287":0.34718348206954747,"288":0.12381771620462224,"289":0.5557980318344604,"290":0.4991409562631622,"291":0.683523634282514,"292":0.6560731298327144,"293":0.23753743798625854,"294":0.2818589136719102,"295":-0.0822140075635977,"296":0.1989909339855543,"297":0.16666471085243592,"298":0.45198775333267815,"299":0.6752311555975623,"300":0.2896012748936916,"301":0.26654128850892944,"302":0.30817958686643526,"303":0.22043226182145365,"304":0.26808293695043983,"305":0.200519137801844,"306":0.26808293695043983,"307":0.0663156196642766,"308":0.09687777567373365,"309":0.203248854575092,"310":0.3056035188649591,