{"1":-0.21334382204691013,"2":-0.08070823362307741,"3":-0.14657985315961458,"4":-0.028777870429579022,"5":-0.03850241112913301,"6":-0.002520958318944763,"7":-0.009747761497068262,"8":-0.14596977192141913,"9":-0.14596977192141913,"10":-0.05191831918730069,"11":-0.05191831918730069,"12":-0.16415426319320503,"13":-0.16415426319320503,"14":-0.22480792985250292,"15":-0.22480792985250292,"16":-0.009412558819381599,"17":-0.009412558819381599,"18":-0.009412558819381599,"19":-0.01662472721468969,"20":-0.01662472721468969,"21":-0.019380561241761365,"22":-0.019380561241761365,"23":-0.028379143026989122,"24":-0.045517373989490864,"25":0.046644208344130605,"26":-0.06864527127189368,"27":-0.0016607882107629868,"28":-0.0132741953447097,"29":-0.010888975595896758,"30":-0.06388534371577159,"31":-0.07598286026504247,"32":-0.043844613190284,"33":0.012765044916505,"34":-0.017378195342428952,"35":-0.13459315612321462,"36":-0.09988700613762921,"37":-0.11577365744743127,"38":-0.08437227137971735,"39":0.004790429613627453,"40":-0.1218840563756149,"41":-0.18547014615748225,"42":-0.15365764571411783,"43":-0.10904670443664535,"44":-0.06600912389561,"45":-0.13387021020952564,"46":-0.05629203487148404,"47":-0.12386589935128355,"48":-0.07186092616089039,"49":-0.2150524101414272,"50":-0.2150524101414272,"51":-0.07186092616089039,"52":-0.07186092616089039,"53":-0.10512524025814886,"54":-0.10512524025814886,"55":-0.041810313632277565,"56":0.051112494937442556,"57":0.033320047916920156,"58":0.001987615816494098,"59":0.019566347103389295,"60":0.05820167990766795,"61":0.07623434650963451,"62":0.04742361685890432,"63":0.07215195379132397,"64":0.009127763883492145,"65":0.058757409852864456,"66":0.11406891066799907,"67":0.135469584370009,"68":0.045142001235203455,"69":-0.0967734159893789,"70":-0.1055872355802636,"71":-0.041898350716713065,"72":-0.04483110735570538,"73":-0.02223502769613364,"74":-0.04895437581432503,"75":-0.22045405171857266,"76":-0.07748894559804959,"77":-0.07719764348058689,"78":-0.055311204765215755,"79":-0.011541196600229647,"80":-0.04393387819528524,"81":-0.05423725578157931,"82":-0.23396159025400842,"83":-0.07286818864837294,"84":-0.07695085481964174,"85":-0.05689102770518169,"86":-0.13333304020566591,"87":-0.13333304020566591,"88":-0.1842957503313084,"89":-0.1842957503313084,"90":-0.0641269985764591,"91":-0.031219959674002346,"92":-0.06536279552074271,"93":-0.024447160245209223,"94":-0.04568021203302889,"95":-0.07917444419451283,"96":-0.08451234463016834,"97":-0.04065383862991777,"98":-0.025324533994253093,"99":0.16581397896244196,"100":0.18104605486264475,"101":-0.02432666748356925,"102":-0.02547447162887842,"103":-0.05386296247413706,"104":-0.029370699376306847,"105":-0.04023648542248645,"106":0.1280451248622525,"107":-0.06502042496980845,"108":-0.016933774953818037,"109":-0.03721429120103891,"110":-0.0650495030962972,"111":-0.09511740013808177,"112":-0.03248121876812054,"113":-0.04875006761477056,"114":-0.0638460453155644,"115":-0.0189699378438815,"116":0.0021638585459992643,"117":-0.2517565304336923,"118":-0.23029940251374237,"119":-0.03150755227937399,"120":-0.027756536499528403,"121":-0.007933105923490613,"122":-0.07571324749306312,"123":0.015459492971768907,"124":-0.1312289025521382,"125":-0.035722869849752786,"126":-0.035722869849752786,"127":-0.11695612898132685,"128":-0.1538082967859069,"129":-0.03000434933122484,"130":-0.035722869849752786,"131":-0.035722869849752786,"132":0.11560614197854228,"133":0.11914216146823359,"134":-0.02193327591940228,"135":-0.08338573701745489,"136":0.1607016596621306,"137":0.2032365891266062,"138":-0.027380121787067474,"139":0.20728533646849023,"140":-0.052052802818910116,"141":-0.12393620702803614,"142":0.528053873408231,"143":-0.14507492012620393,"144":0.05656990312243293,"145":0.26486516113981723,"146":-0.09586474208042317,"147":0.17679965278246676,"148":0.03006895820317887,"149":-0.04247461124311145,"150":-0.08208614802342167,"151":-0.03567027763460179,"152":0.03506913581218803,"153":-0.1294735514724635,"154":-0.09438577213606268,"155":-0.0681605296125968,"156":0.027735951486895213,"157":-0.015388360557994196,"158":-0.1008126599269653,"159":-0.04826404820170833,"160":-0.03018339194305864,"161":-0.003940878661251729,"162":-0.04767364794356347,"163":-0.016561406646610863,"164":-0.03683685538703865,"165":-0.09834441419108222,"166":-0.06063319079873432,"167":-0.12240877308593143,"168":-0.08913941652014709,"169":-0.02721563828355897,"170":-0.030106628357103052,"171":-0.12359986161395033,"172":-0.039842220859411484,"173":-0.08310982483584353,"174":-0.11084804752673438,"175":-0.10384849846521228,"176":-0.05206853924508476,"177":-0.129327915833938,"178":-0.10388922295469999,"179":-0.18003249589450213,"180":-0.04370207503992338,"181":-0.05298830673555464,"182":-0.07850857310564055,"183":-0.08649991257972331,"184":-0.10337435154259272,"185":-0.1644210457817918,"186":-0.04394976382438224,"187":-0.10387605707092198,"188":-0.0639651270372272,"189":-0.04898222446958377,"190":-0.06885158833336515,"191":-0.10015066136008495,"192":-0.08855901436857784,"193":-0.10867628409172231,"194":-0.11227881661876771,"195":-0.10889661633742713,"196":-0.0499839660242094,"197":-0.13044350913247588,"198":-0.11476395169749294,"199":-0.07891042981261126,"200":-0.021581508532941926,"201":0.11522406693039211,"202":0.11522406693039211,"203":-0.02306335709890843,"204":-0.042173488229097805,"205":-0.0622927452578365,"206":-0.06191343825860713,"207":-0.07440759261386085,"208":-0.05827322042167057,"209":-0.024325947393398162,"210":-0.036244712127755006,"211":-0.03962901101654436,"212":-0.07717509780206035,"213":-0.04254893008300531,"214":-0.03586679315006279,"215":-0.07991917203337814,"216":-0.051625737150100826,"217":-0.05370712315964271,"218":-0.15773464152327124,"219":-0.055727988107459846,"220":-0.05656815670516507,"221":-0.07957425587061524,"222":-0.06261951064162022,"223":-0.06892727027234484,"224":-0.08106362202160645,"225":-0.02033312464890832,"226":-0.10302110977892184,"227":-0.23022049678722342,"228":-0.1068871187589695,"229":-0.12126350619335362,"230":-0.05179975260250755,"231":-0.0810773963929585,"232":0.016061801992135555,"233":-0.07564650966405997,"234":-0.08553008913358173,"235":-0.13648931582464813,"236":-0.0533588404888799,"237":-0.15681873393858498,"238":-0.11262316115157103,"239":-0.28063277295261774,"240":-0.28063277295261774,"241":-0.023389868799574887,"242":0.010930137748229568,"243":0.09340282452027546,"244":-0.07911346182992046,"245":-0.09411571901327961,"246":0.18114877473861585,"247":0.03997908276014667,"248":0.09134289361534675,"249":-0.01151421368682716,"250":0.06441664000897268,"251":-0.12252797522154521,"252":0.061272571275698504,"253":-0.03373319778132352,"254":0.009610504634694192,"255":0.032039659037042464,"256":0.032039659037042464,"257":-0.05504616535093197,"258":-0.05504616535093197,"259":-0.004544911255447322,"260":-0.004544911255447322,"261":0.15591254905866914,"262":0.29339471065334405,"263":0.175530916213017,"264":0.32886137536454463,"265":0.5169245548126005,"266":0.10317838376722838,"267":0.04259873324084118,"268":0.04259873324084118,"269":0.04259873324084118,"270":0.8436161918108435,"271":0.8436161918108435,"272":-0.13019300155665642,"273":0.002140209037441859,"274":0.019850386758206384,"275":0.07652593500924221,"276":-0.34881971620090796,"277":-0.18005781380158148,"278":-0.1962785999386898,"279":0.0784753830566346,"280":-0.1445224274240458,"281":-0.10484178101278036,"282":-0.7036489119157743,"283":-1.386379279615277,"284":-0.19205180036905456,"285":-0.2237749063946787,"286":-0.48328457410890396,"287":0.2313244593368023,"288":0.5493304174651896,"289":-0.19427228121997414,"290":-0.2718470165086753,"291":-0.5209186511890588,"292":-0.2366790890678329,"293":-0.16536281698597027,"294":-0.27963778031907827,"295":-0.3605314584518071,"296":-0.1306207344356207,"297":-0.1824629888084997,"298":-0.26638959044403204,"299":0.347161590967606,"300":-0.17538542875290228,"301":0.024846638242319655,"302":-0.17810240678813688,