{"1":0.032633832740998604,"2":0.0006998681039837862,"3":0.16207683739801104,"4":0.3640239784595847,"5":0.1346199116439137,"6":0.07620190306554771,"7":-0.053885729455496134,"8":0.03284492784418805,"9":0.03284492784418805,"10":0.09868834579048948,"11":0.09868834579048948,"12":-0.012427875739090974,"13":-0.012427875739090974,"14":0.016032431531988217,"15":0.016032431531988217,"16":0.12501734178096635,"17":0.12501734178096635,"18":0.12501734178096635,"19":0.11709371207669156,"20":0.11709371207669156,"21":-0.3884370236797,"22":-0.3884370236797,"23":1.0799186501774576,"24":2.150924262437704,"25":1.392336909473753,"26":0.19520114060704602,"27":1.5873495677124034,"28":0.79911506107385,"29":0.9841637467337895,"30":0.3456609884540567,"31":0.03095474780090912,"32":0.12355625475782836,"33":0.2973062334136451,"34":0.9843629677302705,"35":0.12220829480871931,"36":0.19126061723490428,"37":0.23461780308149266,"38":0.728393689667767,"39":0.29830621385774714,"40":0.19128888217950485,"41":0.1410912469775582,"42":0.3113425627440157,"43":0.28508633216824675,"44":0.7071812488680288,"45":0.0843989497827396,"46":0.16348688914828194,"47":0.1259282512165251,"48":0.26095636115447846,"49":0.18180113297947112,"50":0.18180113297947112,"51":0.26095636115447846,"52":0.26095636115447846,"53":0.3424636407692242,"54":0.3424636407692242,"55":-0.005961193525758357,"56":0.05414932718265436,"57":0.34847974313588803,"58":0.054319007068601405,"59":0.3442980253525271,"60":0.133372780636144,"61":0.30181926792914393,"62":0.18017666053698755,"63":0.42950129061525666,"64":0.12715094839758936,"65":0.41964038039806234,"66":0.141809693744504,"67":0.23363480877749893,"68":0.10865717496482982,"69":0.19062071881379095,"70":0.03319602496095109,"71":0.09810690334728225,"72":0.24101073398257117,"73":0.17269823141069351,"74":0.22496775096576554,"75":0.14524031103089713,"76":0.1373343724519161,"77":0.12709886865579245,"78":0.21421757015161996,"79":0.06266935116784733,"80":0.037691042230381666,"81":-0.1129813218025223,"82":0.06469946637300228,"83":-0.08865375631921185,"84":0.3849434387170248,"85":0.3542379119250699,"86":0.06713742102917253,"87":0.06713742102917253,"88":0.04273192140904736,"89":0.04273192140904736,"90":-0.03570080783103513,"91":-0.08002117146343346,"92":-0.05451211154985178,"93":-0.08651558758487293,"94":0.11626429945341876,"95":-0.004102835078779038,"96":-0.01214090502018128,"97":-0.2687939189426224,"98":-0.15367951911347877,"99":1.394192145093947,"100":1.3304959020852913,"101":0.45035180978639816,"102":0.38319381605216185,"103":0.5527349122311807,"104":0.4827165293786938,"105":0.3740424903274463,"106":0.5027253728963667,"107":0.7432514096248293,"108":0.8024746252112304,"109":0.9341430862911373,"110":1.7165231666145515,"111":1.1259125942276642,"112":0.8274454983389418,"113":1.1548887400617265,"114":2.4778774293693324,"115":1.213839530713034,"116":1.2863924758321137,"117":2.2477270331045576,"118":2.1177954993656796,"119":3.1883309716756028,"120":0.9110012098337105,"121":1.1130779591904896,"122":1.9087442476816812,"123":2.6019200874101376,"124":11.334682471842816,"125":1.2502636285276503,"126":1.2502636285276503,"127":1.2068725383097785,"128":2.0961925651117594,"129":0.40396565627389885,"130":1.2502636285276503,"131":1.2502636285276503,"132":0.13883237474665078,"133":0.04945807887960109,"134":0.14636609255644123,"135":0.08755745858565614,"136":0.059803173731279045,"137":0.040356800011805104,"138":0.12402515383722967,"139":0.09919976866041869,"140":0.15718763721253262,"141":0.2781551299509774,"142":0.016800715247442713,"143":0.11666807715816274,"144":-0.025442294875556784,"145":0.09180954614898867,"146":0.15205553334747465,"147":0.05361867917365532,"148":0.02509246053488942,"149":0.04019726776040568,"150":0.08681378504068116,"151":-0.002539029467347409,"152":0.018561636624135312,"153":0.04168111609269187,"154":0.04726331375665906,"155":0.024213769833327587,"156":0.09225867613768447,"157":0.07640703978168173,"158":0.42345722915103445,"159":0.011440300146236648,"160":0.03370381899892009,"161":0.04191106488037322,"162":0.14191120468946958,"163":0.15773107784716583,"164":0.14872685311771144,"165":0.46645523074510603,"166":0.3695386803242938,"167":0.3426515309243801,"168":0.8820956702980556,"169":0.5809268710666554,"170":0.5749809756776356,"171":0.4670288497042451,"172":0.2236047371918946,"173":0.4027585227225923,"174":0.42708742329034605,"175":0.4177342602311145,"176":0.03344493596452223,"177":0.4659635134293456,"178":0.20537383213272137,"179":0.2029412905634448,"180":0.07559143866275056,"181":0.07515850742271753,"182":0.2231866800988232,"183":0.07159176397778809,"184":0.17247627515332303,"185":0.2928091102769004,"186":0.20749502227085737,"187":0.19617919827815705,"188":0.23134499578703355,"189":0.1318713017681343,"190":0.21332710879626274,"191":0.23174803559214574,"192":0.38004472721761623,"193":0.20273525031576506,"194":0.21030969909461872,"195":0.24389159670211025,"196":0.330710130770308,"197":0.4063930038960101,"198":1.1586161153113943,"199":0.621425243546048,"200":0.7437000959117193,"201":0.023394636091515902,"202":0.023394636091515902,"203":0.06461070306723524,"204":0.07633680673553972,"205":0.06799895706456585,"206":0.07585585142225917,"207":0.05029428779976778,"208":0.08429420977610531,"209":0.05655047504355444,"210":0.049891804826401834,"211":0.06579395354974371,"212":0.09803069990992679,"213":0.06979120586253748,"214":0.05560493934577527,"215":0.11449591019714735,"216":0.12878579287341413,"217":0.08528644682884201,"218":0.15053054627538148,"219":0.06075466861993944,"220":0.05297172444313853,"221":0.04760826973328274,"222":0.2734159910816331,"223":0.1453539623298136,"224":0.1499875329222023,"225":0.14880646763192068,"226":0.0865999215563173,"227":0.11878088092587417,"228":0.014377187632219998,"229":0.09450756601043524,"230":0.2157405677132151,"231":0.10182085848933513,"232":0.10160283183727967,"233":0.12885926608696238,"234":0.14755517783445524,"235":0.23703598280900956,"236":0.258266292013281,"237":0.14573166367016702,"238":0.1375588452681849,"239":0.0647387054754488,"240":0.0647387054754488,"241":0.688463891662233,"242":1.8055930935237874,"243":3.757165154645109,"244":1.4119871630501457,"245":2.6803005981265704,"246":0.8200726184801503,"247":-0.5386035445021191,"248":0.009177243746997465,"249":0.08526487684185069,"250":0.13790572356173514,"251":-0.18948245040953138,"252":-0.20024824437691158,"253":0.09488155346979216,"254":-0.12137794491287815,"255":0.36697976934991294,"256":0.36697976934991294,"257":0.8048348028121717,"258":0.8048348028121717,"259":0.1580560207765671,"260":0.1580560207765671,"261":0.07850238794832205,"262":0.14438961916090265,"263":0.033802965821855546,"264":-0.026036320490665094,"265":0.4601311110074944,"266":-0.1065951925913495,"267":0.09612153182852473,"268":0.09612153182852473,"269":0.09612153182852473,"270":0.2067578964970549,"271":0.2067578964970549,"272":0.10057635077311156,"273":0.8610036550466837,"274":1.0637258112691372,"275":0.027033035683868167,"276":0.10684845099423276,"277":1.0191641805444323,"278":0.34135961837612816,"279":0.14721117355252633,"280":0.13818196921759648,"281":-0.004420596841277685,"282":0.15361249823512318,"283":0.5225483608090472,"284":0.46696585384805184,"285":0.3436786201593632,"286":0.0384780970831988,"287":0.45705879248598386,"288":0.20512673749070723,"289":2.7219143480166776,"290":5.403767730513348,"291":3.8568202855384808,"292":2.5522798326204352,"293":0.5082565918451061,"294":1.2272190840273547,"295":0.027891659440727967,"296":0.4824980561682669,"297":0.29642825648726023,"298":0.6707728674323838,"299":1.1719577296320516,"300":0.45842972176717156,"301":0.5429239605793584,"302":0.5010212823409425,"303":0.4247681759840478,"304":0.488395744825012,"305":0.32927332419920846,"306":0.488395744825012,"307":0.08426065275694566,"308":0.11024210418759182,"309":0.4299335476790992,"310":0.6619258296895674,"311":0.5636166679015934,"312":0.6547032146399528,"313":0.48893727994913716,"314":0.17248029270111803,"315":0.06930435626353271,