{"1":-1.176307732647553,"2":-1.5137583325825736,"3":-1.7493399934039822,"4":1.3784781821331276,"5":0.07758055727631874,"6":0.08744671048910246,"7":0.18777809450456728,"8":0.24616467652848661,"9":0.24616467652848661,"10":-0.360117416370318,"11":-0.360117416370318,"12":-0.6141768584305178,"13":-0.6141768584305178,"14":-1.994132965284548,"15":-1.994132965284548,"16":-0.10171830500794266,"17":-0.10171830500794266,"18":-0.10171830500794266,"19":0.1089436583763086,"20":0.1089436583763086,"21":0.03154459966844181,"22":0.03154459966844181,"23":0.27862237142754276,"24":-0.4341299248625674,"25":0,"26":-0.33866947579599305,"27":-0.3329353818159234,"28":0.10267396276269103,"29":-0.6070612365518221,"30":0.07109460597586048,"31":0.217994008044059,"32":0.41858331061866616,"33":-0.11337601593299096,"34":-0.6079949994601935,"35":-1.0859454295749607,"36":-0.3098642806795202,"37":-0.5103729683383407,"38":-0.5302552187762383,"39":0.377905895357451,"40":-0.20200243007015062,"41":-0.5830985221091742,"42":-1.4274475792339993,"43":-0.5832121450163149,"44":0.07787407366895899,"45":-0.9689363396545716,"46":-0.9067406888711709,"47":-1.0384999734286047,"48":0.022029158170974172,"49":-0.608321768126167,"50":-0.608321768126167,"51":0.022029158170974172,"52":0.022029158170974172,"53":-0.6672096638754135,"54":-0.6672096638754135,"55":-0.40447210012630175,"56":-0.37636256161298687,"57":-0.5489250449448939,"58":-0.13061024433714752,"59":0.1292327745995624,"60":-0.23325353050848363,"61":-0.35267764977054084,"62":-0.6513586788282744,"63":-0.2423189820334627,"64":-0.2124485591408547,"65":-0.024361797632109994,"66":-0.045600360480054,"67":-0.386315805838646,"68":-0.6428611577613901,"69":-0.604278682911146,"70":-0.6274790662428424,"71":-0.5844852767673123,"72":-0.33849908546070817,"73":-0.1353559131717419,"74":-0.06506354081390375,"75":-1.9199638232207623,"76":-0.48687050103653084,"77":-0.2361600686756158,"78":-0.683758989276871,"79":-0.5551508552439449,"80":-0.5575735089336371,"81":-0.32957550085480447,"82":-0.253364098784147,"83":-0.8976200964814112,"84":0.2337845760958328,"85":-0.025704428995189765,"86":-0.6181814626963934,"87":-0.6181814626963934,"88":-0.38894896343774543,"89":-0.38894896343774543,"90":-0.334357167280967,"91":-0.6255660745576108,"92":-0.590541475177008,"93":-0.29810279235429094,"94":-0.24155647893253018,"95":-0.042197861335392606,"96":-0.6938528105704318,"97":-0.43426526199395493,"98":-0.29984489562803773,"99":-0.481680146849238,"100":0.12365693568538916,"101":-0.3351852446792276,"102":-0.14126581954672546,"103":-0.19145689654569298,"104":0.10550406823595082,"105":0.23048265512359223,"106":0.32631466087365757,"107":-0.08660980919579231,"108":-0.01950473044110501,"109":0.17203812456488599,"110":-0.5466701116733679,"111":0.1404863297536436,"112":-0.23715967772061675,"113":-0.32176141912806777,"114":0.006048540002891012,"115":-0.12715472688719454,"116":-0.047508261134035834,"117":-0.25245427405823095,"118":-0.7805845315163278,"119":-0.4194679072708174,"120":-0.46923907539632204,"121":-0.4697662978373861,"122":-0.04572588429107627,"123":-0.34563308521958325,"124":-0.05713299935602456,"125":-0.14133807970054768,"126":-0.14133807970054768,"127":-0.2617295350541622,"128":-0.2613509534638727,"129":-0.08561245185770305,"130":-0.14133807970054768,"131":-0.14133807970054768,"132":0.06341011436369337,"133":-0.49402717531292684,"134":-0.28382765610822425,"135":0.10361161299319921,"136":0.1831047352975621,"137":-0.2397519139780706,"138":-0.5889140046852548,"139":0.2709638905339895,"140":-0.167464834661311,"141":-0.28808407714503237,"142":-0.5810866727562678,"143":-0.7441834732132846,"144":-1.0500608339269053,"145":-0.3403627913769627,"146":-0.46511378480542787,"147":-0.26770932801898617,"148":-0.28864874619654346,"149":-0.124069717060864,"150":0.4725839982489264,"151":-0.7443319963142454,"152":-0.08893652794576334,"153":-0.4068187026886283,"154":-0.11718882830096355,"155":-0.4845187216968744,"156":-0.3745124620274214,"157":0.11881603692786324,"158":0.03520435424009216,"159":0.0724352739801708,"160":-1.5760284499889328,"161":0.2499956250480373,"162":-0.49579039541604997,"163":-0.0022735596034648697,"164":-0.23956842167266346,"165":-0.2345761644667438,"166":-0.1620788429917639,"167":-0.08193346635846455,"168":0.7183374947091896,"169":0.03585796605638025,"170":0.05092506195338009,"171":-0.07064550895129051,"172":0.4059516788756894,"173":0.3840727043191916,"174":0.2985870330954896,"175":-0.10742884028688104,"176":-0.0964101693128312,"177":0.35046605093139016,"178":0.3225986771548237,"179":0.050216940524335785,"180":0.03960290195515592,"181":0.28172098764145087,"182":0.3791533957186441,"183":0.2269130184499556,"184":0.18036460327295645,"185":0.12622287484176786,"186":0.5772530353620083,"187":0.2903599609298898,"188":0.296375776335974,"189":0.5830846299712502,"190":0.26345604512297904,"191":0.30642958684284727,"192":0.47185664736973765,"193":-0.050233544426882215,"194":-0.2618202532011298,"195":-0.14620917996668514,"196":1.1678416942879035,"197":-0.07433311919268704,"198":-0.27798123001320896,"199":0.9479450930110382,"200":0.4812224313955442,"201":-0.22686504533900176,"202":-0.22686504533900176,"203":-0.0035563768298308984,"204":-0.027343043534549305,"205":0.1353877434459272,"206":-0.19928674737083696,"207":-0.361453973572071,"208":0.06431336617997269,"209":-0.04150381058555397,"210":-0.22021841691179733,"211":0.10978829401496559,"212":-0.2252390262555649,"213":0.02727891975288138,"214":0.18172682739618617,"215":-0.22287366488613292,"216":0.1838876279691355,"217":0.3803357475055201,"218":0.46124209803533056,"219":0.2797210142669446,"220":-0.2512514374570364,"221":-0.009087501721999236,"222":0.2594955680992479,"223":0.34419887879095523,"224":-0.18100061986086113,"225":-0.33770953221895916,"226":0.18780917750841497,"227":0.47801371326588904,"228":-0.09912286142400861,"229":-0.4164633268350846,"230":-0.05301515859067141,"231":0.08418086057605212,"232":0.3782431252118734,"233":0.034381524508555916,"234":-0.17701890294972156,"235":-0.028762489753587195,"236":-0.09090263781504815,"237":-0.059782432098229865,"238":-2.0998003118934623,"239":-0.4412964578476437,"240":-0.4412964578476437,"241":-0.14010891613947202,"242":0.24048667377240462,"243":0.05421938644589519,"244":-0.17261438825984243,"245":-0.7039251870961151,"246":-0.5477006843377592,"247":-0.0481384276538781,"248":-0.20926502592753526,"249":-0.10220068231401086,"250":-0.4800924991514628,"251":-0.1667273135976215,"252":-0.015394535526967679,"253":-0.14831277303047263,"254":0.2738015279993284,"255":-0.029576360585238853,"256":-0.029576360585238853,"257":0.6159692417739628,"258":0.6159692417739628,"259":0.03446611980423242,"260":0.03446611980423242,"261":0.5852007871879188,"262":0.7649382101500489,"263":0.1883610571682116,"264":-0.314416992706371,"265":0.8314861003918628,"266":0.4115196628562103,"267":0.020494958294921484,"268":0.020494958294921484,"269":0.020494958294921484,"270":0.3708586156836388,"271":0.3708586156836388,"272":-1.4619703888990818,"273":-0.5330126665713143,"274":-1.2522215881843923,"275":0.242901568421229,"276":-0.6130926339090226,"277":-1.100860390405284,"278":-1.5113561811045209,"279":-2.16597424352267,"280":-1.0001236187976648,"281":-0.9289014076798594,"282":-0.5614985673473349,"283":-0.7307964094728802,"284":-0.36360015061458184,"285":-0.7248518597843936,"286":-0.8184791959936126,"287":-1.2530682724090232,"288":0.3838898227257205,"289":-0.17279347819378188,"290":-0.1618443036286188,"291":-0.2366448887950232,"292":-0.82008960722549,"293":-0.11957890135087168,"294":-0.47049988229136874,"295":-0.026203212393471287,"296":0.2023267547791068,"297":-0.4403734275865262,"298":-0.5353244077008147,"299":0.3471634937762647,"300":-0.5822918299866815,"301":0.8903984073348693,"302":-0.04060980546990289,"303":0.25782170602585475,"304":-0.20792382722107572,"305":-0.07959979236987369,"306":-0.20792382722107572,"307":0.2914275916440543,"308":-0.8622557583518401,"309":-0.46015556406311786,"310":-0.5014018844289527,