{"1":-0.1726015398489816,"2":-0.07421621914832846,"3":0.14250365946688753,"4":-0.12264142708268325,"5":-0.0672488296869348,"6":-0.03081402714214511,"7":-0.03480259610281755,"8":-0.11953803370762378,"9":-0.11953803370762378,"10":-0.025642241249346387,"11":-0.025642241249346387,"12":-0.10449812956422988,"13":-0.10449812956422988,"14":-0.135283291461103,"15":-0.135283291461103,"16":-0.0027894217651480216,"17":-0.0027894217651480216,"18":-0.0027894217651480216,"19":0.0051028617641309115,"20":0.0051028617641309115,"21":0.0028817665616418797,"22":0.0028817665616418797,"23":-0.009090939723259903,"24":0.002493706479203356,"25":0.08375958820237335,"26":0.01611240599554764,"27":0.05827591516249456,"28":-0.010509600262229885,"29":0.020224323165911356,"30":-0.06223763061215601,"31":-0.012271529594704123,"32":-0.041890150709327945,"33":0.031107607004860482,"34":-0.2090615602056889,"35":-0.12113895953690937,"36":-0.08634769104748935,"37":-0.023872697232148465,"38":-0.09190831549693507,"39":-0.1990580579232986,"40":-0.16645419816681134,"41":-0.27559282063314017,"42":-0.18551995911457547,"43":-0.044255446764206674,"44":-0.20722191188715172,"45":-0.23380607129877312,"46":-0.1641339444638671,"47":-0.13648956782060268,"48":-0.061519509219584434,"49":-0.1432767402579137,"50":-0.1432767402579137,"51":-0.061519509219584434,"52":-0.061519509219584434,"53":-0.2208392175346057,"54":-0.2208392175346057,"55":-0.01044238789566554,"56":0.041464280100004275,"57":0.07137972135627485,"58":-0.0033230739268301918,"59":0.04191152784727721,"60":0.2736944725987892,"61":0.1845291128355424,"62":0.12251239541659222,"63":0.09215598773653086,"64":0.09067513070533893,"65":0.1722663316600137,"66":0.30691610099318556,"67":0.2500921073801007,"68":0.1558099150806828,"69":0.00850042305599119,"70":-0.0018924207957595751,"71":-0.004875384183399084,"72":0.004169416192151693,"73":-0.03560849701938798,"74":-0.047075253502344205,"75":-0.12567604142139693,"76":-0.13742906384876963,"77":-0.06665200562929718,"78":0.012683902550484905,"79":0.010169829620070625,"80":-0.0668700547331435,"81":-0.08026105925803952,"82":-0.11585592616398907,"83":-0.12308260981580157,"84":-0.09613693570342921,"85":-0.008991446485897558,"86":-0.08388825737779271,"87":-0.08388825737779271,"88":-0.17404012526492763,"89":-0.17404012526492763,"90":0.009136579371751385,"91":-0.07065283591980343,"92":-0.040664975202695686,"93":0.1278101463952271,"94":-0.04353778237930317,"95":-0.03599777948919414,"96":-0.05623648410746751,"97":0.0516031430297077,"98":0.014483417371845997,"99":0.32718849364728586,"100":0.33322552899216423,"101":0.03869653663641201,"102":-0.016926575684214407,"103":-0.04834737038539186,"104":-0.025352575604926986,"105":0.0043155273135402905,"106":0.22658295073086732,"107":-0.031230463643925177,"108":-0.030003502606306937,"109":-0.014749189584763511,"110":-0.03031276335813854,"111":-0.09969227465940292,"112":-0.054513605691446504,"113":-0.035816113063386806,"114":-0.29428666942081705,"115":-0.006774575051594928,"116":0.06982429554614022,"117":-0.2685513139552896,"118":-0.23183846892183646,"119":0.011756352413995363,"120":-0.014305569374677585,"121":0.0408445501895775,"122":-0.0861936481929001,"123":0.039542179858597204,"124":-0.1488598005916526,"125":-0.01707641702745999,"126":-0.01707641702745999,"127":0.012868015069205763,"128":-0.12630658065704703,"129":0.01049334564542806,"130":-0.01707641702745999,"131":-0.01707641702745999,"132":0.1847809750093221,"133":0.1928090163193928,"134":0.016662184779023634,"135":-0.08294111690642383,"136":0.1490622191088266,"137":0.262943458119302,"138":-0.027540941584419804,"139":0.2662735315279925,"140":0.06548745449782534,"141":-0.03877162374829379,"142":0.5591986783655716,"143":-0.08167896669765115,"144":0.08499027435691003,"145":0.2714274832040499,"146":-0.07136621702820373,"147":0.17437282567928222,"148":0.0437985192849252,"149":-0.015203879711099821,"150":-0.0336344452979354,"151":-0.006285970021587553,"152":0.013957541234348253,"153":-0.114542651989703,"154":-0.06395858569487148,"155":-0.0547118798024295,"156":0.015350730251650346,"157":-0.020754442163790188,"158":-0.10561381235960185,"159":-0.018976855690620895,"160":-0.019624085783889793,"161":-0.0005128340284279165,"162":-0.034665929839884826,"163":-0.033207697943721595,"164":-0.0447567184766704,"165":-0.10391280880679976,"166":-0.07333551374361927,"167":-0.12305628766324006,"168":-0.07118383985023896,"169":-0.0746231383686668,"170":-0.05747324335723328,"171":-0.10122846735140181,"172":-0.03497507367713701,"173":-0.07643107983554041,"174":-0.10348720554990007,"175":-0.09179667657148036,"176":-0.05137980741768507,"177":-0.13633426377449032,"178":-0.12787891630215864,"179":-0.10558405845436568,"180":-0.029857939110046132,"181":-0.07264543479397056,"182":-0.11922508646115379,"183":-0.07551302095763501,"184":-0.10243408757919702,"185":-0.15165522120078317,"186":-0.11327452077826244,"187":-0.09708784953545249,"188":-0.06125658634802841,"189":-0.05110400198599773,"190":-0.05250729798665045,"191":-0.10137721753719589,"192":-0.10586467443976105,"193":-0.07993211678137431,"194":-0.09111412851908415,"195":-0.11458333328196446,"196":-0.0716736660809818,"197":-0.10538717267324144,"198":-0.04646943215265145,"199":-0.08104198998216788,"200":-0.039825953623138954,"201":0.08041481527275056,"202":0.08041481527275056,"203":-0.052517667299286926,"204":-0.04851479456245085,"205":-0.14616621890558634,"206":-0.05367398551293896,"207":-0.06509493646489466,"208":-0.0828210163470664,"209":-0.05282791843343132,"210":-0.025926564681900466,"211":-0.04615546193747423,"212":-0.09632562111451444,"213":-0.09961181579354535,"214":-0.08366779318113485,"215":-0.06492499303180091,"216":-0.10118527790366916,"217":-0.02914515278545917,"218":-0.12511509637643553,"219":-0.06171840444481501,"220":-0.05513201465721057,"221":-0.10578704259947067,"222":-0.1374853343719899,"223":-0.06835637189498181,"224":-0.10364061974821101,"225":-0.010900907917357101,"226":-0.05403346253578992,"227":-0.2959542979637385,"228":-0.12645898765914598,"229":-0.11333042623681386,"230":-0.0012938731964196037,"231":-0.09265606889593757,"232":0.01464498988643756,"233":-0.12247949407792262,"234":-0.08576908872207543,"235":-0.14359115502106007,"236":-0.0600236760973524,"237":-0.20410341133263274,"238":-0.12444047413926959,"239":-0.25843068530156854,"240":-0.25843068530156854,"241":-0.0791984429974385,"242":0.10065218905546558,"243":0.11381907922729984,"244":0.13058016758096747,"245":0.03883615902629223,"246":0.4504717673543355,"247":0.5280360940405727,"248":0.15027591674521057,"249":-0.12984426855169706,"250":0.22678249056558497,"251":-0.03252050183607158,"252":0.1337243677477054,"253":0.0958948364526662,"254":0.09606908638096229,"255":0.0048931472699582645,"256":0.0048931472699582645,"257":0.006143921342634695,"258":0.006143921342634695,"259":0.12640262158674484,"260":0.12640262158674484,"261":0.3000129759994974,"262":1.238558483589283,"263":0.45357062369176776,"264":0.6835108102061928,"265":1.1275753718348107,"266":0.4332977631991568,"267":0.13199748041574133,"268":0.13199748041574133,"269":0.13199748041574133,"270":1.199571431551619,"271":1.199571431551619,"272":0.046216555109602986,"273":0.1567155032930143,"274":0.3398407407523961,"275":1.1510583450546088,"276":-0.13108603099863592,"277":0.17411844864662362,"278":0.3069081074327473,"279":0.3410324080834829,"280":0.1970377697502258,"281":-0.20070521352424786,"282":-0.7657615314269888,"283":-1.0471560296432791,"284":-0.390943644500954,"285":-0.7280049421895278,"286":-1.1814089431773158,"287":0.2929266879563647,"288":0.49720380160743227,"289":-0.16829158029433208,"290":-0.22451560500931672,"291":-0.49120801951345466,"292":-0.17055304847322875,"293":-0.1532904254749018,"294":-0.24262651952813286,"295":-0.1876981344881401,"296":-0.10272192675934788,"297":-0.2202090007331292,"298":-0.016239243558039407,"299":0.4394639106073479,"300":-0.22838664876173415,"301":-0.03959473002170405,"302":-0.16744450492765836,"303":-0.07789872563830175,