{"1":-0.12306918629387312,"2":-0.04704829095818691,"3":-0.10026184111371259,"4":-0.019239081077646644,"5":-0.03805173992937943,"6":-0.012894526967054142,"7":-0.0070354315277479755,"8":-0.07278357265897739,"9":-0.07278357265897739,"10":-0.02239123688202624,"11":-0.02239123688202624,"12":-0.07275986189930793,"13":-0.07275986189930793,"14":-0.12189297978198878,"15":-0.12189297978198878,"16":-0.0033593984194267186,"17":-0.0033593984194267186,"18":-0.0033593984194267186,"19":-0.019789984711754336,"20":-0.019789984711754336,"21":-0.009506347937186459,"22":-0.009506347937186459,"23":-0.02057690078721783,"24":-0.0340973954476206,"25":0.03852636648206116,"26":-0.0634583222678306,"27":0.0025049775554852466,"28":-0.008328852764773895,"29":-0.009458916695458178,"30":-0.04975167529319079,"31":-0.05753334189003837,"32":-0.0336685043488986,"33":0.01086695464847318,"34":-0.017008597924601708,"35":-0.06965167951475196,"36":-0.05256795875681537,"37":-0.059102908006636694,"38":-0.049586692804310224,"39":-0.020931053397343698,"40":-0.0705983256915393,"41":-0.10676718244763278,"42":-0.10919937263913627,"43":-0.0614881460190307,"44":-0.056530407847944095,"45":-0.0803950597367894,"46":-0.04769481140153675,"47":-0.10074028796429702,"48":-0.04286500439402196,"49":-0.11399062294556889,"50":-0.11399062294556889,"51":-0.04286500439402196,"52":-0.04286500439402196,"53":-0.07302999885703007,"54":-0.07302999885703007,"55":-0.018015021843027036,"56":0.037027820832659604,"57":0.02240676458332288,"58":0.008195728560980692,"59":0.01916809837109091,"60":0.035474648472199256,"61":0.04954200068507613,"62":0.03309601578416214,"63":0.05799675344845727,"64":0.006301654978140864,"65":0.03327496767055872,"66":0.06272238519930642,"67":0.08206707378866902,"68":0.018957363244898398,"69":-0.040901324245425676,"70":-0.053574581422651334,"71":-0.017872984411622835,"72":-0.03076661937113042,"73":-0.029896295266058012,"74":-0.03266567124378348,"75":-0.14488819139636017,"76":-0.06199072003929732,"77":-0.04646558771000787,"78":-0.053732555971060914,"79":-0.020560254088686475,"80":-0.03560740049614641,"81":-0.037641108057677786,"82":-0.14158563234272928,"83":-0.05884867821998656,"84":-0.06879377192149265,"85":-0.04899558394269961,"86":-0.09792130978511694,"87":-0.09792130978511694,"88":-0.1093106660991775,"89":-0.1093106660991775,"90":-0.030846140584896868,"91":-0.017368462012744446,"92":-0.029762988390939285,"93":-0.009366338345964127,"94":-0.02068664340167656,"95":-0.03611498013765696,"96":-0.04132525399594938,"97":-0.0209452622245504,"98":-0.009594688740085677,"99":0.12423618661742367,"100":0.12537366370178665,"101":-0.0048607540564356636,"102":-0.023075228729186575,"103":-0.038630779387482314,"104":-0.030967382460840798,"105":-0.03310741370486313,"106":0.08353864058865812,"107":-0.038270698640047646,"108":-0.008812695615442838,"109":-0.029538334529060926,"110":-0.036796003332060526,"111":-0.06655125567741432,"112":-0.02110867236245293,"113":-0.023628534367655704,"114":-0.030588599785581802,"115":-0.01182378762973859,"116":0.0025576755196451417,"117":-0.1822780613574444,"118":-0.1402289855674356,"119":-0.014723228924708516,"120":-0.01919621122690597,"121":-0.00910900744413641,"122":-0.050194248802855376,"123":0.022092514956787088,"124":-0.10529132791021362,"125":-0.023956541599850903,"126":-0.023956541599850903,"127":-0.05169282962263773,"128":-0.11791384254148599,"129":-0.02075079839392554,"130":-0.023956541599850903,"131":-0.023956541599850903,"132":0.051578242917484,"133":0.05261416904288732,"134":-0.012717949759505714,"135":-0.04796309579103337,"136":0.08716085380772698,"137":0.10274230963723902,"138":-0.01044807952083391,"139":0.10695527303013312,"140":-0.014430069023474448,"141":-0.06129748437434677,"142":0.21252066259762153,"143":-0.07480738355613667,"144":0.030884629317349283,"145":0.12257176072223844,"146":-0.03659293717661207,"147":0.09100603402033679,"148":0.011902858625445233,"149":-0.024336010557403212,"150":-0.037921492317722266,"151":-0.01608627857253216,"152":0.01735640086373696,"153":-0.06294486217405645,"154":-0.04679435598194915,"155":-0.038597270177246436,"156":0.009147198099968563,"157":-0.0027478191011855724,"158":-0.06000966071094409,"159":-0.021588212029463344,"160":-0.019069769295218524,"161":0.006276545203801352,"162":-0.026108619492235353,"163":-0.013125886781452219,"164":-0.007694479958294961,"165":-0.05353801235263517,"166":-0.03633014535737174,"167":-0.09399934231831818,"168":-0.06923336545114224,"169":-0.03279882957782639,"170":-0.02518846287579911,"171":-0.10223629089687028,"172":-0.020159983407317977,"173":-0.0514545850981605,"174":-0.061676395730220324,"175":-0.05534288842959648,"176":-0.028788599826820124,"177":-0.09192406403237197,"178":-0.06538720906439346,"179":-0.08564901402680722,"180":-0.025611336579725363,"181":-0.04031074745458207,"182":-0.06624919181117755,"183":-0.047979092921746874,"184":-0.07117547302968559,"185":-0.09239139172599113,"186":-0.029684781036522646,"187":-0.06437194544161241,"188":-0.034931354766715036,"189":-0.03306929719429229,"190":-0.03538720915351861,"191":-0.055592615130610215,"192":-0.05417942367361744,"193":-0.051275447428372534,"194":-0.058142954123403624,"195":-0.060357955149518513,"196":-0.026104353769470227,"197":-0.06864232280002253,"198":-0.061159668615327456,"199":-0.04197459541909694,"200":-0.011657704745667852,"201":0.06244626828056124,"202":0.06244626828056124,"203":-0.01558056219825173,"204":-0.019890598372074138,"205":-0.031116785080468844,"206":-0.03306611890165947,"207":-0.03916399335830166,"208":-0.042947631128884715,"209":-0.01715073410980126,"210":-0.01869888866201307,"211":-0.02731740151804863,"212":-0.052396119504062366,"213":-0.02871516476553709,"214":-0.026360586778316514,"215":-0.03795694099941574,"216":-0.028894470324151614,"217":-0.027115053977342325,"218":-0.0761119204508256,"219":-0.027797753867591986,"220":-0.026703780035750413,"221":-0.04822086967432897,"222":-0.038807454882949684,"223":-0.04001979701341528,"224":-0.05166843034532161,"225":-0.016081617979094624,"226":-0.048632704278429764,"227":-0.16215195798401866,"228":-0.06996217032399647,"229":-0.07926275103872304,"230":-0.02355453411642533,"231":-0.035112314317535656,"232":0.018061853735655865,"233":-0.047127618263440765,"234":-0.04369468357994931,"235":-0.07844847464482319,"236":-0.030584733418121804,"237":-0.11094490426965484,"238":-0.08102314765045457,"239":-0.18220575522370586,"240":-0.18220575522370586,"241":-0.03716437789050803,"242":0.02523757234424641,"243":0.052012254276231795,"244":-0.05106972359624343,"245":-0.08525891412195508,"246":0.1425631746574449,"247":0.001906070313487801,"248":0.07115768668722378,"249":-0.017303908203313137,"250":0.05339601447007962,"251":-0.05651392826955,"252":0.0562903676235422,"253":-0.02929530226283507,"254":0.0029112516728891924,"255":0.01848439705620221,"256":0.01848439705620221,"257":-0.042999794190982134,"258":-0.042999794190982134,"259":-0.003846584574117951,"260":-0.003846584574117951,"261":0.15669256621802466,"262":0.24192637041977785,"263":0.2159114188275581,"264":0.26162238462873166,"265":0.31888236502171174,"266":0.10477775702226116,"267":0.05890600315099842,"268":0.05890600315099842,"269":0.05890600315099842,"270":0.46946295098941276,"271":0.46946295098941276,"272":-0.08398075595724916,"273":0.005449128688954016,"274":0.028846160153936706,"275":0.10791808486092302,"276":-0.24664248578356734,"277":-0.10563286448023862,"278":-0.101131305753764,"279":0.06667007724717228,"280":-0.04834620046634569,"281":-0.11885858275901179,"282":-0.5846446721412117,"283":-1.1499148879484355,"284":-0.1796624950420546,"285":-0.23374764177784552,"286":-0.33675145649779625,"287":0.11903643019110119,"288":0.18553215876199708,"289":-0.09643053190005556,"290":-0.16296765060891075,"291":-0.36033565801613443,"292":-0.11977991619880185,"293":-0.07634557375204097,"294":-0.2126864646819543,"295":-0.24008833917380365,"296":-0.09726974705784369,"297":-0.13489200198730034,"298":-0.1648268439695996,"299":0.21974184041406444,