{"1":-1.2608539359068502,"2":-0.8933750102799171,"3":-1.6412030144077696,"4":-1.6061630257347745,"5":-9.951261867548965,"6":1.5082658156889348,"7":-1.6423001446488354,"8":-0.025440385046468394,"9":-0.025440385046468394,"10":0.008929906738098292,"11":0.008929906738098292,"12":-0.06206538900886982,"13":-0.06206538900886982,"14":0.1828038882836993,"15":0.1828038882836993,"16":-5.704746080849716,"17":-5.704746080849716,"18":-5.704746080849716,"19":-3.8603356034011145,"20":-3.8603356034011145,"21":-0.613105753196219,"22":-0.613105753196219,"23":3.9622146422873152,"24":-0.4067411403865826,"25":-1.043877172707038,"26":0.8037389167571805,"27":2.4240211161617293,"28":0.4687389658140191,"29":-1.7491542364785737,"30":1.1782810221191569,"31":-1.265700808179251,"32":1.7441681447056068,"33":-0.2814977183330414,"34":-0.11823832167531645,"35":0.011481768990264984,"36":-0.07213237963056085,"37":-0.05422921390347779,"38":-0.17909731992089645,"39":-1.1801454272886323,"40":-0.5017084555478465,"41":-0.04686889332055305,"42":-0.16510699432337606,"43":-0.3378416129352342,"44":-0.39727914179441504,"45":-0.10313737085058311,"46":-0.5602087580321542,"47":-0.16139827454460887,"48":-0.23118489800527264,"49":-0.17137931223401237,"50":-0.17137931223401237,"51":-0.23118489800527264,"52":-0.23118489800527264,"53":-0.5043099928914165,"54":-0.5043099928914165,"55":-0.027831020647811146,"56":-0.43067504927715916,"57":-0.7480538488676671,"58":-0.19816731611690197,"59":-0.3988127431560826,"60":-0.039674409613717265,"61":-0.4013953228915257,"62":-0.07431769712487912,"63":-0.6757221125943591,"64":0.4947733713114464,"65":-0.7948164808335902,"66":0.48103679915838926,"67":-0.022693973610624973,"68":-0.16920825717493415,"69":-0.3723324904772404,"70":-0.01848177701989301,"71":-0.14281447911088413,"72":-0.36162485673625316,"73":-1.0438732837375984,"74":-0.3056226891158585,"75":-0.6419614853568736,"76":-1.1925022366445903,"77":-1.6252575398041917,"78":-3.070822472313315,"79":-1.6511494792427097,"80":-1.563848428041116,"81":-2.006238273230922,"82":-1.4559359248325412,"83":-2.028130155650809,"84":-1.8650682375728416,"85":-2.0542929824175307,"86":-2.295729381650105,"87":-2.295729381650105,"88":-1.5861549047985288,"89":-1.5861549047985288,"90":-0.015172176741926958,"91":0.011073270251817008,"92":-0.0015440311706973638,"93":0.0002074367732434572,"94":0.003372540190277349,"95":0.012043876967712027,"96":0.003766106950914871,"97":-0.018638264659254215,"98":-0.000019441953364117068,"99":-0.25121668959107724,"100":-0.6007573979693837,"101":-0.9206607694695053,"102":-3.52623687346536,"103":-0.9553123189625317,"104":-4.824210482839204,"105":-1.3360843340746846,"106":-1.0249172373295803,"107":-0.8007166664080607,"108":-2.4538810589003086,"109":-1.922534886255798,"110":-0.8942545936580402,"111":-1.783650401414075,"112":-1.8612429171178824,"113":-1.4628018140539987,"114":-1.4373109797365804,"115":-2.291101513747125,"116":-6.697801795331252,"117":-1.6651276222630074,"118":-2.0298803482140073,"119":-1.846385384038272,"120":-2.569001040828987,"121":-3.1517128970638826,"122":-2.4031144929286663,"123":0.07080117380803586,"124":-5.683047560779737,"125":-1.432866382184085,"126":-1.432866382184085,"127":-0.29952512735621506,"128":-0.6896021695050207,"129":-1.5743590335123572,"130":-1.432866382184085,"131":-1.432866382184085,"132":-0.1472501773959791,"133":-1.199749453411467,"134":-0.0193516747304458,"135":-0.5243284807462715,"136":0.2606108077416155,"137":0.051795387425252803,"138":-0.0932722937738934,"139":-0.5105241627063282,"140":0.08247260639870357,"141":0.03473655391862096,"142":-2.6251876929850453,"143":-0.17785648442820656,"144":-0.13607253433011435,"145":-1.8757149876690928,"146":0.1160989218895051,"147":0.13477542784272512,"148":0.2890750206662345,"149":0.2231757217287863,"150":-0.6370492985716596,"151":0.0014249748894843983,"152":0.11173276082387157,"153":-0.32602769783820573,"154":-0.015722859194574168,"155":0.14165993465941973,"156":0.0833917424774957,"157":0.08355349604498702,"158":-0.3475990125302365,"159":0.08835571206847836,"160":-0.3074072877829302,"161":0.33534975332345734,"162":-0.4057963718230625,"163":-0.28548324556040194,"164":-0.18417636744428212,"165":-0.06513298222111619,"166":-0.0266432086446331,"167":-1.0157120224649918,"168":-0.2715314873671737,"169":-0.5521701760191366,"170":-0.9986568051282052,"171":-1.205047094614697,"172":-0.2101934757175008,"173":-0.05277464272874077,"174":-0.08732045592827142,"175":-0.4420434171697354,"176":-0.012044015471402325,"177":-1.2650884643509615,"178":-0.29612930375825086,"179":-0.1457047981793922,"180":-0.5200604800129769,"181":-1.262651449307896,"182":-1.5481589421336694,"183":-0.23131396684136596,"184":-0.6637794134760853,"185":-0.7769581691524668,"186":-1.0281348882723924,"187":-0.8288084120115522,"188":-0.42174890065049353,"189":-0.28976985401424393,"190":-0.4106786353486337,"191":-0.6130820391218874,"192":-0.30056209837533954,"193":0.19801480814051642,"194":-0.21191963105734013,"195":0.3173317817599244,"196":-0.1144770406324983,"197":-0.15913324441397092,"198":-0.11037668436309944,"199":-0.0830149970425943,"200":-0.2994475743056164,"201":0.22876999766889206,"202":0.22876999766889206,"203":-0.09503304302914461,"204":0.041092103757160325,"205":0.3227318275847135,"206":0.25103010298722717,"207":0.3345880514591999,"208":-1.8023414805215936,"209":-1.3107593157719704,"210":-0.1809283232511152,"211":-1.175030355184881,"212":-1.7928264946947126,"213":-2.9002332034615996,"214":-2.2401367802428713,"215":-0.3475977447986033,"216":-0.06642093277840211,"217":-0.17008687442728188,"218":-0.025324177149873006,"219":-0.11532700763289438,"220":-0.01852996967676046,"221":-0.40059255018826523,"222":-0.3022499374373814,"223":-1.6033456308518446,"224":-1.0000759355645488,"225":-0.5690904986450109,"226":-0.2356076835277599,"227":-1.5280896448005072,"228":-1.075684999094559,"229":-0.7236578432422429,"230":0.05670944260989963,"231":0.23019601313174864,"232":0.2373242577258572,"233":-0.557381404843961,"234":0.054028078859946316,"235":-0.30298091752563094,"236":-0.1815050343115172,"237":-0.3656534046041471,"238":-0.3570670736853738,"239":-1.1633639910754054,"240":-1.1633639910754054,"241":-3.039460385042337,"242":1.4144599755538683,"243":-4.568410711338407,"244":-2.0225372161344235,"245":-3.3548267249048207,"246":0.014126015905374434,"247":-1.4981396052086857,"248":-0.1094833491618531,"249":1.0279996038019599,"250":0.2649606396460831,"251":0.46452488678091863,"252":-1.660273207373978,"253":-3.1907666043096263,"254":-3.1803196501234074,"255":-1.884679630947095,"256":-1.884679630947095,"257":-1.715234033344447,"258":-1.715234033344447,"259":-0.3218501462318677,"260":-0.3218501462318677,"261":6.157600990250751,"262":-2.4110584683980423,"263":8.459010583741,"264":2.341144081173642,"265":0.12453211056481928,"266":-0.7605876492150507,"267":1.65355140575514,"268":1.65355140575514,"269":1.65355140575514,"270":1.1546330829301152,"271":1.1546330829301152,"272":0.0455091618606156,"273":-0.5656252612548505,"274":-0.35874087917193753,"275":-0.26421859941176995,"276":-1.7365033673924675,"277":-0.8436939351115913,"278":-0.7200050050999027,"279":-1.4563311396320864,"280":0.3302944589992425,"281":-4.581211507331371,"282":-2.6521122303585756,"283":-3.3257601222087665,"284":-10.321967815948657,"285":-9.730018948123769,"286":-0.7668295027219791,"287":-2.3525520165370812,"288":-2.061067696019246,"289":-0.19925543488728686,"290":-0.555094999177549,"291":-1.2809362269171987,"292":-0.15107814618774607,"293":-1.5657114947104713,"294":-2.220254859414634,"295":-2.3567153299696226,"296":-0.29833056550500636,"297":-3.6733740056602326,"298":-0.41192263389886696,"299":-1.4708680347075869,"300":-0.2298742441991799,"301":0.6130097970911599,"302":-0.11586999958529975,"303":-0.16092507095832198,"304":0.18855627698596422,"305":0.014690903744712158,"306":0.18855627698596422,"307":-10.239060908536747,"308":-0.626484398972023,"309":-0.34909344730041525,"310":-0.5721314442807239,"311":-0.37736125671210075,