{"1":0.0063067043686325965,"2":-0.014090162682293017,"3":-0.013035821553510907,"4":-0.06785738462992871,"5":0.005949686176349427,"6":0.033232987758208384,"7":-0.08436716923174395,"8":0.015177680011991608,"9":0.015177680011991608,"10":0.06707325545337998,"11":0.06707325545337998,"12":0.0052940079854386195,"13":0.0052940079854386195,"14":0.01135194550728684,"15":0.01135194550728684,"16":0.0523471545459009,"17":0.0523471545459009,"18":0.0523471545459009,"19":0.06027164173570744,"20":0.06027164173570744,"21":-0.4407362189529617,"22":-0.4407362189529617,"23":0.24880335735392084,"24":0.1684311279179305,"25":0.5762602511507813,"26":0.25370989210500994,"27":0.20920410764068592,"28":0.08877272455711183,"29":0.4286994716104675,"30":0.04459776060040166,"31":-0.02921777740415943,"32":0.07482028343608149,"33":0.17856185830317953,"34":1.1497577882260155,"35":0.11708388019861884,"36":0.20734623653872508,"37":0.21387902009274923,"38":0.3144830961763607,"39":0.1947069176352217,"40":0.07034299074111716,"41":0.14102548387152403,"42":0.13855021066070233,"43":0.10715026907905131,"44":0.10268839446732773,"45":0.03585869398295713,"46":0.05232542424918396,"47":0.05521398585610028,"48":0.21252718780277444,"49":0.18510658374446154,"50":0.18510658374446154,"51":0.21252718780277444,"52":0.21252718780277444,"53":0.1861646243090569,"54":0.1861646243090569,"55":-0.022138456611815738,"56":-0.07357161366164644,"57":0.11425380104264601,"58":-0.06532238873174274,"59":0.08130159713198248,"60":0.15949506892788654,"61":0.05497222897800094,"62":0.0024942471452575055,"63":0.07700620612003374,"64":0.05031810294968189,"65":0.10772578585773865,"66":0.11607088098044979,"67":0.1372933298206154,"68":0.07252321543076622,"69":0.349662363619342,"70":-0.04228155671542175,"71":0.09112967501552922,"72":0.1664041324987532,"73":0.05446617310216681,"74":0.14093895620417587,"75":0.16058288367134937,"76":0.08251999469829518,"77":0.08940069717438079,"78":0.08070839924631296,"79":0.00010011117851216333,"80":-0.010485640589818657,"81":-0.04087854588687986,"82":0.10653991367819998,"83":-0.05955166891612462,"84":0.07212207273895746,"85":0.23811580575850305,"86":0.1779663385406829,"87":0.1779663385406829,"88":0.08716603750194779,"89":0.08716603750194779,"90":0.0038027590045046633,"91":-0.045640431025530004,"92":-0.02731679209009484,"93":-0.023614588613390025,"94":0.16843743855655452,"95":0.025511023224833645,"96":0.04067760853947133,"97":-0.23458474157866566,"98":-0.11666136117552856,"99":0.06681797221569052,"100":0.12399126866847851,"101":0.13250360029210342,"102":0.08394198571949235,"103":0.15710254700426562,"104":0.13944236919160272,"105":0.07796129774386572,"106":0.055798715317800146,"107":0.23555061166233854,"108":0.2893766640847636,"109":0.20346448874510437,"110":0.2743788872680317,"111":0.19540840728034503,"112":0.13884421799311678,"113":0.14767292786452324,"114":0.07425054359125988,"115":0.10315952593205882,"116":0.3123588284599263,"117":0.3002266629686987,"118":0.5213209043940895,"119":0.5157310090830923,"120":0.07984990413166648,"121":0.05404784150315067,"122":0.2641632074248252,"123":0.20677074186052857,"124":0.07258524412928194,"125":0.11972719335252269,"126":0.11972719335252269,"127":0.2464602926336399,"128":0.24333824483799227,"129":0.15997211406006015,"130":0.11972719335252269,"131":0.11972719335252269,"132":0.07930568141610218,"133":0.058074548065472485,"134":0.07474961136138161,"135":0.05683507683848669,"136":0.037237556513024704,"137":0.018364299509269023,"138":0.094289571674484,"139":0.1094004776711251,"140":0.12100779340842971,"141":0.22611084228761874,"142":0.01404895698186237,"143":0.07537015358242369,"144":0.0031012532909084622,"145":0.04257490281290459,"146":0.09397535035791868,"147":0.051471955910779285,"148":0.007567885144084303,"149":0.02331629544782455,"150":0.04272851874337082,"151":0.002519070006754706,"152":0.00465930416609131,"153":0.020012399874755463,"154":0.015258436604272958,"155":0.019756751887621694,"156":0.032529595518246704,"157":0.02716463065950009,"158":0.07175384620125626,"159":0.022988265212624134,"160":0.0199782525471561,"161":0.015592173578358862,"162":0.0656918792737008,"163":0.02721630540723175,"164":0.058337403072487165,"165":0.2115487292095532,"166":0.19716657851310493,"167":0.13709687753270489,"168":0.39632104421270115,"169":0.416301541179021,"170":0.20133341837180838,"171":0.23031919421070918,"172":0.059875436228105795,"173":0.11874207285362931,"174":0.12104388336717375,"175":0.11043318067998201,"176":0.021614975918679332,"177":0.059072305745152126,"178":0.009367867220519077,"179":0.029267149218076903,"180":0.040172361261041595,"181":0.020212665470528034,"182":0.05874464745555308,"183":0.013653951104236305,"184":0.03931616241143495,"185":0.033233554162642495,"186":0.03944758912647405,"187":0.04061566267164121,"188":0.08432446364639108,"189":0.029295359462982944,"190":0.059299605776715704,"191":0.036992366834938686,"192":0.06205206318629602,"193":0.06067317220308356,"194":0.04037709499519385,"195":0.07571268507440129,"196":0.06579815617465566,"197":0.10983539838746152,"198":0.1805858993723803,"199":0.13548450190939193,"200":0.23000694924459117,"201":0.0052967108317705895,"202":0.0052967108317705895,"203":0.02391811798279863,"204":0.037869336231608396,"205":0.029440589750385018,"206":0.034899495168954256,"207":0.032647541049428457,"208":0.03677778270269212,"209":0.019671634212995115,"210":0.02161958485056787,"211":0.020599436265853283,"212":0.04145917218402925,"213":0.03050566500020973,"214":0.02863373849457442,"215":0.043590129891043036,"216":0.06359998080586501,"217":0.023243348404515564,"218":0.034555031125835176,"219":0.03378643665537552,"220":0.02664342361893198,"221":0.03293962018376412,"222":0.14391589453651873,"223":0.0535651917937138,"224":0.06806649139619311,"225":0.05072486468001758,"226":0.012952177319073915,"227":0.05533899590822854,"228":-0.009004662222130366,"229":0.026473365273859795,"230":0.1356103429337896,"231":0.06003903078486285,"232":0.058339624199095136,"233":0.019966821853435193,"234":0.04884611429526853,"235":0.12961044136926286,"236":0.12493008157174254,"237":0.08106014507945501,"238":0.0705403379555229,"239":0.020503475310178897,"240":0.020503475310178897,"241":-0.3031163829416348,"242":0.30398413015450454,"243":0.696516486702849,"244":0.6759462675614749,"245":2.039615459208548,"246":0.49589233257411847,"247":-0.4470798187980525,"248":-0.3010686881258344,"249":0.01877953343239891,"250":0.0928554389650249,"251":-0.266165947650277,"252":-0.3640578536342838,"253":0.10959333756248524,"254":-0.13583746983516126,"255":0.2792916679927722,"256":0.2792916679927722,"257":0.8354332834514384,"258":0.8354332834514384,"259":0.0722979275531872,"260":0.0722979275531872,"261":0.0321595601987549,"262":0.10911193734342647,"263":-0.02447900992832236,"264":-0.06247719658104248,"265":0.1597709563507737,"266":-0.08541591532460047,"267":0.05565423154147482,"268":0.05565423154147482,"269":0.05565423154147482,"270":0.11670159292947724,"271":0.11670159292947724,"272":0.033794704516735725,"273":0.2424701026622649,"274":0.22484371460249514,"275":0.054647363574909916,"276":0.10418146892652966,"277":0.10713987923298235,"278":0.12323234447221226,"279":0.03301284706219697,"280":-0.018125667557693063,"281":-0.012638616252871201,"282":0.11286439589892111,"283":0.44164283727028486,"284":0.28291050515520777,"285":0.22936810771462612,"286":0.06851969461740498,"287":0.39150587208903326,"288":0.13044468393658953,"289":0.6286504860832021,"290":0.5506746494116985,"291":0.7450981892810766,"292":0.7582087597533553,"293":0.24309710095194725,"294":0.2736461718515505,"295":-0.05091401501812737,"296":0.21373968850386424,"297":0.16175497079040885,"298":0.4444695556936138,"299":0.7020787481797304,"300":0.3155982710017373,"301":0.26671014741214005,"302":0.32161125514582567,"303":0.22100340887772632,"304":0.27862846061603624,"305":0.19794142409769688,"306":0.27862846061603624,"307":0.0829153989056273,"308":0.09236671476897318,"309":0.20862070730653187,"310":0.3647707135126269,