{"1":0.014178076642631451,"2":0.004222527182518737,"3":-0.021034034322405012,"4":0.06361997667267522,"5":0.0059828292799664964,"6":0.022096517588828,"7":0.02284043122742608,"8":0.0022949517242268676,"9":0.0022949517242268676,"10":0.017186253300677405,"11":0.017186253300677405,"12":-0.0048554295841324565,"13":-0.0048554295841324565,"14":0.002232890027167478,"15":0.002232890027167478,"16":0.045473076802458684,"17":0.045473076802458684,"18":0.045473076802458684,"19":-0.010225531291632596,"20":-0.010225531291632596,"21":-0.02205141738909957,"22":-0.02205141738909957,"23":0.1956104065262597,"24":0.47972862675336825,"25":0.18187329493785995,"26":0.019717408152691285,"27":0.5549358125807945,"28":0.17884296560850643,"29":0.19939185484272967,"30":0.09233610341643583,"31":0.04753057079894569,"32":0.008906455884877063,"33":0.049511759042772656,"34":0.048828125,"35":0.005428824775431475,"36":0.010523536157092582,"37":0.014411504312334764,"38":0.08378234776151282,"39":0.05166296848810241,"40":0.06923043621135547,"41":0.00836534872488429,"42":0.0356523757188346,"43":0.11189945335200419,"44":0.21633876531552923,"45":-0.016901478975903356,"46":0.05535085057550525,"47":0.006532940511171571,"48":0.03722660993872354,"49":0.029910058123508186,"50":0.029910058123508186,"51":0.03722660993872354,"52":0.03722660993872354,"53":0.052368910415148254,"54":0.052368910415148254,"55":0.0075117660479444605,"56":0.04920049200492005,"57":0.13178008539349534,"58":-0.03473307724729351,"59":0.04300152656605573,"60":0.015309947077135053,"61":0.049107939884888416,"62":0.0498848810437452,"63":0.010831828400222135,"64":0.015736622129204236,"65":-0.02920605786786727,"66":0.007034886941547656,"67":0.030530757376023024,"68":0.023084043288865118,"69":-0.014991964057051832,"70":0.01253626602603878,"71":0.007734582346168195,"72":-0.006139037196844402,"73":0.018447313406173442,"74":0.01732108531353064,"75":0.011637065568043503,"76":-0.007736097836351763,"77":-0.027688689335067185,"78":0.09278301249744539,"79":0.0029744029511011433,"80":0.06422370281118464,"81":-0.00011902221253786566,"82":-0.04054479953485592,"83":0.012471596103803748,"84":0.05431178436632075,"85":0.012310597094872946,"86":-0.011687408517362857,"87":-0.011687408517362857,"88":0.005016468886131671,"89":0.005016468886131671,"90":-0.002907724229604041,"91":0.007795896943557444,"92":0.015063936160707407,"93":0.005249063100432321,"94":-0.014186531350798517,"95":-0.0021731418917221128,"96":-0.011847745496247526,"97":-0.009579078852782912,"98":-0.01714959349655861,"99":0.9127683551342217,"100":0.7157419143883684,"101":0.06426880909171623,"102":0.12572270301703434,"103":0.1802233834100917,"104":0.16076938395661458,"105":0.07689163225521446,"106":0.1753340922936539,"107":0.11722098440566153,"108":0.1459911125460868,"109":0.15584662050658143,"110":0.3952450822064345,"111":0.2528834508598822,"112":0.1793888374491343,"113":0.22956190107704838,"114":0.9431564114712905,"115":0.23899583553890946,"116":0.29058392662895255,"117":0.46029413380679074,"118":0.41742240338018444,"119":0.7407059363930749,"120":0.1347248269697653,"121":0.42260429416374967,"122":0.4728560570591922,"123":0.8556174478573224,"124":3.327266816386091,"125":0.33479949111150276,"126":0.33479949111150276,"127":0.3414520490327043,"128":0.5875197016471602,"129":0.10845485481547082,"130":0.33479949111150276,"131":0.33479949111150276,"132":0.04073288942488992,"133":-0.0013136542621270259,"134":0.04634921767562973,"135":0.024527154267218153,"136":0.01296045938463598,"137":0.004777032362563163,"138":0.025135895710433048,"139":0.002742926007270151,"140":0.01427302698365239,"141":0.029019156218273823,"142":0.0033961974448185155,"143":0.030112504007183936,"144":0.02008423554714748,"145":0.012364441359433011,"146":0.025635670660597056,"147":0.006969769921502788,"148":0.0039690174533038025,"149":0.013762015942728302,"150":0.012707283832550643,"151":0.007325984907189147,"152":0.010163665166839614,"153":0.016024001058541355,"154":0.025378241270645033,"155":0.008628579704964208,"156":0.025798704778515685,"157":0.04081624853893172,"158":0.10957024177533203,"159":0.0122459795023871,"160":0.006967346370012542,"161":0.003360092297933743,"162":0.011811582863809997,"163":0.021995247478994916,"164":0.05109790704034958,"165":0.09845019638996226,"166":0.010096281960630213,"167":0.030608182801268445,"168":0.19354350067226087,"169":0.03152374220297695,"170":0.12459487077725513,"171":0.03551173514970346,"172":0.051245341100210784,"173":0.098123076465212,"174":0.1491480959980339,"175":0.12189106865143945,"176":0.017782985346716962,"177":0.12270392640400231,"178":0.0610313847000756,"179":0.06707618398630939,"180":0.02737782960673796,"181":0.0358968645945511,"182":0.06980016225484369,"183":0.025826861141503406,"184":0.06931932970536622,"185":0.08456676482155728,"186":0.07134732010042472,"187":0.06670115120855429,"188":0.06751534451853883,"189":0.04839164193889382,"190":0.05057565721690402,"191":0.038338449177445645,"192":0.06613857698414871,"193":0.06223253438770109,"194":0.047889922499523375,"195":0.02279388072683645,"196":0.11824485334686105,"197":0.067818324966558,"198":0.2618116105014294,"199":0.19347953105376062,"200":0.13675834089627956,"201":-0.004196083640716636,"202":-0.004196083640716636,"203":0.033112388559682536,"204":0.02334019313810804,"205":0.030450669914738125,"206":0.03467920819946052,"207":0.014547628160647978,"208":0.027056826099014455,"209":0.020167389331451045,"210":0.009546686152171293,"211":0.04179008746073221,"212":0.04198525810752417,"213":0.021137169939949282,"214":0.01034537641254178,"215":0.016094724259155938,"216":0.03553299748677197,"217":0.017565607390471225,"218":0.04313321155944688,"219":0.019383382641920074,"220":0.014655644691341655,"221":0.021855599955191145,"222":0.08277269271119067,"223":0.051369703083116176,"224":0.06763961570083718,"225":0.04042242407853344,"226":0.054276600476225456,"227":0.02078770773646679,"228":0.008314289422400858,"229":0.02055446132209588,"230":0.03245796377777668,"231":0.025801994359002108,"232":0.017109914920159255,"233":0.021434183573491333,"234":0.06202575391484555,"235":0.05045247672763629,"236":0.08567242736551711,"237":0.035733316615992224,"238":0.018500391382190957,"239":0.009717471340714493,"240":0.009717471340714493,"241":0.21623474725234945,"242":0.3488275355367817,"243":1.2161919031416546,"244":0.1909221160870706,"245":0.17238552797981893,"246":0.07482429984499792,"247":0.037091988130563795,"248":0.4380908462070556,"249":0.035075412136092596,"250":0.011490173493119003,"251":0.06605019815059446,"252":0,"253":0.02515406867060747,"254":0.028054425585636134,"255":-0.02491280518186348,"256":-0.02491280518186348,"257":0.03557452863749555,"258":0.03557452863749555,"259":-0.0319693094629156,"260":-0.0319693094629156,"261":0.007801529099703542,"262":0.024258596640184364,"263":0.07719205784810193,"264":0.011515430677107323,"265":0.016503179262367752,"266":0,"267":0.01330671989354624,"268":0.01330671989354624,"269":0.01330671989354624,"270":0.004258431834758611,"271":0.004258431834758611,"272":0.01779676098949991,"273":0.41831280501975365,"274":0.42562600187938754,"275":0.010132225543340595,"276":0.038892850197705324,"277":0.2456534108469099,"278":0.08851000102975781,"279":0.1452081316553727,"280":0.04940711462450593,"281":0.020959966464053657,"282":-0.008603670829733196,"283":0.05857502342885798,"284":0.11710973181871413,"285":0,"286":0.006633080666595669,"287":0.03717472118959108,"288":0.03277613897082924,"289":0.774429815185324,"290":1.6687992405300733,"291":1.2120149083239742,"292":0.6487066446741806,"293":0.18315286778329548,"294":0.3423909084286443,"295":0,"296":0.10687699509086983,"297":0.07317965605561653,"298":0.08884569728570792,"299":0.33606667562844467,"300":0.11411488007290312,"301":0.13682288915042168,"302":0.16188164578086986,"303":0.09310753267557723,"304":0.08840657517386082,"305":0.07060970722464849,"306":0.08840657517386082,"307":-0.004701268380032736,"308":-0.002057650913083752,"309":0.08837518094056442,