{"1":0.094948727687049,"2":0.05612022198665586,"3":0.1076497456725532,"4":0.22246941045606228,"5":0.013431833445265278,"6":0.061703909383401645,"7":0.021491544490375714,"8":0.01930567293588105,"9":0.01930567293588105,"10":0.060682564388295765,"11":0.060682564388295765,"12":-0.00734260238118211,"13":-0.00734260238118211,"14":0.023054815488785116,"15":0.023054815488785116,"16":0.12495858434064085,"17":0.12495858434064085,"18":0.12495858434064085,"19":-0.03165820833396075,"20":-0.03165820833396075,"21":-0.04007904849808436,"22":-0.04007904849808436,"23":0.35403636132728034,"24":1.2788409895404347,"25":-0.36961290937961144,"26":0.03443664378722894,"27":1.042471524788743,"28":0.41912688039758406,"29":0.7253604134554357,"30":0.21216303930180425,"31":0.19186832400072326,"32":0.031639817625792904,"33":0.03891371859046609,"34":0.033390150755408826,"35":0.19406988581119664,"36":0.23663912019752154,"37":0.16023282033682892,"38":0.5370879456760494,"39":0.3021245713431867,"40":0.2410560710305732,"41":0.10600854774204171,"42":0.21697118944192476,"43":0.4121728297438556,"44":0.6920811798137531,"45":0.15454093156922702,"46":0.2407656939698329,"47":0.0804264999227449,"48":0.3425111535054665,"49":0.25522615541995486,"50":0.25522615541995486,"51":0.3425111535054665,"52":0.3425111535054665,"53":0.32575592175809004,"54":0.32575592175809004,"55":-0.0019048268913547384,"56":0.10368663594470046,"57":0.2282710652981776,"58":-0.022036948436031392,"59":0.1287585031880868,"60":0.15384314203758093,"61":0.15692024063198734,"62":0.14295925661186562,"63":0.01974448633510016,"64":0.035607019789757846,"65":0.07643731373161182,"66":0.10637155971289788,"67":0.05443569829531403,"68":0.1907403235110499,"69":0.10048871139554616,"70":-0.022369796647740192,"71":0.08980298388713105,"72":0.12458514046151037,"73":0.14539137522538306,"74":0.17428058042888958,"75":0.16043275304701776,"76":0.1646762264143003,"77":-0.043111263994634136,"78":0.32200591185438976,"79":0.03775539312804421,"80":0.09397349463031446,"81":-0.030948561493624627,"82":0.11418110791109198,"83":-0.002603330108499863,"84":0.35110934137343597,"85":0.19655564410723514,"86":0.15034788009185363,"87":0.15034788009185363,"88":0.16716788582891012,"89":0.16716788582891012,"90":0.13552135713082636,"91":0.12401657592144816,"92":0.004977060220040241,"93":-0.044631501763306214,"94":0.3536305393191418,"95":0.05849473114248824,"96":0.07111240617992087,"97":-0.05860457225159843,"98":-0.23101828719373507,"99":2.1952949395969727,"100":1.6934415306889625,"101":0.2804983838251038,"102":0.32192642830820145,"103":0.4885651668471948,"104":0.4533293276815957,"105":0.1878702412276706,"106":0.49475196051603204,"107":0.2257502756433331,"108":0.51705620472024,"109":0.44593943251652784,"110":1.228844603995615,"111":0.8042780235662221,"112":0.485315664090631,"113":0.6522190727620842,"114":2.1545629497916723,"115":0.5013776187877607,"116":0.7292231525958299,"117":1.677907935334288,"118":1.2105117756114783,"119":2.4954885270572302,"120":0.2936552730041484,"121":0.882024823337961,"122":1.0860717491746896,"123":1.596072340226414,"124":6.895217750550194,"125":0.6683069428581037,"126":0.6683069428581037,"127":1.159117371014363,"128":1.277630004521063,"129":0.3340095550389992,"130":0.6683069428581037,"131":0.6683069428581037,"132":0.17766363813566308,"133":0.12630595076409395,"134":0.17272860052611344,"135":0.1014736339391805,"136":0.047276629915689185,"137":0.044914682544937454,"138":0.1644418654550604,"139":0.06510694560999085,"140":0.10297515121330711,"141":0.22132324162335146,"142":0.02221263560969637,"143":0.15786271281212305,"144":0.07805814273062166,"145":0.07638847400896928,"146":0.0770458701406889,"147":0.09403475258171617,"148":0.019186137310073334,"149":0.052100990334585304,"150":0.08006794953369556,"151":0.029137250814557106,"152":-0.0013600307264565459,"153":0.05252783482429915,"154":0.07632185165310797,"155":0.03820712250126222,"156":0.0922288030375216,"157":0.16081027870195724,"158":0.29270394153845813,"159":0.06516962928168493,"160":-0.013680126960248697,"161":-0.006020646894314044,"162":0.09168208381109999,"163":0.0971384561940196,"164":0.2126261189340652,"165":0.3346253228546282,"166":0.07348306084602968,"167":0.20263635882970893,"168":0.5227329088962355,"169":0.3757248510025489,"170":0.25374381764886306,"171":0.236111288842941,"172":0.12271788438700079,"173":0.262869240072118,"174":0.39552407057187466,"175":0.3518063137652818,"176":0.07489776891402236,"177":0.35071884463762937,"178":0.15278796091553076,"179":0.16215025148690956,"180":0.08588524011035586,"181":0.10575387404497777,"182":0.1550068331832883,"183":0.0735698060565658,"184":0.1582413899281521,"185":0.2099549502803977,"186":0.19684133346718471,"187":0.13632064259353607,"188":0.2646207367597387,"189":0.14449449111366564,"190":0.15213006562718454,"191":0.09860899101556521,"192":0.17891213577783072,"193":0.17953389804238504,"194":0.12338254648191577,"195":0.057619391832820395,"196":0.33746507850852814,"197":0.23167091486407873,"198":0.7208050848003664,"199":0.5206043113729378,"200":0.34448937896149495,"201":-0.005208071160917566,"202":-0.005208071160917566,"203":0.08833490120498555,"204":0.07699051849444119,"205":0.13161519390284962,"206":0.09841979399629067,"207":0.06127917610578349,"208":0.07931011937545185,"209":0.04395299044153963,"210":0.06145952779839295,"211":0.13502907047326224,"212":0.13909188160329403,"213":0.06586355769903181,"214":0.07472096390043431,"215":0.08309638010181494,"216":0.11604886592511929,"217":0.06239949707493801,"218":0.1363169683965066,"219":0.07164551316494948,"220":0.04879828550425676,"221":0.07791132789155365,"222":0.3015461011412224,"223":0.18214725243997118,"224":0.20270766848438254,"225":0.10881132218931532,"226":0.23467175531129802,"227":0.0023408401298739834,"228":0.05220751684925582,"229":0.07687768571629912,"230":0.16955259657555832,"231":0.10454323484100449,"232":0.10187366557092996,"233":0.06630809700182952,"234":0.16742910119232668,"235":0.20629044756819323,"236":0.24697684499885988,"237":0.14111896935285825,"238":0.09070153047758303,"239":0.050583675764930586,"240":0.050583675764930586,"241":0.7721099170030286,"242":0.5121582909860838,"243":2.5948273319560524,"244":1.0012022120872917,"245":1.9391499507179202,"246":-0.09227550734872803,"247":0.003794742740863777,"248":1.1232948093103339,"249":0.2464268112370626,"250":0.06149451465448871,"251":0.20836118579697654,"252":-0.06521672069539466,"253":0.14554966443469086,"254":-0.051901417138742884,"255":-0.053813612044295134,"256":-0.053813612044295134,"257":0.15943889416010865,"258":0.15943889416010865,"259":0.091587326248565,"260":0.091587326248565,"261":0.0629656837023822,"262":0.06961886035990186,"263":0.1102714724151799,"264":-0.039827853760550175,"265":0.1749517355922845,"266":-0.19638917210059312,"267":0.03415997348276543,"268":0.03415997348276543,"269":0.03415997348276543,"270":0.22328625905774865,"271":0.22328625905774865,"272":0.03459808557259832,"273":0.9657320872274143,"274":0.8538404660840122,"275":0.013547887635478876,"276":0.04267753184947052,"277":0.8163718294210132,"278":0.4633049926855267,"279":0.09388547456924867,"280":-0.0675355458592891,"281":0.024942867671823528,"282":0.12575065589890277,"283":0.9479606119430422,"284":0.4749122444765641,"285":0.07005253940455342,"286":-0.007400229040830292,"287":0.5068790731354091,"288":0.07469927739127658,"289":2.8749824518822704,"290":4.698105912179653,"291":3.6777325649444603,"292":2.766957977425174,"293":0.689533004855989,"294":0.7809076478860877,"295":-0.035716598043840364,"296":0.27014490331685614,"297":0.37383177570093457,"298":0.5245204351071431,"299":1.385130414253113,"300":0.6752502435206413,"301":0.6745858902981244,"302":0.9995439020817916,"303":0.5161017779684165,"304":0.5149019538205458,"305":0.40437583477283146,"306":0.5149019538205458,"307":0.10147635046823328,"308":0.08357878047755196,"309":0.373934962260298,"310":0.6943087618420505,"311":0.5210095073664652,"312":0.4440701042599375,"313":0.29556727072132294,