{"1":0.8775651367547415,"2":0.14031799324194072,"3":1.089943340100279,"4":0.1651496779679702,"5":0.09837023255740451,"6":0.13468719205956514,"7":1.518860638814493,"8":-0.73871002040657,"9":-0.73871002040657,"10":-0.7053395556285551,"11":-0.7053395556285551,"12":-1.1992379284232184,"13":-1.1992379284232184,"14":-0.03589425310840344,"15":-0.03589425310840344,"16":-0.1493932731411749,"17":-0.1493932731411749,"18":-0.1493932731411749,"19":0.6005261812146423,"20":0.6005261812146423,"21":2.0020770814306115,"22":2.0020770814306115,"23":0.31767607221282534,"24":-0.00033002214601740576,"25":-0.059195402298850563,"26":-0.2961025626833558,"27":-0.2314153069773126,"28":-0.3149096950444301,"29":0.2685278147228698,"30":0.4158976370635723,"31":0.47521524911943036,"32":-0.7972482230209781,"33":-0.33079797735282,"34":0.23243430001698462,"35":-0.5197336519820066,"36":1.1705699085679049,"37":0.7368659260809434,"38":0.8631846827409797,"39":0.8490313544883099,"40":-0.4421484834548135,"41":0.039195405168197084,"42":-0.48322335850507603,"43":-1.0127988586913332,"44":0.14640199736465842,"45":-2.738564269416261,"46":-0.8634958145846303,"47":-2.0154419514979143,"48":0.03369211561756913,"49":-0.5405827277204178,"50":-0.5405827277204178,"51":0.03369211561756913,"52":0.03369211561756913,"53":0.39897131392304797,"54":0.39897131392304797,"55":-1.003491894952674,"56":0.3259756919065153,"57":-0.3665694221881548,"58":-0.21423160163110255,"59":-0.7013769979356637,"60":-0.13868279279735063,"61":-0.20695452041547746,"62":0.04263050088765308,"63":-0.2995828900009503,"64":-0.47317263137559706,"65":0.08051425888865538,"66":0.4871578980789053,"67":-0.2527411305263243,"68":1.681294341444156,"69":-0.9644745681193818,"70":-2.172426936363575,"71":-0.7575781544787619,"72":-0.6989001876633969,"73":-0.21170619250965483,"74":-1.3246729294622979,"75":-0.8096972767170847,"76":-0.639608128114074,"77":-0.6118939619626378,"78":-0.30978075221366197,"79":-0.44514340545782805,"80":-0.7486514199223571,"81":-0.24909397015671741,"82":1.2658539133739692,"83":0.43614658965736064,"84":1.0849224385895249,"85":1.2473918149452894,"86":0.7791400137135822,"87":0.7791400137135822,"88":-1.1475682894189383,"89":-1.1475682894189383,"90":-0.9472129917574712,"91":-4.209028977658232,"92":-1.978306376474773,"93":-1.6515134924959867,"94":-0.5039619777619304,"95":1.4354501584137367,"96":-1.852374016629465,"97":-1.5256537986993877,"98":0.005196564455008712,"99":-1.2021461868391574,"100":-0.7006485024513909,"101":0.4582208077710055,"102":-0.11781072344752985,"103":0.006226581814137155,"104":-0.34312910607577995,"105":-0.3494978188579898,"106":-0.7642430949644248,"107":-1.0529355791650583,"108":-1.3144124957549437,"109":-0.2589352638299056,"110":-0.2789682318470046,"111":-0.2111035877705314,"112":-1.0095142232712289,"113":-0.7059588986374266,"114":-1.3066948053222687,"115":-0.5829932885212459,"116":-0.4727911946997221,"117":-1.2184664155371934,"118":-0.5369131013232877,"119":-1.2506818952525434,"120":-0.2870674262600268,"121":-0.43076444208174447,"122":-0.6119008271734563,"123":-1.6648113437046455,"124":-0.6666493677213674,"125":-0.7903543076154578,"126":-0.7903543076154578,"127":-0.2798868442955147,"128":-0.613704700770286,"129":-0.5685393268927452,"130":-0.7903543076154578,"131":-0.7903543076154578,"132":0.6498852766415881,"133":0.6032920412262595,"134":-0.2929659315440709,"135":-0.46831914883621373,"136":-0.5774056002767196,"137":-0.18815687239205214,"138":-0.5280509579081123,"139":1.402281623014793,"140":-0.6793280106655288,"141":-0.2951531180092788,"142":0.7741660775125805,"143":-0.2063544217338551,"144":0.07258930094161187,"145":-0.020668861847287445,"146":-1.9740217225445083,"147":-0.858732183682104,"148":-0.7978323834996948,"149":-0.8776799085233282,"150":-1.3433652212174243,"151":-0.7800547912153775,"152":-0.5699036816887926,"153":-0.4880751017099185,"154":-0.415534447441412,"155":-0.6145638047528066,"156":-0.46105272389581753,"157":-1.989247389866203,"158":-0.5011420705427279,"159":-0.17097525193684504,"160":0.06398912136405022,"161":-1.1046695317042001,"162":-0.8117143767052104,"163":-0.5308312910132176,"164":-2.570955048832152,"165":-0.9948950462349195,"166":-1.5527159176200702,"167":-0.7834598720846935,"168":-0.7900378138737518,"169":-0.6639222758805827,"170":-0.5898476309819753,"171":-0.4747936700636579,"172":-0.27961827636482317,"173":-0.08648851375581135,"174":-0.821517354663535,"175":-0.834251226575935,"176":-0.22873183081639814,"177":-0.4018162402959664,"178":-0.3588571048154674,"179":-0.05334507832369351,"180":-0.8395058091114205,"181":-0.4480739300121661,"182":-0.24239115938595113,"183":-0.5294819131997923,"184":-0.24057353851114915,"185":-0.10131766470774939,"186":0.023448892307351255,"187":-0.28277576384159886,"188":-0.5538273566867558,"189":-0.1214949926416653,"190":-0.0024742798916315145,"191":-0.21449321067063654,"192":-0.49278701224337285,"193":-1.0352582444608447,"194":-0.8262298694963386,"195":-0.9112731210545517,"196":-0.9281279113028238,"197":-0.9783634264220034,"198":0.3283944923319422,"199":-0.6978332594080903,"200":-0.42579067160951256,"201":-0.47234590204111937,"202":-0.47234590204111937,"203":-0.7881246302188332,"204":-0.9773021698816478,"205":-0.8296860148953864,"206":-0.8471302543116277,"207":-0.7345068973637543,"208":-0.8387061664911648,"209":-1.023347138222665,"210":-0.4470711514014374,"211":-1.1122436235061803,"212":-1.500463067857222,"213":-0.7973661894391622,"214":0.1239012353955129,"215":-0.9256746053270777,"216":-1.3904511535116293,"217":-0.38774023952757863,"218":-0.22758077183279468,"219":-0.7702517180383022,"220":-1.0888708424275682,"221":-1.0071021815829515,"222":-1.426945071019392,"223":-1.3451259524455734,"224":-1.3545590710207343,"225":-0.4750962191300474,"226":-1.2479870675151252,"227":-1.4706804141247876,"228":-1.6105172044177887,"229":-1.3740927882410188,"230":-2.387777627591584,"231":-1.5360561908853745,"232":-0.9384140517571651,"233":-0.38694127998481376,"234":-1.3509995175540146,"235":-0.977229722603302,"236":-1.1193403754945401,"237":-1.0954991353112336,"238":-1.0375449115983981,"239":-0.791655836070408,"240":-0.791655836070408,"241":-1.2050455541106895,"242":-0.9714049893138244,"243":0.6076912129702334,"244":-0.4710195788256515,"245":0.5452446936221297,"246":0.8085767630345155,"247":0.22893229407084048,"248":-0.06425959282033133,"249":0.40250669868369027,"250":0.1352568952330715,"251":-1.1591532777699813,"252":0.020580406604908008,"253":2.021265971479254,"254":-0.14327462997624535,"255":-0.01287110715801365,"256":-0.01287110715801365,"257":0.6304542203147352,"258":0.6304542203147352,"259":0.5851816894761677,"260":0.5851816894761677,"261":-0.0991852586801798,"262":-0.5265452559258454,"263":-0.39972137788555584,"264":-0.3343965301471459,"265":-2.0304472834399734,"266":-0.41325520198685683,"267":-0.27250360251939076,"268":-0.27250360251939076,"269":-0.27250360251939076,"270":-0.04126693698776296,"271":-0.04126693698776296,"272":-0.508800952439628,"273":-0.21443131499158558,"274":0.21087607060859592,"275":-0.6403180616875481,"276":-0.19186339632019855,"277":0.8004679248631339,"278":0.54474527941196,"279":0.06229043417782948,"280":-0.8639901159299801,"281":-0.45331035503584194,"282":-1.3331757907722257,"283":-0.5745893812070282,"284":-0.4933214146791185,"285":-0.26286856571714146,"286":-1.84707993460198,"287":0.6332496746607177,"288":0.28681499753002915,"289":-1.7802430674126413,"290":-0.6738964552670446,"291":-1.3218627287973765,"292":-1.415060220596172,"293":-0.4630739694030437,"294":-0.949638216198653,"295":1.1564713717173354,"296":-0.17234547301597614,"297":-0.3741252973101654,"298":-0.25170428106520326,"299":0.7453075768386932,"300":-1.3357802390801483,"301":-1.318274796150706,"302":-1.0075836447755595,"303":-1.6559026264741412,"304":-1.513214815036668,"305":-1.0658796613634287,"306":-1.513214815036668,"307":0.462059797603688,"308":-0.6691586371283349,"309":-1.2369010681567936,"310":-1.3838723381079472,"311":-0.10308384655944103,"312":-1.4940233303110482,