{"1":-1.3399883858347024,"2":0.9530971586228043,"3":0.00022940323312825583,"4":1.1749444908114577,"5":-1.50780706956512,"6":-1.0338518640909078,"7":-0.63279174313758,"8":-0.5661440993772802,"9":-0.5661440993772802,"10":-7.400330897780581,"11":-7.400330897780581,"12":-1.9771855970658816,"13":-1.9771855970658816,"14":-2.3442444077114195,"15":-2.3442444077114195,"16":-1.0210975932731088,"17":-1.0210975932731088,"18":-1.0210975932731088,"19":-0.34083187885920774,"20":-0.34083187885920774,"21":0.7368761031404576,"22":0.7368761031404576,"23":-0.5843718461447225,"24":-1.6196120129480267,"25":-0.317816091954023,"26":-0.7385364050165739,"27":-1.189934468316742,"28":-1.7312668253351786,"29":0.23904519971062044,"30":-0.7974533963469304,"31":-0.9152511351782664,"32":-0.9043408349366002,"33":-0.8601632613970067,"34":-1.152199606502053,"35":-1.3754330115875701,"36":-0.05917665553564522,"37":-1.0050222334657288,"38":-0.8342354379346224,"39":-0.47056779161533324,"40":3.7022545684604724,"41":-0.034008272049916854,"42":-1.0709682085504886,"43":-1.0515754071964571,"44":-1.043620849213914,"45":-0.4863589090689988,"46":0.12073303756681408,"47":-1.5610110303941864,"48":-0.49058558830043353,"49":-1.2354348233319294,"50":-1.2354348233319294,"51":-0.49058558830043353,"52":-0.49058558830043353,"53":-0.17605229445794457,"54":-0.17605229445794457,"55":-2.84110126590784,"56":-0.4615057670495559,"57":-1.7935777446787475,"58":-1.4203010081837582,"59":-0.9578458670410845,"60":-2.2043446769476622,"61":-1.3621722948128832,"62":-1.974870610937435,"63":-2.6904874479104146,"64":-0.9610945980039947,"65":-0.5109641458978129,"66":-1.0600336057286044,"67":-0.3036591645345945,"68":-2.005189142467965,"69":0.703849742923536,"70":-1.4696338524341659,"71":1.4156322942012896,"72":0.46154270958722954,"73":-1.6268924132608076,"74":-0.29011397073501044,"75":0.1984938150123945,"76":-0.7573212045337039,"77":-0.5689554251915596,"78":-1.0548675276306163,"79":-0.204016836438627,"80":-1.0884341810390614,"81":-0.5001008949732677,"82":0.0018456455555391216,"83":-1.5162898718727993,"84":-0.5133419161215507,"85":-0.170093190451011,"86":-0.8095133622564186,"87":-0.8095133622564186,"88":-0.001426441022772451,"89":-0.001426441022772451,"90":-2.5864338797349866,"91":-3.6696132061234152,"92":-2.7653620593993082,"93":-5.531236636145126,"94":-4.956920878633474,"95":-6.7633277321627645,"96":-4.247929227468202,"97":-4.340470232771539,"98":-5.324446210589285,"99":-0.8920049047990588,"100":-0.831387936064027,"101":-0.9466199757423146,"102":-1.028326820991675,"103":-1.2626264157408609,"104":-0.5599870983399367,"105":-0.40576872817339904,"106":-0.3317795889448676,"107":-1.0086298777235574,"108":-1.4808912124522005,"109":-0.5784199052751582,"110":-2.1715575974064993,"111":-0.8412634028979848,"112":-1.7624105418130824,"113":-1.6164860300129504,"114":-0.893896778411968,"115":-0.9760178199550791,"116":-0.9891867920495834,"117":-1.2130941907692625,"118":-2.2572998870859315,"119":-1.1750869051763768,"120":-1.956428527855934,"121":-1.54180922679988,"122":-0.8382589241065972,"123":-2.024260417010037,"124":-0.741242900968792,"125":-1.1850800196492846,"126":-1.1850800196492846,"127":-0.7743635200421091,"128":-1.3985342673838637,"129":-0.8883644736513343,"130":-1.1850800196492846,"131":-1.1850800196492846,"132":-1.217926739318056,"133":-1.1695877691190235,"134":-1.7445053351509614,"135":0.23934136193160072,"136":-0.6987043982945851,"137":-1.1855792565200254,"138":-2.123542463758806,"139":-0.2120190062773153,"140":-1.3147958529967756,"141":-0.5248663568452816,"142":-0.7694653647042902,"143":-0.03373716837698648,"144":-1.2751675176057073,"145":-1.081864473745819,"146":-1.8961748310151254,"147":-2.3541567106427514,"148":-1.4581654687685954,"149":-0.745110672850732,"150":-0.22110592429333042,"151":-1.5070264265027835,"152":-1.1522590449284413,"153":-0.9012317648462305,"154":-1.181888083007502,"155":-0.9803274042146675,"156":-1.492251766561349,"157":-0.6996782251281575,"158":-0.7133921681067736,"159":-0.8939393611258355,"160":-0.9473711908731346,"161":-1.2840160287519344,"162":-1.0215223379887806,"163":-1.2243580882475662,"164":-1.7935908125468547,"165":-1.2610748037706316,"166":-1.8078336735929117,"167":-1.4568786318715694,"168":-0.6867327999413604,"169":-1.4011164016096131,"170":-1.0680900593232376,"171":-0.6319664278470991,"172":-0.8556414763079867,"173":-0.8520514521504254,"174":-1.4947185139368662,"175":-1.719448066895482,"176":-1.0718541091021403,"177":0.28065149917400367,"178":-1.1111688220465812,"179":-1.104058013626799,"180":-0.943647680984957,"181":-0.3873157889440899,"182":-0.27659911849407326,"183":-0.16530991447211996,"184":0.015471277025361552,"185":-0.4328935754912213,"186":-0.052902413375534696,"187":-0.2423136176086551,"188":-0.5400743700878916,"189":-0.42639194679360104,"190":-0.9519586782247691,"191":-1.1083837665539082,"192":-0.21260869662600967,"193":-1.3687427979824411,"194":-1.8870790191801552,"195":-1.7152823235546468,"196":-0.3229283205079785,"197":-5.169246820503362,"198":-4.827991490614213,"199":-1.5369327173500649,"200":-0.41174616205687853,"201":-1.7073622529263504,"202":-1.7073622529263504,"203":-1.4037904651001736,"204":-1.3352793225253592,"205":-0.7729100822584181,"206":-1.4234071475049945,"207":-1.6510279806008652,"208":-0.8319449145691007,"209":-0.5543912775358668,"210":-0.8047746973584216,"211":-0.7060388577178294,"212":-1.4602549065558394,"213":-0.8530539429523081,"214":-0.44703699737907465,"215":-1.3901287293778561,"216":-1.671058599609609,"217":-1.0460796470566325,"218":-0.6785011894253432,"219":-1.353432733627018,"220":-2.1771114007714893,"221":-1.9486264124662926,"222":-2.296274105983155,"223":-1.0923838208887133,"224":-1.7857926335583052,"225":-2.309420589885831,"226":-2.7453932784823554,"227":-0.749060482748364,"228":-1.1834624186378582,"229":-2.0495331446914293,"230":-1.964147700626178,"231":-1.5519310695369337,"232":-0.8998279050273936,"233":-1.0570315249183513,"234":-1.094497028529816,"235":-1.8473943982965828,"236":-1.3797790796355942,"237":-2.0420912905674804,"238":-2.1606067791276935,"239":-0.942644508257866,"240":-0.942644508257866,"241":0.35268796131660185,"242":-1.0815665480067813,"243":-0.8338274023982359,"244":-0.7892914839603047,"245":-1.356047738244234,"246":-1.155782359015156,"247":-0.3415850071877926,"248":-0.8240672246658778,"249":0.29327788921914577,"250":-0.5243457596048424,"251":-1.0295592727501541,"252":0.24915012053073315,"253":-0.5363645936950601,"254":0.2569053815800521,"255":0.19223228214291843,"256":0.19223228214291843,"257":0.5430078683834048,"258":0.5430078683834048,"259":-0.2905582274162961,"260":-0.2905582274162961,"261":0.22465596908120733,"262":1.1056233520441447,"263":-0.43516374979647865,"264":-0.46983474068316844,"265":-0.42304522749057627,"266":0.6109389427124784,"267":-0.7349020846589918,"268":-0.7349020846589918,"269":-0.7349020846589918,"270":0.3634676454717207,"271":0.3634676454717207,"272":-1.886888629137427,"273":-1.234504426418781,"274":-2.0229861038553967,"275":-0.41085398922378413,"276":-1.1801455878370382,"277":-0.9629676939450871,"278":-1.4457246954940528,"279":-1.4145398787623629,"280":-1.4609432521796304,"281":-1.4525677687708267,"282":-0.9109617270040609,"283":-0.8612012987012987,"284":-0.49824249404421783,"285":-1.1395016777325624,"286":-1.5872287902792375,"287":-0.20859525902678655,"288":0.48384904334218537,"289":-1.5065088994499938,"290":-1.2036747954167262,"291":-1.0709790194104691,"292":-1.1129533758641528,"293":-0.8762159269988767,"294":-0.34653421040855603,"295":0.7658536957987594,"296":-0.6040001214490417,"297":-1.1550528325522371,"298":-1.7552646369185898,"299":0.40679586176659055,"300":-0.687509140710552,"301":-0.4426556605437515,"302":-0.4809638959138094,"303":-1.2450545141321103,"304":-0.9533293770664852,"305":-0.291976415473731,"306":-0.9533293770664852,"307":-0.10660101725569504,"308":-0.3868346425003013,"309":-1.4759238259560297,"310":-0.7472272752028757,"311":-0.3903411270100805,"312":-1.3829416265483077,"313":-0.8564608382247605,