{"1":-0.3538924432199839,"2":-0.29411362309336875,"3":-0.9750107187885797,"4":-0.6577914736308681,"5":-0.2988703064489995,"6":-0.37334438619271837,"7":0.8962411222552884,"8":-0.7598891031410684,"9":-0.7598891031410684,"10":-0.1858343313315025,"11":-0.1858343313315025,"12":0.22946560601153276,"13":0.22946560601153276,"14":0.4845247081919517,"15":0.4845247081919517,"16":0.29055437114619265,"17":0.29055437114619265,"18":0.29055437114619265,"19":0.8501858600183612,"20":0.8501858600183612,"21":0.6557593360292469,"22":0.6557593360292469,"23":0.06763324473649912,"24":0.33870289783152163,"25":0.783145930109618,"26":0.05363927443654726,"27":-0.0724728444222853,"28":-0.15989789369032748,"29":0.39690828499055186,"30":0.34233094010630216,"31":-0.09925554190888297,"32":-0.16182975649199305,"33":-0.029553143303609364,"34":-1.0073371243874711,"35":-0.7138934666912062,"36":-0.5807944770172302,"37":-0.34402810755509705,"38":-0.48452104897699755,"39":0.7431325431546929,"40":0.3734668292635419,"41":0.20689686065431268,"42":0.6001943368899196,"43":-0.12829545961010158,"44":0.8870470377400066,"45":0.01283781964807762,"46":0.15626270827668431,"47":-0.3199868662689296,"48":0.02069797934738027,"49":-0.3824344828055679,"50":-0.3824344828055679,"51":0.02069797934738027,"52":0.02069797934738027,"53":1.2687872970091512,"54":1.2687872970091512,"55":-1.009353143978192,"56":0.5299921325325057,"57":0.49147882067157855,"58":-0.3151560587689155,"59":-0.178792825138117,"60":1.337516913947244,"61":0.6664444063084884,"62":0.7912181179475573,"63":0.42525132539040156,"64":0.6256252578408494,"65":0.7706347732563419,"66":1.2417044955345222,"67":0.17127019632401197,"68":1.6496071014630491,"69":-1.1526972717281803,"70":-1.2007518074220407,"71":-0.12947681272781786,"72":-0.016753219289839194,"73":0.022898048083227707,"74":-0.3134892705687058,"75":0.7930907485650476,"76":0.018936702562906582,"77":0.23867762070247966,"78":0.6003115381219537,"79":-0.008665542165325668,"80":-0.907328253324243,"81":-0.23832246464615547,"82":0.9974695944384493,"83":0.5551180878371502,"84":0.49880388559168587,"85":1.4520965314090395,"86":0.48767727157817387,"87":0.48767727157817387,"88":-2.022808075941394,"89":-2.022808075941394,"90":0.5907287564507264,"91":-1.4931579233970815,"92":-0.3017698882025819,"93":-0.11026582897371284,"94":-1.0509640432351617,"95":1.2542445569490397,"96":-0.19282803926721925,"97":0.3388917668521092,"98":1.7448640354290834,"99":-0.8383971940659958,"100":-0.6319225757603357,"101":0.4520365546795295,"102":-0.7583876160459697,"103":-0.2518739381607267,"104":0.06763754871026073,"105":-0.26078336848801253,"106":-0.3274727289216113,"107":-0.166083088007138,"108":-0.4921970195172092,"109":-0.176394469068204,"110":0.48137574998640353,"111":-0.10249121826517715,"112":-0.16211313303827168,"113":-0.5599119326598316,"114":-0.7885629933591165,"115":0.19600659144784327,"116":0.33995819389842685,"117":0.09335995593136825,"118":-0.024313286231199882,"119":-0.14741133806605955,"120":-0.1328492608322156,"121":0.051162227932482374,"122":-0.2636484954713145,"123":0.05131687270382379,"124":-0.42953316033223343,"125":-0.34331576662234875,"126":-0.34331576662234875,"127":0.14638015094203816,"128":0.05381901932463684,"129":-0.27170770667399946,"130":-0.34331576662234875,"131":-0.34331576662234875,"132":-0.12673116356788228,"133":1.0351473145060304,"134":-0.8154182625852844,"135":-0.6765956697797186,"136":-0.47850668196924406,"137":-0.6995969498949677,"138":-1.3012546612768858,"139":1.6383591764217122,"140":-1.8537737640112173,"141":-1.4593631852126823,"142":1.4658558824659185,"143":-0.3905078454003439,"144":-0.6093205734952312,"145":0.28161902409368356,"146":-2.8002790256314185,"147":-0.6202239272504135,"148":-0.9244831449900044,"149":-0.6972384005775849,"150":-1.5468373848996642,"151":-0.8594687689303573,"152":-0.6527563788815165,"153":-1.0297634721670685,"154":-0.9354218423447187,"155":-0.8963607611246704,"156":-0.8198315005130485,"157":-1.2974969916600863,"158":-0.5956998891344001,"159":-0.7205331900045016,"160":-0.49321765241238147,"161":-2.129177853690229,"162":-1.084701640846097,"163":-0.5148635968824311,"164":-2.8927841576028186,"165":-0.7343748578607308,"166":-1.055479031798507,"167":-0.3259872391520693,"168":-1.0803678423487666,"169":-0.7356702988230879,"170":-0.38048644728797676,"171":-0.08772495111428436,"172":-0.4594094497043555,"173":-0.7423927464977766,"174":-0.6237701137080185,"175":-0.8724905626224464,"176":-0.4879804308258895,"177":-0.2904446849062454,"178":-0.6682479349267978,"179":-0.3573563408832845,"180":-0.9302297883761268,"181":-0.7148359063849667,"182":-0.4288027393852416,"183":-0.8083087057089147,"184":-0.30231040466532866,"185":-0.14878247143187506,"186":-0.6225968446412313,"187":-0.7154407689219298,"188":-0.9231545117666835,"189":-0.784807124766224,"190":-0.5431258445355853,"191":-0.5446020108115914,"192":-0.8237969917709309,"193":-1.4430683848949504,"194":-0.5982064990689722,"195":-1.0389364483634735,"196":-0.9276753120919241,"197":-0.6402646864402008,"198":0.2907864957975388,"199":-0.7275832311448966,"200":-0.7900974795249769,"201":-1.0360193856586157,"202":-1.0360193856586157,"203":-0.9808907996445821,"204":-1.1980086455697339,"205":-0.7386841884190776,"206":-0.9975636018635217,"207":-0.9329159556380249,"208":-0.7635003527546012,"209":-1.0237315037251902,"210":-1.4221102737216018,"211":-1.2759080548188315,"212":-1.3539523672473894,"213":-0.6340247384297182,"214":-0.5205017555026812,"215":-0.8710828368221297,"216":-2.1344750435863227,"217":-0.9982781773997766,"218":-1.251656561895477,"219":-1.568619364116953,"220":-1.8050391681664761,"221":-1.4871428966109894,"222":-1.3644410192203207,"223":-1.2532680553180704,"224":-0.8542316334552078,"225":-0.492091772748366,"226":-0.9323478486310792,"227":-1.2421723055658043,"228":-1.2552771570296963,"229":-0.6553653089737446,"230":-1.809916593609623,"231":-1.3661921729562674,"232":-1.0492231021408527,"233":-0.6801522295659517,"234":-1.6989177125739081,"235":-0.9616638893322524,"236":-1.1687736800971686,"237":-0.9654078276604623,"238":-0.9081569756582049,"239":-0.5475857842317651,"240":-0.5475857842317651,"241":-0.048448390476590664,"242":-0.35022194271531504,"243":-0.23825505479424125,"244":-0.4517513659269934,"245":-0.4700788616169227,"246":-0.2950376866517965,"247":0.15622914439673075,"248":-0.5225481165789319,"249":-0.9369194548996402,"250":-0.49735739546958246,"251":-1.421434140130303,"252":-0.4744806503457084,"253":0.2457687961552728,"254":-0.08425656625042666,"255":-0.09819966294624516,"256":-0.09819966294624516,"257":0.11445948834234132,"258":0.11445948834234132,"259":-0.12192413709439087,"260":-0.12192413709439087,"261":-0.05121246189154971,"262":0.5585089242329855,"263":-0.16028812752138988,"264":0.1838592575190363,"265":-0.6437776553566152,"266":0.051669968327020754,"267":-0.0691502212928885,"268":-0.0691502212928885,"269":-0.0691502212928885,"270":0.4621306716837039,"271":0.4621306716837039,"272":-0.03675690181603364,"273":-0.0827065170745408,"274":0.3371196776863896,"275":0.3105570056433544,"276":0.6167590449524214,"277":1.9433072169248282,"278":0.8379666786723377,"279":0.2953070699610518,"280":-0.710155878678308,"281":-0.03148340959171114,"282":-0.33183033131463513,"283":-0.1622369004086197,"284":-0.4071965929494704,"285":-0.6920534248223783,"286":-0.971046026946899,"287":0.2027881032519665,"288":0.5539976612527386,"289":-0.7521894044726025,"290":-0.11966573753397025,"291":-0.43575289728704547,"292":-0.47248890452214987,"293":-0.11148577710810725,"294":-0.14918557250617948,"295":0.5561709306662919,"296":0.014230534649521287,"297":-0.6775185296370776,"298":-0.10331659034002794,"299":0.4870483785174078,"300":-0.13780707814880122,"301":-1.471897773119876,"302":-0.7786046974804686,"303":-0.39973477501839216,"304":-1.5757345604711528,"305":-0.3465330649322178,"306":-1.5757345604711528,"307":0.5345667320663559,"308":-0.1652551531074793,"309":-0.14903749605043437,"310":-0.39180345750238565,"311":0.07907128146707798,"312":-0.2699966663157074,