{"1":-0.3826106485076044,"2":-0.13482787991313216,"3":-0.6172853345545697,"4":-0.7776816549925851,"5":-0.3700299350187404,"6":-0.17559607512414832,"7":0.4881229355122989,"8":-0.1325888721097348,"9":-0.1325888721097348,"10":0.9573924857923188,"11":0.9573924857923188,"12":0.45573505165891914,"13":0.45573505165891914,"14":0.8233877339381785,"15":0.8233877339381785,"16":0.04429423767305396,"17":0.04429423767305396,"18":0.04429423767305396,"19":0.6436230762932471,"20":0.6436230762932471,"21":0.37616372360105466,"22":0.37616372360105466,"23":0.16599883052040876,"24":0.38854191587706977,"25":0.9069511584247335,"26":0.026016068987450236,"27":0.13161024566326773,"28":-0.17789129507570145,"29":0.26334266477496904,"30":0.18836911315881322,"31":-0.07671100895273453,"32":-0.18680497445815192,"33":-0.07271229078597052,"34":-1.1983336481465474,"35":-0.8558479580932801,"36":-0.8181853994511838,"37":-0.4871621272509179,"38":-0.8624083010174175,"39":-0.807612935904376,"40":-0.43093801924432285,"41":-0.8223189818878192,"42":-0.4247990581192784,"43":-0.21170798440090977,"44":-0.12843445219053606,"45":-0.6870108759473794,"46":-0.5819587314760701,"47":-0.2864180614195826,"48":-0.4855252249727684,"49":-0.7218319741283281,"50":-0.7218319741283281,"51":-0.4855252249727684,"52":-0.4855252249727684,"53":-0.13666676524192312,"54":-0.13666676524192312,"55":-0.9347572220381988,"56":0.5512025924140143,"57":0.39080385786755745,"58":-0.19303907172550527,"59":-0.0636249500066266,"60":1.1091312534277016,"61":0.7556069479507861,"62":0.8367714822925034,"63":0.5268900767785896,"64":0.5805521089814216,"65":0.7741627448204751,"66":1.1936058762020503,"67":0.6903766000277374,"68":1.124263695795639,"69":-0.858353089076954,"70":-0.9246735218271303,"71":-0.4485289555892873,"72":-0.3557427032217788,"73":-0.4551289784728523,"74":-0.5562691370689139,"75":-0.623407708609518,"76":-0.623212050950376,"77":-0.23910200852775176,"78":-0.022071246783482046,"79":-0.5007106188470951,"80":-1.1207712301678212,"81":-0.6827111214180484,"82":-0.261487692132512,"83":-0.3868300615518496,"84":-0.2506979318905209,"85":0.5240762616464503,"86":-0.68864893814031,"87":-0.68864893814031,"88":-2.317545388003518,"89":-2.317545388003518,"90":0.024871224231080902,"91":-1.419079748421586,"92":-0.43523719303539643,"93":0.10855244473375336,"94":-0.9347645377125091,"95":0.06420496496706818,"96":-0.5842039888780839,"97":0.05259179828639304,"98":0.8997622410855648,"99":0.2371549245118958,"100":0.23479070660266999,"101":0.5765831786553894,"102":-0.5949013328829871,"103":-0.34612238005497975,"104":0.006705889238610929,"105":-0.040833284868685205,"106":0.27649606416695693,"107":-0.08621740039338821,"108":-0.3105600012963867,"109":-0.030917204067991477,"110":0.3359774443963026,"111":-0.35162919438112006,"112":-0.004242225283308976,"113":-0.2872099714200047,"114":-0.7147747082340126,"115":0.32608040467501365,"116":0.5599623263427338,"117":-0.14010417112678208,"118":-0.20797011476757454,"119":0.09403733569833417,"120":0.11020900816299806,"121":0.14829334694944496,"122":-0.17773795844224427,"123":0.6249791647101057,"124":-0.3499508724335181,"125":-0.1377967485802225,"126":-0.1377967485802225,"127":0.20237880101905947,"128":-0.033912410956611794,"129":-0.20636497786083252,"130":-0.1377967485802225,"131":-0.1377967485802225,"132":0.42249704826718126,"133":0.623228819557383,"134":-0.2806380897169136,"135":-0.5662824811880931,"136":0.1400061626610265,"137":0.21055910357501606,"138":-0.8256606346804514,"139":1.415785847931022,"140":-0.942692649594477,"141":-0.6246979943738644,"142":1.3715582424533839,"143":-0.33450134608138615,"144":-0.2372899816926708,"145":0.41624226474325354,"146":-1.3509931235169317,"147":0.23877514951486223,"148":-0.3543240401057206,"149":-0.43206067340012977,"150":-0.9525302119532424,"151":-0.5773993199983152,"152":-0.20891059308036386,"153":-0.6565465518086082,"154":-0.49264177204344506,"155":-0.5178471966844773,"156":-0.4141811108350346,"157":-0.6141548489092612,"158":-0.4588385351737454,"159":-0.35256126738886584,"160":-0.3161302636720107,"161":-1.0405673043521917,"162":-0.875101572471082,"163":-0.20650877198478534,"164":-1.6148788902835944,"165":-0.6158813107725938,"166":-0.7220092170519017,"167":-0.4374555733865839,"168":-0.8846349187418321,"169":-0.6847519361559979,"170":-0.46596007412964724,"171":-0.3200573306141745,"172":-0.25167164519484064,"173":-0.39866643170899385,"174":-0.4870889138121801,"175":-0.5382455983577561,"176":-0.26232325255512645,"177":-0.39618987896489477,"178":-0.495965785537797,"179":-0.2240642917220148,"180":-0.6519693432419205,"181":-0.512352078526334,"182":-0.5552644379879283,"183":-0.4058942462998403,"184":-0.2807486767834908,"185":-0.3003435596103956,"186":-0.5822094388626358,"187":-0.7018484298898815,"188":-0.6567126053460846,"189":-0.49576792244045675,"190":-0.32226803726949216,"191":-0.3112156322939641,"192":-0.5639631913825531,"193":-0.8204388361498438,"194":-0.4424418327723503,"195":-0.7780317101367444,"196":-0.41536057747013233,"197":-0.4055424555878355,"198":0.3968614664805181,"199":-0.42356996653950274,"200":-0.5277889558921891,"201":-0.28112330809317765,"202":-0.28112330809317765,"203":-0.6598031372097501,"204":-0.5724569108314301,"205":-0.43349168540244865,"206":-0.4591502741616784,"207":-0.5738799349826469,"208":-0.6552078371394454,"209":-0.7333446658948011,"210":-0.7149917235136769,"211":-0.9217362324219365,"212":-1.1488674125389338,"213":-0.6498937544438042,"214":-0.4750091361644535,"215":-0.5264574926965162,"216":-1.1242945289665527,"217":-0.49865718676107207,"218":-0.5583380259111115,"219":-0.7712111842108427,"220":-0.9605155091950475,"221":-0.9478571259849717,"222":-0.8541125797954958,"223":-0.8351253247372084,"224":-0.6896590075599494,"225":-0.3265988697068791,"226":-0.4215369322813194,"227":-1.2302479164661557,"228":-1.02881573008005,"229":-0.6002374172056113,"230":-0.922635414658747,"231":-0.758648482696465,"232":-0.35617440374555454,"233":-0.4864005852524027,"234":-0.9630042878609908,"235":-0.6514045879030488,"236":-0.6963745393756198,"237":-0.9025509712240725,"238":-0.9344019237543049,"239":-0.8529195414836792,"240":-0.8529195414836792,"241":-0.09863185965126364,"242":0.11010557568294344,"243":-0.1473095115690639,"244":-0.3792604081305022,"245":-0.20420248510031813,"246":0.42652463503501714,"247":0.8916691103758367,"248":0.24640439929979951,"249":-0.9089835941525948,"250":-0.029470526299982147,"251":-1.0137478116356418,"252":-0.2717026416865287,"253":0.16939869761937265,"254":0.05627743740659774,"255":-0.039926197671749764,"256":-0.039926197671749764,"257":0.0667107095297026,"258":0.0667107095297026,"259":0.12527125250891835,"260":0.12527125250891835,"261":0.3543041865313279,"262":1.978036891086417,"263":0.5673146204974668,"264":1.1684501773468772,"265":1.2697376958433662,"266":0.6645767900544612,"267":0.17498528698547888,"268":0.17498528698547888,"269":0.17498528698547888,"270":1.8507249284576903,"271":1.8507249284576903,"272":0.11387220635041095,"273":0.1423877761499257,"274":0.6200246888974965,"275":1.5153993450807208,"276":0.24695329487952122,"277":1.4698025943566213,"278":1.1786962821763813,"279":0.6913592385227736,"280":-0.14538341911945452,"281":-0.2659733701274021,"282":-1.30735886704579,"283":-1.8595169013952013,"284":-0.922576095450347,"285":-1.5082740808243638,"286":-2.422182424640685,"287":0.6182172120319529,"288":1.1054268570128665,"289":-0.32165755339157176,"290":-0.014769060408511336,"291":-0.9474457569283996,"292":-0.19505658022886774,"293":-0.05612617299255973,"294":-0.5917352148360069,"295":0.18689386173024758,"296":-0.07211757772324612,"297":-0.7608187775631818,"298":-0.30921042447313507,"299":1.400481304593149,"300":-0.39685809056571575,"301":-0.2572460861141348,"302":-0.3014388904782077,"303":0.020766559841270293,"304":-0.688431141148671,"305":0.23769100403873988,"306":-0.688431141148671,"307":0.12799161370227186,"308":-0.06185105192215046,"309":-0.11272438456526679,"310":-0.23739627043385259,"311":0.16990888256528525,"312":0.2686935147745597,