{"1":-0.217244257547556,"2":-0.07574143978656456,"3":-0.1506215746492735,"4":-0.022250275694764114,"5":-0.039861313209553675,"6":-0.01633405536438389,"7":-0.006144029962953074,"8":-0.14746247878416902,"9":-0.14746247878416902,"10":-0.0525334753019282,"11":-0.0525334753019282,"12":-0.14823462851777403,"13":-0.14823462851777403,"14":-0.22956805816982406,"15":-0.22956805816982406,"16":0.0038740326928291408,"17":0.0038740326928291408,"18":0.0038740326928291408,"19":-0.021674108302881287,"20":-0.021674108302881287,"21":-0.012767775580442967,"22":-0.012767775580442967,"23":-0.028158590961218026,"24":-0.05120586470218659,"25":0.0482189138689651,"26":-0.07758781170601108,"27":0.0011204405173664209,"28":-0.00957859966649504,"29":-0.01047841059827978,"30":-0.07015593803420929,"31":-0.07655518815242826,"32":-0.04392455896494439,"33":0.018038176882337602,"34":-0.02028240083108613,"35":-0.13216189794172933,"36":-0.09617069844395694,"37":-0.11526022688613072,"38":-0.08515882532146767,"39":-0.0036556435060274978,"40":-0.11934339787904619,"41":-0.18186442597891028,"42":-0.16521396709943562,"43":-0.09930366827888902,"44":-0.06797301295170746,"45":-0.13513953982182406,"46":-0.05593469241249521,"47":-0.15096629698146774,"48":-0.06617112281862672,"49":-0.20610071732056545,"50":-0.20610071732056545,"51":-0.06617112281862672,"52":-0.06617112281862672,"53":-0.101730250359569,"54":-0.101730250359569,"55":-0.030218314531609974,"56":0.05397061996470204,"57":0.035709867935409124,"58":0.01202263714776812,"59":0.030593009426704038,"60":0.06907720825015959,"61":0.08669379480606862,"62":0.0503718672772129,"63":0.08336734632812703,"64":0.012485226444036511,"65":0.06138873993741387,"66":0.11310180841616195,"67":0.15558038214328368,"68":0.04715497914489773,"69":-0.0692071527065111,"70":-0.1096000012854986,"71":-0.030487177988037767,"72":-0.042953365349759604,"73":-0.025255630898075976,"74":-0.05018528359361836,"75":-0.20884144130035104,"76":-0.08138187758623101,"77":-0.05290936199129498,"78":-0.05001611046846394,"79":-0.005258385464419257,"80":-0.03744737639619013,"81":-0.044297466744954404,"82":-0.2201940110785748,"83":-0.06945533753364544,"84":-0.07413967429222694,"85":-0.05117787154591638,"86":-0.13187887371098383,"87":-0.13187887371098383,"88":-0.1711635473700342,"89":-0.1711635473700342,"90":-0.05691523935138565,"91":-0.030965138804110254,"92":-0.06090723078397489,"93":-0.016948934951985115,"94":-0.038454799584472524,"95":-0.06624952460419187,"96":-0.07661557552066474,"97":-0.03715752944887711,"98":-0.011625489945786882,"99":0.17481113528353853,"100":0.17764992117524325,"101":-0.008678173164531983,"102":-0.026180950669575577,"103":-0.052217632800448444,"104":-0.03000587705995629,"105":-0.03995297857048413,"106":0.16962502446014294,"107":-0.05236785401796931,"108":-0.008668595899136697,"109":-0.03702488062003977,"110":-0.05815009951671002,"111":-0.09458902119698545,"112":-0.028821388509786605,"113":-0.03488324258150345,"114":-0.04439897871472254,"115":-0.012017137183615023,"116":0.006593744396696022,"117":-0.26022730640221853,"118":-0.20184914639503893,"119":-0.022006680769772066,"120":-0.02196245556985671,"121":-0.00220251971240612,"122":-0.06468288846936399,"123":0.01673220537648304,"124":-0.12496787649488117,"125":-0.03336689078256276,"126":-0.03336689078256276,"127":-0.0951410174704323,"128":-0.15804860649509453,"129":-0.024932381268210083,"130":-0.03336689078256276,"131":-0.03336689078256276,"132":0.11570947011906806,"133":0.14829353747148832,"134":-0.020332233951693188,"135":-0.08100066572794418,"136":0.17654878953964787,"137":0.2092863769764335,"138":-0.017960449134778067,"139":0.24224623227069825,"140":-0.03312624281876167,"141":-0.12380853299406201,"142":0.5798688347203413,"143":-0.14126709016274713,"144":0.06899572626289058,"145":0.2963353975943425,"146":-0.08438543780656885,"147":0.19485545170687904,"148":0.027427547739170388,"149":-0.042509758759732334,"150":-0.06969768768734905,"151":-0.03138712010703519,"152":0.038397224069279104,"153":-0.11961684787991603,"154":-0.08791485224902466,"155":-0.06881313808462133,"156":0.02241052767182336,"157":-0.009190443420123429,"158":-0.0966428819544477,"159":-0.044537479024961225,"160":-0.03163795293766567,"161":0.010379346675468373,"162":-0.04157680847756746,"163":-0.021731231363237694,"164":-0.021750217689802065,"165":-0.09044039609860875,"166":-0.06134059963711007,"167":-0.11556532055943128,"168":-0.09393131160521992,"169":-0.03410502177683396,"170":-0.027830089487511048,"171":-0.12686340940592933,"172":-0.03185877852807409,"173":-0.08255746672574275,"174":-0.08647943112234548,"175":-0.09666916609012786,"176":-0.04527514413058022,"177":-0.12852866832958992,"178":-0.10858724171138412,"179":-0.15399200250897527,"180":-0.040874251207000147,"181":-0.05738951807473214,"182":-0.08664844911451147,"183":-0.08307246607392585,"184":-0.10174829732768689,"185":-0.15092775837073014,"186":-0.038387697532264425,"187":-0.09135174589484572,"188":-0.06183264439088054,"189":-0.05077355105785267,"190":-0.06684463356035696,"191":-0.10020841238681327,"192":-0.08932695437088209,"193":-0.11010215040197655,"194":-0.10411982047594417,"195":-0.10727536288236834,"196":-0.04308851688947879,"197":-0.13169954380839588,"198":-0.12039886517797352,"199":-0.06715630252949067,"200":-0.017871678697305396,"201":0.1243006421893523,"202":0.1243006421893523,"203":-0.02315935279703289,"204":-0.03640126505255417,"205":-0.05994123616406063,"206":-0.06084113855459648,"207":-0.06672825128418472,"208":-0.05777979903688338,"209":-0.02204848864859353,"210":-0.03178060597552773,"211":-0.03947984414211388,"212":-0.07610862997575363,"213":-0.03337702921132781,"214":-0.03173817875118458,"215":-0.06886221464653891,"216":-0.05650604906745528,"217":-0.04807109888344643,"218":-0.16173665461725095,"219":-0.05746511351775454,"220":-0.05379859294772551,"221":-0.08663011386750252,"222":-0.06621166803958274,"223":-0.05701895745523153,"224":-0.0771240998583462,"225":-0.02144961042574898,"226":-0.10552878330957577,"227":-0.24816776116678657,"228":-0.1070902209981902,"229":-0.12100191567543822,"230":-0.04990389808413541,"231":-0.06926020653134152,"232":0.032225607180525084,"233":-0.07021565870655244,"234":-0.0828569386781334,"235":-0.13795020969563757,"236":-0.047558059346426665,"237":-0.1696514401111881,"238":-0.11233917614932291,"239":-0.27772294857236585,"240":-0.27772294857236585,"241":-0.007483001736964423,"242":0.03133015186197999,"243":0.09466043143430228,"244":-0.06181191290914417,"245":-0.09809985745525801,"246":0.19195814592080201,"247":0.03396140383901669,"248":0.1451553013538734,"249":-0.018724959923483477,"250":0.09553148380172963,"251":-0.07881749407846,"252":0.07902264894214339,"253":-0.02963530369268294,"254":0.006232712372047294,"255":0.0510758309149473,"256":0.0510758309149473,"257":-0.048662641699232206,"258":-0.048662641699232206,"259":-0.002834948237895339,"260":-0.002834948237895339,"261":0.17943029526660065,"262":0.31569821896231604,"263":0.21737275694742916,"264":0.3697730979335474,"265":0.5266838419963984,"266":0.14496184057241585,"267":0.0627973338734353,"268":0.0627973338734353,"269":0.0627973338734353,"270":0.6707728695861137,"271":0.6707728695861137,"272":-0.12918489186203946,"273":0.0007665120053460817,"274":0.07352517800163305,"275":0.09808161489426959,"276":-0.3103423733352554,"277":-0.19847701031594422,"278":-0.21591966261944862,"279":0.09903854118659092,"280":-0.1393246406584177,"281":-0.09065410957807335,"282":-0.646792658579487,"283":-1.389786530324422,"284":-0.13425802942774911,"285":-0.2335440942357438,"286":-0.4128838709266231,"287":0.2374249250514602,"288":0.5497672349652268,"289":-0.19105140941902132,"290":-0.27041401030774237,"291":-0.5510083257990228,"292":-0.2434989287459893,"293":-0.1095069090417202,"294":-0.26038598763745097,"295":-0.28678861644061215,"296":-0.11379456088616402,"297":-0.14101604690190545,"298":-0.25728614877064954,"299":0.33554590375143317,"300":-0.15581451544390057,"301":0.018930269691169885,"302":-0.18834329437044112,