{"1":0.05109286287448345,"2":0.010887923194237814,"3":-0.41024125063756484,"4":0.26342503721923294,"5":0.08066162915220326,"6":0.24902023650026617,"7":0.35960456810682584,"8":0.43869087327232603,"9":0.43869087327232603,"10":-0.008563224874128084,"11":-0.008563224874128084,"12":-0.14698451605248997,"13":-0.14698451605248997,"14":-0.45618258803063305,"15":-0.45618258803063305,"16":0.037936335002884514,"17":0.037936335002884514,"18":0.037936335002884514,"19":0.0744559604731958,"20":0.0744559604731958,"21":0.2586639227289762,"22":0.2586639227289762,"23":0.1598081163111787,"24":0.16950665691902767,"25":-0.03905040222881146,"26":-0.04231634090406888,"27":0.0695698244473133,"28":0.234984029157925,"29":-0.04498162326758437,"30":0.13388897975897052,"31":0.12758338980428546,"32":0.38351553520299114,"33":-0.013457337407760894,"34":0.03846125167782838,"35":0.15957108286224053,"36":0.11884107644837116,"37":0.07560995956099736,"38":0.2539390274969616,"39":0.8019755553513823,"40":0.2507560418838223,"41":0.2998160921332179,"42":-0.284327248164572,"43":0.059469894437325976,"44":0.006500554237335143,"45":0.07183513131378555,"46":0.8425136534072022,"47":0.2621459341046079,"48":0.3959976955841463,"49":0.018390760305911913,"50":0.018390760305911913,"51":0.3959976955841463,"52":0.3959976955841463,"53":0.41785104520644883,"54":0.41785104520644883,"55":-0.026011400321571565,"56":-0.14116159942392592,"57":-0.2404609183865215,"58":-0.02220209559359454,"59":-0.014885274020386419,"60":-0.30397245313886845,"61":-0.017171397474066152,"62":-0.1080134377440749,"63":-0.2592522996991361,"64":-0.1153898767171937,"65":-0.004782047940700529,"66":-0.13622166001434816,"67":-0.4204781553718665,"68":-0.11145567347867025,"69":-0.03797256188109066,"70":-0.39238307734679556,"71":-0.7963917725358354,"72":0.08710768033779714,"73":0.2028659015967561,"74":0.21061921185832921,"75":-0.03040362240838812,"76":-0.3271099517828886,"77":0.08944512341904853,"78":-0.13759979593015015,"79":0.03905909655687051,"80":-0.13869005485787034,"81":0.22079633531334564,"82":-0.25143843051346915,"83":-0.9084911432162075,"84":0.19831955060622153,"85":0.05980432914383105,"86":-0.13932051348325947,"87":-0.13932051348325947,"88":0.11767959300550457,"89":0.11767959300550457,"90":-0.23546325337936302,"91":-0.17185244952182854,"92":-0.2536742546582673,"93":-0.183452436827517,"94":-0.12167301080013382,"95":-0.34962462007636363,"96":-0.4354260106347403,"97":-0.30750994574410007,"98":-0.40515823974243104,"99":-0.06534577283798915,"100":0.04497263935343454,"101":0.0426236947541509,"102":0.06315700401369029,"103":-0.05944124776085319,"104":-0.014510642359821524,"105":0.15791404376980006,"106":0.23600997495974607,"107":-0.03695716265323412,"108":-0.07541673778803087,"109":0.09946214856705188,"110":-0.285536465580589,"111":0.09929434132645754,"112":0.054611182344655895,"113":-0.02590977742673395,"114":0.07623936137080822,"115":0.294682604987908,"116":0.05291820222085658,"117":0.14737879802549658,"118":-0.07010074532732491,"119":0.10572370344060478,"120":-0.08445912784798532,"121":0.07973806752135743,"122":0.24526166572922786,"123":-0.09680058161623395,"124":-0.00161327039906356,"125":0.056446070860249886,"126":0.056446070860249886,"127":-0.13678912353678252,"128":-0.15633577522730946,"129":-0.014908828410135966,"130":0.056446070860249886,"131":0.056446070860249886,"132":0.024414946917223235,"133":-0.12960598095425047,"134":0.20368536394914805,"135":0.37692940202124503,"136":0.3710706554122023,"137":0.21163833004174215,"138":-0.02861497440592453,"139":0.5868981931601438,"140":0.056667455504900044,"141":-0.3313793037810453,"142":0.12790207455897296,"143":0.19626845742377874,"144":-0.43103127875754343,"145":0.2207423978596268,"146":-0.46965536658561735,"147":-0.18323043887161816,"148":-0.2739716847219422,"149":0.04200012981469459,"150":0.6993105308975962,"151":-0.43417744482792076,"152":-0.06204536898919988,"153":-0.008496154657469224,"154":0.04356048847566374,"155":0.10935095742439938,"156":0.1629811045317111,"157":0.3383048942306732,"158":0.5536059971484661,"159":0.11094396267372897,"160":-0.43833842104534293,"161":-0.01691474836734197,"162":-0.12039811207986884,"163":0.0720378193673159,"164":0.1294906788817416,"165":0.061561475494620876,"166":0.07832342344416399,"167":0.03830881747791676,"168":0.3383660620334823,"169":0.24864770042929757,"170":0.15805442859503682,"171":-0.06861849867802583,"172":0.36158797203753035,"173":0.7648963707125884,"174":0.41325274829586145,"175":0.13824413196882035,"176":0.3114979858851391,"177":0.36313147458962713,"178":0.4294481903117182,"179":0.2966904031559989,"180":0.17964761049795408,"181":0.24660264554319633,"182":0.4171508905331167,"183":0.3370994825558884,"184":0.28052523926565354,"185":0.2322538655778844,"186":0.6358981500939838,"187":0.5234903317426893,"188":0.49385088125232257,"189":0.7796527109157336,"190":0.37867678384956016,"191":0.3946793407378517,"192":0.9254953921413498,"193":0.06670712405547263,"194":0.011499941403126934,"195":-0.18260872577665244,"196":0.6465664952254506,"197":0.3763599322945139,"198":0.09073369518704677,"199":0.7867317996110317,"200":0.4686876680983171,"201":-0.07243088337505177,"202":-0.07243088337505177,"203":0.2790324408604879,"204":0.12128230352184499,"205":0.3422230962544612,"206":0.3058557995075419,"207":0.04889753906219696,"208":0.32396739762350035,"209":0.15653671650672848,"210":0.1621532168042702,"211":0.21739613736748514,"212":0.12119408069983251,"213":0.15705627824335208,"214":0.2864401715001524,"215":0.3074991565121421,"216":0.28217677355083737,"217":0.5602409975787291,"218":0.6181375382567439,"219":0.4775421405179041,"220":0.11392633573510746,"221":0.10877753385078825,"222":0.30261009887007684,"223":0.2936583382330241,"224":0.43409913042665915,"225":0.3293690534103064,"226":0.19371870376345823,"227":0.44048373939722,"228":0.35210315619585114,"229":0.21950371888857956,"230":0.22616449300259045,"231":0.3231112669424695,"232":0.08516667041101367,"233":0.544447973974737,"234":0.318078613615704,"235":0.41454625291177916,"236":0.3976829905211856,"237":0.45237774434476635,"238":-0.1580300762468161,"239":0.20894578828992305,"240":0.20894578828992305,"241":0.12445477169455751,"242":0.06841371104082708,"243":0.3370937490630727,"244":0.10709081749566624,"245":-0.013980617093278205,"246":0.007662025939992628,"247":0.026083356959244,"248":0.10917980000746005,"249":-0.07542257661709115,"250":-0.10804923126920835,"251":0.17806708838227564,"252":0.09214884996001266,"253":-0.02129411282363669,"254":0.026040715264273685,"255":0.0544417525944073,"256":0.0544417525944073,"257":-0.008699726926150925,"258":-0.008699726926150925,"259":0.024692821142791643,"260":0.024692821142791643,"261":0.10283541714751421,"262":-0.02160639197460079,"263":0.3399853283355807,"264":0.08595372766751597,"265":0.12852320033608844,"266":-0.16504647427520186,"267":-0.02550502093976742,"268":-0.02550502093976742,"269":-0.02550502093976742,"270":0.12642288528489826,"271":0.12642288528489826,"272":-0.4099432377543104,"273":-0.011997590777148015,"274":-0.2834034528216821,"275":-0.5788859136632988,"276":0.03888168969228012,"277":-0.2154558451822577,"278":-0.23069396126591102,"279":-0.3712527131156867,"280":-0.3603446383823576,"281":0.0036241257981399905,"282":0.04994763516985459,"283":-0.1717436607997721,"284":0.01164837432676638,"285":0.003454712735812271,"286":-0.11248625805666547,"287":0.055105740383976476,"288":0.34871796902863067,"289":0.20770171526032644,"290":0.385182806845992,"291":0.14599054321015106,"292":0.28797265520107307,"293":0.08466259009231525,"294":0.02258972727008754,"295":0.0008467488720469707,"296":0.06874873907695178,"297":-0.17090524853244496,"298":-0.10554627160655353,"299":0.10017464218576222,"300":0.17526664688380522,"301":0.462962200269959,"302":0.2836097508880847,"303":0.1831755315634892,"304":0.18912679559961781,"305":0.34455216606176076,"306":0.18912679559961781,"307":0.020195559036947253,"308":-0.02187576383725387,"309":-0.06948928392693554,"310":0.24344970765553053,