{"1":-0.743408178058635,"2":-3.16321339939155,"3":-1.3945711747204843,"4":-0.061270136558322696,"5":-0.4721234820353566,"6":-0.36802252456437445,"7":0.05224919824031815,"8":-2.8766014182958877,"9":-2.8766014182958877,"10":-4.976401906508599,"11":-4.976401906508599,"12":-1.1079828320759502,"13":-1.1079828320759502,"14":-1.7415661189414098,"15":-1.7415661189414098,"16":-0.44447899954988435,"17":-0.44447899954988435,"18":-0.44447899954988435,"19":0.11838521311984973,"20":0.11838521311984973,"21":0.47932000102942673,"22":0.47932000102942673,"23":-0.04729721619051186,"24":-0.5594131442664483,"25":-0.09040570394850361,"26":-0.5301788806191077,"27":-0.4501789064004358,"28":-0.38675266877842596,"29":2.6169980097002794,"30":0.5858555870037243,"31":1.4688134351000421,"32":0.37506004875067145,"33":-0.31657033909588717,"34":0.06471599993131405,"35":-0.6295957360308506,"36":-2.5576872704656903,"37":-0.6816707747058057,"38":-0.6078032491282599,"39":1.4484410472459075,"40":3.6965164548383846,"41":-1.6221641609862871,"42":0.046599608742471155,"43":-0.46131078885501964,"44":0.18209584484548547,"45":0.014553458903088234,"46":2.9938901951434644,"47":-0.2993587109907425,"48":0.032806653158376164,"49":-1.4630864685976928,"50":-1.4630864685976928,"51":0.032806653158376164,"52":0.032806653158376164,"53":1.97809479976058,"54":1.97809479976058,"55":-2.7816464899788578,"56":-0.6910532972435643,"57":-0.8918782556355977,"58":-0.7755769284151397,"59":-1.5349043037342787,"60":-2.1412525797424804,"61":-0.6763927017849554,"62":-0.8703101339476971,"63":-1.622158856124277,"64":-0.5930962196827065,"65":-0.522020633725216,"66":-1.2365786060293296,"67":-0.5617653434807597,"68":-0.9182302299767731,"69":-2.221110384081072,"70":-1.6806493011169081,"71":0.0013596845694934245,"72":-0.38850183838767816,"73":-0.43732762326502783,"74":-0.6341043348837125,"75":0.4915200418432768,"76":-1.3651936581824362,"77":-0.9045202735111477,"78":-0.8470017973004005,"79":-0.21760183476582728,"80":-1.3854080890403582,"81":-0.4932490985426101,"82":-0.6222004918130377,"83":-3.964647365452814,"84":-0.1920358102436639,"85":-0.10460596193929561,"86":-1.7890657624471942,"87":-1.7890657624471942,"88":-4.772458997633125,"89":-4.772458997633125,"90":-5.637958417436721,"91":-4.684133866534568,"92":-5.308492900503467,"93":-7.910722366368123,"94":-2.8280762682477234,"95":-7.335359337148283,"96":-7.080727021759088,"97":-6.17718160037283,"98":-9.942128072133936,"99":-0.15096655305795892,"100":-0.6469506701316781,"101":0.0041852818664898095,"102":-0.3759530082621376,"103":-0.8034673783631909,"104":-1.2461918116783623,"105":-0.6883863991378902,"106":-0.3823179031946511,"107":-0.728985072453666,"108":-1.413918218681809,"109":-1.0970938623502104,"110":-3.3339155252322588,"111":-0.9978867916238281,"112":-1.1684601311275378,"113":-1.4150363213299553,"114":-0.23233537608762012,"115":-0.19648013630640548,"116":-0.7137562517004934,"117":-0.945656435090684,"118":-0.8583765889819643,"119":-0.2334708311691127,"120":-1.5446624077395956,"121":-0.6136231542301958,"122":-0.8195981764581983,"123":-1.7084362306266554,"124":-1.2707366451223336,"125":-0.5926172455235004,"126":-0.5926172455235004,"127":-1.503943188642273,"128":-1.2152739156311974,"129":-0.8357297371341792,"130":-0.5926172455235004,"131":-0.5926172455235004,"132":-1.1205881672527873,"133":-0.3055900592872547,"134":-1.1920610611621019,"135":-0.7825743268103444,"136":0.6525805944850429,"137":-1.9884308882992956,"138":-2.725618072282561,"139":0.6149369689783075,"140":-4.0476491134063295,"141":-2.5127972521545754,"142":0.08353193067592812,"143":-0.07395819510489865,"144":-2.219210438651457,"145":-1.4052337572395803,"146":-2.8940946089031154,"147":-6.466390271969118,"148":-1.8765001125878618,"149":-0.8414519679895474,"150":0.20748797496061755,"151":-1.9368228162112642,"152":-2.064821184944403,"153":-1.5293739779864972,"154":-1.7092197329522651,"155":-1.4538427984628548,"156":-1.4177120847516136,"157":-0.9890186225503346,"158":-0.43604849822730074,"159":-1.0147757076805979,"160":-2.575469630714272,"161":-2.161651098578984,"162":-0.9670166854479634,"163":-1.0384304187062385,"164":-2.265770312454583,"165":-0.9930512838230223,"166":-1.5076779033734011,"167":-0.8774355411027237,"168":-0.6313483684218513,"169":-0.6543853924310756,"170":-0.7160444475217185,"171":-0.6187359382868305,"172":-0.38480401583336565,"173":-0.6638262148021914,"174":-0.7345297416416825,"175":-2.4256661745228616,"176":-0.5631911582734777,"177":-0.1663005884462594,"178":-1.62991722304056,"179":-1.8018338499698592,"180":-0.9090054423593146,"181":-0.48929746347578407,"182":-0.10003156080532438,"183":-0.42101601291299406,"184":-0.43488109293019894,"185":-0.6345437466572896,"186":0.05171235695127763,"187":-0.3435109415680997,"188":-0.8664964184894144,"189":-0.42404711144543583,"190":-0.6910808587616275,"191":-2.0456755311004304,"192":-2.4686073794929566,"193":-1.3128585411070244,"194":-3.4173232003297436,"195":-2.543960152082402,"196":-1.9208358476168224,"197":-8.134124819629935,"198":-12.965087572627102,"199":-5.204806781371449,"200":-1.7482145262315338,"201":-1.7628017776252518,"202":-1.7628017776252518,"203":-1.3853759127871967,"204":-1.6188135394639582,"205":-0.5671379302712025,"206":-1.3797549738953352,"207":-1.5627265537672352,"208":-0.579108439261532,"209":-0.5120175593968712,"210":-1.1629999661925665,"211":-0.7216125940047209,"212":-1.2381650661066617,"213":-0.5141614068344598,"214":-0.581347474683537,"215":-0.9078878704003719,"216":-1.434039161704761,"217":-0.9594171584162896,"218":-0.9767967130548616,"219":-1.6860976894197148,"220":-1.5291013313656836,"221":-2.0704640193408967,"222":-2.2291437817862167,"223":-0.6604580124274908,"224":-1.121842973488664,"225":-1.6185277507325586,"226":-2.1988999410879098,"227":-0.7242616386900864,"228":-0.7281416206695659,"229":-1.0241095115218597,"230":-0.9785790959079206,"231":-0.8155394598819368,"232":-0.9526180698816513,"233":-0.70597529851032,"234":-0.9531329822624213,"235":-0.9118772508020307,"236":-0.8949642892285707,"237":-0.9571672965529374,"238":-2.813904049636256,"239":-0.2923832414315646,"240":-0.2923832414315646,"241":-0.37440897911244875,"242":-0.9055050412798951,"243":-0.05915920684317655,"244":0.4460803118119441,"245":0.8531246037503666,"246":-0.9939378737259181,"247":-0.5445570820909889,"248":-0.5238675179042127,"249":-0.596829097254966,"250":-0.7408875365310325,"251":-1.0111058149155114,"252":0.3582746477356462,"253":-0.46673483196738497,"254":-0.2488781966659953,"255":-0.5542871353387819,"256":-0.5542871353387819,"257":-0.9029484700520969,"258":-0.9029484700520969,"259":-0.2861948718307512,"260":-0.2861948718307512,"261":-0.9670060141263866,"262":-0.14261285533981471,"263":0.3419801745049631,"264":-0.07929294131217723,"265":-0.5759337986987467,"266":0.02817483076140581,"267":-0.4300154493577747,"268":-0.4300154493577747,"269":-0.4300154493577747,"270":0.07745814195689604,"271":0.07745814195689604,"272":-1.169103956034434,"273":0.051784302442851815,"274":0.04545784008842779,"275":-1.0611939835948663,"276":-1.034843223081697,"277":-0.8270653744263186,"278":-1.1425146180518984,"279":-0.9074901536274886,"280":-1.3015004022947436,"281":0.02274727303895452,"282":0.07989863996031032,"283":-0.5816830756027129,"284":-0.08351030915746538,"285":0.21359381683600054,"286":-0.8230161079643168,"287":-0.15059880122876979,"288":0.6548199028774155,"289":-0.3788261750141855,"290":0.283831594487463,"291":-0.08952231276375144,"292":-0.5772421374970387,"293":-0.6210498340770751,"294":-0.28116080844566604,"295":-0.7804536364290294,"296":0.18763372023548974,"297":-0.8573503054439773,"298":-1.140254267588655,"299":0.11624393669585764,"300":-0.27487038737075986,"301":-0.37717457273359933,"302":-0.44877255264001104,"303":-0.5794038754708808,"304":-0.4411088050582168,"305":0.21313246127252583,"306":-0.4411088050582168,"307":-0.06898282658957999,"308":-0.36004183687002866,"309":-1.7097434091804504,"310":-0.42473085854031467,"311":-0.4871335391450722,"312":-0.30290215085862826,