{"1":0.005549962382706665,"2":-0.011159441913540579,"3":0.062459623666241915,"4":-0.08662725218588598,"5":-0.004622690337266019,"6":0.023874948130168314,"7":-0.06142653112114972,"8":0.009393446555500555,"9":0.009393446555500555,"10":0.042179457861572484,"11":0.042179457861572484,"12":0.004043981102686372,"13":0.004043981102686372,"14":0.010485748880348254,"15":0.010485748880348254,"16":0.026767685179243966,"17":0.026767685179243966,"18":0.026767685179243966,"19":0.05509217120566948,"20":0.05509217120566948,"21":-0.23982857507008748,"22":-0.23982857507008748,"23":0.25971661178201483,"24":0.14188669304283,"25":0.8160283607855832,"26":0.21278003254117117,"27":0.21337604019212497,"28":0.05610118661370672,"29":0.268972959323301,"30":0.02300254108276424,"31":-0.03941326784425986,"32":0.06036994839426027,"33":0.1613016842865109,"34":0.9575231322380048,"35":0.05368107864899929,"36":0.09348158824256436,"37":0.11369411144877432,"38":0.15265414203736039,"39":0.06982530342457799,"40":0.009746938529655136,"41":0.06338141854203476,"42":0.060618118583416286,"43":0.06393209302398606,"44":0.06547595432635869,"45":0.005084059844709152,"46":0.031600334711342826,"47":0.04329309056336797,"48":0.09149226161231391,"49":0.08869512775616877,"50":0.08869512775616877,"51":0.09149226161231391,"52":0.09149226161231391,"53":0.09018821625244258,"54":0.09018821625244258,"55":-0.013914667209316334,"56":-0.01953781759921422,"57":0.07571297091193589,"58":-0.07367578821130726,"59":0.06401955652029317,"60":0.08689371200829121,"61":0.021962451839694766,"62":0.007898169225611942,"63":0.07714925513467516,"64":0.024709344770409987,"65":0.07750505024720394,"66":0.07389391401337618,"67":0.10842628911115904,"68":0.03748507637268852,"69":0.1988711009202233,"70":-0.01288424118082701,"71":0.049214617128107284,"72":0.08168310100694724,"73":0.012593816435781446,"74":0.0843980548321198,"75":0.0804393495751474,"76":0.020005208262667246,"77":0.04325175502380765,"78":0.05811456352838597,"79":-0.02659633406238049,"80":-0.05353289667001088,"81":-0.06820462091513085,"82":0.013821400436867665,"83":-0.09299532126251189,"84":0.017113776548625684,"85":0.12083170692407383,"86":0.04803578863144564,"87":0.04803578863144564,"88":0.020378942398082633,"89":0.020378942398082633,"90":-0.006924155645468166,"91":-0.03754488742037099,"92":-0.025073523779204243,"93":-0.02520267188609429,"94":0.14036718222477623,"95":0.00128970276586661,"96":0.021422861950442934,"97":-0.14656841825416245,"98":-0.07962590866311553,"99":0.07554902492246761,"100":0.1153187052433205,"101":0.09883550756453842,"102":0.06089338987113324,"103":0.10198285204128692,"104":0.11254734275230585,"105":0.06511940183841716,"106":0.056939933947489085,"107":0.20791355249305343,"108":0.23970903816059608,"109":0.17979764467980125,"110":0.19331417108994015,"111":0.12038863523725257,"112":0.11768079583786427,"113":0.12852667569233622,"114":0.09204718101635706,"115":0.08652423146437357,"116":0.2282297043411648,"117":0.18086464770451427,"118":0.3867689524758454,"119":0.41530513935359636,"120":0.09684892284176749,"121":0.04693339133238367,"122":0.2445657551467102,"123":0.23589224682183574,"124":0.10486161657462781,"125":0.09310532389896281,"126":0.09310532389896281,"127":0.18028760648461378,"128":0.20864016106267164,"129":0.13720822714907766,"130":0.09310532389896281,"131":0.09310532389896281,"132":0.042785070214575185,"133":0.02715048339525396,"134":0.03768875563979775,"135":0.028264025246318818,"136":0.020910770370346977,"137":0.010453360358341941,"138":0.05034550020094983,"139":0.06424132257848926,"140":0.07246727949084816,"141":0.13865173913438852,"142":0.0031790677124984568,"143":0.04664861373665273,"144":-0.004129578547921828,"145":0.01221197423792697,"146":0.05490711426407403,"147":0.030087194452874146,"148":0.006798868104468104,"149":0.015098332965606807,"150":0.02782341792457335,"151":0.00016370130725245138,"152":0.00272169080977021,"153":0.012903454920330952,"154":0.009619589342804425,"155":0.010781892799814521,"156":0.027313069240705017,"157":0.038222927734738094,"158":0.0520033535165824,"159":0.018042224168462868,"160":0.0102132858458499,"161":0.010497645718339568,"162":0.04100500233374332,"163":0.021441776765438562,"164":0.04571698111783096,"165":0.1485796115543323,"166":0.1476629798400917,"167":0.10450681737354059,"168":0.2964441654328342,"169":0.29618249885754405,"170":0.14100285878444158,"171":0.1828788118116897,"172":0.0521121021883084,"173":0.07708086106521292,"174":0.09525323751799361,"175":0.07794523525398557,"176":0.01124358072841029,"177":0.043639872783647615,"178":0.00487386213940063,"179":0.018225447704923056,"180":0.027049160843236088,"181":0.011627336179449036,"182":0.03978884315368635,"183":0.010552332930882855,"184":0.027174732127764237,"185":0.023169346634570064,"186":0.02312577137855053,"187":0.030390153722820053,"188":0.04697672651521869,"189":0.01661141708930651,"190":0.03298871137112037,"191":0.023491702684170328,"192":0.04022484190559622,"193":0.03651331348415351,"194":0.03248962157210901,"195":0.047874691803493845,"196":0.07672213240217637,"197":0.07134315801508662,"198":0.10990548673374631,"199":0.0915104929526209,"200":0.17356614524817887,"201":0.004081779168655299,"202":0.004081779168655299,"203":0.018244286186562427,"204":0.02700901354044799,"205":0.02011171882408476,"206":0.020990372478389363,"207":0.022804182996128276,"208":0.027736831297115783,"209":0.014933731117501988,"210":0.01302660107473742,"211":0.012412393115356544,"212":0.02695149553618707,"213":0.020915259426730625,"214":0.018166433430148853,"215":0.025514952067150896,"216":0.035671928070515724,"217":0.01322180638530197,"218":0.018346089069178066,"219":0.016803798715864265,"220":0.014774363251855273,"221":0.017643714902518648,"222":0.08911758654860424,"223":0.03553006038886829,"224":0.04182498792273198,"225":0.03780262716714851,"226":0.015166475810530752,"227":0.03295805088367225,"228":-0.008503334711463077,"229":0.013662896015383397,"230":0.08147600058649901,"231":0.03339099226357748,"232":0.04098603266759997,"233":0.012151898734411616,"234":0.027809681223678596,"235":0.08338491008678023,"236":0.08558551220903815,"237":0.05645939336031919,"238":0.058414143578695045,"239":0.002721819591228976,"240":0.002721819591228976,"241":-0.3108671245475634,"242":0.33541603503691264,"243":0.6630872384347017,"244":0.4977203286857633,"245":2.0505531891786872,"246":0.5047437718517553,"247":-0.4233507443803611,"248":-0.13046086263981138,"249":-0.007217881867399911,"250":0.10846183069939874,"251":-0.1873101786719772,"252":-0.2925803187702469,"253":0.052252168388453646,"254":-0.09281256512925404,"255":0.25233099273306353,"256":0.25233099273306353,"257":0.5501417066273488,"258":0.5501417066273488,"259":0.0979408483907318,"260":0.0979408483907318,"261":0.04198528149947783,"262":0.09358185558430557,"263":0.047886719699906655,"264":-0.028678956627515684,"265":0.13448300744845149,"266":-0.10702901447959338,"267":0.05305556448695759,"268":0.05305556448695759,"269":0.05305556448695759,"270":0.16920077453200966,"271":0.16920077453200966,"272":0.02749266862170088,"273":0.25206214759395895,"274":0.1622136087899626,"275":0.037375571202831186,"276":0.09143687728158459,"277":0.0631869951387736,"278":0.07147834627393998,"279":0.026338444409278922,"280":-0.017232703909341153,"281":-0.020412655624242368,"282":0.0721434852517795,"283":0.29183380036565465,"284":0.21960304742170544,"285":0.20380148667924727,"286":0.02346584657584952,"287":0.26990775489309143,"288":0.07080291442579097,"289":0.47902896397579375,"290":0.42425897139876384,"291":0.5859039000706567,"292":0.5280149754907086,"293":0.18721450956534974,"294":0.2150765012138686,"295":-0.09604463414485356,"296":0.17886478574097442,"297":0.13710522779241363,"298":0.35214852564421645,"299":0.6084591867445981,"300":0.20466457657488346,"301":0.20475154259073025,"302":0.23467401965777313,"303":0.16665091486933964,"304":0.20447975616344005,"305":0.1405721101390283,"306":0.20447975616344005,"307":0.03112622643988955,"308":0.08272751945880508,