{"1":-1.1766289728753399,"2":-1.0089718141768838,"3":-1.1167882584694322,"4":-0.06787542692921478,"5":-10.265031757449856,"6":2.1231878602885703,"7":-1.1069150605909313,"8":-0.36368830134213614,"9":-0.36368830134213614,"10":-0.04709892225992551,"11":-0.04709892225992551,"12":-0.3181638520537178,"13":-0.3181638520537178,"14":-0.11657575225764472,"15":-0.11657575225764472,"16":-4.374735249271158,"17":-4.374735249271158,"18":-4.374735249271158,"19":-3.9323753426355865,"20":-3.9323753426355865,"21":-0.6239371677482816,"22":-0.6239371677482816,"23":4.555580451966364,"24":-0.030100530558481164,"25":-0.81875355638819,"26":0.9960885466016247,"27":2.9170880090141647,"28":1.262744921906429,"29":-1.5967924533697762,"30":1.4111899902429976,"31":-0.9735154914201125,"32":1.900618857619759,"33":0.08044297493727726,"34":-0.09368054575439988,"35":-0.09045601939623327,"36":-0.021110242302694315,"37":-0.12339224157544326,"38":-0.27892609290170933,"39":-1.2035213181470736,"40":-0.4564354407167378,"41":-0.1136242777725685,"42":-0.2459658450049802,"43":-0.5190082149093513,"44":-0.7388165065059007,"45":-0.16271583026785563,"46":-0.7148714739748943,"47":-0.8249691524368574,"48":-0.34694065168190713,"49":-0.3831923696681421,"50":-0.3831923696681421,"51":-0.34694065168190713,"52":-0.34694065168190713,"53":-0.7549154092330933,"54":-0.7549154092330933,"55":-0.04133331911650193,"56":0.16112210925045223,"57":-0.3657061607745139,"58":0.17314356923380292,"59":0.4416473416710678,"60":0.001737971332410937,"61":-0.1306208940431255,"62":0.38797473226961343,"63":0.08746814700378658,"64":1.0202930647201454,"65":-0.013097467940704655,"66":0.6812882233259434,"67":-0.023455023883324433,"68":-0.44295165281709936,"69":-0.3454132637735827,"70":-0.05199631752918504,"71":-0.2878343568961401,"72":-0.42595331448284024,"73":-1.0810558494238327,"74":-0.15921902594674509,"75":-0.4322300807475337,"76":-0.98216018316035,"77":-1.5174918206782306,"78":-3.124865762347651,"79":-1.5493265559753848,"80":-1.2816795629785214,"81":-1.6878865261198157,"82":-1.339426279916041,"83":-1.861890207529488,"84":-1.347738621492692,"85":-1.748586702791211,"86":-1.4883972633447178,"87":-1.4883972633447178,"88":-1.3298366559735357,"89":-1.3298366559735357,"90":-0.016103941593526697,"91":0.0057287320425053745,"92":0.0030409220093788308,"93":-0.0058648493982840465,"94":0.00024044783822272167,"95":0.01681037146983157,"96":0.004486889267726182,"97":-0.028949165059105095,"98":0.0012250048414207161,"99":-0.16806436596497853,"100":-0.3851614579736762,"101":-0.7525723082823044,"102":-2.5772676513446893,"103":-0.6180597194578183,"104":-4.433372097671704,"105":-1.0034640008759557,"106":-1.9586263205021233,"107":-0.17725949136211283,"108":-1.502752741627415,"109":-0.5520450765229599,"110":-0.2435530283597216,"111":-1.102167205554966,"112":-1.0307737036321092,"113":-0.9703793650648433,"114":-1.8669659161816323,"115":-1.3375866178072795,"116":-6.230023922597232,"117":-1.0632424767797302,"118":-0.9987203752260765,"119":-1.059521446873025,"120":-0.9606219271550871,"121":-3.0740420087773153,"122":-1.3548499089663795,"123":0.37632476686802385,"124":-4.398911654337713,"125":-0.4394474747959296,"126":-0.4394474747959296,"127":-0.1830512014308986,"128":-0.0987471038558616,"129":-1.0917854583058526,"130":-0.4394474747959296,"131":-0.4394474747959296,"132":-0.36675081808030585,"133":-1.459345732504284,"134":-0.3297727703607566,"135":-1.2244403667492954,"136":-0.38303586769596065,"137":-0.4328551384712138,"138":-0.07702444935939035,"139":-0.47962720234064815,"140":0.15484090155459584,"141":-0.03027105425051757,"142":-3.0230091204973117,"143":-0.2999801965253005,"144":-0.21871197158796862,"145":-1.8412025347936134,"146":-0.008381134919723143,"147":0.05148438388516352,"148":0.09368711116109574,"149":-0.49156391410679046,"150":-1.2022821537425852,"151":-0.5021341176545273,"152":-0.30249207043498894,"153":-1.5388787308100844,"154":-0.8045551959154447,"155":-0.45168143737900657,"156":0.13111038527542496,"157":0.014918093173864166,"158":-0.157303998472887,"159":-0.429623328595685,"160":-0.8605288696665965,"161":0.206219105416508,"162":-0.6819663771950433,"163":-0.6697691878570031,"164":-0.40953808961354954,"165":-0.1748086698171436,"166":0.0680907622729654,"167":-0.5009840101146656,"168":-0.22975339677334605,"169":-0.19658788311720876,"170":-0.7805526340935252,"171":-0.645321457053535,"172":-0.09752757542524981,"173":0.14695822892732702,"174":0.16414557162418664,"175":-0.3417737029679997,"176":-0.5435898239915598,"177":-1.4495014905232897,"178":-0.297681083193704,"179":-0.16941694575314137,"180":-1.8698773479118285,"181":-2.861324389068851,"182":-2.3064572030255714,"183":-1.318608349284422,"184":-0.7682940395303999,"185":-0.8634449918723561,"186":-0.8002289178956452,"187":-0.7312496854025907,"188":-0.27661649707754954,"189":-0.2737226948600182,"190":-0.40388575081335576,"191":-0.6251316199769428,"192":-0.2637872877984875,"193":0.28122860739427735,"194":-0.1551326012665597,"195":0.487941593768487,"196":-0.017245345801753853,"197":-0.04096600746540635,"198":0.022946289839951173,"199":0.09307252884262796,"200":-0.21070612747697925,"201":-0.15238957703594158,"202":-0.15238957703594158,"203":-0.8475520558229355,"204":-0.9932324810368345,"205":-1.000667897055524,"206":-0.7810863110674151,"207":-0.05545743073751841,"208":-1.8566888524366347,"209":-3.013945020996209,"210":-3.00458619092327,"211":-2.3743236332427524,"212":-3.062736397732972,"213":-3.4742928864152107,"214":-2.637763544845412,"215":-0.8235948194497917,"216":-0.752102824536629,"217":-0.5630869044945652,"218":-0.31772199298352977,"219":-0.5716858004858356,"220":-0.5875822107715849,"221":-1.062201563114987,"222":-0.9695471261996798,"223":-2.7546623080801833,"224":-1.7099786279659364,"225":-1.3007528864564133,"226":-0.603207860514041,"227":-2.3447039614112333,"228":-1.7265877213674168,"229":-1.0452510271092144,"230":-0.18836647497907077,"231":0.02200360641301602,"232":-0.17339765104740645,"233":-1.028568159950318,"234":-0.4391694548318248,"235":-0.5980730766030438,"236":-0.3753653469428184,"237":-0.6690444398295874,"238":-1.2031222397250851,"239":-1.1951528552627242,"240":-1.1951528552627242,"241":-3.9415134285017768,"242":1.861173404625886,"243":-4.3282876906133305,"244":-1.9757262781652725,"245":-2.747768553570885,"246":0.239980422878046,"247":-0.7498978918612462,"248":-0.03673558697092805,"249":1.1852039036762565,"250":0.3831366360607358,"251":0.7128657853153417,"252":-1.2177306123419416,"253":-2.2566889660572276,"254":-2.2654781706944656,"255":-1.90390230787438,"256":-1.90390230787438,"257":-1.116035165723889,"258":-1.116035165723889,"259":-0.30107343132491127,"260":-0.30107343132491127,"261":7.042349537641422,"262":-2.5800340845370346,"263":9.070980481025334,"264":2.2932088743524224,"265":0.11690520999225984,"266":-0.6907382218552436,"267":2.2751193492040445,"268":2.2751193492040445,"269":2.2751193492040445,"270":1.5027317438435,"271":1.5027317438435,"272":0.10373308105587897,"273":-0.032651841188365616,"274":-0.32067735803126385,"275":-0.14520128335139004,"276":-1.9710280632835393,"277":-0.762285196657219,"278":-0.7066454188723607,"279":-1.4189379571609693,"280":0.17413438260756564,"281":-4.57890524087675,"282":-2.454971528465548,"283":-3.1829359207962877,"284":-10.333729711351005,"285":-10.115829065803,"286":-0.3889534687926597,"287":-2.163806290183226,"288":-1.1367588116473923,"289":-0.1801176338180534,"290":-0.5215951751789966,"291":-1.1908254656873187,"292":-0.3226545414782932,"293":-1.7946406786497766,"294":-2.075491484983208,"295":-2.294307054403423,"296":-0.36278183426092037,"297":-3.515606743813539,"298":-0.44120421347899663,"299":-1.7657552088580308,"300":-0.4808956359644381,"301":-0.019571808287351278,"302":-0.6724007795501268,"303":-0.16410314592433517,"304":-0.5866891842220923,"305":-0.49143175473237055,"306":-0.5866891842220923,"307":-11.194464605269468,"308":-0.8079219245235976,"309":-0.3957146775667113,"310":-0.42851832135479606,"311":-0.359795298715738,