{"1":-0.39103466988647084,"2":-0.3072404505946338,"3":-0.43099398911761955,"4":-0.643430348177962,"5":-0.09537399570006322,"6":-0.3536495605340466,"7":0.7444684189365613,"8":-0.8750561414985594,"9":-0.8750561414985594,"10":-0.4629418544629722,"11":-0.4629418544629722,"12":-0.15126221302513,"13":-0.15126221302513,"14":0.24509634904032662,"15":0.24509634904032662,"16":0.27153900347694293,"17":0.27153900347694293,"18":0.27153900347694293,"19":0.7500582764443049,"20":0.7500582764443049,"21":0.6155817171416107,"22":0.6155817171416107,"23":0.0021986283113140104,"24":0.36276013642491467,"25":0.6480475460996586,"26":0.09312405258513223,"27":-0.049486793512600435,"28":-0.2090716795442078,"29":0.5232099354540525,"30":0.16443940305638982,"31":0.09512813063228309,"32":-0.22503521453488107,"33":-0.12875289757373265,"34":-1.0705964985781824,"35":-1.0972831201082558,"36":-0.6474401063136925,"37":-0.42807069660144137,"38":-0.7327698012089066,"39":-0.12484619966527966,"40":-0.5342037507433615,"41":-0.435987195433988,"42":-0.14346657493424253,"43":-0.6105275621978441,"44":0.4080418934987913,"45":-0.8796624839258085,"46":-0.48962718934695904,"47":-0.9875612637924869,"48":-0.4422271516400089,"49":-0.802644354846402,"50":-0.802644354846402,"51":-0.4422271516400089,"52":-0.4422271516400089,"53":0.39030937750612793,"54":0.39030937750612793,"55":-1.5570825915851145,"56":0.4440507982772268,"57":0.4371897909466531,"58":-0.3637639998544602,"59":-0.1336077610941988,"60":1.6968962003078936,"61":0.8206654623474918,"62":0.7057418436966505,"63":0.2719582143051851,"64":0.4298752017345766,"65":0.7618021678074203,"66":1.4521289009589875,"67":0.017306797973229315,"68":1.762599314427641,"69":-1.098266952769479,"70":-1.5110106117988202,"71":-0.42815372589290845,"72":-0.338264745811081,"73":-0.14905857857125238,"74":-0.7725516809510324,"75":0.3411631833346558,"76":-0.34577059769376284,"77":0.01702432855871372,"78":0.4727661835179573,"79":0.03458121262595881,"80":-1.0069206148368304,"81":-0.28900042810683235,"82":1.0448060510083392,"83":0.2970493455242149,"84":0.32419869893429887,"85":1.5513142725013864,"86":0.5380056320742286,"87":0.5380056320742286,"88":-2.1154122958753874,"89":-2.1154122958753874,"90":0.1820809013160236,"91":-2.105071359347889,"92":-0.9559963566658318,"93":-0.3952974744301727,"94":-1.5063290856188614,"95":1.3713635837880922,"96":-0.46186594356304767,"97":0.0019162972102506615,"98":1.3373441142622813,"99":-0.7649938511863228,"100":-0.38717413826811065,"101":0.40531519896562607,"102":-0.5039259949070818,"103":-0.3185522733366879,"104":0.055901147623005354,"105":-0.5559257888300766,"106":-0.30015486056552554,"107":-0.39811437093109614,"108":-0.6319741320310306,"109":-0.3302911439406975,"110":0.23154258138880657,"111":-0.35217960477244326,"112":-0.3025026859674318,"113":-0.5857839207957758,"114":-1.2969832575499893,"115":0.15401775031774667,"116":0.8701087948228832,"117":0.09920768994249496,"118":-0.19728130877512395,"119":-0.31365980383395176,"120":-0.27722871759770484,"121":-0.030739009938836492,"122":-0.40400029815640437,"123":-0.3417356566453522,"124":-0.40093289656541353,"125":-0.4104078604436294,"126":-0.4104078604436294,"127":0.03630535494041709,"128":-0.24756857103145924,"129":-0.25762421634876675,"130":-0.4104078604436294,"131":-0.4104078604436294,"132":-0.1700270356556306,"133":1.1261893519463158,"134":-0.9076581148742955,"135":-0.9693988641112181,"136":-0.702493894114621,"137":-0.6094555213986323,"138":-1.5863087369907891,"139":1.5553705313705528,"140":-1.6384762235564416,"141":-1.617495839174886,"142":2.0278925701904935,"143":-0.5404687779216317,"144":-0.587968294209869,"145":0.17258988415114462,"146":-2.798630952369174,"147":-0.7643459295120518,"148":-1.010084677288579,"149":-0.908825256291808,"150":-1.7766653512809034,"151":-0.9702418735487544,"152":-0.9181742160959261,"153":-1.116786243777455,"154":-0.9717345869781173,"155":-1.0068098974584334,"156":-0.8969028278313731,"157":-1.6984089031720657,"158":-0.8125995075522923,"159":-0.6976470014139617,"160":-0.46998290483932337,"161":-2.08302263778906,"162":-1.0342552473324567,"163":-0.5848751616647783,"164":-2.7255751139029716,"165":-0.941967406098926,"166":-1.3322879860346029,"167":-0.5244769420209074,"168":-1.0938513146794455,"169":-0.8821571761176661,"170":-0.4905993553205912,"171":-0.18198020088272981,"172":-0.5935859835235262,"173":-0.8307530966670176,"174":-0.7517218332633329,"175":-0.8941133275979318,"176":-0.637968242797875,"177":-0.39721292663089436,"178":-0.8947117400421982,"179":-0.4911432629730146,"180":-0.9341910758965031,"181":-0.768786096317535,"182":-0.5876088017050485,"183":-0.8747766437935391,"184":-0.539818896956296,"185":-0.39473907415215326,"186":-0.7197873243288528,"187":-0.7842555486710219,"188":-1.099282828125523,"189":-0.8203209239136737,"190":-0.6695058977383281,"191":-0.6449777107854802,"192":-0.9841173630475009,"193":-1.5343620896370336,"194":-0.8245852902740012,"195":-1.2782599855663745,"196":-1.106764087281277,"197":-0.9770585183032869,"198":0.27445955414265866,"199":-0.9658287719989667,"200":-0.9058914666031685,"201":-1.1485226117608924,"202":-1.1485226117608924,"203":-1.1041451181107005,"204":-1.3239787796678537,"205":-0.9662340361482142,"206":-1.1209434911344545,"207":-0.9731003983328039,"208":-0.7894324569089526,"209":-0.9210799894578321,"210":-1.2279140602064778,"211":-1.2574748661821329,"212":-1.2694821863744816,"213":-0.6640140289341216,"214":-0.4646345083501968,"215":-0.8916900143524344,"216":-2.213967276030819,"217":-1.0928352015080423,"218":-1.3871985624541172,"219":-1.6622735273260973,"220":-1.7927154601432171,"221":-1.5716892349067928,"222":-1.5813057994999764,"223":-1.130860175075131,"224":-0.9464414136954535,"225":-0.4895967922539539,"226":-0.9065918386453564,"227":-1.3788742302703856,"228":-1.3456243822934555,"229":-0.7725680997400555,"230":-1.9233400022851042,"231":-1.5723623924530146,"232":-1.2040808484916128,"233":-0.7982224258373707,"234":-1.837088936700162,"235":-1.0797873906275872,"236":-1.2311104969335815,"237":-1.1837954595016362,"238":-0.8383292149202017,"239":-0.6665248393954442,"240":-0.6665248393954442,"241":-0.040977541348927726,"242":-0.4799429761219993,"243":0.0526747252016726,"244":-0.10062579599661525,"245":-0.3519195245039475,"246":-0.009644180972717464,"247":0.501690201119025,"248":-1.1014984196360045,"249":-1.109917596748808,"250":-0.40194833540153185,"251":-1.3783875171184263,"252":-0.49348347819956806,"253":0.5314064281679747,"254":-0.06696162944658601,"255":-0.037672490784524504,"256":-0.037672490784524504,"257":-0.0801441457848937,"258":-0.0801441457848937,"259":-0.04360000347631887,"260":-0.04360000347631887,"261":0.019443740614431215,"262":1.6398119947549414,"263":-0.15488815756946672,"264":0.5683881430505318,"265":0.18431969610134402,"266":0.4123471058299988,"267":-0.01787844897526525,"268":-0.01787844897526525,"269":-0.01787844897526525,"270":1.2532903250163772,"271":1.2532903250163772,"272":0.03714285755249602,"273":0.05053712307991676,"274":0.7094984977996603,"275":1.627435032380124,"276":0.730625772557663,"277":2.278606648516967,"278":1.489491208588249,"279":0.5338128789509521,"280":-0.4365850612963218,"281":0.10301274267028049,"282":-0.19060641559154146,"283":0.8728573712759804,"284":-0.08390540995868467,"285":-0.6990823708977081,"286":-1.8472555991533546,"287":0.6589183759535571,"288":1.398335562003675,"289":-0.8866222212563306,"290":-0.29721153005529466,"291":-0.6305550340669028,"292":-0.5665627349810398,"293":-0.27095997953017426,"294":-0.1712990404336221,"295":0.4781067277586528,"296":-0.03398266704317776,"297":-0.5847181034770941,"298":0.18482866735193593,"299":0.43750507306966036,"300":-0.4841793571402304,"301":-1.6759721123009257,"302":-1.0407659619928245,"303":-0.6731577984814345,"304":-1.490121935108525,"305":-0.4537799107651699,"306":-1.490121935108525,"307":0.8477197021418892,"308":-0.11531088379974008,"309":-0.4779198890518934,"310":-0.4312406165147351,"311":-0.03309942000842181,"312":-0.1928746702962627,