{"1":0.21488397397428816,"2":0.3126570827773195,"3":-0.024724817902363944,"4":0.3953667756180682,"5":0.3254088447674972,"6":0.221683448112497,"7":0.33755021714687206,"8":0.4398569517701619,"9":0.4398569517701619,"10":0.7641958197516598,"11":0.7641958197516598,"12":0.29976169103209066,"13":0.29976169103209066,"14":0.2974051780890374,"15":0.2974051780890374,"16":0.023074019583108257,"17":0.023074019583108257,"18":0.023074019583108257,"19":0.14604408378004965,"20":0.14604408378004965,"21":0.3929351183195676,"22":0.3929351183195676,"23":0.015884877338365994,"24":0.24082137811201298,"25":0.08167139967690198,"26":-0.03021055232229923,"27":0.028727156003037352,"28":0.12223078057683306,"29":0.09429723080204183,"30":-0.059390020855542125,"31":0.008293332648863366,"32":-0.002737904252928386,"33":0.052164770125939675,"34":-0.085242206396459,"35":-0.06340836817249274,"36":0.001017867500074654,"37":0.13486799347234335,"38":0.19253303258728727,"39":0.26489398714018664,"40":0.04276456911023924,"41":0.08258740430051731,"42":0.009603211506367837,"43":0.1320959940053934,"44":0.2257512639228423,"45":0.11741951627255448,"46":0.24147726536065056,"47":0.12722470167984715,"48":0.23875043195235846,"49":0.07836035953539788,"50":0.07836035953539788,"51":0.23875043195235846,"52":0.23875043195235846,"53":0.2247772771558918,"54":0.2247772771558918,"55":-0.08599566771941775,"56":0.04637889636356826,"57":0.029195938463595916,"58":0.15316665813025365,"59":0.098388882207089,"60":-0.2048548309665409,"61":0.13379206999732407,"62":0.03055230201332565,"63":0.07365504915058876,"64":-0.003640371832591527,"65":-0.010286195375840135,"66":0.22062634349857957,"67":0.011549710697041693,"68":0.07634964851022974,"69":0.009038677265549577,"70":-0.042185635906363594,"71":-0.00866500702226447,"72":0.016639540586423418,"73":0.2853660775845546,"74":0.12835676694441994,"75":-0.032075638473545054,"76":0.14449165722186624,"77":0.07088569459170407,"78":0.0243064563788698,"79":0.10827164346836576,"80":0.08572632668094321,"81":-0.03934547735155641,"82":0.0024453684290902666,"83":0.1544956893440818,"84":0.24025121538275418,"85":0.04389091703710546,"86":0.012323050451320205,"87":0.012323050451320205,"88":-0.012237046965486775,"89":-0.012237046965486775,"90":-0.04531204935630673,"91":-0.06317078769562434,"92":-0.09557972631683453,"93":-0.00946306184245016,"94":-0.2833479980187801,"95":-0.04004782317758093,"96":-0.24375312647683406,"97":-0.09971087154418373,"98":0.1038398484630143,"99":-0.09344747705301132,"100":-0.01957971099033104,"101":-0.0065242808768303795,"102":0.053705421481989146,"103":-0.04889684623602897,"104":-0.04985856509475428,"105":0.02125339879154159,"106":0.0923719223012176,"107":-0.02338291917921942,"108":0.013761850063165881,"109":0.07170223166502454,"110":-0.06323930597092325,"111":0.017299808483913104,"112":0.052836856869741655,"113":0.01754857088186751,"114":-0.002666451610929904,"115":0.17695645809711918,"116":0.1683277693899432,"117":0.007085522338892203,"118":0.02813475282492539,"119":0.06047251607573839,"120":0.07817378720332296,"121":0.023834922372917844,"122":0.04200057255908096,"123":-0.007047498176989353,"124":0.08382547233173909,"125":0.017576577443691066,"126":0.017576577443691066,"127":-0.17609909583841887,"128":-0.03229048924104383,"129":-0.021926642312234762,"130":0.017576577443691066,"131":0.017576577443691066,"132":0.1563035082911829,"133":0.10164663382369177,"134":0.1802442095376462,"135":0.2449619074809457,"136":0.09425233634241686,"137":0.34456763705458476,"138":0.20492499235766115,"139":0.39323634927642404,"140":-0.014100566226996403,"141":0.14315225360599082,"142":0.21719958013542406,"143":-0.013361450542844322,"144":-0.17491165135741005,"145":0.4133608740004112,"146":0.0513905579972227,"147":0.16476996959257006,"148":0.006742785298826326,"149":-0.07228669195274973,"150":-0.017284079233381155,"151":-0.2874392231934061,"152":0.08508845839918933,"153":0.075706903262453,"154":0.05742138981602435,"155":0.08164209675801615,"156":0.09820760759989622,"157":0.03725163408090304,"158":0.16424358819975882,"159":-0.044393901625575216,"160":0.09536179976981801,"161":-0.10844595469859097,"162":-0.03664375586718782,"163":0.10510875738106473,"164":0.08912444836144129,"165":-0.003367514379327363,"166":0.041692490756660594,"167":0.13132755730797074,"168":0.05486631747406001,"169":0.1583536775601333,"170":-0.0063875241134133676,"171":-0.05113347272256208,"172":0.04365788272098048,"173":0.4155775523739816,"174":0.09115468545770256,"175":0.2854782632937656,"176":0.09809750478238582,"177":0.2627253441291617,"178":0.2864283209946414,"179":0.11622966086816067,"180":0.04362170629468254,"181":0.22308730517713027,"182":0.13067477354718954,"183":0.18815453687760686,"184":0.23169033215258605,"185":0.167933861555908,"186":0.24067915477436796,"187":0.07333815819990497,"188":0.2860925505816244,"189":0.3666348909698249,"190":0.24755746990089078,"191":0.30188370098905526,"192":0.32869365548059026,"193":0.06236914865951515,"194":0.11779689829476847,"195":-0.006199436807600045,"196":0.291608182170901,"197":0.2106303574200269,"198":0.253637831693159,"199":0.19590556790338898,"200":-0.003562649698961251,"201":-0.032300095372027826,"202":-0.032300095372027826,"203":0.019039293708556948,"204":0.040891985084205384,"205":0.05022896767043458,"206":0.10902998842191411,"207":0.019627057513218527,"208":0.06151440093311264,"209":0.03635066408703322,"210":0.09745345072382344,"211":0.028811569436391404,"212":-0.013723797496496382,"213":0.01468376396163601,"214":0.08688158406571284,"215":-0.004052959828111602,"216":0.1822736265684991,"217":0.2293354181172932,"218":0.35043747070349685,"219":0.25527905913792426,"220":-0.002753088979172813,"221":0.03501593612032228,"222":0.12140460546235227,"223":0.13136041552667915,"224":0.1377292189236955,"225":0.09328023846029951,"226":-0.019696860304763142,"227":0.1103871556794711,"228":0.05526599921496905,"229":0.07133471912512984,"230":0.10474130931742975,"231":0.18064020757727933,"232":0.05320040095242906,"233":0.25655893724752366,"234":0.12137882556660406,"235":0.14676094129733203,"236":0.1816614774061625,"237":0.04230262019565134,"238":-0.13324038272083621,"239":-0.028186196755016324,"240":-0.028186196755016324,"241":0.11787100899470804,"242":0.06498035401751737,"243":0.016984904275838264,"244":-0.05594340764107941,"245":-0.07446807342432635,"246":0.07215640547077676,"247":0.05813848026984686,"248":0.507443327760441,"249":0.028444304607681464,"250":0.0774000242761376,"251":0.1272319975767911,"252":-0.009097339981228664,"253":0.0020481434663679604,"254":-0.015126482608383854,"255":0.08107196854087775,"256":0.08107196854087775,"257":-0.009299529436700371,"258":-0.009299529436700371,"259":0.06096655501908729,"260":0.06096655501908729,"261":-0.007735251250635983,"262":0.02455893002927273,"263":0.005436324192320319,"264":0.08766867694767233,"265":-0.2589894484820966,"266":-0.009508163155152433,"267":0.05833825181878141,"268":0.05833825181878141,"269":0.05833825181878141,"270":0.34578953929122624,"271":0.34578953929122624,"272":0.007067654128443013,"273":0.04997922233396204,"274":-0.1544731165214512,"275":-0.057682303337353746,"276":0.09607104744879663,"277":0.2118755928432724,"278":0.15096277223981458,"279":-0.034303559755504476,"280":0.02721510499510779,"281":0.007361535591632648,"282":-0.14990869708844543,"283":-0.2599541742950173,"284":-0.039199265843114894,"285":-0.059526899845079646,"286":-0.14473758031310435,"287":0.08492837825123505,"288":0.47989438248568883,"289":0.10215329014553698,"290":0.07663229606729344,"291":-0.1753710927592484,"292":-0.08383107417080915,"293":0.19203552395584894,"294":-0.1268863817705705,"295":0.22449137711231792,"296":-0.029219617785069485,"297":-0.03905849136938666,"298":-0.20357871692599686,"299":0.1503332329899082,"300":0.05027482927277216,"301":0.05813690215387912,"302":0.16884729388148045,"303":0.2728208085642666,"304":0.059968076490011235,"305":0.370124027514771,"306":0.059968076490011235,"307":0.3923288214803779,"308":0.06674592000064072,