{"1":-0.4104864414560587,"2":-0.44627727552504554,"3":0.028664503974162203,"4":-0.13975518889526292,"5":-0.6448978440598638,"6":-0.2606600302597298,"7":-0.4174669388259941,"8":-0.48872120928150514,"9":-0.48872120928150514,"10":-0.0398252809155111,"11":-0.0398252809155111,"12":-0.47553658753521577,"13":-0.47553658753521577,"14":-0.4724841654236298,"15":-0.4724841654236298,"16":-0.868176189146874,"17":-0.868176189146874,"18":-0.868176189146874,"19":-0.9918919430966748,"20":-0.9918919430966748,"21":-0.13771317361567786,"22":-0.13771317361567786,"23":0.22164475247633536,"24":-0.03544201026742033,"25":0.2725806035436904,"26":-0.0912089858855416,"27":0.07615577580709232,"28":0.3443681007019451,"29":-0.0422368134701917,"30":-0.17762664042159515,"31":0.15715120420883943,"32":0.3477592861939842,"33":-0.0447817601478776,"34":0.3957241945810367,"35":0.07153982230250261,"36":0.012775774018096042,"37":-0.060281500815130395,"38":0.016882367924585584,"39":-0.7545035926198268,"40":-0.04680459749877297,"41":-0.06708738414614052,"42":-0.12363940489508063,"43":-0.2915600707379943,"44":-0.4889559045829186,"45":-0.13359835142461207,"46":-0.5465852072851586,"47":-0.6561547472069089,"48":-0.1822501944739035,"49":-0.08769970812551309,"50":-0.08769970812551309,"51":-0.1822501944739035,"52":-0.1822501944739035,"53":-0.5266160300983199,"54":-0.5266160300983199,"55":-0.01586898043311747,"56":0.22836879397864085,"57":-0.06340992589832639,"58":0.18542048280850812,"59":0.7000690099567222,"60":-0.07205507260934069,"61":-0.09695711301525625,"62":0.038378958926579915,"63":0.17492799983721005,"64":0.14859301428243227,"65":0.002854061571137545,"66":0.0954792131708162,"67":0.010633316574516716,"68":-0.2177407342280196,"69":-0.023554603513120442,"70":0.033319781845543045,"71":-0.06213291444788663,"72":-0.1536328050490391,"73":-0.21266186425091904,"74":0.15712160969238387,"75":-0.06472205944460113,"76":-0.08489282927337538,"77":-0.2018244924774984,"78":-0.7561964209236246,"79":-0.6602688427724871,"80":-0.32227993961274204,"81":-0.24452462290280658,"82":-0.18020410529531677,"83":-0.04520825939060846,"84":-0.01873913023652099,"85":-0.06361932296000758,"86":-0.24490371359406174,"87":-0.24490371359406174,"88":-0.135100340561839,"89":-0.135100340561839,"90":0.000291464504233601,"91":0.005499838918207427,"92":0.0006991709750126026,"93":-0.010172308940703416,"94":-0.014695535179802625,"95":0.006914695583859494,"96":-0.002249207850066732,"97":-0.005769232016558969,"98":-0.005491604495088934,"99":-0.5023909043294161,"100":-0.4793747704964103,"101":-0.8051007244729809,"102":-0.47425637993703706,"103":-0.013021985179648365,"104":-0.40741238632544363,"105":-0.23619703859300156,"106":-0.4862114286013336,"107":-0.3277289733018504,"108":-0.5164414527551378,"109":-0.14052180633422462,"110":-0.18330227567016777,"111":-0.14678184212159223,"112":-0.3522554991879808,"113":-0.3292326389605467,"114":-1.160718640943852,"115":-0.9252150382916453,"116":-1.2563210538620924,"117":-0.4789807171022824,"118":-0.48744313224725677,"119":-0.6360492084020604,"120":-0.6460760151901355,"121":-0.5683736255690802,"122":-0.8199757582477559,"123":-0.06049457790238111,"124":-0.5546588739120624,"125":-0.4085687322470273,"126":-0.4085687322470273,"127":-0.049842814923859446,"128":-0.12404126117797998,"129":-0.5693780900472862,"130":-0.4085687322470273,"131":-0.4085687322470273,"132":-0.19573684707038058,"133":-0.3452489674158723,"134":-0.14112569137091063,"135":-0.783642952595203,"136":-0.40665488609998013,"137":-0.32934893065478676,"138":0.11892104943912307,"139":-0.06516674900553177,"140":0.17884302246522332,"141":-0.006660177487056385,"142":-0.5617563804963643,"143":-0.15406498921540585,"144":-0.13654377648455301,"145":-0.21899342383491316,"146":-0.021277767472066778,"147":0.0504619775632239,"148":-0.021572979839024398,"149":-0.4435397390072815,"150":-0.22637286788564615,"151":-0.182454645848529,"152":-0.18705936738584372,"153":-1.00290603762533,"154":-0.5275518959578854,"155":-0.30730554797164056,"156":0.10201939962202644,"157":-0.042693577469304744,"158":-0.038359052524055026,"159":-0.29643167713047636,"160":-0.34215438534029385,"161":-0.0396299237962523,"162":-0.08456308374322008,"163":-0.22606870877732577,"164":-0.22919056909066632,"165":0.11617202850211916,"166":0.11249977469028172,"167":-0.19856114365767796,"168":-0.02167326662810931,"169":-0.016615968744613352,"170":-0.17291545997754387,"171":-0.25281581273115394,"172":-0.11983739639850388,"173":0.02768425234176719,"174":0.2827522296466657,"175":-0.009262092251584364,"176":-0.3441298193030973,"177":-0.2785798965179377,"178":-0.059499936839070344,"179":-0.059445945638725906,"180":-1.193713460253037,"181":-1.6075062909575983,"182":-1.2317895272874768,"183":-0.6734175769626212,"184":-0.5166453712795995,"185":-0.4441365727879324,"186":-0.11621843043279789,"187":-0.3258885445304974,"188":0.07322850112736418,"189":-0.12196677945606005,"190":-0.15021773423348073,"191":-0.21714033019704027,"192":-0.09422390027970107,"193":0.15804928471264468,"194":0.12572235822053424,"195":0.3060277536602901,"196":-0.04330282491060644,"197":0.02126803012104994,"198":0.031788539105007674,"199":0.12066059233224535,"200":-0.12870312198646422,"201":-0.31942215965477583,"202":-0.31942215965477583,"203":-0.6825775117300306,"204":-0.8040330319447236,"205":-0.8944011111047087,"206":-0.7482130849992374,"207":-0.04513929033606434,"208":-1.2202737751789243,"209":-2.229475643287693,"210":-2.626007361327434,"211":-1.8623711310945115,"212":-1.5896516025976792,"213":-2.152816428070021,"214":-1.2781633513216635,"215":-0.5007383408637349,"216":-0.5968102087463778,"217":-0.46486332144918097,"218":-0.3582606883507395,"219":-0.43029879868137333,"220":-0.4901057619549203,"221":-0.7437487733083872,"222":-0.625116537360655,"223":-1.2860394213032906,"224":-0.8471154320486156,"225":-0.5974559872436168,"226":-0.28092949327260275,"227":-1.2311042583960552,"228":-0.978501205185143,"229":-0.4466042673711659,"230":-0.10570614758116759,"231":-0.018476666534446684,"232":-0.29879726027025055,"233":-0.7113208914786558,"234":-0.33409950967970237,"235":-0.35138222180768,"236":-0.437087848535304,"237":-0.4759130957969888,"238":-0.7248232658323529,"239":-0.48729806522128716,"240":-0.48729806522128716,"241":-0.30913014980134934,"242":-0.0009677975832393937,"243":-2.790190839208998,"244":-0.2987478855654647,"245":-0.658946726362305,"246":-0.13518970873012937,"247":-0.9592884054031533,"248":-0.14258348901691792,"249":0.48656502489939313,"250":0.0929322786498516,"251":0.188990553474216,"252":0.17297211989567257,"253":-0.7282202203557213,"254":-1.108894503368688,"255":-0.8017218559901053,"256":-0.8017218559901053,"257":-0.238373910770735,"258":-0.238373910770735,"259":-0.20425305724324994,"260":-0.20425305724324994,"261":-0.5897510807064146,"262":-0.6499281921303924,"263":-0.22600998516792703,"264":0.30092056316944826,"265":-0.15180930818085903,"266":-0.2630674989646027,"267":-2.049122171753827,"268":-2.049122171753827,"269":-2.049122171753827,"270":-0.2858581515578438,"271":-0.2858581515578438,"272":0.2459529975665926,"273":-0.17318089485084665,"274":-0.3355904944215218,"275":0.09026331249990371,"276":-0.4724587597008135,"277":-0.15377647903531344,"278":-0.043759446409839975,"279":-0.362145262298237,"280":-1.0294445708051696,"281":-0.9839767448438247,"282":-0.1476072450604583,"283":-0.4729639009817705,"284":-0.7628341956902946,"285":-0.761554613413627,"286":-1.0519667030267743,"287":-0.7333399075725604,"288":-0.12531168888265004,"289":-0.08034266788933206,"290":-0.18463689266492977,"291":-0.35619812220175606,"292":-0.21552827745253345,"293":-0.9043777215442237,"294":-0.4644619407346986,"295":-0.395327645214705,"296":-0.3839567589808708,"297":-1.4457360825568677,"298":-0.3210221840744393,"299":-1.4196152970474574,"300":0.009513345008727914,"301":-0.42356674402394434,"302":-0.3905365299495487,"303":-0.08227485280866087,"304":-0.37442249330232946,"305":-0.2673099157719572,"306":-0.37442249330232946,"307":-1.9873327082551107,