{"1":-0.1965030943840218,"2":-0.14303975772090025,"3":-0.15418040424830792,"4":-0.12626262626262627,"5":-0.030927197377373664,"6":0.05158511007123932,"7":-0.054543867139845076,"8":-0.09127199083957271,"9":-0.09127199083957271,"10":0.04686838664544802,"11":0.04686838664544802,"12":-0.27530669070320374,"13":-0.27530669070320374,"14":-0.08503643378004798,"15":-0.08503643378004798,"16":0.0005883427704213087,"17":0.0005883427704213087,"18":0.0005883427704213087,"19":0.023630145038105423,"20":0.023630145038105423,"21":-0.06871424805346443,"22":-0.06871424805346443,"23":-0.03739634882257799,"24":-0.002600299315270352,"25":0.04355400696864112,"26":-0.05857688120689941,"27":-0.03806579586133735,"28":0.015083866296609147,"29":-0.003405429338235205,"30":-0.005760182198936169,"31":-0.011492695485324726,"32":-0.04318543043617079,"33":-0.021356729747725307,"34":0,"35":-0.11036912447720444,"36":-0.0755981164678266,"37":-0.04507664970304605,"38":-0.09626092311297979,"39":0.10733513220351551,"40":-0.0895866463802925,"41":-0.1427659109178151,"42":-0.06454591791000698,"43":-0.1292308254133198,"44":-0.0408690266793309,"45":-0.11896543450731711,"46":-0.05203492541462655,"47":0.08570054101432087,"48":-0.0477180128135936,"49":-0.262112400910928,"50":-0.262112400910928,"51":-0.0477180128135936,"52":-0.0477180128135936,"53":-0.06941648401520369,"54":-0.06941648401520369,"55":-0.041970648995859505,"56":0.021382527171915328,"57":0.03320620623253827,"58":-0.07774584113633909,"59":-0.06657078909390292,"60":-0.03624995804489234,"61":0.01973046593618802,"62":0.033779214951115924,"63":-0.002896106588654912,"64":-0.05213700944658043,"65":0.044291633404816885,"66":0.14050259962047268,"67":0.06215648858420142,"68":0.015553101640492673,"69":-0.08523075424941395,"70":-0.04785403590076945,"71":-0.09241268448121605,"72":-0.04458671975906306,"73":0.03442993669968339,"74":-0.0163222167200962,"75":-0.13825884787503023,"76":-0.06945999662779885,"77":-0.34635017466688894,"78":-0.10878288532705689,"79":0.02345200891507468,"80":-0.08603721614635006,"81":-0.15807636769520653,"82":-0.3576500582943579,"83":-0.11846798861388282,"84":-0.11908364294394233,"85":-0.09155993676228598,"86":-0.0799696415341087,"87":-0.0799696415341087,"88":-0.11549840727974194,"89":-0.11549840727974194,"90":-0.1701409270223583,"91":0.03764181622583129,"92":-0.045505416575596036,"93":-0.04586674710027569,"94":-0.16849199663016007,"95":-0.06791940201911462,"96":-0.1594022577479577,"97":-0.11630670267610096,"98":-0.15051290478532464,"99":0.06814290573639703,"100":0.24691086910177137,"101":-0.06025905662314504,"102":-0.008366794130493752,"103":-0.01687493255024959,"104":-0.011310316799223757,"105":0.02694110873639717,"106":0.04844791588562758,"107":-0.01483677636821841,"108":-0.0540930600772091,"109":-0.01718700236038708,"110":-0.06329320592495535,"111":-0.0637128362318068,"112":-0.0030581296201697694,"113":-0.044502895263110936,"114":-0.11707356666944004,"115":-0.03615918843123075,"116":-0.020354163214123477,"117":-0.048962188724637395,"118":-0.2312851822747729,"119":-0.0674914081381017,"120":-0.06683360142497577,"121":-0.02111540374297463,"122":-0.0468898447065568,"123":-0.0610320287847326,"124":-0.15605684987799318,"125":-0.02682004423637023,"126":-0.02682004423637023,"127":-0.21127838819258002,"128":-0.06838695277394936,"129":-0.07090953610547891,"130":-0.02682004423637023,"131":-0.02682004423637023,"132":0.17610674105075277,"133":0.10952770555904603,"134":0.0014506179386537255,"135":-0.09812779789856915,"136":-0.005057267629950235,"137":0.24421321437690066,"138":-0.06592828421291537,"139":0.06874950009425682,"140":-0.029796151043729624,"141":-0.02767736591262482,"142":0.4046499844746049,"143":-0.09299762774236442,"144":0.0660377135652454,"145":0.2561942539927644,"146":-0.03886910873815741,"147":0.16204344294290585,"148":0.04333665074742518,"149":-0.046133703170808685,"150":-0.05396283975220749,"151":-0.013074129248011969,"152":0.03170510706540738,"153":-0.056354179625846726,"154":-0.055143808747912054,"155":-0.04965652336744153,"156":0.0623045557779732,"157":-0.007265189658096,"158":-0.10945197443880551,"159":-0.06882738242053368,"160":-0.01814633918417672,"161":-0.06676504051952051,"162":-0.08190696348041573,"163":0.01692353514292934,"164":-0.07395767751233898,"165":-0.030723496817475153,"166":-0.004475938092099702,"167":-0.10980285665516751,"168":-0.04826683609791027,"169":0.02059972496506865,"170":-0.0289474309332812,"171":-0.07592747714682824,"172":-0.04304886730888964,"173":-0.036579230816641425,"174":-0.1612139756342249,"175":-0.05826843411667579,"176":-0.06958920799438759,"177":-0.05799594756298025,"178":-0.03729598888551952,"179":-0.08751466125513065,"180":-0.04038136141660943,"181":-0.024243979311693854,"182":-0.019457013149340584,"183":-0.07766607979897686,"184":-0.09274237734414023,"185":-0.17160637883583982,"186":-0.042734061824959015,"187":-0.077291471770636,"188":-0.049545648422112565,"189":0.011676395160442728,"190":-0.11373642866889712,"191":-0.0547346852906878,"192":-0.04037935557586836,"193":-0.08019816909304879,"194":-0.10295371816329642,"195":-0.059421703308824556,"196":-0.03797915561369572,"197":-0.09900005853154836,"198":-0.0858205821851218,"199":-0.1339719132045574,"200":-0.03860973006188776,"201":0.11218246555757744,"202":0.11218246555757744,"203":-0.02001573605057167,"204":-0.04394527398964071,"205":-0.10007651219048624,"206":-0.0446231770786094,"207":-0.07735317816695705,"208":-0.03473296287107363,"209":-0.015384149389988312,"210":-0.068750468654317,"211":-0.047479622825175316,"212":-0.0227726509766999,"213":-0.03292670512624672,"214":-0.03857046686578708,"215":-0.08398734399188855,"216":-0.013594616671911253,"217":-0.06000479916012585,"218":-0.06672497159732003,"219":-0.013890607638649619,"220":-0.043342532233133106,"221":0.002808074335046526,"222":-0.01801076967744139,"223":-0.04405145511346786,"224":-0.034014000788016446,"225":-0.006635781364207109,"226":-0.05873052431370113,"227":-0.00021468519136072506,"228":-0.05512914747763712,"229":-0.06503730787069627,"230":-0.019795659903353136,"231":-0.13473895488620896,"232":0.02344501374533406,"233":-0.07954729178275599,"234":-0.07332900454572304,"235":-0.0663217213609666,"236":-0.03534532426054239,"237":-0.04037129328828135,"238":-0.0861833838939256,"239":-0.214392195169758,"240":-0.214392195169758,"241":0.0791765637371338,"242":-0.05068423720223011,"243":0.05360019437355959,"244":-0.12241121479192257,"245":-0.06443298969072164,"246":-0.06812397564193104,"247":0.25342118601115055,"248":0.20000679669114424,"249":0.09857072449482504,"250":-0.09149130832570906,"251":-0.12989563785030145,"252":-0.0029171489462721453,"253":-0.039549826541708966,"254":0.02164033758926639,"255":-0.034722222222222224,"256":-0.034722222222222224,"257":0.06418485237483953,"258":0.06418485237483953,"259":0,"260":0,"261":0.12683608147023623,"262":0.018275169551625392,"263":0.022638846021776047,"264":0.0272262365389581,"265":0.21114151020867353,"266":-0.032395003004383215,"267":-0.008820787289561031,"268":-0.008820787289561031,"269":-0.008820787289561031,"270":0.38842602110087426,"271":0.38842602110087426,"272":-0.2339566178604622,"273":-0.020593150965277307,"274":-0.4192932678166329,"275":-0.02889294403892917,"276":-0.9321693985406456,"277":0.1519389576505037,"278":0.12520751608584635,"279":0.0654950332933086,"280":-0.20952680511468258,"281":-0.33672078513106973,"282":-0.8346557198571679,"283":-1.2756454744795145,"284":-0.29604835856543193,"285":-0.15095521225118425,"286":-0.7371124361420096,"287":0.3620564808110065,"288":0.4043380066627316,"289":-0.2340689728345046,"290":-0.27623964197519535,"291":-0.3957923132022191,"292":-0.15711882360939086,"293":-0.03115362951152431,"294":-0.09593418728472294,"295":-0.04804902233520621,"296":-0.03608265170784869,"297":-0.12631536608264787,"298":-0.4023576962183938,"299":0.5464079252837895,"300":-0.16080525666293188,"301":0.07853761794326648,"302":-0.032399604791956915,"303":-0.1630840059616301,"304":-0.02864121741542055,