{"1":0.015878567220226177,"2":0.00034236533987492407,"3":0.047673136875124034,"4":0.22086402955012363,"5":0.1112773787407024,"6":0.05403248669944805,"7":-0.06432712177692021,"8":0.02527642313648408,"9":0.02527642313648408,"10":0.05856982482556052,"11":0.05856982482556052,"12":-0.004954744332641269,"13":-0.004954744332641269,"14":0.011559980966412677,"15":0.011559980966412677,"16":0.0674124313494129,"17":0.0674124313494129,"18":0.0674124313494129,"19":0.05474310272730577,"20":0.05474310272730577,"21":-0.2734902978377878,"22":-0.2734902978377878,"23":0.7967507362990868,"24":1.2507055032915941,"25":0.9180124450763305,"26":0.16815186080845318,"27":1.123312928450337,"28":0.5275649303739216,"29":0.5913453702604107,"30":0.2593712266170232,"31":0.021391567712992166,"32":0.08577410239846738,"33":0.17144429932975166,"34":0.9712594445537642,"35":0.058708688118566485,"36":0.1094964454206003,"37":0.12147247789885011,"38":0.32263627836591735,"39":0.129439760261308,"40":0.10054250440516235,"41":0.07738720277048067,"42":0.16582978471327633,"43":0.14304354131103122,"44":0.3211444592702817,"45":0.03488220037054238,"46":0.0609848610907624,"47":0.06364159702243645,"48":0.12968252229113336,"49":0.10279404524818807,"50":0.10279404524818807,"51":0.12968252229113336,"52":0.12968252229113336,"53":0.16427548230566275,"54":0.16427548230566275,"55":-0.017415669966725056,"56":0.011835406951977573,"57":0.24670859275299048,"58":0.04756155133286474,"59":0.23094730827099752,"60":0.08685322786108668,"61":0.19206558406121724,"62":0.1268658223726809,"63":0.29702867515162046,"64":0.09668297466352846,"65":0.22759864921617518,"66":0.08594374022970105,"67":0.11705370175352847,"68":0.050902898326269895,"69":0.11406616275491832,"70":-0.003015720738588995,"71":0.037964052728915995,"72":0.11709907947437459,"73":0.059903392059459715,"74":0.09896260339124885,"75":0.03510105271549471,"76":0.03496373668209696,"77":0.04359856718796665,"78":0.05400532258738072,"79":0.007403144539910755,"80":-0.025133042807705563,"81":-0.09293934777364629,"82":0.008449531112192432,"83":-0.12250774566001948,"84":0.20852604369171027,"85":0.17009452638206807,"86":-0.04877572150278342,"87":-0.04877572150278342,"88":-0.028532341228277414,"89":-0.028532341228277414,"90":-0.03810347616219628,"91":-0.04029029398571779,"92":-0.021405331345058592,"93":-0.04130252562606282,"94":0.049722505557800334,"95":0.0003987545518821939,"96":-0.015360074593176953,"97":-0.1678210654887446,"98":-0.09929789890399371,"99":0.8298277386300981,"100":0.8290042509416944,"101":0.28241009958123164,"102":0.24351766553215828,"103":0.3195309832805487,"104":0.31990909073769336,"105":0.2486268317232967,"106":0.28650785218801667,"107":0.4961189523007318,"108":0.5106977525527958,"109":0.5621108413953501,"110":0.9410887093485673,"111":0.5938536475907885,"112":0.5116205340754127,"113":0.7184898587611053,"114":1.8091469140537406,"115":0.8995300520538649,"116":0.9797760615926846,"117":1.409886723240963,"118":1.3134552222898999,"119":1.9795133721574354,"120":0.6213171972618783,"121":0.7134907227881996,"122":1.277633133567991,"123":1.9276704120340884,"124":8.48077504970952,"125":1.015573933313489,"126":1.015573933313489,"127":0.6541105094637224,"128":1.389471487481571,"129":0.2825083124558568,"130":1.015573933313489,"131":1.015573933313489,"132":0.061643627545196034,"133":0.025446889257215194,"134":0.07122201870267453,"135":0.04212039786830382,"136":0.030542438876787148,"137":0.017197285443287167,"138":0.05944546928576318,"139":0.04480569021909349,"140":0.08085216821267321,"141":0.1704503026960292,"142":-0.0020680354423609423,"143":0.05687045960112613,"144":-0.0012347321417250715,"145":0.030442038479578715,"146":0.07811995060038117,"147":0.029543599958763912,"148":0.010342299439363142,"149":0.02033927168768638,"150":0.04200181993270776,"151":0.00024590547084555464,"152":0.00991678050980984,"153":0.020807970275863272,"154":0.022911034296773585,"155":0.012267267853400717,"156":0.04202138014225516,"157":0.01783490252250386,"158":0.20975570181568665,"159":0.0025655599907583176,"160":0.018631481145642673,"161":0.026150239671423228,"162":0.06726576720200635,"163":0.08336591405246822,"164":0.06666438643150116,"165":0.23775217637027973,"166":0.2162378343066739,"167":0.21337129577321912,"168":0.5059539100120506,"169":0.29457362315812174,"170":0.3467364174770152,"171":0.28813852036269993,"172":0.12380127925992694,"173":0.19529460628967732,"174":0.2607931890030819,"175":0.2202750501673176,"176":0.02377406594418324,"177":0.17958962618195404,"178":0.0936485347494754,"179":0.0983739201942602,"180":0.03787649217500624,"181":0.044641473151302694,"182":0.12297273374994926,"183":0.035222598169490485,"184":0.0911021695345065,"185":0.12677286867954896,"186":0.09582525847831026,"187":0.1082312627758275,"188":0.10081687513905777,"189":0.059178935430103385,"190":0.08977572884396672,"191":0.09606530566147428,"192":0.16912346699846822,"193":0.09860819302107196,"194":0.08694145687325464,"195":0.12052714537506212,"196":0.14791898985546842,"197":0.18425436439059453,"198":0.5373206800392246,"199":0.3478881421003343,"200":0.4833319095122075,"201":0.010460139329868624,"202":0.010460139329868624,"203":0.040282929729090006,"204":0.044069903646464466,"205":0.036505603302509015,"206":0.04332821054175057,"207":0.033279682809909644,"208":0.059656154842430156,"209":0.04022267069778332,"210":0.024105701093686593,"211":0.04272017584637957,"212":0.05454484073586911,"213":0.049928800877562116,"214":0.03488749605428529,"215":0.06365830310986303,"216":0.07457183795262555,"217":0.0401275081500522,"218":0.06796446632996771,"219":0.026542238340733722,"220":0.029542232802480244,"221":0.028572335996541885,"222":0.14935604705359345,"223":0.08774965023962909,"224":0.0862104577903467,"225":0.10103352521451796,"226":0.04715261095971411,"227":0.0631249424415771,"228":0.005963800725723792,"229":0.06199080941966341,"230":0.12040243797629466,"231":0.05187922248880261,"232":0.05285344718170319,"233":0.06585781356330063,"234":0.08202092976795446,"235":0.13780490765475373,"236":0.17562554408109546,"237":0.09354686465255704,"238":0.10074327642644185,"239":0.02508899295932611,"240":0.02508899295932611,"241":0.11226227551541168,"242":1.1871277864324639,"243":2.3687253850736107,"244":0.8536552893814808,"245":2.0619561388756056,"246":0.6150225620208714,"247":-0.45287752260973063,"248":-0.12987836189101432,"249":-0.05123585650454354,"250":-0.0007145285874833318,"251":-0.1895658832972571,"252":-0.29333248165108494,"253":0.044667749143119995,"254":-0.1528312057805501,"255":0.13849811373429471,"256":0.13849811373429471,"257":0.4816898537591394,"258":0.4816898537591394,"259":0.030543231197294407,"260":0.030543231197294407,"261":0.06875396866194756,"262":0.1354452416990618,"263":0.06427504553811952,"264":0.004093154974095542,"265":0.3196064975445483,"266":-0.06283160043875824,"267":0.1098468011719483,"268":0.1098468011719483,"269":0.1098468011719483,"270":0.12477850067958507,"271":0.12477850067958507,"272":0.06872524878370202,"273":0.5473668086195912,"274":0.6768229410714252,"275":0.04088445831691249,"276":0.07791079135217219,"277":0.6320490132044045,"278":0.27101392474108865,"279":0.09703899890750196,"280":0.09345786096710829,"281":-0.03082919274296475,"282":0.08952151985909727,"283":0.30379981986597415,"284":0.37149354941919516,"285":0.25621389773214964,"286":0.052097045401387126,"287":0.32794992619990815,"288":0.10960557945858804,"289":1.788232798248786,"290":3.5910689236818034,"291":2.573130472201826,"292":1.5852783502928742,"293":0.3112491508930991,"294":0.7130119937331215,"295":-0.051363895315925834,"296":0.3544865712413571,"297":0.22100342670867307,"298":0.4308729043428753,"299":0.8534578404103339,"300":0.2842161401799035,"301":0.3198187089937517,"302":0.30999597376729304,"303":0.2556553299381195,"304":0.3247215824379279,"305":0.18530116599190416,"306":0.3247215824379279,"307":0.032541343370007164,"308":0.07958530355526754,"309":0.29220939894103787,"310":0.4922199573403771,"311":0.4197901132154767,"312":0.49565136154948924,