{"1":0.02463703539714326,"2":0.015339293128759247,"3":0.11250775316154354,"4":0.4450658623042116,"5":0.13539133633771955,"6":0.04773771271058848,"7":0.02065332095959635,"8":0.020936956114519255,"9":0.020936956114519255,"10":0.04281408937835329,"11":0.04281408937835329,"12":-0.016218390277705694,"13":-0.016218390277705694,"14":0.0047872871603659994,"15":0.0047872871603659994,"16":0.08752383425124116,"17":0.08752383425124116,"18":0.08752383425124116,"19":0.04459607493178468,"20":0.04459607493178468,"21":-0.04820244524168349,"22":-0.04820244524168349,"23":0.7956074415213114,"24":1.9684255483200563,"25":0.5606150736060994,"26":-0.0376114510533674,"27":1.3607329257381102,"28":0.7226521136419956,"29":0.6224863814024885,"30":0.320415987965138,"31":0.07499083936832414,"32":0.05034279581062387,"33":0.09755438716071319,"34":-0.026176625242545715,"35":0.028539293010598057,"36":0.025484426480775563,"37":0.03989633582131832,"38":0.4550806442379623,"39":0.14438180764424532,"40":0.15537266191536622,"41":0.02693411518426036,"42":0.203160133623961,"43":0.18629197766471361,"44":0.5920539700047204,"45":0.06204606734241433,"46":0.09332050978502829,"47":0.06673496491722883,"48":0.09374389733620228,"49":0.03405074951299648,"50":0.03405074951299648,"51":0.09374389733620228,"52":0.09374389733620228,"53":0.18112651492827794,"54":0.18112651492827794,"55":0.003335647658162782,"56":0.07763846839074234,"57":0.2565172824384472,"58":0.13311014635393695,"59":0.26943360001587435,"60":-0.002211541213863813,"61":0.27016885647186406,"62":0.17048352829176053,"63":0.34110019719147505,"64":0.09576905782416414,"65":0.31873493449178075,"66":0.035453065821469135,"67":0.08136078157163155,"68":0.043320589283810614,"69":-0.11231675808947206,"70":0.047484038738229054,"71":0.010344370064394627,"72":0.1062303549586347,"73":0.12976088976146094,"74":0.08412976789193116,"75":-0.010148228601354989,"76":0.07350451935229527,"77":0.047941248622124316,"78":0.11988446684970738,"79":0.07853397192962262,"80":0.07161308940100763,"81":-0.04548187681637886,"82":-0.0017665740743765257,"83":-0.021324695701518098,"84":0.34152428240840815,"85":0.15937327934535098,"86":-0.07862598907428461,"87":-0.07862598907428461,"88":-0.03440826534942601,"89":-0.03440826534942601,"90":-0.04007372349403865,"91":-0.026049911911390063,"92":-0.014034669699957661,"93":-0.04556813369126044,"94":-0.08112684273963366,"95":-0.014293623432596096,"96":-0.05343699046644378,"97":-0.05685738013460605,"98":-0.04478944380802087,"99":1.3145285606005623,"100":1.1975718957278845,"101":0.326183893556532,"102":0.3088961283391321,"103":0.42131663757660254,"104":0.3495953084482279,"105":0.2981431248019233,"106":0.43299782268290254,"107":0.5044191874964281,"108":0.5202091842998241,"109":0.7250472132493081,"110":1.4511179111999672,"111":0.9571817183131516,"112":0.6875396968607355,"113":0.9916796315976022,"114":2.39524955395488,"115":1.1173431974655632,"116":1.0386097112974975,"117":2.021623298067012,"118":1.6273720875219855,"119":2.645276346885368,"120":0.8151389178406769,"121":1.0566954583863908,"122":1.618595028749173,"123":2.396999868558873,"124":11.221948782711536,"125":1.1510392188656942,"126":1.1510392188656942,"127":0.968412356637691,"128":1.851393508647672,"129":0.24442817150005747,"130":1.1510392188656942,"131":1.1510392188656942,"132":0.06616405496817473,"133":0.0017287109312940849,"134":0.08372518437780535,"135":0.03807232741881362,"136":0.026435130643580707,"137":0.0248314605069268,"138":0.03737707309622883,"139":-0.006421088608398524,"140":0.039736873235641526,"141":0.07539463031645142,"142":0.003512538114390659,"143":0.04194286829065798,"144":-0.017933986402998918,"145":0.05908443169962145,"146":0.0677333843172458,"147":0.005184383959500955,"148":0.014700898608288545,"149":0.015224662607947227,"150":0.04060342471278433,"151":-0.002400537371636327,"152":0.014734194567746797,"153":0.020701442981760666,"154":0.03286713983376588,"155":0.007213716523351661,"156":0.051631205983842444,"157":0.021331416468874376,"158":0.34814150748715683,"159":-0.017127114235311113,"160":0.01743067095644065,"161":0.02949031610598874,"162":0.07734031797644224,"163":0.1273671284685895,"164":0.07832205914652506,"165":0.24912940848244036,"166":0.17149427778691342,"167":0.20345420848229545,"168":0.48958459700679424,"169":0.17222321362333332,"170":0.3811044314364701,"171":0.23349248943920908,"172":0.1569643977529152,"173":0.2893684361122129,"174":0.30745258231453965,"175":0.3061206894105362,"176":0.01807663196921022,"177":0.39440269426981067,"178":0.1967717881609113,"179":0.17660179962888733,"180":0.03384016642171747,"181":0.0582616268866836,"182":0.16511885762717826,"183":0.05673218603009431,"184":0.13347202219621157,"185":0.25728176532151537,"186":0.16998161094593858,"187":0.15429326496551357,"188":0.15244610011282236,"189":0.1034690931396533,"190":0.15823958138220073,"191":0.19509183060792956,"192":0.3197529113586645,"193":0.14776611964600211,"194":0.16088128072477756,"195":0.17479959651721605,"196":0.21978224100926216,"197":0.2955724790674656,"198":0.9896949810350214,"199":0.49491823662791506,"200":0.5246204395102605,"201":0.018258530457213942,"202":0.018258530457213942,"203":0.041049779631740266,"204":0.03897645755660912,"205":0.03868765077142643,"206":0.04484394638904657,"207":0.02058414049964958,"208":0.04977182942007469,"209":0.03759266850447841,"210":0.03230217362321414,"211":0.04921659952715632,"212":0.05796754567958234,"213":0.04304888727563658,"214":0.02977208668431417,"215":0.07645275116462052,"216":0.07693155730729759,"217":0.06356989931725414,"218":0.12085720684380932,"219":0.03191573487691522,"220":0.031050611614403527,"221":0.022122994811381615,"222":0.14525338490825845,"223":0.09751020201798671,"224":0.08773154428370036,"225":0.09863933737668983,"226":0.06939338372444515,"227":0.0703858886605832,"228":0.024937763905164424,"229":0.07430623058818696,"230":0.09428493525359488,"231":0.04899432912673096,"232":0.04149228455011095,"233":0.10938070202843046,"234":0.10691964179589811,"235":0.11918591673227788,"236":0.1458640133065997,"237":0.06839528524697513,"238":0.06424291444748989,"239":0.05626530025528728,"240":0.05626530025528728,"241":0.8945970871327344,"242":1.4303853130036048,"243":2.967618571949208,"244":0.7492354520102659,"245":0.615531057074946,"246":0.34102169002732685,"247":-0.06627771098556816,"248":0.15244030751618992,"249":0.06759130504681246,"250":-0.0014545203741862245,"251":0.023649833213277086,"252":0.087217986595071,"253":0.002003541870877354,"254":-0.020571179063277517,"255":0.04980370300142213,"256":0.04980370300142213,"257":0.08361325193705979,"258":0.08361325193705979,"259":0.035270352503258356,"260":0.035270352503258356,"261":0.03746922777920478,"262":0.04304670542119381,"263":0.009390820748843553,"264":0.01955063844299669,"265":0.3011933323892752,"266":0.0067912605803856375,"267":0.03976472557950769,"268":0.03976472557950769,"269":0.03976472557950769,"270":0.022366109141914232,"271":0.022366109141914232,"272":0.06955709450539713,"273":0.5867874372354042,"274":0.8627082201876795,"275":-0.017332559131820365,"276":0.0007647504532805674,"277":0.9207154508091391,"278":0.2545602917476031,"279":0.11829987948288347,"280":0.16488475423493473,"281":0.0024799142720224624,"282":0.04290461469526493,"283":0.11785001848442614,"284":0.2058186658209184,"285":0.10618416581719334,"286":0.006665786049060185,"287":0.10987531041643635,"288":0.08130902128608498,"289":2.1661163161822174,"290":4.904626774250185,"291":3.1732966512559666,"292":1.8962067027877214,"293":0.2707191538588475,"294":0.9453601703554446,"295":0.11010566700432568,"296":0.28350712218271257,"297":0.12976354563482428,"298":0.21878511409970564,"299":0.49672657403448933,"300":0.16882844687347992,"301":0.276382672070429,"302":0.1928416954745072,"303":0.20433591416259414,"304":0.22031280787457216,"305":0.12875418639736447,"306":0.22031280787457216,"307":0.01794503309266908,"308":0.01336432851385818,"309":0.22668469310400718,"310":0.3563223108246083,"311":0.30082008163646723,