{"1":-0.258314552411015,"2":-0.11796994583676502,"3":0.12762458719559855,"4":-0.17120439973642654,"5":-0.0811752280873802,"6":-0.06387528703835352,"7":-0.03022933803118477,"8":-0.18392259999303565,"9":-0.18392259999303565,"10":-0.04881284362435673,"11":-0.04881284362435673,"12":-0.18395568309963622,"13":-0.18395568309963622,"14":-0.21841648015900786,"15":-0.21841648015900786,"16":0.021173640038179814,"17":0.021173640038179814,"18":0.021173640038179814,"19":0.02511222212316888,"20":0.02511222212316888,"21":0.0390487077960322,"22":0.0390487077960322,"23":-0.0049367101602377506,"24":-0.013792452851085713,"25":0.09861566464830226,"26":0.006992574333130108,"27":0.0544010681408765,"28":-0.0017665195604014972,"29":0.04653114116591106,"30":-0.10420055352019311,"31":0.0021109448155208765,"32":-0.047958199390057854,"33":0.06860103221499375,"34":-0.26078459198356596,"35":-0.21636644605984717,"36":-0.14891764817072506,"37":-0.038577818482446125,"38":-0.12148320809301705,"39":-0.1766448315304595,"40":-0.26408339023582533,"41":-0.4609398704675697,"42":-0.2504992073282816,"43":-0.07148910647332773,"44":-0.29117982556871636,"45":-0.37480044789297107,"46":-0.18458837084371538,"47":-0.17241536010119107,"48":-0.04810804965564763,"49":-0.2613410763390843,"50":-0.2613410763390843,"51":-0.04810804965564763,"52":-0.04810804965564763,"53":-0.2660584987130842,"54":-0.2660584987130842,"55":-0.008740328341823478,"56":0.021458733926208645,"57":0.1074348878973299,"58":-0.01613203111443716,"59":0.06457026611769953,"60":0.5092219357169028,"61":0.29278857737101055,"62":0.19202847395185318,"63":0.14825198318052485,"64":0.14765340529919407,"65":0.3159225264411135,"66":0.5207637504822384,"67":0.5074418915226588,"68":0.3665473686657434,"69":0.032242153549821295,"70":-0.06000970526805738,"71":0.0070594172606258665,"72":0.023019782966166746,"73":-0.019582732640799405,"74":-0.07820312215317504,"75":-0.08035751370466604,"76":-0.15605918606951358,"77":-0.07234807654939762,"78":0.05934315887744873,"79":0.08335354300263798,"80":-0.07232963718711238,"81":-0.0988043728541517,"82":-0.11743868932617008,"83":-0.15093666464118105,"84":-0.09068922737889362,"85":0.04308445875352912,"86":-0.06986015860373285,"87":-0.06986015860373285,"88":-0.2268878931614121,"89":-0.2268878931614121,"90":0.04882402849690859,"91":-0.16353277210844097,"92":-0.10790136411865259,"93":0.19725462481515443,"94":-0.08923934950833678,"95":-0.06385146798422925,"96":-0.11645214962120587,"97":0.11369420395408503,"98":0.05081665798551538,"99":0.46805410128958114,"100":0.47510706036628286,"101":0.06115787011530066,"102":0.005423476667778121,"103":-0.04817171502609319,"104":-0.0008734900308510207,"105":0.022603094169123983,"106":0.48518717987745563,"107":-0.028011031107359308,"108":-0.03862688698322053,"109":0.000020505196869413655,"110":-0.04984303248919375,"111":-0.11849368392249304,"112":-0.07427310970165141,"113":-0.023891965437581708,"114":-0.33944453077330766,"115":0.0010380224992186105,"116":0.09225935555798898,"117":-0.39564126940403044,"118":-0.35077318236782223,"119":0.03220090656187957,"120":0.011627244597406994,"121":0.07669098114911282,"122":-0.09364309788106528,"123":0.0011432047771322007,"124":-0.16189329434163235,"125":-0.01864770664807175,"126":-0.01864770664807175,"127":0.024854671977070475,"128":-0.1584431290466206,"129":0.0021611975652646997,"130":-0.01864770664807175,"131":-0.01864770664807175,"132":0.44078406923976343,"133":0.5213556434194399,"134":0.05032379104010276,"135":-0.1060429379800788,"136":0.28423827150463565,"137":0.6025451789937631,"138":-0.04128779408418004,"139":0.6295669721155879,"140":0.1333373383021036,"141":-0.06532727456549203,"142":1.5252379703683583,"143":-0.12762098789853316,"144":0.22126297235925207,"145":0.658072418756957,"146":-0.13516952477186606,"147":0.45822110357632695,"148":0.09808779483088687,"149":-0.011809211443850803,"150":-0.03788713197683696,"151":0.002561866606845681,"152":0.03068782806231979,"153":-0.19671421192661723,"154":-0.11731090317619242,"155":-0.1013539728469921,"156":0.04539297626669814,"157":-0.047523874852833825,"158":-0.1549097593030809,"159":-0.026219395057941464,"160":-0.010428265362572603,"161":-0.003927869547667079,"162":-0.04596744334357908,"163":-0.04881254778349148,"164":-0.0913925651178179,"165":-0.1613822846025575,"166":-0.12254519254220125,"167":-0.1621153262508978,"168":-0.07977723717413332,"169":-0.0889094313097864,"170":-0.06701931541420814,"171":-0.08901787080523593,"172":-0.03777224229174225,"173":-0.09670423183759783,"174":-0.11238557013258665,"175":-0.11770400628007927,"176":-0.06779028333241291,"177":-0.1683623403679998,"178":-0.21340119903855612,"179":-0.1589457430533563,"180":-0.032123739535305076,"181":-0.10753686599916473,"182":-0.14174653095693543,"183":-0.1392086319441825,"184":-0.1283200221009633,"185":-0.24053010738452202,"186":-0.18961482919997596,"187":-0.1285469999867377,"188":-0.09781746210511677,"189":-0.05650076439239285,"190":-0.091866594278215,"191":-0.17706190622591986,"192":-0.1619065092798285,"193":-0.1716883495390195,"194":-0.15370236300771775,"195":-0.20546646444824462,"196":-0.07983372860524479,"197":-0.19101902212289867,"198":-0.09091224297068035,"199":-0.1310123757065198,"200":-0.07220027802773052,"201":0.1720381507094121,"202":0.1720381507094121,"203":-0.08272548395401433,"204":-0.09490870925617896,"205":-0.27662067807501256,"206":-0.12289257986162516,"207":-0.12150455993398637,"208":-0.11939286965156175,"209":-0.08085294438876012,"210":-0.04754265437573649,"211":-0.07288030735006965,"212":-0.1511026747546944,"213":-0.11197515852931887,"214":-0.10916252489068262,"215":-0.12996301717238695,"216":-0.21916529950878438,"217":-0.04385420531666444,"218":-0.24557642179846492,"219":-0.12814204475756696,"220":-0.11046862687434075,"221":-0.21666158528919038,"222":-0.26741326415075123,"223":-0.11380813859660116,"224":-0.16008926623816666,"225":-0.012571640405511841,"226":-0.10402845994440485,"227":-0.4820566194885816,"228":-0.20158887239693743,"229":-0.17386739023809067,"230":-0.0017561960217175043,"231":-0.17792035115195684,"232":0.013174123887909783,"233":-0.15909067801789048,"234":-0.15042495245727913,"235":-0.2331332907227096,"236":-0.08603017362627197,"237":-0.2916441221858892,"238":-0.16281307713624638,"239":-0.35963639852972473,"240":-0.35963639852972473,"241":0.027943809160094313,"242":0.2075461586265318,"243":0.17166155066609567,"244":0.2251117467010042,"245":0.188592204159305,"246":0.5490192934673842,"247":0.7791786450183986,"248":0.43560508594970426,"249":-0.09792316851711591,"250":0.36476744679300194,"251":0.07042284749454397,"252":0.21583932898714653,"253":0.1355984953390616,"254":0.12714035683457967,"255":0.08610587032364514,"256":0.08610587032364514,"257":0.062037080850160686,"258":0.062037080850160686,"259":0.2144870120068088,"260":0.2144870120068088,"261":0.3633719764452241,"262":1.5945592773849349,"263":0.497861144739863,"264":0.9019190362871898,"265":1.8692541662941524,"266":0.5994383811192441,"267":0.16038787468084617,"268":0.16038787468084617,"269":0.16038787468084617,"270":1.4975295236756418,"271":1.4975295236756418,"272":0.07376017930630185,"273":0.186544824432876,"274":0.6109232572292503,"275":1.60635947915971,"276":-0.2387527064085928,"277":0.22246637639816003,"278":0.3416536740437146,"279":0.43786179511866713,"280":0.0972755643234049,"281":-0.039100949623853465,"282":-0.49130859552317085,"283":-0.8168383014908471,"284":-0.2786178291876167,"285":-0.7643822046436384,"286":-1.5602831674836843,"287":0.7485525903673103,"288":1.4712149594795325,"289":-0.2903909872837163,"290":-0.3462569524365227,"291":-0.6573852297891557,"292":-0.24915760118556904,"293":-0.17067750089686318,"294":-0.23142000463254975,"295":-0.05868225366359214,"296":-0.05686165845704316,"297":0.07532026208038989,"298":0.0358582265322136,"299":0.8648941686589398,"300":-0.32144882127066465,"301":-0.15215409861210394,"302":-0.2820881219626017,"303":-0.12482872862639466,"304":-0.061188647424406106,"305":-0.01701592671282892,