{"1":-0.22106598118202453,"2":-0.19059348117583058,"3":-0.039977738023328824,"4":-0.11348187099021362,"5":-0.04736160681516623,"6":-0.009461562885084554,"7":-0.08956802990512851,"8":-0.19491329771919996,"9":-0.19491329771919996,"10":0.10691842580309213,"11":0.10691842580309213,"12":-0.3079994581197731,"13":-0.3079994581197731,"14":-0.10065736593315601,"15":-0.10065736593315601,"16":-0.004609704945663526,"17":-0.004609704945663526,"18":-0.004609704945663526,"19":-0.06522890860958853,"20":-0.06522890860958853,"21":-0.10948092874488724,"22":-0.10948092874488724,"23":-0.06466485665146686,"24":0.009207405640739519,"25":0.08710801393728224,"26":-0.07889432686339307,"27":-0.08824626810994864,"28":-0.045091158466536274,"29":0.011967764943264778,"30":0.038797444948355825,"31":0.12522686873544597,"32":-0.07745619622512256,"33":0.07509902983463898,"34":0,"35":-0.2377679373426136,"36":-0.18712883348422915,"37":-0.11496353614118904,"38":-0.11596386458430336,"39":0.014077558836356696,"40":-0.3442795647802704,"41":-0.6417257551446213,"42":-0.2842409809879144,"43":-0.06351473742603159,"44":-0.1537484714041008,"45":-0.3248510093205632,"46":-0.0032057298510900223,"47":-0.08697902001667762,"48":-0.07949215329287096,"49":-0.40953261448052103,"50":-0.40953261448052103,"51":-0.07949215329287096,"52":-0.07949215329287096,"53":-0.2971173859345631,"54":-0.2971173859345631,"55":-0.1843985046034613,"56":0.023336506130850823,"57":0.06931579525537135,"58":-0.19436460284084772,"59":-0.10407640385702287,"60":0.24250469278902753,"61":0.16880469453657598,"62":0.07769219438756661,"63":-0.004344159882982382,"64":-0.014498261736253598,"65":0.23289180104941037,"66":0.5174315097699022,"67":0.33415965981065004,"68":0.4223185276412661,"69":-0.05675571320599515,"70":-0.1715672788283249,"71":-0.021187806708867496,"72":-0.061618853269203355,"73":0.0028557286255771475,"74":0.03598658585481329,"75":-0.013053522618880598,"76":-0.25357663489050897,"77":-0.3800488580482769,"78":0.03350169525430102,"79":0.07772903089665983,"80":-0.05670177935546511,"81":-0.19843445852314517,"82":-0.24393987925485827,"83":-0.3632312242946335,"84":-0.17075237824689696,"85":-0.0752274797896641,"86":-0.07076641143361906,"87":-0.07076641143361906,"88":-0.1866289202407223,"89":-0.1866289202407223,"90":-0.5413728827042423,"91":-0.1159958022542904,"92":-0.6547815656753639,"93":-0.20614744111904093,"94":-0.04928825159155448,"95":-0.6207056969021232,"96":-0.4164606017877728,"97":0.2546831215903993,"98":-0.06605938572745984,"99":0.4007887601654628,"100":0.49454714274407946,"101":0.023566416108353416,"102":0.03177424037647686,"103":0.005289092546310048,"104":-0.042893562885039926,"105":0.0835487879223481,"106":0.170026341352971,"107":0.03406655058345312,"108":0.003705183306177251,"109":0.035846106936012895,"110":-0.14731455411083705,"111":-0.04572496138870252,"112":-0.008355461765226085,"113":-0.07604924014533548,"114":-0.3585247825943353,"115":-0.04184818829191961,"116":-0.057086058631360626,"117":-0.043592497602532476,"118":-0.3785886322129436,"119":-0.11828071203327373,"120":-0.16355859057937083,"121":-0.029515082679367644,"122":-0.13646829273735345,"123":-0.14987515381298366,"124":-0.12286451646675886,"125":-0.08290005831347563,"126":-0.08290005831347563,"127":0.15332031014465541,"128":-0.17097240280228304,"129":-0.09282536237275019,"130":-0.08290005831347563,"131":-0.08290005831347563,"132":0.3782520135805095,"133":0.43590530372663017,"134":0.12152562969899916,"135":-0.07424050644410696,"136":0.14669992474454296,"137":0.5441547729906153,"138":-0.08532333606087544,"139":0.44925628011797447,"140":0.0788439167060736,"141":0.12335396665752002,"142":0.9455572743117497,"143":-0.11956950913170117,"144":0.12001715471813129,"145":0.4990662741345514,"146":-0.13726081427555914,"147":0.3327658139063718,"148":0.1012399809375687,"149":-0.06777808290379911,"150":-0.1089120782921637,"151":-0.10441624367282049,"152":0.07304857811081628,"153":-0.11363329529888616,"154":-0.03245548887641356,"155":-0.10026889758889673,"156":0.07116360222463075,"157":-0.12234434276389028,"158":-0.20348764548791443,"159":-0.0227339924963052,"160":-0.0013367025462919097,"161":-0.07940839899758001,"162":-0.05936173563931635,"163":0.0037238427033557675,"164":-0.35047379980762106,"165":-0.08826891860613373,"166":-0.24335676317250376,"167":-0.15225437511838885,"168":-0.09554067882258721,"169":-0.07456787259214498,"170":-0.00671999798996703,"171":0.006103509147780406,"172":-0.0008750302794356402,"173":-0.06269455883632163,"174":-0.21942583405513794,"175":-0.125966695599676,"176":-0.07390879717542553,"177":-0.15697942066838205,"178":-0.10815530022629408,"179":-0.09370883588655532,"180":-0.01751662804463261,"181":-0.10608553292471164,"182":-0.08034554331468019,"183":-0.10986597416681831,"184":-0.11403538929117968,"185":-0.2251210102725228,"186":-0.20594265734590078,"187":-0.12696218305484092,"188":-0.06816647720550989,"189":-0.021679539816189114,"190":-0.07576024341576942,"191":-0.05231953299110792,"192":-0.07964678665309355,"193":-0.10997510387544851,"194":-0.085004426793028,"195":-0.21418003406659175,"196":-0.1669167642334285,"197":-0.24161503614229907,"198":-0.08174438017364205,"199":-0.22320942352954187,"200":-0.09023457662559162,"201":0.14449666175143028,"202":0.14449666175143028,"203":-0.03502640606210439,"204":-0.07059317557761158,"205":-0.3280507101197915,"206":-0.0797402882689695,"207":-0.1314778751300972,"208":-0.10611029848126508,"209":-0.09168767768429836,"210":-0.16956404673228329,"211":-0.07974216654522606,"212":-0.1354950430951782,"213":-0.06554411608200422,"214":-0.055338808492119584,"215":-0.0992279478830197,"216":-0.1599188328308338,"217":-0.027055772972794906,"218":-0.15395429502992009,"219":-0.09321439408440121,"220":-0.16883420492893522,"221":-0.10440607009312286,"222":-0.1535658009828682,"223":-0.07682682606898333,"224":-0.08098675275601824,"225":-0.019225867111037118,"226":-0.10155284535654974,"227":-0.23987708406950725,"228":-0.15892988336012298,"229":-0.14724642653018072,"230":-0.07447926703835428,"231":-0.2574373895051203,"232":0.06670452016493578,"233":-0.16654975810944464,"234":-0.19119504391392705,"235":-0.04184390993130249,"236":-0.08925945994424483,"237":-0.1943347126814976,"238":-0.13404617271133953,"239":-0.256629163301041,"240":-0.256629163301041,"241":0.029760421684412175,"242":0.09404819255269381,"243":0.3744745664163498,"244":-0.3234051045506763,"245":0.0008324675670635662,"246":0.8628759310831879,"247":0.5613213519653949,"248":0.03295687216273535,"249":0.2218448263722817,"250":-0.12198841110094541,"251":-0.17673729226188406,"252":-0.0029171489462721453,"253":-0.055962216711367946,"254":0.049790472993060934,"255":-0.012364688316536032,"256":-0.012364688316536032,"257":0.24846049375825568,"258":0.24846049375825568,"259":0.08737370470432408,"260":0.08737370470432408,"261":0.23811188609917605,"262":0.2936427823731309,"263":0.21227014876780992,"264":0.20318527299429878,"265":0.9773308643209289,"266":0.15250638751152468,"267":-0.03214340158297464,"268":-0.03214340158297464,"269":-0.03214340158297464,"270":0.6710215946734901,"271":0.6710215946734901,"272":-0.2891564602624998,"273":-0.144677899811265,"274":-0.38132935203857643,"275":2.7558891838088915,"276":-0.4391452818608501,"277":1.3770655882940552,"278":1.0866272949519242,"279":0.13754883009812105,"280":0.3007495995999878,"281":-0.7194265138401994,"282":-0.46739565179096143,"283":-0.4872234666566504,"284":-0.43011153594655704,"285":-0.4942272192710022,"286":-1.9056830372020817,"287":0.8866078464978929,"288":0.6106102571087916,"289":-0.4061109248460616,"290":-0.41009476881798035,"291":-0.8614822209385286,"292":-0.2549274212567853,"293":-0.11487359519489182,"294":-0.1739356929184956,"295":0.2618861446873221,"296":-0.1330987395033354,"297":-0.5353262474466576,"298":-0.9133488587855387,"299":1.5237947297983028,"300":-0.36260809182299797,"301":-0.2906969993819828,"302":-0.3575139083349026,"303":-0.4349750350303928,"304":-0.09367542571519671,"305":-0.20716590678289876,