{"1":0.01740540961201891,"2":0.011135611183272751,"3":0.12252767213156274,"4":0.34453914841845157,"5":0.09992112443470669,"6":0.04006810744834975,"7":0.004963406208460849,"8":0.01508059607151508,"9":0.01508059607151508,"10":0.030407535708970673,"11":0.030407535708970673,"12":-0.010411771969815135,"13":-0.010411771969815135,"14":0.004909681783600314,"15":0.004909681783600314,"16":0.0661142701713093,"17":0.0661142701713093,"18":0.0661142701713093,"19":0.03558094303930631,"20":0.03558094303930631,"21":-0.03954459425333773,"22":-0.03954459425333773,"23":0.7225041338188016,"24":1.5467142247825572,"25":0.5404545490224153,"26":-0.03495661930041194,"27":1.2564618672947405,"28":0.6236738508158017,"29":0.46609666934753574,"30":0.28299565526339115,"31":0.0613392427730406,"32":0.04181918586434397,"33":0.08234201212426756,"34":-0.023939590500095448,"35":0.016220183490514323,"36":0.011586418166147729,"37":0.022624211670307523,"38":0.2649658058714033,"39":0.08270804597732706,"40":0.09466832927344135,"41":0.013882756077441785,"42":0.1280114862622616,"43":0.12286603244903782,"44":0.3801138908672099,"45":0.031593768473767894,"46":0.05892245519732538,"47":0.049094415361381226,"48":0.05608425152465704,"49":0.019338970507550207,"50":0.019338970507550207,"51":0.05608425152465704,"52":0.05608425152465704,"53":0.10804603952979006,"54":0.10804603952979006,"55":0.0017508236631560078,"56":0.07045877750856486,"57":0.21696820567080938,"58":0.11725017762302892,"59":0.23341410789206488,"60":-0.002035518876499748,"61":0.20718621758611808,"62":0.1412441476281674,"63":0.299575677148917,"64":0.07790336195285882,"65":0.24732541402744596,"66":0.02302579369026178,"67":0.057807767833780103,"68":0.0250105296186641,"69":-0.07989195662791503,"70":0.027145997678773043,"71":0.004790093666541477,"72":0.06540481376817175,"73":0.07851332299664328,"74":0.04817223189816379,"75":-0.022696464632061195,"76":0.037122225238243114,"77":0.020030508303123584,"78":0.07079111780365643,"79":0.04837717825840844,"80":0.03174646543225229,"81":-0.05173683696527326,"82":-0.022709759282108333,"83":-0.0431499372334643,"84":0.22679044302816548,"85":0.10186340333063765,"86":-0.08535447801187426,"87":-0.08535447801187426,"88":-0.04224889126208438,"89":-0.04224889126208438,"90":-0.027202068421928627,"91":-0.01699784776041569,"92":-0.008628617162392688,"93":-0.02825818556285535,"94":-0.05870413609854647,"95":-0.010139886547072409,"96":-0.03489194787528848,"97":-0.039250004147549034,"98":-0.031030385543723275,"99":1.0661845319492973,"100":1.0036894997229935,"101":0.25534280958473754,"102":0.2536940980807023,"103":0.32912129604381196,"104":0.29845950271370714,"105":0.25069551115888156,"106":0.3532389800874357,"107":0.43792238176675313,"108":0.44059590119217845,"109":0.616844192738051,"110":1.0473139996804437,"111":0.7017280783073266,"112":0.5654761987908015,"113":0.7611504566879346,"114":2.0765516200303193,"115":0.9896015726446333,"116":0.9338509605742654,"117":1.562020712503191,"118":1.2777563996386307,"119":1.9909080256570357,"120":0.7112894198180771,"121":0.8962353402532315,"122":1.35005872780984,"123":2.1200930263788265,"124":10.177531881027797,"125":0.9998905017986771,"126":0.9998905017986771,"127":0.6982575068165072,"128":1.5723867297007494,"129":0.20925545145197927,"130":0.9998905017986771,"131":0.9998905017986771,"132":0.039078025594114774,"133":-0.0005272229146648377,"134":0.05023630615588443,"135":0.02206878361690376,"136":0.016369486367639526,"137":0.01642969033861767,"138":0.021513222547739852,"139":-0.005273950254330775,"140":0.02454777320889663,"141":0.051752799369165096,"142":-0.002114363500916712,"143":0.025979556712225085,"144":-0.010460141579281337,"145":0.032185781783157674,"146":0.043064323486296324,"147":0.003772049444227819,"148":0.009272996633990864,"149":0.009204091968290357,"150":0.024504841143626842,"151":-0.0012470062031199065,"152":0.00898799618919228,"153":0.012701176238992059,"154":0.020981513543758948,"155":0.004624899556863004,"156":0.03469929441962603,"157":0.015442802180764978,"158":0.24243723353955554,"159":-0.00952610127355702,"160":0.011006954099508252,"161":0.019905203413280302,"162":0.04910883429086259,"163":0.0863379590126743,"164":0.05003145152254296,"165":0.17036336387300235,"166":0.12834175114066732,"167":0.15804344163701756,"168":0.3690429952432114,"169":0.10909434050097755,"170":0.2836649779180654,"171":0.17873352698188608,"172":0.12185502098049343,"173":0.19693938674110872,"174":0.24479133869546202,"175":0.21666240883340948,"176":0.013109368485821716,"177":0.2634932990363106,"178":0.13530552735664075,"179":0.12046878137374123,"180":0.021607580652610602,"181":0.04052152515251408,"182":0.11596114951809765,"183":0.0385662006258706,"184":0.0948529154139873,"185":0.17158833508662605,"186":0.10989837461916556,"187":0.11326187324443307,"188":0.09303065603413987,"189":0.06596978407706457,"190":0.09602018222080222,"191":0.12581512908840287,"192":0.2158316819247198,"193":0.09486118814540376,"194":0.10642537790786105,"195":0.1209694681636272,"196":0.1526345460286863,"197":0.19136585349085583,"198":0.6425446234328753,"199":0.3554173413337107,"200":0.4131974372470736,"201":0.012052426544009972,"202":0.012052426544009972,"203":0.03146172093918025,"204":0.0276157813976379,"205":0.02622935597296358,"206":0.029853725851555084,"207":0.015525534809787916,"208":0.03998899944687256,"209":0.029240095956818923,"210":0.021288714545017063,"211":0.03585900657876643,"212":0.039594189120773636,"213":0.03393681099917977,"214":0.02144070671484611,"215":0.0509581727714276,"216":0.052177531958853746,"217":0.03888391469083658,"218":0.0734301801798964,"219":0.01860136535031636,"220":0.01997770097244211,"221":0.015361427701758197,"222":0.10075958235720289,"223":0.07189621959016465,"224":0.05908103524138115,"225":0.07434137356340369,"226":0.04947085808383286,"227":0.04865426907792903,"228":0.017970349579710575,"229":0.05438221702728516,"230":0.06269051888630096,"231":0.030964477368258365,"232":0.029104991282213315,"233":0.07245275378436285,"234":0.07186056806919466,"235":0.0836148182524834,"236":0.11096790474225338,"237":0.049722678186475244,"238":0.05116855664644008,"239":0.03715315369558474,"240":0.03715315369558474,"241":0.7677984384391332,"242":1.232022033050478,"243":2.531480815576139,"244":0.5902352182708012,"245":0.59609798407341,"246":0.32182415851998736,"247":-0.05940498140648498,"248":0.11892105688920226,"249":0.056843273508852675,"250":-0.0023868177824638848,"251":0.0184909382486661,"252":0.07971083036941498,"253":-0.0004038764310297649,"254":-0.018862056171552632,"255":0.041752911647253366,"256":0.041752911647253366,"257":0.06624936456761854,"258":0.06624936456761854,"259":0.02854382602257019,"260":0.02854382602257019,"261":0.035741630916444084,"262":0.038296743600867905,"263":0.009456582251972035,"264":0.01759909923003186,"265":0.2327069170736002,"266":0.00634628779141701,"267":0.03628727433103074,"268":0.03628727433103074,"269":0.03628727433103074,"270":0.01994448967823302,"271":0.01994448967823302,"272":0.06213939196695019,"273":0.5384796082470501,"274":0.7036110489746448,"275":-0.01506323751615193,"276":-0.0005541576854364225,"277":0.7269580031805655,"278":0.20661644221354172,"279":0.10607896192725079,"280":0.1479612497274398,"281":0.001598611043203019,"282":0.03396106986016301,"283":0.08260847047506176,"284":0.17719611468180857,"285":0.09427203137373204,"286":0.005579629069056267,"287":0.08606570080764182,"288":0.05680198768301405,"289":1.802541464313399,"290":4.123652346019045,"291":2.7023712437962626,"292":1.5026911158578644,"293":0.21499188142379266,"294":0.7563805365687987,"295":0.07731803542135153,"296":0.25655084092841063,"297":0.10999064258392911,"298":0.1718529274177159,"299":0.4423796744337561,"300":0.11899099639160558,"301":0.2041306673254452,"302":0.1455573161244125,"303":0.1522286756257787,"304":0.1676220432867973,"305":0.09001522254716186,"306":0.1676220432867973,"307":0.002859725386158779,"308":0.011669878446975215,"309":0.1741761625105927,"310":0.2791288731366727,