{"1":-0.6501652103642677,"2":-0.9262096190906508,"3":-0.9860446267598963,"4":0.5259358723230918,"5":-0.07469543265893464,"6":0.030943224808185288,"7":-0.021857653175389402,"8":-0.04026696078540204,"9":-0.04026696078540204,"10":-0.2905146308193267,"11":-0.2905146308193267,"12":-0.5028778850479795,"13":-0.5028778850479795,"14":-0.9198445006299857,"15":-0.9198445006299857,"16":-0.0612708442152079,"17":-0.0612708442152079,"18":-0.0612708442152079,"19":0.012914699753049874,"20":0.012914699753049874,"21":-0.07471595880968424,"22":-0.07471595880968424,"23":0.1956913569650674,"24":-0.24923646701041646,"25":0,"26":-0.18381701426912866,"27":-0.12927214768565365,"28":0.06702674021536853,"29":-0.36352955622292926,"30":0.035786087091562446,"31":0.12025642158701388,"32":0.24730262725318605,"33":-0.07106011316224198,"34":-0.40073920127178186,"35":-0.42254535935707926,"36":-0.14318710819765085,"37":-0.2018580865943801,"38":-0.24374553563737242,"39":0.033268385341516105,"40":-0.10920185074091981,"41":-0.19536077887552006,"42":-0.5252720364613588,"43":-0.23034048222712583,"44":0.02859508706763894,"45":-0.3216211568180683,"46":-0.33906789894966494,"47":-0.30390156649488376,"48":-0.04514315683020276,"49":-0.24296694821852638,"50":-0.24296694821852638,"51":-0.04514315683020276,"52":-0.04514315683020276,"53":-0.27384861422609114,"54":-0.27384861422609114,"55":-0.10647136699871378,"56":-0.17490232762707436,"57":-0.2497559885199202,"58":-0.05169006934096626,"59":0.09535802817055414,"60":-0.06981468349138553,"61":-0.18187392962977728,"62":-0.3339986182697938,"63":-0.13359059345102087,"64":-0.10627475458289704,"65":-0.010439098678729997,"66":-0.004887746969021778,"67":-0.0931198934762324,"68":-0.29704105481709253,"69":-0.20149997993167884,"70":-0.15902700600139186,"71":-0.17270456017676356,"72":-0.11136767798355007,"73":-0.04098667335268141,"74":-0.007264696102143753,"75":-0.7914544299471363,"76":-0.20415906444205895,"77":-0.10508375715398616,"78":-0.2830461922199943,"79":-0.18163396223154538,"80":-0.1880171609173777,"81":-0.13836755858238076,"82":-0.17604191430690302,"83":-0.37110602398290116,"84":-0.05758942325572014,"85":-0.13739577155943228,"86":-0.25917096490508573,"87":-0.25917096490508573,"88":-0.151908640464061,"89":-0.151908640464061,"90":-0.061034461155080266,"91":-0.17248242734775385,"92":-0.12520949470885573,"93":-0.05257786193600736,"94":-0.08425379592478956,"95":-0.014553228865214596,"96":-0.12940219018953206,"97":-0.07717524375510161,"98":-0.05241972695877453,"99":-0.08561171417886743,"100":0.1311536780191728,"101":-0.06986539283848459,"102":-0.029436502741453513,"103":-0.07392726912534331,"104":0.07024593329317269,"105":0.1292572027510973,"106":0.20973989484784922,"107":0.018084152034832712,"108":0.04523235460580405,"109":0.12597735055868925,"110":-0.10690261572013726,"111":0.07170623891621886,"112":-0.041401271040313325,"113":-0.05929224354623741,"114":0.06208600604185305,"115":0.03472180856392537,"116":0.013439826578806047,"117":-0.01528600024540916,"118":-0.19233328947452444,"119":-0.07489564368271939,"120":-0.10486355100529199,"121":-0.1804077487757868,"122":0.023721806816879187,"123":0.013146823527447005,"124":0.037545161905817026,"125":0.005471005135385121,"126":0.005471005135385121,"127":-0.06417882783801648,"128":-0.08133240708605072,"129":-0.005440412638819059,"130":0.005471005135385121,"131":0.005471005135385121,"132":0.03762279387659334,"133":-0.2556611996909124,"134":-0.10212625815717413,"135":0.0448525441674541,"136":0.13958375458233785,"137":-0.044346454568372606,"138":-0.20253633090237655,"139":0.09570184080633315,"140":0.021047392286228317,"141":-0.07350092166408007,"142":-0.3945844321755829,"143":-0.29226370008248626,"144":-0.40860722213862866,"145":-0.14612955802033278,"146":-0.1336633673110913,"147":0.003977587272689709,"148":-0.11970337976519119,"149":-0.016428787538374845,"150":0.26877545555634275,"151":-0.27950919304168337,"152":-0.016503776500992273,"153":-0.18900791365629338,"154":-0.030157518076085132,"155":-0.191252120994176,"156":-0.1399310364525157,"157":0.11812104674041835,"158":0.032614119958004784,"159":0.06059551780684591,"160":-0.6966615158743342,"161":0.121167109729023,"162":-0.23644237521482714,"163":0.027126929909409236,"164":-0.03960800931911912,"165":-0.0961931794740899,"166":0.07555021375202153,"167":-0.009438245888202967,"168":0.4255265699044126,"169":0.04707419880158803,"170":0.04274377038792887,"171":-0.025089255420195578,"172":0.2853889784933201,"173":0.16488766715380054,"174":0.21569206375748795,"175":-0.023479481853682538,"176":-0.009539635302268978,"177":0.14186954474593827,"178":0.16811666770719436,"179":0.04405407683524576,"180":0.03592916338177432,"181":0.17145329162332096,"182":0.2206442104622872,"183":0.14974443610922994,"184":0.12000346584559424,"185":0.04962343457522167,"186":0.27614818944377834,"187":0.19108889650998556,"188":0.14205414543223815,"189":0.310050605523581,"190":0.10256614345831183,"191":0.13888959302340764,"192":0.20638554612131088,"193":0.04114902152674027,"194":-0.1251202108037216,"195":-0.03514361379354436,"196":0.6566494494018841,"197":-0.019569948791936964,"198":-0.07771555855268186,"199":0.5603864168364505,"200":0.3307176064442841,"201":-0.07057331855262328,"202":-0.07057331855262328,"203":0.06449975492277288,"204":0.04871129384176981,"205":0.18666078045779733,"206":-0.025104847760610505,"207":-0.10920345278565308,"208":0.08840158801413148,"209":0.016858723162523903,"210":-0.06997079192831807,"211":0.09175676271193656,"212":-0.08709450008403313,"213":0.0439684083783366,"214":0.1327906069612183,"215":-0.0553643815226218,"216":0.17806642437347975,"217":0.18792259250801413,"218":0.2035342504450931,"219":0.11697312663463122,"220":-0.06759678391871365,"221":0.05303466008429769,"222":0.24117817965921484,"223":0.2479214531618606,"224":-0.038214720430694515,"225":-0.10591784934517656,"226":0.21885855505465768,"227":0.2666577293961654,"228":-0.024734505804936358,"229":-0.18301250874615038,"230":0.03378175297070163,"231":0.07621279582859675,"232":0.2313514280729444,"233":0.03678402383026691,"234":-0.03440005336707297,"235":0.03156758774420232,"236":0.05086309303001657,"237":0.02818350696667371,"238":-0.6692780619935799,"239":-0.2511749255977016,"240":-0.2511749255977016,"241":-0.15741165623466208,"242":0.15909672950849657,"243":0.01989419549460278,"244":-0.13821978082679726,"245":-0.44260395547139336,"246":-0.36615352053933253,"247":-0.01643677589111528,"248":-0.09622325603825421,"249":-0.07044350447885439,"250":-0.2992970592381491,"251":-0.08404926189148404,"252":-0.011919133599272158,"253":-0.09205475033607452,"254":0.18580332311245165,"255":-0.03655379769360584,"256":-0.03655379769360584,"257":0.3483829322301411,"258":0.3483829322301411,"259":0.03301827235619009,"260":0.03301827235619009,"261":0.47946068108212947,"262":0.4332715313417677,"263":0.18495512472673503,"264":-0.24621161848402284,"265":0.3720714497170067,"266":0.339406874277117,"267":0.045601115791516655,"268":0.045601115791516655,"269":0.045601115791516655,"270":0.2409431499965366,"271":0.2409431499965366,"272":-0.7787462567757779,"273":-0.3586195743175792,"274":-0.5936982035724092,"275":0.14549007610180187,"276":-0.4783619945587223,"277":-0.8718916584594805,"278":-0.9151795611069087,"279":-1.678176715991334,"280":-0.4443720273970042,"281":-0.5957684396685492,"282":-0.38265650773701987,"283":-0.4693908082424445,"284":-0.304988665908559,"285":-0.5257819480375382,"286":-0.479657780885306,"287":-0.6572864955780903,"288":0.11320529146584568,"289":-0.06836495119920116,"290":-0.07997835403087783,"291":-0.14050001218461505,"292":-0.32911751301087633,"293":-0.09749201065719731,"294":-0.3692348270548503,"295":-0.045116123526779295,"296":0.1370929322751579,"297":-0.35381119564547836,"298":-0.28100888657498013,"299":0.20938835224581862,"300":-0.32675731705312905,"301":0.48334232743826183,"302":0.04362373676266429,"303":0.13756943849346948,"304":-0.04051353270564406,"305":0.0021466651061781694,"306":-0.04051353270564406,