{"1":0.16139977014580523,"2":-0.00886906549788885,"3":-1.1191587619051273,"4":-0.12648042697167766,"5":0.23123827979479394,"6":-0.2145767648337978,"7":-0.31396517611743,"8":0.0019839544136003306,"9":0.0019839544136003306,"10":-0.09866322685512996,"11":-0.09866322685512996,"12":0.007709480124388324,"13":0.007709480124388324,"14":-0.15617302207604983,"15":-0.15617302207604983,"16":0.5186695074006125,"17":0.5186695074006125,"18":0.5186695074006125,"19":0.5512519206271229,"20":0.5512519206271229,"21":-0.18723384514483166,"22":-0.18723384514483166,"23":-0.015522148634671218,"24":0.13874635616729292,"25":1.2738853503184713,"26":0.08995536575264165,"27":-0.19606428522138275,"28":-0.4878439111824463,"29":1.0404117077066537,"30":-0.6395386742044437,"31":-0.17984896455696864,"32":0.10690838704254246,"33":-0.25596155593536574,"34":1.4383647978336986,"35":0.19571530456559927,"36":0.5810423027224854,"37":-0.7583594315806574,"38":1.8920366022234516,"39":1.0591247853851247,"40":1.677672984658044,"41":0.07561617478792204,"42":1.5818579676787845,"43":0.333389227599332,"44":1.9919770929329688,"45":0.17318559994668803,"46":-0.08678514081093369,"47":0.03304595201224925,"48":0.30392234811193286,"49":0.4708371112050538,"50":0.4708371112050538,"51":0.30392234811193286,"52":0.30392234811193286,"53":1.9079474380484447,"54":1.9079474380484447,"55":-0.47159129653784726,"56":0.31615062714191916,"57":1.1493136212995687,"58":-1.2818377146100657,"59":-0.6848153737816816,"60":-0.33441867980248885,"61":-0.051786809734761796,"62":0.9206381495766784,"63":-0.8200059876295716,"64":-0.6107692718499571,"65":0.11047822967693355,"66":0.07173332535707333,"67":0.4477056157086563,"68":1.6403184452976984,"69":-0.6143588264158271,"70":-5.971494293952897,"71":-0.3706667951531717,"72":1.185749968772372,"73":0.6543829553371324,"74":-0.13239023374444625,"75":0.8951119484819114,"76":0.4797956062989377,"77":0.5904708867401864,"78":0.291759683885668,"79":-0.16172921163173903,"80":0.7856284375927796,"81":0.11033629943656531,"82":0.3689086049911998,"83":1.043506854674397,"84":0.46186089711435396,"85":0.7087222534369668,"86":0.9704562358643789,"87":0.9704562358643789,"88":0.36323510687729854,"89":0.36323510687729854,"90":-0.6059532148902411,"91":-0.8581709376117641,"92":-0.988200824106461,"93":-0.8511677462241773,"94":-0.5169052942312122,"95":0.2579248771249494,"96":-1.0748856750876352,"97":-1.5530023019669317,"98":-1.0544887647846894,"99":0.19740609825655953,"100":1.0444240217520593,"101":0.1496224065923264,"102":0.786895800842922,"103":0.620393835899742,"104":0.4279767250598664,"105":0.16385216702241867,"106":0.2233090828557498,"107":0.4083302157497526,"108":0.38493710726861785,"109":0.44010796803117425,"110":0.46704378196895324,"111":1.0725947582502149,"112":0.5472665993834125,"113":0.12350530119516678,"114":0.4449411052949377,"115":0.31574272578899554,"116":0.42645859388088014,"117":0.06374596132520138,"118":0.6189963685812291,"119":0.6193351328285792,"120":0.3654890114507796,"121":-0.06179416151715322,"122":0.523257074125551,"123":0.12873630154990146,"124":0.9852276086229035,"125":0.2932860943513914,"126":0.2932860943513914,"127":0.3725461685314575,"128":0.22614708963613073,"129":0.24449575380031563,"130":0.2932860943513914,"131":0.2932860943513914,"132":0.6451494290706568,"133":0.8814184309637298,"134":0.16470555657052577,"135":0.5747167066066596,"136":0.14290386736872385,"137":0.07369006376809173,"138":0.47513914237321053,"139":1.517336788999185,"140":0.08560750728791655,"141":-0.2227068121570468,"142":0.5979499623361405,"143":0.3075809760771273,"144":0.2874640669916261,"145":1.2118825904424235,"146":0.07251695265495961,"147":0.09867214778862649,"148":-0.17762364932016667,"149":0.1083290833527959,"150":0.1737259061893185,"151":-0.3397909693020733,"152":-0.06307012823874902,"153":0.2801660865611785,"154":0.1143670942129949,"155":-0.09747456039213309,"156":-0.0697725232284997,"157":-0.43745664079051894,"158":0.4092535147441531,"159":-0.18121769173213398,"160":0.1171998521794787,"161":-0.30911253666388294,"162":0.12335051290768972,"163":0.5155395093257871,"164":0.2551502382762685,"165":0.5670551128998139,"166":-0.011980761365512516,"167":0.5786200510595376,"168":0.3906631133587113,"169":1.2198911164256074,"170":0.864594018957308,"171":1.1456563372508142,"172":0.42282433367251326,"173":0.06388683979984733,"174":0.14415425755189903,"175":0.32736287652447527,"176":0.1536636584268093,"177":0.3269781704847826,"178":0.1965900061528963,"179":0.05620321658655447,"180":0.24878195262590552,"181":0.3347279480646948,"182":0.5107446144423637,"183":-0.015493843961455811,"184":0.29910192953671216,"185":0.2637382218381479,"186":0.49538045686663723,"187":0.19786556865869256,"188":0.10684369272025429,"189":0.22755462527829856,"190":0.38293351699859407,"191":0.08092160569599954,"192":0.2319695562112507,"193":-0.06125606028558506,"194":-0.07998353503742017,"195":-0.06517385618101595,"196":0.2536061485023827,"197":0.13696560609774888,"198":0.9289688187346357,"199":0.5051737463225013,"200":0.4398943953276857,"201":-0.17017669598098506,"202":-0.17017669598098506,"203":0.1577599650506776,"204":0.1972591453307396,"205":0.26213751141738306,"206":-0.009696487949922006,"207":-0.0550996215407632,"208":0.10428688508501258,"209":0.10340799589310506,"210":0.014399538478129692,"211":0.19028187109035882,"212":0.45964491971178656,"213":0.2148273129027702,"214":0.0975131585823148,"215":0.35632791625543336,"216":0.056901005354109024,"217":0.06378972736205696,"218":0.35117403835632266,"219":0.17522591033282564,"220":0.3259828659479583,"221":0.27413881977289095,"222":0.7140212512265718,"223":0.16999617557847077,"224":0.6451246783971296,"225":0.2822377071121427,"226":-0.01757550972077615,"227":0.21655569376022166,"228":0.2326686497947459,"229":0.4625447623831735,"230":0.1360773178255349,"231":0.33592527093388713,"232":0.1565653561566484,"233":0.03083033067922386,"234":0.039911476867683815,"235":0.6269168377339469,"236":0.6613611620501887,"237":0.1799251956383804,"238":0.21359326660229216,"239":0.09482576178429308,"240":0.09482576178429308,"241":1.1857216994968298,"242":-0.3381224748038899,"243":0.49032156328156745,"244":0.2216635786155301,"245":4.393292017911904,"246":-0.8072992230067382,"247":-0.011490512359429939,"248":-0.46170438508764877,"249":-1.1372341274554347,"250":0.02639300511640935,"251":0.1861016508206802,"252":0.10482279059468678,"253":-0.06049615864416488,"254":0.062119343119106704,"255":0.0828850833151474,"256":0.0828850833151474,"257":0.4612785862785863,"258":0.4612785862785863,"259":-0.015071198770567784,"260":-0.015071198770567784,"261":0.09774580585717131,"262":0.8329653693307261,"263":0.08293845604988478,"264":0.10454095405141582,"265":0.7319458833873486,"266":0.19681494976522024,"267":0.336862856931227,"268":0.336862856931227,"269":0.336862856931227,"270":0.2979652896335749,"271":0.2979652896335749,"272":0.03945551390806865,"273":0.07517383950385266,"274":0.439167208848406,"275":0.46034388196173043,"276":0.7627503416911439,"277":0.47079319522182794,"278":1.327908692069242,"279":0.0474158368895211,"280":-0.01648664596318762,"281":0.2349709369037955,"282":0.13243637542551467,"283":0.4782201327906086,"284":0.42669994926270916,"285":0.09776587262294997,"286":0.3006913048699174,"287":0.5221932114882507,"288":1.5384615384615385,"289":0.9570351677253613,"290":1.5467862717210723,"291":1.7400940095524344,"292":1.251146099213528,"293":1.0004038254349623,"294":-0.001404608962566195,"295":0.19156894950975228,"296":0.3747841442985058,"297":0.5784306636154375,"298":1.0827125519026153,"299":0.4425431807116124,"300":2.090075065628449,"301":1.3728115896337139,"302":1.7424676330453108,"303":1.1276393593972305,"304":1.3263972113346152,"305":1.239951929887512,"306":1.3263972113346152,"307":0.9873731761890143,"308":0.24441678641907758,"309":1.196621345494051,"310":1.5347548479729067,"311":1.3647509972925913,"312":1.4440888975893476,"313":1.1963177814142594,"314":0.24618969057306786,"315":-0.17631466388028424,"316":1.3708501514547506,