{"1":0.05379439255234836,"2":0.12496350354138136,"3":-0.007208578321293735,"4":0.17950031819947354,"5":0.12453252921389052,"6":0.148695184063797,"7":0.13963272570465685,"8":0.21828817817014637,"9":0.21828817817014637,"10":0.37260461321347915,"11":0.37260461321347915,"12":0.15693228178074886,"13":0.15693228178074886,"14":0.19564794398273533,"15":0.19564794398273533,"16":-0.02892223985818923,"17":-0.02892223985818923,"18":-0.02892223985818923,"19":0.08069179661959291,"20":0.08069179661959291,"21":0.16157820055871006,"22":0.16157820055871006,"23":0.016682739704564742,"24":0.13869695439646307,"25":0.0639467165809996,"26":-0.02496564581958524,"27":0.03017216850037935,"28":0.07992747292051966,"29":0.032032884709043585,"30":-0.038081752156829574,"31":0.0017112160868436171,"32":-0.006253928421741967,"33":0.030841626033822928,"34":-0.07153861428662564,"35":-0.06910712314007839,"36":-0.017770147897589822,"37":0.056983925198613034,"38":0.04580460229888078,"39":0.06948210233387309,"40":-0.003481208507210759,"41":0.01423220760881172,"42":-0.048861436079870896,"43":0.05353697563646134,"44":0.09601785432894772,"45":0.03335870731854365,"46":0.10555401840634215,"47":0.06781642918811306,"48":0.08922926619856625,"49":0.015360343578121216,"50":0.015360343578121216,"51":0.08922926619856625,"52":0.08922926619856625,"53":0.07494947568467597,"54":0.07494947568467597,"55":-0.05250607791996856,"56":0.02886837535475001,"57":0.008014368958713908,"58":0.10176925051938984,"59":0.05997981116852866,"60":-0.08453288118132296,"61":0.07138336947652593,"62":0.018367156697372905,"63":0.0447139503128956,"64":-0.017805424354176397,"65":-0.035605414368546806,"66":0.11814378474832843,"67":0.0061672879072735,"68":0.019201761784918947,"69":-0.006676892052538158,"70":-0.03427218040609725,"71":-0.029537772046967392,"72":-0.018902899388804323,"73":0.09621340900301595,"74":0.03419825054529335,"75":-0.092449129123292,"76":0.021394004479748874,"77":-0.005290607751426146,"78":-0.035480009550736186,"79":0.011078967482186008,"80":0.0020450347876790897,"81":-0.07372932727157941,"82":-0.07769023209937759,"83":0.006929469522784781,"84":0.052556584920416705,"85":-0.03146802882344524,"86":-0.07319897575253492,"87":-0.07319897575253492,"88":-0.08277787971107253,"89":-0.08277787971107253,"90":-0.03906446012444259,"91":-0.044375167564069756,"92":-0.05995152532654746,"93":-0.011357959480286506,"94":-0.15336196681130612,"95":-0.040071741903289215,"96":-0.1358985072433666,"97":-0.06373307254361643,"98":0.027312826368802334,"99":-0.048811664597984555,"100":-0.01033150051518475,"101":-0.0014216782766099667,"102":0.02472672731975592,"103":-0.04448665221627787,"104":-0.05602817693710613,"105":0.0031735457852785365,"106":0.03901365351793362,"107":-0.02145998808218172,"108":-0.005358928508747585,"109":0.03403602138355985,"110":-0.04847615445086345,"111":-0.02168969142820465,"112":0.03193975275565372,"113":0.008226063350775775,"114":0.0010676580164230287,"115":0.13518940852896805,"116":0.13223391828725245,"117":-0.007052397227137186,"118":0.006646560781080724,"119":0.03428338725780494,"120":0.045785161693330995,"121":-0.0012128887110522402,"122":0.022740654540703287,"123":0.03311515674580945,"124":0.05280051820622303,"125":0.015307286162432265,"126":0.015307286162432265,"127":-0.09434137243198593,"128":-0.03560829494763587,"129":-0.02357435828007798,"130":0.015307286162432265,"131":0.015307286162432265,"132":0.06484313791513774,"133":0.004897455041718346,"134":0.05880956979200047,"135":0.08401403773309896,"136":0.04649648072180099,"137":0.15991557551404187,"138":0.07966705063451446,"139":0.1604635410745205,"140":0.0001645407233180074,"141":0.08081607587556505,"142":0.015191739398446535,"143":-0.024849026534050633,"144":-0.09672086322286594,"145":0.1503733021328128,"146":0.03848124427089111,"147":0.07932765808752135,"148":0.00012322000756309626,"149":-0.054634451003412854,"150":-0.0342074376298081,"151":-0.15127448976951968,"152":0.03223511075618163,"153":0.024919058284120388,"154":0.017917234295404594,"155":0.024977972095333062,"156":0.0355160315237803,"157":0.029278001205091275,"158":0.055975987841672736,"159":-0.02168732400467796,"160":0.02528268626443772,"161":-0.034086619843867405,"162":-0.058364157498975056,"163":0.04407253376417458,"164":0.06056161153407402,"165":-0.024920134995844112,"166":0.02230229089608987,"167":0.07482641270812818,"168":0.009100960677567271,"169":0.07285228051782819,"170":-0.031114245345114866,"171":-0.06030284150760121,"172":0.024427394616731102,"173":0.17649908118764118,"174":0.03900468532532564,"175":0.13386952896482046,"176":0.044755213150047546,"177":0.06083161750235405,"178":0.11183589367737382,"179":0.03025726947055901,"180":0.0008172455319237493,"181":0.11397708744447285,"182":0.03531055629459903,"183":0.08844538991028525,"184":0.09869033773282118,"185":0.042254031205502696,"186":0.08001441173008536,"187":0.007808387786114368,"188":0.0894603756795973,"189":0.13567642608414768,"190":0.06649401956224571,"191":0.10931141744937453,"192":0.12653257239769922,"193":0.02554058481844651,"194":0.03188626199075517,"195":-0.02257126019359945,"196":0.1287021113993831,"197":0.08763532144746244,"198":0.10654384577426268,"199":0.09413424662994319,"200":-0.004627715117754561,"201":-0.009956320940953889,"202":-0.009956320940953889,"203":0.0064680141493698995,"204":0.028081024629066503,"205":0.029305273824356742,"206":0.057827870744295434,"207":0.01288571879401701,"208":0.03242325149426814,"209":0.01876514848454948,"210":0.047140473771959276,"211":0.006013875463691337,"212":-0.031110143040066762,"213":-0.009092048593592555,"214":0.02953951498847948,"215":-0.011874817484839928,"216":0.0929998114481303,"217":0.08146584251912217,"218":0.14356293003139098,"219":0.08763928036301544,"220":-0.0040043161455934895,"221":0.012569208519916358,"222":0.05209747071427567,"223":0.06317918183245613,"224":0.03983823568413136,"225":0.04933880391047142,"226":0.0015911423642983036,"227":0.024636075224694243,"228":0.015723131016650127,"229":0.026121573725543634,"230":0.05626416351158742,"231":0.07727914445292511,"232":0.03614157849377719,"233":0.10390582723647301,"234":0.05040386011593462,"235":0.06782472582658958,"236":0.10579176359876669,"237":0.0025054603814481657,"238":-0.10610576816973111,"239":-0.057384133086006844,"240":-0.057384133086006844,"241":0.0768493170043593,"242":0.04943769756537093,"243":-0.0030472300229767713,"244":-0.04953797647809205,"245":-0.06493870430856802,"246":0.055162630985101935,"247":0.028320306078241944,"248":0.26553247751550035,"249":0.00943797864109136,"250":0.03819788758584872,"251":0.0653453656887576,"252":-0.01379449984089652,"253":-0.008177712483748517,"254":-0.022386859409033524,"255":0.030601120876743285,"256":0.030601120876743285,"257":-0.030875921110676968,"258":-0.030875921110676968,"259":0.031959083567362406,"260":0.031959083567362406,"261":0.006579948791532703,"262":0.03969159279257667,"263":0.0656944725432283,"264":0.09864407709232417,"265":-0.08261115324572393,"266":-0.01065325693329816,"267":0.061182739367177635,"268":0.061182739367177635,"269":0.061182739367177635,"270":0.24765724158903618,"271":0.24765724158903618,"272":0.00642703358350822,"273":0.03781659365101507,"274":-0.11520249183687395,"275":-0.02732779212613745,"276":0.05220367052726446,"277":0.13057084350210835,"278":0.12433344764738419,"279":-0.02329199094857859,"280":0.031064831611739882,"281":-0.005615600293981088,"282":-0.14250618799525772,"283":-0.23852467336445038,"284":-0.053008899412512786,"285":-0.05982643347420599,"286":-0.11922498259715683,"287":0.043055003242690404,"288":0.2275297052670765,"289":0.07639801303779853,"290":0.04772206186189584,"291":-0.12363183278926898,"292":-0.023375522372447166,"293":0.10608627907938689,"294":-0.12848882228951108,"295":0.08429180257320723,"296":-0.031249417425139425,"297":-0.04346230876601985,"298":-0.13032840998870376,"299":0.1000206628892279,"300":0.01826501553742002,"301":0.06611526769758036,"302":0.09519451780246768,"303":0.16595695495991364,