{"1":-0.29200323366611025,"2":-0.2714958175121691,"3":-0.6647273817007986,"4":-0.6002460908119783,"5":-0.41286992854404236,"6":-0.24588055540098508,"7":0.23142692554367983,"8":-0.30507464831097275,"9":-0.30507464831097275,"10":0.5064261613189407,"11":0.5064261613189407,"12":0.13126183121602608,"13":0.13126183121602608,"14":0.4037959277743015,"15":0.4037959277743015,"16":-0.030609135539758858,"17":-0.030609135539758858,"18":-0.030609135539758858,"19":0.32484559290890713,"20":0.32484559290890713,"21":0.09177841838510936,"22":0.09177841838510936,"23":0.0870366601370951,"24":0.2306177962123126,"25":0.5995994282802846,"26":0.03972714369728836,"27":0.05385364520904323,"28":-0.19507858243283938,"29":0.07687792070483113,"30":0.23306181748213195,"31":-0.11315072487146116,"32":-0.17414261573952805,"33":-0.2035867485337315,"34":-0.8685652364945913,"35":-0.810807085331994,"36":-0.796000109030718,"37":-0.6068130647036742,"38":-0.9016593971271023,"39":-1.0444793887576136,"40":-0.6442361549377549,"41":-0.6971764741994022,"42":-0.5279046427175382,"43":-0.5872301623699627,"44":-0.20080495097957307,"45":-0.634451326384335,"46":-0.6886738394745788,"47":-0.5951024264916414,"48":-0.780127642096291,"49":-0.7368594938696749,"50":-0.7368594938696749,"51":-0.780127642096291,"52":-0.780127642096291,"53":-0.3814181146992963,"54":-0.3814181146992963,"55":-1.2333736603327319,"56":0.339067735162621,"57":0.28074983540043275,"58":-0.3000561417671159,"59":-0.12225606657891808,"60":0.6702170553576741,"61":0.4503262378059598,"62":0.4874723573126829,"63":0.17332941229959853,"64":0.24631583253147116,"65":0.24343694197745158,"66":0.5628052443976674,"67":-0.03790936396575084,"68":0.41322510187759587,"69":-0.8177836208154998,"70":-0.9403785599420109,"71":-0.5115104867777456,"72":-0.5483308544827468,"73":-0.6676864428956018,"74":-0.767275624907251,"75":-0.7982748699679494,"76":-0.7744944907227684,"77":-0.526634044830506,"78":-0.5312131796522062,"79":-0.7599174337967547,"80":-1.2519419828790563,"81":-0.5847565170715558,"82":-0.3739977076356782,"83":-0.4469247843751911,"84":-0.4178969689285603,"85":0.37134926351883024,"86":-0.8038996215527638,"87":-0.8038996215527638,"88":-2.1136754966061675,"89":-2.1136754966061675,"90":-0.5703575423255529,"91":-1.6202928884478336,"92":-0.9385561868742691,"93":-0.5478406864182084,"94":-0.9252004631630713,"95":-0.03292560722595894,"96":-0.7997249558824606,"97":-0.3577437250252151,"98":0.14976242427036457,"99":-0.4400909621503919,"100":-0.3334735115053262,"101":0.26030006037211706,"102":-0.748311063266176,"103":-0.37578308725386655,"104":-0.330582870568199,"105":-0.549861582121828,"106":-0.549605993352591,"107":-0.31554037213806474,"108":-0.5403238335844049,"109":-0.3968930982877459,"110":-0.04599815641669558,"111":-0.5825414850830892,"112":-0.21178291395480064,"113":-0.4661666146000587,"114":-0.6540029473060911,"115":0.09720626456121195,"116":0.5056269323954261,"117":0.00018948601476864724,"118":-0.248166281013404,"119":-0.2938764306332935,"120":-0.32132370851659653,"121":-0.31427093279591656,"122":-0.4128814642267873,"123":0.2852230071937183,"124":-0.382777674638312,"125":-0.31388633938497135,"126":-0.31388633938497135,"127":-0.0544905221095755,"128":-0.20636044243326657,"129":-0.2826274784460927,"130":-0.31388633938497135,"131":-0.31388633938497135,"132":-0.2701619435981364,"133":-0.10744292973986624,"134":-0.6135304104611499,"135":-0.8626391676322482,"136":-0.366056983768849,"137":-0.6666368259584154,"138":-1.0107200758391306,"139":0.48949267771807214,"140":-0.9803533279099392,"141":-0.8441354520822126,"142":-0.09691571076299965,"143":-0.47457897900033164,"144":-0.5004700939028512,"145":-0.6081644992589497,"146":-1.342656473391095,"147":-0.40466132836226487,"148":-0.5611730459700268,"149":-0.5843894885804171,"150":-1.1108311780300357,"151":-0.5946585009965628,"152":-0.5106543108637616,"153":-0.6852861828007872,"154":-0.5797522453694512,"155":-0.6270624683560901,"156":-0.610561653839176,"157":-0.747519892739362,"158":-0.5469751893405581,"159":-0.4365729111288994,"160":-0.4576106138203768,"161":-1.027929124435194,"162":-0.8447544578171113,"163":-0.3149792786244445,"164":-1.5069317074370234,"165":-0.6030993157954467,"166":-0.7951268208594318,"167":-0.5073145611644876,"168":-0.883407765036843,"169":-0.8055319052779322,"170":-0.4888812348828224,"171":-0.3300784707427109,"172":-0.38711148920984506,"173":-0.5975534487994374,"174":-0.5434279600382836,"175":-0.6517586916382299,"176":-0.40489056459961725,"177":-0.5437901726326959,"178":-0.5935335879797912,"179":-0.32053701802234547,"180":-0.6987844915793646,"181":-0.598174439375869,"182":-0.627482252858401,"183":-0.5224212601505922,"184":-0.46615812920843225,"185":-0.3488121330964855,"186":-0.5916953963909093,"187":-0.6832649290710682,"188":-0.7320224029007321,"189":-0.6309737099352438,"190":-0.4620350799461792,"191":-0.44033242065938616,"192":-0.630743839516037,"193":-0.709401509356065,"194":-0.5062166354073385,"195":-0.6734929071090257,"196":-0.5943572166121909,"197":-0.6166443714102519,"198":0.14976242111674676,"199":-0.5510107362487142,"200":-0.578988910815043,"201":-0.6151295723781298,"202":-0.6151295723781298,"203":-0.7071537174213982,"204":-0.6651909749900269,"205":-0.3568253407887283,"206":-0.5427186770084993,"207":-0.534574162698249,"208":-0.6012877387095715,"209":-0.6789762799116246,"210":-0.7777319348902016,"211":-0.9208490508683813,"212":-0.9983452501795604,"213":-0.6000449979651556,"214":-0.4598878303937508,"215":-0.5057163451369899,"216":-1.10989363820062,"217":-0.6695801972311404,"218":-0.6675004632518282,"219":-0.8607909722748412,"220":-0.9026867358757058,"221":-0.8817723103347959,"222":-0.8331881623748105,"223":-0.7813410696054413,"224":-0.7051317336945089,"225":-0.4042288687894152,"226":-0.4215724858814789,"227":-0.9338820217067407,"228":-0.9129102824891544,"229":-0.5245778046897165,"230":-0.9450809400876286,"231":-0.7105228795896572,"232":-0.5091471257297908,"233":-0.5718055314844896,"234":-0.9448672267718989,"235":-0.5793801599826132,"236":-0.7793663940444608,"237":-0.7842371912721005,"238":-0.6843201647557724,"239":-0.5522571723180301,"240":-0.5522571723180301,"241":-0.2546554510958998,"242":-0.2674638326392704,"243":-0.36257952514679626,"244":-0.5115390194601743,"245":-0.5838022750960854,"246":-0.23276379172042438,"247":-0.20271319572540358,"248":-0.9770092855073558,"249":-0.8299907561322677,"250":-0.5568511477119369,"251":-1.0883965478207807,"252":-0.6988284929864466,"253":-0.0016795478909339412,"254":-0.25693838410272796,"255":-0.22263166240669474,"256":-0.22263166240669474,"257":-0.3219795074491847,"258":-0.3219795074491847,"259":-0.25340558816501835,"260":-0.25340558816501835,"261":0.016536682790141644,"262":0.5671720364128232,"263":0.055060500632970744,"264":0.3131669155192651,"265":-0.10561496041428597,"266":0.0710624259838184,"267":0.02704641475496472,"268":0.02704641475496472,"269":0.02704641475496472,"270":0.4752790057679037,"271":0.4752790057679037,"272":-0.005406951091223966,"273":0.008156757393080971,"274":0.2049147648708073,"275":0.2832226497792041,"276":0.41250559286400623,"277":1.32439849608265,"278":0.8093690125394017,"279":0.21083437780946535,"280":-0.2338064547854073,"281":-0.06695083641698152,"282":-0.36924367556630455,"283":-0.2472708320863526,"284":-0.30024290711399737,"285":-0.49932860905090115,"286":-0.691943300765682,"287":0.05638026624233172,"288":0.11744787315486827,"289":-0.20507926347599081,"290":0.04402616888142852,"291":-0.28442731221035045,"292":-0.1355446430408982,"293":-0.1793403447851829,"294":-0.24931807513204451,"295":-0.3112160620979143,"296":-0.03389601170785572,"297":-0.6728197841413778,"298":-0.14881738449594817,"299":0.17356456797019737,"300":-0.27155620082976695,"301":-0.3839581358395243,"302":-0.40995255562924626,"303":-0.1816965465852718,"304":-0.6908777142467954,"305":-0.10728038661090267,"306":-0.6908777142467954,"307":-0.06789658322581049,"308":-0.03362985282846731,"309":-0.3750852396792155,"310":-0.2890252059967202,"311":-0.04414125076215969,