{"1":-0.07306796207628283,"2":-0.04365357425465063,"3":0.25730501414471696,"4":-0.10370287357084512,"5":-0.022348041276492564,"6":-0.028744085497306258,"7":-0.03722474215229295,"8":-0.08917409866706438,"9":-0.08917409866706438,"10":-0.0398564074491346,"11":-0.0398564074491346,"12":-0.07173419117393225,"13":-0.07173419117393225,"14":-0.027222678661407346,"15":-0.027222678661407346,"16":0.007502150193094366,"17":0.007502150193094366,"18":0.007502150193094366,"19":0.03461864667084036,"20":0.03461864667084036,"21":0.023628276832867556,"22":0.023628276832867556,"23":0.003851947555395918,"24":0.0494693377682503,"25":0.046459552874824464,"26":0.07629919905623528,"27":0.04497717411341047,"28":-0.00755358115246757,"29":0.05105182895030751,"30":-0.01619062305133001,"31":0.07228672219947122,"32":-0.012752144370977575,"33":0.03845628782939353,"34":-0.19436485113662832,"35":-0.09184674767198875,"36":-0.04295989338845513,"37":0.06756902150589983,"38":-0.04793617065203232,"39":-0.17638372992838774,"40":-0.13535181112102063,"41":-0.2516355265657001,"42":-0.10016173103755799,"43":0.041219390212105106,"44":-0.1676962679490926,"45":-0.22270029022279558,"46":-0.1340763749567636,"47":-0.05569153054899717,"48":0.008175840663684097,"49":-0.048938290991421496,"50":-0.048938290991421496,"51":0.008175840663684097,"52":0.008175840663684097,"53":-0.1759913544816491,"54":-0.1759913544816491,"55":0.02563866914338575,"56":0.006040693596277694,"57":0.06206010892947237,"58":-0.02941541815749437,"59":0.021691014785707008,"60":0.41006186430642194,"61":0.20095974584631565,"62":0.1089514291541543,"63":0.039104970571380265,"64":0.10028937184028655,"65":0.20209919129550577,"66":0.37201535323866664,"67":0.27377950811444635,"68":0.29132609851061075,"69":0.085501867801621,"70":0.0823546285560271,"71":0.02829135900689056,"72":0.07363778633191129,"73":0.007889860804435045,"74":0.0037103277643411037,"75":0.10414791780332627,"76":-0.07098080703615312,"77":-0.0013027004311536583,"78":0.1420258510371493,"79":0.09981680595828396,"80":-0.009309430976853772,"81":-0.044629074171718214,"82":0.09930014732833153,"83":-0.052684509656870826,"84":-0.011254949270856601,"85":0.0864622487342952,"86":0.10269380325882149,"87":0.10269380325882149,"88":-0.03904853646800688,"89":-0.03904853646800688,"90":0.1046510189784291,"91":-0.08043186431747484,"92":-0.011957764258695103,"93":0.25484497292572883,"94":-0.04328527485816347,"95":0.04069377619008707,"96":0.023052405295011402,"97":0.1561171239564787,"98":0.10791787987194412,"99":0.2660691969535305,"100":0.26761474641413013,"101":0.05210613976789727,"102":0.017955565462362655,"103":-0.0009030484904621328,"104":0.022361920787219353,"105":0.05088153458762931,"106":0.18395552219869946,"107":0.011218939070604173,"108":-0.021576514557661963,"109":0.027283205400423602,"110":0.015728379781661028,"111":-0.036962520909267146,"112":-0.049179245552246564,"113":-0.020105236105280866,"114":-0.37119332991953446,"115":0.005725949447019429,"116":0.08424717920962677,"117":-0.10691969483766911,"118":-0.12643347257933496,"119":0.028249480154718065,"120":-0.005920451387069342,"121":0.07647374808603763,"122":-0.05610157665389681,"123":-0.018202487484240304,"124":-0.05075425731404751,"125":-0.0014086486026541334,"126":-0.0014086486026541334,"127":0.11276367766122358,"128":-0.013529680939042193,"129":0.032806070582636127,"130":-0.0014086486026541334,"131":-0.0014086486026541334,"132":0.25583630105079136,"133":0.2846544714216884,"134":0.059746139478511345,"135":-0.04055230469970533,"136":0.10914986763415274,"137":0.28085654116692316,"138":-0.02625356627392539,"139":0.29632481610564865,"140":0.13646466833448267,"141":0.03190694891078599,"142":0.6775241558005634,"143":-0.011193085482293835,"144":0.08853844223039922,"145":0.2742849504484961,"146":-0.09752527935263777,"147":0.13530208342351896,"148":0.05811574683898628,"149":0.015934590583605468,"150":-0.00009283041179880547,"151":0.008819147634445898,"152":-0.006918898437573637,"153":-0.09287382498810773,"154":-0.02696366043692333,"155":-0.027945978208936156,"156":0.010287186973627654,"157":-0.05987903236379377,"158":-0.07423620624417998,"159":0.0011993089079645886,"160":0.006587400024791815,"161":-0.030831101872964534,"162":-0.004589781909021526,"163":-0.04372438610392887,"164":-0.0927331004685189,"165":-0.07744604128126392,"166":-0.07389904759604052,"167":-0.02977077318093252,"168":-0.0009538784247899723,"169":-0.04059332551247319,"170":-0.02851023338570227,"171":0.02696167037049041,"172":-0.021202090768571352,"173":-0.03234360955380275,"174":-0.05788092114995255,"175":-0.059235447768782784,"176":-0.03466888914236019,"177":-0.049168252730615425,"178":-0.1100284834228343,"179":-0.03016918514669842,"180":-0.0024517532889895693,"181":-0.04912578347883889,"182":-0.05953508896700441,"183":-0.04402550617982581,"184":-0.03736977962111436,"185":-0.07964830940157404,"186":-0.12517651073590874,"187":-0.04329237079564219,"188":-0.04204802120910353,"189":-0.028294570844192242,"190":-0.021774308213252408,"191":-0.06888730079974775,"192":-0.08439420431663652,"193":-0.06913554109748685,"194":-0.05113519797003824,"195":-0.10519648816062063,"196":-0.09341170680031566,"197":-0.07944982928415989,"198":0.016157463370384956,"199":-0.07782017895275359,"200":-0.049772958316100235,"201":0.015890162146045272,"202":0.015890162146045272,"203":-0.05258134121696846,"204":-0.06015007072449166,"205":-0.20554095845596615,"206":-0.04060934773930959,"207":-0.04628729243514315,"208":-0.05847540878705109,"209":-0.04967578597289987,"210":-0.016819244833904373,"211":-0.026185523167450306,"212":-0.0572418001788355,"213":-0.07608398425174362,"214":-0.06800223288478575,"215":-0.04824359338224199,"216":-0.13860083659041492,"217":0.001514785294035731,"218":-0.10405948519655274,"219":-0.06585870246709855,"220":-0.07227339839461974,"221":-0.10217267332031502,"222":-0.16321497534489668,"223":-0.03706742174607486,"224":-0.07499912581614901,"225":0.007405714000291164,"226":-0.024176949206914655,"227":-0.1878067179979344,"228":-0.08667949073861891,"229":-0.05104062754287936,"230":0.009593922604673344,"231":-0.11676526386374911,"232":-0.01275728714349536,"233":-0.10610566238977617,"234":-0.08681650297797171,"235":-0.09661294032741873,"236":-0.05357265693546229,"237":-0.1362251469554427,"238":-0.058180745245101376,"239":-0.095664867979121,"240":-0.095664867979121,"241":0.0345963251057152,"242":0.05479068189870395,"243":0.1654056509737193,"244":0.2769222637079235,"245":0.14900574463241806,"246":0.35727740317435996,"247":0.6431234209165282,"248":0.11732583751723102,"249":-0.1260123315720757,"250":0.2109337219230521,"251":0.031639526775894766,"252":0.0887489198475751,"253":0.17994915302205347,"254":0.11475404145574265,"255":0.05293619940300487,"256":0.05293619940300487,"257":0.08118787133068067,"258":0.08118787133068067,"259":0.17529832979819981,"260":0.17529832979819981,"261":0.11590303277360473,"262":1.123596574689174,"263":0.13993637173199225,"264":0.45519408468036515,"265":1.0987728795824256,"266":0.3693077546143977,"267":0.057440646852401064,"268":0.057440646852401064,"269":0.057440646852401064,"270":0.8181885627897136,"271":0.8181885627897136,"272":0.128356935434514,"273":0.10622320823942011,"274":0.3967392163452716,"275":1.4119386611838651,"276":0.22141073711341974,"277":0.4574475978143,"278":0.5427382916515266,"279":0.3096666453027116,"280":0.19512304960999827,"281":0.047573223902827255,"282":0.08026548918929155,"283":0.7796802774129299,"284":0.06850000074315643,"285":-0.32365179456092485,"286":-1.0003041829046886,"287":0.3600381948517679,"288":0.8126643298516398,"289":-0.12147142265021726,"290":-0.09017249913495146,"291":-0.1906072059806073,"292":-0.08525646237991513,"293":-0.10097256918556669,"294":-0.01921542731770648,"295":0.146619329730932,"296":0.004946775705990225,"297":0.010315958373965484,"298":0.23852510162336227,"299":0.25521472043567917,"300":-0.18793722324142545,"301":-0.13790742407189238,"302":-0.11440389812277832,"303":-0.07102528348448917,"304":-0.02104818861037469,