{"1":-0.2757470010529681,"2":-0.18736711170015585,"3":-0.18461975226410843,"4":-0.25832668268846204,"5":-0.19756288410680933,"6":-0.03543923505354196,"7":0.30394820716982096,"8":-0.10792976081309025,"9":-0.10792976081309025,"10":0.5707881510059201,"11":0.5707881510059201,"12":0.06394676301486046,"13":0.06394676301486046,"14":0.2319942773852839,"15":0.2319942773852839,"16":-0.025328466098507252,"17":-0.025328466098507252,"18":-0.025328466098507252,"19":0.29377570993968427,"20":0.29377570993968427,"21":0.35477126503693235,"22":0.35477126503693235,"23":0.15097186885114033,"24":0.34568826706669675,"25":0.5076889175331738,"26":0.16157860966042747,"27":0.1840711056369384,"28":0.03222181198858953,"29":0.2287151101327236,"30":0.23100270719528448,"31":0.042943165587040255,"32":-0.07012672660811958,"33":0.007502421432735051,"34":-0.6210733327843274,"35":-0.4086367707428513,"36":-0.30082554597415534,"37":-0.09752383551064714,"38":-0.3939560347059712,"39":-0.553568452014018,"40":-0.3334212824109617,"41":-0.39750116168211935,"42":-0.2842938390978387,"43":-0.10666377512987868,"44":0.06911441231627302,"45":-0.3590330602651459,"46":-0.2752497782225194,"47":-0.18677507158917406,"48":-0.26011514534744373,"49":-0.2494476141848434,"50":-0.2494476141848434,"51":-0.26011514534744373,"52":-0.26011514534744373,"53":-0.09390883652834647,"54":-0.09390883652834647,"55":-0.6957317722163205,"56":0.30919759274490266,"57":0.30125022888534003,"58":-0.061626631314187774,"59":0.0426545098404949,"60":0.7907451432970687,"61":0.5159629739920553,"62":0.4795747607392451,"63":0.24000312533008583,"64":0.2733950262299749,"65":0.3705066791922298,"66":0.8768255671426113,"67":0.4518790840576723,"68":0.6274698176565114,"69":-0.40166810326755886,"70":-0.35639673695213814,"71":-0.10835963463543452,"72":-0.07101873250244095,"73":-0.12746799341973913,"74":-0.23979169440238923,"75":-0.37650086373763036,"76":-0.3215942089963577,"77":-0.1411881088542013,"78":-0.06560503000523754,"79":-0.10221733473294403,"80":-0.5348640082548917,"81":-0.26343100479603776,"82":-0.09889645627692278,"83":-0.18611315311766918,"84":-0.004043748332342556,"85":0.43115492982606307,"86":-0.27378308455141775,"87":-0.27378308455141775,"88":-1.1688681678583688,"89":-1.1688681678583688,"90":0.12555214840083284,"91":-0.7154199528018097,"92":-0.0526032163429635,"93":0.2137283574163682,"94":-0.5949968874487372,"95":0.4586767980413171,"96":-0.22638938940606046,"97":0.0563209801444815,"98":0.4962963739410515,"99":0.2394872073427332,"100":0.2694130319808723,"101":0.28549011716525685,"102":-0.17072314152250723,"103":-0.01646165799009003,"104":-0.05297063418954551,"105":-0.1332817678642788,"106":0.0019090305011979503,"107":-0.0695614477422073,"108":-0.18061454268091937,"109":-0.0384753032077676,"110":0.2605083157840138,"111":-0.12197771004879998,"112":0.04260569776288836,"113":-0.13057383771694564,"114":-0.5544630319391952,"115":0.1587322533720017,"116":0.5208913160389859,"117":0.004434290145713504,"118":-0.033695657789230005,"119":0.040531417580468965,"120":0.03110918341110125,"121":0.0365999618338293,"122":-0.1513226627969213,"123":0.3425023090754782,"124":-0.23815031795153674,"125":-0.08470394711771068,"126":-0.08470394711771068,"127":0.2716053229445041,"128":-0.04805199647699454,"129":-0.06286620057177483,"130":-0.08470394711771068,"131":-0.08470394711771068,"132":0.27528632865534286,"133":0.29719060127757135,"134":-0.06875846199376356,"135":-0.3244592852374293,"136":0.08418753513885235,"137":0.06739785975844392,"138":-0.2746603383648716,"139":0.7700267112264614,"140":-0.14098385516972511,"141":-0.21324630663595334,"142":0.48598014671248757,"143":-0.14823825466966323,"144":-0.1080599894522658,"145":0.0683580344123933,"146":-0.5622465514078101,"147":0.09373235308450023,"148":-0.200558605858147,"149":-0.2985241425218532,"150":-0.5025036801956684,"151":-0.2760521845024917,"152":-0.1865681037531557,"153":-0.3920450000247564,"154":-0.30853930083191083,"155":-0.3148596600037985,"156":-0.19110886611622147,"157":-0.22050438539046402,"158":-0.2498975702859474,"159":-0.16591046443339308,"160":-0.14423773563998,"161":-0.4718808416651168,"162":-0.4123806699002137,"163":-0.07316352456817343,"164":-0.5532025568628143,"165":-0.33617139397932294,"166":-0.35310454635961275,"167":-0.264351989799964,"168":-0.4108189527822863,"169":-0.3823779168969519,"170":-0.2622801152159808,"171":-0.20037719180929492,"172":-0.1265584245938678,"173":-0.15680061478632012,"174":-0.29852889162246354,"175":-0.21661782778008565,"176":-0.18786386875353855,"177":-0.2679389843160198,"178":-0.23320340997710676,"179":-0.13888893352887277,"180":-0.4054141110859064,"181":-0.31720251455033865,"182":-0.3753965502562492,"183":-0.25619367902602097,"184":-0.22945250215779323,"185":-0.20042308264246578,"186":-0.25261420658002354,"187":-0.3450770433956766,"188":-0.2461662666797262,"189":-0.22777562712389232,"190":-0.11428247624685617,"191":-0.11735041426125092,"192":-0.23761329277106236,"193":-0.342196693023344,"194":-0.18423284460641387,"195":-0.3377417337665154,"196":-0.21980937461475203,"197":-0.06325275297283861,"198":0.25900851153801496,"199":-0.20838358828937054,"200":-0.279485652068,"201":-0.19613348599282543,"202":-0.19613348599282543,"203":-0.42533123864553124,"204":-0.39187531496053807,"205":-0.27608661791535516,"206":-0.3083393912493775,"207":-0.31258092321929265,"208":-0.3650750977081154,"209":-0.3905517168585607,"210":-0.3967496941435088,"211":-0.5141878432699438,"212":-0.5987167025742488,"213":-0.39478111161635454,"214":-0.26784670661851173,"215":-0.3063539616406763,"216":-0.5715367378505734,"217":-0.2821843751445189,"218":-0.24834767464589524,"219":-0.3838328014402257,"220":-0.4688057877032932,"221":-0.5068823424287241,"222":-0.4890275134223854,"223":-0.44755632387786304,"224":-0.41978528245636193,"225":-0.18329810806251567,"226":-0.20189261226734656,"227":-0.6455824273055268,"228":-0.578590009702106,"229":-0.3688339577053297,"230":-0.49041701729240295,"231":-0.3844460161032832,"232":-0.22195590558581535,"233":-0.298703757639845,"234":-0.5037007162282257,"235":-0.3571002891296071,"236":-0.3876832195111397,"237":-0.5162798194360994,"238":-0.49218821663984247,"239":-0.5144090793230365,"240":-0.5144090793230365,"241":-0.04796896756313718,"242":0.03471003168236808,"243":0.0892843355527213,"244":-0.06252659198230104,"245":-0.1941551833399422,"246":0.36388195187979644,"247":0.22128527534012954,"248":-0.1799538664321454,"249":-0.4209272111245723,"250":-0.0028442081521149465,"251":-0.4645798791411695,"252":-0.25210662736664924,"253":0.15093659191185937,"254":-0.06589395997046954,"255":-0.07048443727024556,"256":-0.07048443727024556,"257":-0.034537630214455106,"258":-0.034537630214455106,"259":0.08388914695065619,"260":0.08388914695065619,"261":0.19576318498105005,"262":1.1871200908521222,"263":0.4006023432887582,"264":0.7867075818105957,"265":0.8708115993878396,"266":0.29986275538913,"267":0.06855444302703839,"268":0.06855444302703839,"269":0.06855444302703839,"270":1.5070875532994863,"271":1.5070875532994863,"272":0.02845866153050247,"273":0.1184941633398654,"274":0.2919460832458747,"275":1.060220996233038,"276":0.2387184208645734,"277":1.1382755514118643,"278":0.9445223326177334,"279":0.3402203095233147,"280":0.06027262714965742,"281":-0.1991513206747728,"282":-0.8839758253640093,"283":-0.870356778799203,"284":-0.542224801912097,"285":-0.7442194987966905,"286":-1.3280852830238228,"287":0.258939802388202,"288":0.6193111743443718,"289":0.06507896289606974,"290":0.06422831146710006,"291":-0.48042417355345135,"292":-0.08576364076948151,"293":-0.10556281248599664,"294":-0.383946405909655,"295":-0.23109696236037824,"296":-0.07233871756742416,"297":-0.5248336353386918,"298":-0.10853843767899019,"299":0.44876874785326715,"300":-0.1906809969524672,"301":-0.07627911444374424,"302":-0.06333668558079886,"303":0.05324724150415738,"304":-0.2163875348294817,"305":0.20014594898871474,"306":-0.2163875348294817,"307":0.07327428712445228,"308":0.05118361614465017,"309":-0.050375901495472775,