{"1":-0.03180598852726213,"2":-0.032388002139648916,"3":-0.051194539249146756,"4":0.0004086586242995731,"5":0.005085713681099939,"6":-0.013902534020168446,"7":-0.014031606345564804,"8":-0.05981327306927292,"9":-0.05981327306927292,"10":-0.08947027893354079,"11":-0.08947027893354079,"12":-0.07288759697750358,"13":-0.07288759697750358,"14":-0.03472593506346203,"15":-0.03472593506346203,"16":-0.0027771000649314103,"17":-0.0027771000649314103,"18":-0.0027771000649314103,"19":-0.034181117831547106,"20":-0.034181117831547106,"21":-0.06394501898028546,"22":-0.06394501898028546,"23":-0.008713306089729625,"24":0.007054993976286264,"25":0,"26":0.010715277598676465,"27":0.009405176197307866,"28":-0.0075195174926003545,"29":0.002891087214065148,"30":-0.01741444174896504,"31":0.008639307754832765,"32":-0.021402369170435812,"33":-0.023726074592307026,"34":-0.03198771671678076,"35":-0.07764265038412313,"36":-0.0791012388210013,"37":-0.050136038449711345,"38":-0.10321339097596553,"39":-0.08833548954443993,"40":-0.017913362015253093,"41":-0.15018307965147168,"42":-0.0800904563938977,"43":-0.016666582130017343,"44":0.024200364860931772,"45":-0.03455529228829059,"46":-0.11561642691585844,"47":-0.015511659972713726,"48":-0.031236651047596903,"49":-0.11728164779606129,"50":-0.11728164779606129,"51":-0.031236651047596903,"52":-0.031236651047596903,"53":-0.04656804970314682,"54":-0.04656804970314682,"55":-0.18139089159456595,"56":0.007586368087700932,"57":-0.0019321802962277306,"58":-0.010434238213658418,"59":-0.008953672875767964,"60":0.009812984144127387,"61":0.04798130220719042,"62":0.009723403712770733,"63":0.009573245835350196,"64":0.012663986598321256,"65":-0.014165069597164893,"66":-0.013186290634364523,"67":-0.03745864509782604,"68":-0.040462089076876206,"69":-0.026306704722592,"70":-0.060865812112434206,"71":-0.09468859864097465,"72":0.005068311187974198,"73":-0.06573690502915869,"74":-0.07077054897000266,"75":-0.0676188677416313,"76":-0.007606240748728524,"77":-0.012599057234131315,"78":-0.08670699628407502,"79":0.008272213215396201,"80":-0.07435083622427369,"81":-0.06305525089161819,"82":-0.020795014460502664,"83":-0.04278728101760747,"84":-0.01248440489508668,"85":-0.00197928321979203,"86":-0.0366761433907435,"87":-0.0366761433907435,"88":-0.08193161752964565,"89":-0.08193161752964565,"90":-0.13104990746448358,"91":-0.29302649435208455,"92":-0.12819051838989093,"93":-0.13829822907926498,"94":-0.10070158048703426,"95":-0.2039453248171152,"96":-0.1525663470513832,"97":-0.09178383491096062,"98":-0.1380377283227277,"99":-0.011116396183158767,"100":-0.01690499630468939,"101":-0.03611647169591804,"102":-0.03136227734205994,"103":-0.011890962453339891,"104":-0.027557981079463195,"105":-0.053020636709573785,"106":-0.06855095846516086,"107":0.005423834988866262,"108":-0.041684190097736246,"109":-0.03954593208909936,"110":-0.056024690371574704,"111":-0.04997979594569393,"112":-0.03664012698634166,"113":-0.06225851232892927,"114":-0.18862580484675484,"115":-0.02832927447278985,"116":0.0015474307183407643,"117":-0.059118046922525105,"118":-0.07503313889465307,"119":-0.07117158540060732,"120":-0.047153599926501984,"121":-0.017116553996338574,"122":-0.07778886029811796,"123":-0.02918005337769447,"124":-0.049063308780007656,"125":-0.03155329855332108,"126":-0.03155329855332108,"127":-0.03443487392164274,"128":-0.03649222014862458,"129":-0.03615461757157967,"130":-0.03155329855332108,"131":-0.03155329855332108,"132":-0.03964477144371639,"133":-0.08851281446085463,"134":-0.014868312524946928,"135":-0.07451115200947396,"136":-0.025705835183101516,"137":-0.037522459089724874,"138":-0.06453637101884252,"139":-0.028048233951065246,"140":0.10338483592281839,"141":-0.06500692724551436,"142":-0.14753230186386146,"143":-0.03070147404891249,"144":-0.06989811962163534,"145":-0.06443033111077262,"146":-0.077753170786112,"147":-0.043045391493918034,"148":-0.02821859669483716,"149":-0.037310530567241075,"150":-0.04572191270794798,"151":-0.04929349040577641,"152":-0.04067137649623394,"153":-0.08766444354675636,"154":-0.04911530507452128,"155":-0.03351076537316273,"156":-0.021811391572682137,"157":-0.0984774427267706,"158":-0.036125079018207766,"159":-0.034506549273476864,"160":-0.02048492784064,"161":-0.043487641243637604,"162":-0.021903407418324937,"163":-0.07562598664412931,"164":-0.13558911878586766,"165":-0.04628268612705883,"166":-0.04394269716169524,"167":-0.03408073325349548,"168":-0.008376978365109932,"169":-0.04050137958612761,"170":-0.0350546279257659,"171":-0.016324981214801977,"172":-0.03289721880858992,"173":-0.023319652619884265,"174":-0.025132533733251007,"175":-0.053201192049972604,"176":-0.033481979878181474,"177":-0.024771792567381032,"178":-0.051535846442882303,"179":-0.02243145332576936,"180":-0.05696300250112381,"181":-0.032690690165172995,"182":-0.04620276484130598,"183":-0.03528463914436472,"184":-0.04230844437179944,"185":-0.030424456641916453,"186":-0.019410938636655328,"187":-0.0387678149128032,"188":-0.04614180041303184,"189":-0.027114666289074007,"190":-0.024348354894803404,"191":-0.03911453595763362,"192":-0.07223859134996174,"193":-0.034417363799975384,"194":-0.04570165518857067,"195":-0.022302232144657746,"196":-0.04275607152104545,"197":-0.07185343807981982,"198":-0.012465542939270685,"199":-0.04004270189762013,"200":-0.02276142386602748,"201":-0.06033397940360038,"202":-0.06033397940360038,"203":-0.06520382010803692,"204":-0.06581276834275401,"205":-0.0040011368302325465,"206":-0.04910018130525501,"207":-0.027658278562987415,"208":-0.04800516594469295,"209":-0.05031960081774821,"210":-0.06848546793857718,"211":-0.03532353687446702,"212":-0.03992702707410514,"213":-0.02600325818397662,"214":-0.04266254602901742,"215":-0.04854780505294677,"216":-0.06509292391532942,"217":-0.03337258449737796,"218":-0.04676038384145154,"219":-0.03507395992001411,"220":-0.04188890709640712,"221":-0.05999230991397592,"222":-0.06266118530729722,"223":-0.06774107057310673,"224":-0.06305756279729764,"225":-0.012496986620126646,"226":-0.040327442469991655,"227":-0.07300024526342158,"228":-0.061129557652601016,"229":-0.05948896684525898,"230":-0.08497491508527377,"231":-0.025809104609987605,"232":-0.04726948060183442,"233":-0.024381311496685303,"234":-0.0527711936077499,"235":-0.040010974558407755,"236":-0.04648738269952389,"237":-0.05090428427851854,"238":-0.04831096797583567,"239":-0.04543724523042289,"240":-0.04543724523042289,"241":-0.03343037130801033,"242":-0.038089197863074804,"243":-0.038693381269319246,"244":-0.0755638500186849,"245":-0.0036740936472343874,"246":-0.042213570911070475,"247":-0.022970475908888194,"248":-0.09077176142684094,"249":-0.03610593821293298,"250":-0.012850016294256375,"251":-0.03226118645883688,"252":-0.03618706014501322,"253":-0.027250188532292833,"254":0.009012479353055259,"255":-0.014215390506963518,"256":-0.014215390506963518,"257":-0.009392538064984614,"258":-0.009392538064984614,"259":-0.00020908147829359208,"260":-0.00020908147829359208,"261":-0.009959143170204195,"262":-0.02770852323751729,"263":-0.050461795698589634,"264":0.011287339825089521,"265":-0.046296103984230355,"266":-0.03028738938642077,"267":-0.029579349912211582,"268":-0.029579349912211582,"269":-0.029579349912211582,"270":0.004063353379337609,"271":0.004063353379337609,"272":0.005286110744020087,"273":-0.030062961756902103,"274":0.0006648683922397987,"275":-0.0015856366288302982,"276":-0.02194330889833606,"277":-0.012619530651682205,"278":-0.027107594842216046,"279":0.00007167829758477663,"280":-0.045175717188400896,"281":-0.01996673045995068,"282":-0.05910721341591703,"283":-0.04961219580262462,"284":-0.02608173000230728,"285":-0.029859060949530447,"286":-0.03448065053589162,"287":-0.003513268897265693,"288":0.0015390952819785125,"289":-0.06056408839323849,"290":-0.014160860534606624,"291":-0.030976737127451213,"292":-0.02913169016130078,"293":-0.01648305677267442,"294":-0.05698160203934337,"295":-0.024053589218021518,"296":-0.008507752669543742,"297":-0.05475098730411419,