{"1":-0.30039972069987453,"2":-0.17381481677803823,"3":-0.9092494505207174,"4":-0.2719683949262184,"5":0.014761579134128677,"6":-0.14466207073682358,"7":0.9604218062266958,"8":-0.4832466660160746,"9":-0.4832466660160746,"10":0.2123767992682719,"11":0.2123767992682719,"12":0.2027826739430476,"13":0.2027826739430476,"14":0.5342074300171595,"15":0.5342074300171595,"16":0.19634303776892348,"17":0.19634303776892348,"18":0.19634303776892348,"19":0.803456357331624,"20":0.803456357331624,"21":0.797254355686519,"22":0.797254355686519,"23":0.037264961242309935,"24":0.557037429598024,"25":0.766088044608918,"26":-0.015729084325514453,"27":-0.023540768417838365,"28":-0.05950530730719805,"29":0.44750724549997134,"30":0.12578131217475885,"31":-0.035180886029340996,"32":-0.1907627635316369,"33":-0.10241546612802788,"34":-1.135407517442755,"35":-1.095056976137629,"36":-0.7234402074706479,"37":-0.43020310869279754,"38":-0.6768921203731031,"39":0.16866955592666244,"40":-0.40192163457891095,"41":-0.040424850542363444,"42":0.04828593545027893,"43":-0.5800186572878294,"44":0.7506647833332902,"45":-0.37842049434631964,"46":-0.09075456860988318,"47":-0.7153939056067395,"48":-0.25510092698340436,"49":-0.6659074796631987,"50":-0.6659074796631987,"51":-0.25510092698340436,"52":-0.25510092698340436,"53":0.79211368625172,"54":0.79211368625172,"55":-1.6803192246208898,"56":0.505595865786792,"57":0.46875385930310154,"58":-0.20306391507417887,"59":0.009596345360751268,"60":1.2499135715560623,"61":0.8436748882744585,"62":0.701103282789536,"63":0.3661897203100639,"64":0.4619836949401157,"65":0.5642217399193754,"66":1.4127437722035792,"67":-0.19706569642208738,"68":1.5844573005380571,"69":-1.2344537139233918,"70":-1.5657736349640885,"71":-0.43773187199746744,"72":-0.4301304566897439,"73":0.04128372172158912,"74":-0.6172708434406884,"75":0.24118486373053827,"76":-0.20749021396135525,"77":0.00885438829344487,"78":0.18879075952113222,"79":-0.12638883966730763,"80":-1.0377783573164727,"81":-0.3985015720087626,"82":0.7824512269560548,"83":0.39611082163202305,"84":0.36116794239077077,"85":1.408913578336958,"86":0.2611074743018307,"87":0.2611074743018307,"88":-2.2894244152567715,"89":-2.2894244152567715,"90":-0.05346136082756203,"91":-1.9740467634235372,"92":-1.1099931273690444,"93":-0.727546968812181,"94":-1.7300294454293326,"95":1.194952090841209,"96":-0.7827482246864435,"97":-0.22207767626832542,"98":1.3451474727216137,"99":-1.1964475963198389,"100":-0.7021901668790926,"101":0.28821519236320636,"102":-0.7324250363247016,"103":-0.48818061326915085,"104":-0.23597736448640383,"105":-0.6745518387310989,"106":-0.515552232129207,"107":-0.46178213920259825,"108":-0.6737393645823064,"109":-0.34987852383826246,"110":0.11515723733005423,"111":-0.42746050473998665,"112":-0.26020607312452615,"113":-0.6339166908817973,"114":-0.9597377034976593,"115":0.3490717977215181,"116":0.7831735103699478,"117":0.15592542894396022,"118":-0.13888795794583686,"119":-0.36361767140496326,"120":-0.28484352608082464,"121":-0.22830098013369415,"122":-0.40812426415837333,"123":-0.17206559181383874,"124":-0.3604546998449938,"125":-0.4457241203030966,"126":-0.4457241203030966,"127":-0.2377646235077009,"128":-0.2510517638475305,"129":-0.338383488082421,"130":-0.4457241203030966,"131":-0.4457241203030966,"132":-0.3795483192843889,"133":0.8187880936089709,"134":-0.906165557901403,"135":-0.8041123603079248,"136":-0.7514931420854021,"137":-0.6618157490213736,"138":-1.3433568910892166,"139":1.6393302494082285,"140":-1.7669284261102636,"141":-1.499841902544257,"142":1.4205313250481995,"143":-0.5770025385844697,"144":-0.902786969747976,"145":0.2265698099646185,"146":-2.757976488575432,"147":-0.7000763862818005,"148":-1.0788437869284384,"149":-0.9820955613649569,"150":-1.919971309725958,"151":-1.2986627405260194,"152":-0.8443249862909381,"153":-1.0684036635521421,"154":-0.9682800892279517,"155":-0.9528561704979874,"156":-0.8756488020708777,"157":-1.5175247127226932,"158":-0.6205140511736804,"159":-0.8340147409439513,"160":-0.5057362389849702,"161":-2.266142685187231,"162":-1.152865617433183,"163":-0.46238294440506866,"164":-2.7100249405238834,"165":-0.8752461756721965,"166":-1.1985432217308523,"167":-0.34429092157261776,"168":-1.1077844427106553,"169":-0.712385133570494,"170":-0.49305725346831863,"171":-0.2481671528702245,"172":-0.5685380014621146,"173":-0.5055691370861957,"174":-0.5920148482248639,"175":-0.5960329982558603,"176":-0.5340320258718689,"177":-0.16979428355676252,"178":-0.5954066356398799,"179":-0.4256172579525779,"180":-0.945291912709262,"181":-0.5904016953367259,"182":-0.4648663814652414,"183":-0.7191992814204742,"184":-0.29479270466079566,"185":-0.2167017068232484,"186":-0.495499028074633,"187":-0.7578940787038033,"188":-0.8634799120889314,"189":-0.5607749093076366,"190":-0.5548851555438565,"191":-0.40992656877705613,"192":-0.6654540217014988,"193":-1.4647100113131546,"194":-0.7126450884489022,"195":-1.2246703832784962,"196":-0.7745012933310549,"197":-0.7154760103181008,"198":0.46946889787019597,"199":-0.7288031536290407,"200":-0.9194971533481038,"201":-1.2637074388804885,"202":-1.2637074388804885,"203":-1.0545461018972495,"204":-1.2648802912618917,"205":-0.7192649220663272,"206":-0.9813730941111101,"207":-0.9257643905544357,"208":-0.7110846697933089,"209":-0.9236603253922528,"210":-1.271124209122303,"211":-1.3108009788284507,"212":-1.3463809881154405,"213":-0.6475796156963065,"214":-0.430322573732691,"215":-0.8875050890303622,"216":-2.0227885802685295,"217":-0.9927155628163709,"218":-1.1559878754023902,"219":-1.5245470044524625,"220":-1.8533429159264454,"221":-1.5462904173395549,"222":-1.3505685190523944,"223":-1.0438049401436431,"224":-0.7906761674314944,"225":-0.4396318077966861,"226":-0.9203514032867384,"227":-1.1926837442680958,"228":-1.2604316052773124,"229":-0.6023970582971852,"230":-1.7501974751284335,"231":-1.2811185812969805,"232":-1.1665107055336756,"233":-0.5181816502630157,"234":-1.7204728700542917,"235":-0.8675089990471627,"236":-1.031894509572166,"237":-1.0266679802178316,"238":-0.9992789118515444,"239":-0.6209683961252623,"240":-0.6209683961252623,"241":-0.012467040755037573,"242":-0.4354189243183617,"243":-0.26400038864454256,"244":-0.5407282942465867,"245":-0.7197334970402729,"246":-0.3455964803857583,"247":-0.08793315222043074,"248":-0.8111721000986991,"249":-1.0294513675110175,"250":-0.6029685804743004,"251":-1.3598607427902643,"252":-0.6831196928033547,"253":0.20173161198838452,"254":-0.23888886912356466,"255":-0.04537002458246486,"256":-0.04537002458246486,"257":-0.23986531217438722,"258":-0.23986531217438722,"259":-0.20190718564728538,"260":-0.20190718564728538,"261":-0.06415812931095688,"262":0.6239652995067839,"263":-0.14056912695898283,"264":0.23552942652839803,"265":-1.0600232870643396,"266":0.08156219840241641,"267":0.02607611989805081,"268":0.02607611989805081,"269":0.02607611989805081,"270":0.8566782928030419,"271":0.8566782928030419,"272":-0.05716727974220781,"273":0.00907674057628638,"274":0.18941105312279916,"275":0.25861876555836005,"276":0.6401158735926336,"277":2.1516979831823297,"278":1.12344317137046,"279":0.22363935629939513,"280":-0.572288541923508,"281":0.04411123231227054,"282":-0.42477119115818596,"283":-0.24722783781896496,"284":-0.2577216290070814,"285":-0.5416792026339243,"286":-0.9944657985741808,"287":0.3303099184867597,"288":1.037487697033322,"289":-0.6746944932064878,"290":-0.1571267429921681,"291":-0.6357293226813359,"292":-0.5544735397247171,"293":-0.050387216506237564,"294":-0.27477421075648434,"295":0.3342843582716859,"296":-0.05197718882540925,"297":-0.7240925027971918,"298":-0.24481417615039458,"299":0.3046204542856241,"300":-0.2142723112583358,"301":-1.5285715015751844,"302":-0.8642677772863845,"303":-0.33363592134747844,"304":-1.495435499616673,"305":-0.15788461247243202,"306":-1.495435499616673,"307":0.888091517036476,"308":-0.05003144928421621,"309":-0.2566648942651826,"310":-0.3167743114721695,"311":0.06471608793615591,"312":0.01894302868296105,