{"1":0.8769693393116111,"2":0.15038706592671086,"3":-0.12321385600620827,"4":5.742773959482459,"5":0.9465339547614617,"6":0.43729887570180126,"7":0.17888626751408132,"8":0.2725924302641253,"9":0.2725924302641253,"10":0.5500698813342515,"11":0.5500698813342515,"12":0.23949016876601248,"13":0.23949016876601248,"14":0.14937525340974422,"15":0.14937525340974422,"16":1.1043288682580399,"17":1.1043288682580399,"18":1.1043288682580399,"19":0.40909418507219475,"20":0.40909418507219475,"21":0.2871714230041129,"22":0.2871714230041129,"23":1.074366128811591,"24":0.9142245167939843,"25":0.09767859389540642,"26":-0.02951247368223993,"27":0.44115310500844823,"28":0.15695453126138448,"29":0.4524567453768124,"30":0.2962356432327553,"31":0.1441075546885522,"32":0.010444814660637985,"33":0.08144425739011019,"34":0.05180611913293985,"35":0.09959153626254413,"36":0.08182657609715421,"37":0.006554487233093653,"38":0.3568165249879124,"39":0.4398394593330983,"40":0.19784362916140988,"41":0.10210608885948011,"42":0.15036997968633406,"43":0.2668209559475156,"44":0.1900170127439163,"45":0.05244328082917016,"46":0.13373335317656904,"47":0.12299995825402277,"48":0.23333252814179395,"49":0.14191795089735718,"50":0.14191795089735718,"51":0.23333252814179395,"52":0.23333252814179395,"53":0.24166043835586448,"54":0.24166043835586448,"55":0.0930650387996691,"56":0.07627157896525016,"57":-0.14562974782913557,"58":0.2200643234176371,"59":0.0905345786965484,"60":0.053195777799776356,"61":0.13825819894840885,"62":0.2105830073153866,"63":0.39242399312049747,"64":0.14775706801519364,"65":0.3800750248859195,"66":-0.036062324834827575,"67":0.15210986091404294,"68":0.045943217478369935,"69":0.010005445577006722,"70":0.06055511634837041,"71":-0.03159947357042853,"72":0.09352842386158547,"73":0.3893877254365235,"74":0.20742378414327362,"75":0.040288697152246866,"76":0.13327443567630784,"77":0.08014593943602943,"78":0.186591404357558,"79":-0.02963359565767043,"80":0.17692336869737488,"81":-0.057274757807111665,"82":-0.060362935621491864,"83":0.11653973020903141,"84":0.2595406573187029,"85":0.1391556373804222,"86":0.12641400828067428,"87":0.12641400828067428,"88":0.04007933757366705,"89":0.04007933757366705,"90":-0.0013515425941976467,"91":-0.0035258653312883748,"92":0.03323411904718235,"93":0.01890241449503216,"94":-0.2949315553457635,"95":0.018029464647628363,"96":-0.04953281613434743,"97":-0.032189017022343586,"98":-0.01072272930636331,"99":0.4661268183471375,"100":0.43731507500934863,"101":0.052948762948562295,"102":0.06520737202087167,"103":0.06927038041320513,"104":0.1279456683315382,"105":0.12372609224279763,"106":0.08183167255594581,"107":0.11654021765005065,"108":0.2345558076684033,"109":0.2408918893211885,"110":0.1567701955852101,"111":0.14832637916649388,"112":0.07663995274727471,"113":0.06728835318262799,"114":0.06864044619589926,"115":0.09740360675073492,"116":0.05165007269262485,"117":0.15239818923494208,"118":0.08552692033323145,"119":0.20369811672135354,"120":0.1161974167634687,"121":0.2315800325690373,"122":0.13617831472600106,"123":-0.008756340676538299,"124":1.30383832999527,"125":0.11941473638147376,"126":0.11941473638147376,"127":0.13013225660790378,"128":0.38023252188213663,"129":0.12480377762756611,"130":0.11941473638147376,"131":0.11941473638147376,"132":0.08134621999906438,"133":0.034025932846760365,"134":0.4015076766046127,"135":0.21579297239822062,"136":0.03112602293815811,"137":0.1930464412122395,"138":0.030701241900658482,"139":0.26085659489238294,"140":-0.03220435267535193,"141":0.12661875261134017,"142":0.06971477244691782,"143":0.09159026704226153,"144":0.1697784227035125,"145":0.23282199805141754,"146":0.09232850253818436,"147":0.01879239478617939,"148":-0.07088978528125814,"149":0.09923838631894073,"150":0.18302168708087643,"151":0.006165845832749872,"152":0.053421430873312414,"153":0.11549480236296739,"154":0.11721823735931304,"155":0.07311159308088765,"156":0.10433727450548073,"157":0.25989744164217315,"158":0.5032182300849848,"159":0.08173613488786094,"160":0.10152486808089853,"161":0.11268622829732747,"162":0.23555046074186106,"163":0.17467043304197946,"164":0.29848498830343256,"165":0.2974939566235341,"166":0.1741368218616542,"167":0.1805843915118509,"168":0.4160068878074691,"169":0.16773838182957873,"170":0.30222347206711236,"171":0.07111861886506538,"172":0.41070284821190517,"173":0.44879430871059345,"174":0.34043032071456814,"175":0.48990615340552807,"176":0.1281807990140597,"177":0.3720734117742599,"178":0.38718179689988863,"179":0.38550592992648813,"180":0.18209048423924615,"181":0.23431880768103674,"182":0.33374381004409764,"183":0.20353932555571214,"184":0.31072932190665853,"185":0.40144327160058013,"186":0.4638545196482753,"187":0.34537471030126937,"188":0.6504885501467039,"189":0.4595912500699186,"190":0.4451383676578634,"191":0.3859692839594344,"192":0.4568083661135838,"193":0.42135753734087933,"194":0.2797071440512601,"195":0.2418576393846324,"196":0.6667704168450497,"197":0.46788591172508304,"198":0.9884232387836445,"199":0.5283895898581165,"200":0.4121280734599954,"201":0.032151381392065886,"202":0.032151381392065886,"203":0.18394140385234758,"204":0.10155646600520897,"205":0.09638613066149415,"206":0.15854602964620815,"207":0.08107194224388306,"208":0.16655468238211274,"209":0.07421243057538876,"210":0.11339985049450522,"211":0.10606994490726121,"212":0.1041062266382833,"213":0.16372186596025726,"214":0.20291387206993586,"215":0.1850677898537792,"216":0.27715643065813134,"217":0.22141705543141338,"218":0.5764748424360843,"219":0.25150567718183375,"220":0.19538702317494339,"221":0.11721944717422512,"222":0.4414153990442461,"223":0.3694566466417497,"224":0.44052257901223474,"225":0.1951117099960063,"226":0.5523847094382583,"227":0.23043349285662046,"228":0.1508718442912755,"229":0.11131171955519041,"230":0.224430742188304,"231":0.2614989077039859,"232":0.20007788009094526,"233":0.3253019258098218,"234":0.36250254300653684,"235":0.35932926766043266,"236":0.27724551864447383,"237":0.07754786944830122,"238":0.139452757666381,"239":0.13143182655147906,"240":0.13143182655147906,"241":1.881433941934955,"242":0.5931734497653768,"243":1.5960024793947054,"244":0.4248935070492313,"245":-0.2057306826723409,"246":0.03255666291092674,"247":0.012436824293890897,"248":0.10493885766844843,"249":0.14030164854437038,"250":0.09856613685774218,"251":0.19348119101336758,"252":0.21306818181818182,"253":-0.052315892335689125,"254":0.04200530985527054,"255":0.05867348547714103,"256":0.05867348547714103,"257":0.1987224635353444,"258":0.1987224635353444,"259":0.04900292708764789,"260":0.04900292708764789,"261":0.048592408079244004,"262":0.03179028438602809,"263":0.10576244623548728,"264":0.052143431520271066,"265":0.14042700699287236,"266":0.1895796692628427,"267":0.10807085801536867,"268":0.10807085801536867,"269":0.10807085801536867,"270":0.0921959465441026,"271":0.0921959465441026,"272":0.08898380494749955,"273":0.3950732047408785,"274":0.26067882261440245,"275":-0.055885197333072394,"276":-0.029506445826281424,"277":0.21177376241011897,"278":0.25196253551827497,"279":0.16940948693126814,"280":0.056911623169717526,"281":0,"282":-0.06377608462283664,"283":-0.03697495581926469,"284":0.07805790111611541,"285":0.013766091057917103,"286":0.019899241999786994,"287":0.28671969259323327,"288":0.06555227794165848,"289":0.32111763598936344,"290":0.9761201348135533,"291":0.9437387266779468,"292":0.9031817185092992,"293":0.127752699416615,"294":0.5450046828150367,"295":0.3445209650578805,"296":0.07718707168084482,"297":0.21953896816684962,"298":0.19259057118699408,"299":0.1367265854621616,"300":-0.013417417234518975,"301":0.12694181271063512,"302":0.08605594547131536,"303":0.17034735536126558,"304":0.1942584979247889,"305":0.11274545537873112,"306":0.1942584979247889,"307":0.11913408098459136,"308":-0.013312195394011893,"309":0.15976239189057392,"310":0.3417556034748125,"311":0.35012419273470613,"312":0.2440889749809267,"313":0.06927877098644133,"314":0.05800179126991255,