{"1":0.042688760498834535,"2":0.007516222517148806,"3":0.16986242188122036,"4":0.45235059845551395,"5":0.15627670773895747,"6":0.0820583993871496,"7":-0.037602220636571704,"8":0.03972636719851815,"9":0.03972636719851815,"10":0.12555952197390466,"11":0.12555952197390466,"12":-0.011281568567502558,"13":-0.011281568567502558,"14":0.01823765248366125,"15":0.01823765248366125,"16":0.1433583087692166,"17":0.1433583087692166,"18":0.1433583087692166,"19":0.12467121768527503,"20":0.12467121768527503,"21":-0.42152984627338785,"22":-0.42152984627338785,"23":1.1178663184872404,"24":2.356567787734094,"25":1.5020351480805076,"26":0.20899746597356,"27":1.665857241202401,"28":0.8411841627143308,"29":1.0691199691194093,"30":0.3645284543002162,"31":0.03619242853641036,"32":0.12771441825430258,"33":0.3178879642659221,"34":1.010139669090015,"35":0.14651543490297525,"36":0.20723856080158592,"37":0.2544407476837034,"38":0.8256180780862774,"39":0.33845648932530265,"40":0.2108850026618226,"41":0.15250854312425946,"42":0.3487318458370361,"43":0.31004518362826683,"44":0.7593829442849571,"45":0.10516786094795877,"46":0.181012155946338,"47":0.13826887604453988,"48":0.2898796873207897,"49":0.2038663608824996,"50":0.2038663608824996,"51":0.2898796873207897,"52":0.2898796873207897,"53":0.37655008039153515,"54":0.37655008039153515,"55":-0.006861038332850455,"56":0.05834700078818714,"57":0.3659482102035073,"58":0.05722784860635302,"59":0.358153085520329,"60":0.13987744927155915,"61":0.32756440052136937,"62":0.18998057479881938,"63":0.4445955036693574,"64":0.13429143225243964,"65":0.44886443746465055,"66":0.14997799825713218,"67":0.25115351970159366,"68":0.11158687370793147,"69":0.22240905758457585,"70":0.041703578810386,"71":0.10849501259594382,"72":0.2706081779152379,"73":0.19833952688534107,"74":0.2537600862226295,"75":0.1616065981100811,"76":0.16057413733352505,"77":0.14161155166773942,"78":0.23547321188233566,"79":0.07332299640577689,"80":0.05960624700763617,"81":-0.10179572515715912,"82":0.08800893398359233,"83":-0.0679925393440779,"84":0.42420232774130323,"85":0.38052036030262476,"86":0.08322880061185356,"87":0.08322880061185356,"88":0.05722242297355995,"89":0.05722242297355995,"90":-0.03439409436081331,"91":-0.0818160877134812,"92":-0.0564493162000253,"93":-0.08690535906175273,"94":0.12618011906265492,"95":-0.003430313693253334,"96":-0.012475200432561118,"97":-0.27660630698874344,"98":-0.15721033265234008,"99":1.4451115870975313,"100":1.366426126987341,"101":0.4649736624945033,"102":0.39212330536861545,"103":0.5743807784903754,"104":0.4985509201351714,"105":0.3876426818000648,"106":0.5219682588712703,"107":0.7741104004344868,"108":0.846116214566152,"109":0.9830494865728518,"110":1.808128587095673,"111":1.1788871427127707,"112":0.8555620756640845,"113":1.1999999049250518,"114":2.577813659488224,"115":1.2406993188237099,"116":1.3203247957645687,"117":2.3579078913411853,"118":2.1992899371548003,"119":3.3117650778207297,"120":0.9526541023583603,"121":1.168028252244528,"122":1.959862377080114,"123":2.671046435979531,"124":11.853299386609853,"125":1.2861501259928443,"126":1.2861501259928443,"127":1.2691963727498916,"128":2.178295349619324,"129":0.41896485496268754,"130":1.2861501259928443,"131":1.2861501259928443,"132":0.1459388523365236,"133":0.05176795626235696,"134":0.15589526316532304,"135":0.09278188010475338,"136":0.06338693894165649,"137":0.043195397629148924,"138":0.1313512582821851,"139":0.10444136133263408,"140":0.16487658467558514,"141":0.29234327684680494,"142":0.019074768257534305,"143":0.12216503545355958,"144":-0.027603058458814472,"145":0.10117762815603148,"146":0.1621019161064735,"147":0.056885028979861786,"148":0.026732049928150967,"149":0.0420042104220686,"150":0.0948375278153274,"151":-0.0022314600369099935,"152":0.020219717458406887,"153":0.04480900007244989,"154":0.05202595362848709,"155":0.026503808404578652,"156":0.09870923162777541,"157":0.09080891400691404,"158":0.4629651089520325,"159":0.011844985507319425,"160":0.03595733346437112,"161":0.04628034565352494,"162":0.15249940618002444,"163":0.16961406958698788,"164":0.16046315395081984,"165":0.4963302376481821,"166":0.3957646793572219,"167":0.356832593222532,"168":0.9356901714784853,"169":0.6324176272031556,"170":0.6092052818670712,"171":0.48662128283964673,"172":0.23591921000644786,"173":0.4446772760889917,"174":0.448157264167534,"175":0.4570233442974738,"176":0.03709102217232946,"177":0.5157645922896257,"178":0.22974196105506697,"179":0.2269246790348628,"180":0.08091478090794738,"181":0.08037991565240733,"182":0.23587590569038014,"183":0.0794325707511463,"184":0.1851090947265193,"185":0.3201616768362208,"186":0.22706332219723704,"187":0.2101345997261766,"188":0.2651882912867846,"189":0.14819468990310966,"190":0.2415273308944323,"191":0.25835447937958805,"192":0.42129941557462536,"193":0.23166236352510602,"194":0.2305717020539721,"195":0.2692707593241579,"196":0.36681425299169185,"197":0.4435411138554684,"198":1.262876689319532,"199":0.6699113444510665,"200":0.7816529598212408,"201":0.024530812746742334,"202":0.024530812746742334,"203":0.06835196465923592,"204":0.08107670701125243,"205":0.07357611098200986,"206":0.08132066640274573,"207":0.05413137856368625,"208":0.08817312749250902,"209":0.059234355481381486,"210":0.054633516705729024,"211":0.07185883177079219,"212":0.10525882903738265,"213":0.07290027981999848,"214":0.05986553595794486,"215":0.12541519283461544,"216":0.14397425100715666,"217":0.09440968312408543,"218":0.16940109024138789,"219":0.06917498904339754,"220":0.05921664757802925,"221":0.05257362466571306,"222":0.30258098337679984,"223":0.15770097166426494,"224":0.16871566001239907,"225":0.15773014012265504,"226":0.09939929143400586,"227":0.13293090771802143,"228":0.01995872372397521,"229":0.1036346756284712,"230":0.24125149325896528,"231":0.11394760247002184,"232":0.11097046274273305,"233":0.140719555829819,"234":0.16501804993690705,"235":0.26147793345787274,"236":0.27606555141496036,"237":0.15389568670819875,"238":0.1438819735962975,"239":0.07376205497257383,"240":0.07376205497257383,"241":0.7547453143638556,"242":1.8817003574333773,"243":3.9258941188143885,"244":1.4926682791173254,"245":2.8197322069295736,"246":0.8912715600395376,"247":-0.5371289556983077,"248":0.009286448612980447,"249":0.12527295721291032,"250":0.17913769290947612,"251":-0.18319008284148186,"252":-0.20981425892419892,"253":0.1076985254110211,"254":-0.1195174047973708,"255":0.4042196166648165,"256":0.4042196166648165,"257":0.8943716097754972,"258":0.8943716097754972,"259":0.17865100179196125,"260":0.17865100179196125,"261":0.07958908589146148,"262":0.1503130956098263,"263":0.02404094236558929,"264":-0.027915861654081914,"265":0.49426000971720807,"266":-0.10746543201627268,"267":0.09736607231167581,"268":0.09736607231167581,"269":0.09736607231167581,"270":0.22001409780752668,"271":0.22001409780752668,"272":0.10599870988349493,"273":0.9217810790070496,"274":1.1568180159234918,"275":0.029528372254597826,"276":0.11599513154995256,"277":1.1563681152671252,"278":0.37344910483205473,"279":0.1567463033138344,"280":0.14560224153797696,"281":-0.0026803725675517698,"282":0.166005848649249,"283":0.5683794310312622,"284":0.48321512605363964,"285":0.35663746804444835,"286":0.05593166747844,"287":0.4806329860767752,"288":0.22234223048210677,"289":3.4078425624603996,"290":6.344877896709773,"291":4.514104854746006,"292":3.2230209649660866,"293":0.5445820330430552,"294":1.282646288812306,"295":0.04078357650397657,"296":0.4996757093713855,"297":0.3099377604514664,"298":0.708964350710932,"299":1.2697856651405937,"300":0.4939324885183196,"301":0.6336999139898335,"302":0.5768025863456747,"303":0.48905577946445816,"304":0.5433186018118944,"305":0.3711166291841236,"306":0.5433186018118944,"307":0.11171896318961289,"308":0.1186792558208331,"309":0.46868881748116176,"310":0.7446614866215991,"311":0.6428258322265581,"312":0.7367626419251473,"313":0.5298129302240353,"314":0.1896738708827999,"315":0.08542714239291321,"316":0.6493822417415842,