{"1":0.015166420326776509,"2":-0.015903895904670007,"3":-0.32103576610911655,"4":0.14942343323315974,"5":-0.0006883236841439544,"6":0.19364740889540683,"7":0.19162382901589642,"8":0.35394919002266634,"9":0.35394919002266634,"10":0.07548986900183896,"11":0.07548986900183896,"12":-0.050128963828566575,"13":-0.050128963828566575,"14":-0.25631304577353176,"15":-0.25631304577353176,"16":-0.015200069658462712,"17":-0.015200069658462712,"18":-0.015200069658462712,"19":0.041974802910535264,"20":0.041974802910535264,"21":0.13656671841093976,"22":0.13656671841093976,"23":0.14614586071286134,"24":0.11490963997071946,"25":-0.034502253339110535,"26":-0.03430993927523496,"27":0.07677623353150032,"28":0.17440430154689335,"29":-0.07643629647325711,"30":0.11936866101413274,"31":0.08411818771833668,"32":0.2885912219249601,"33":-0.015255057433491356,"34":0.03837357348938805,"35":0.06125270762164958,"36":0.0315180659183813,"37":0.017819900751599838,"38":0.08402767296677105,"39":0.37153917287640514,"40":0.0909097253892579,"41":0.11034868290007338,"42":-0.25920168857416226,"43":0.024320893739419758,"44":-0.030382394949002578,"45":0.019820146743270706,"46":0.49864965576044845,"47":0.1747628971923047,"48":0.19081332505523046,"49":-0.015511735533818405,"50":-0.015511735533818405,"51":0.19081332505523046,"52":0.19081332505523046,"53":0.1893976538449817,"54":0.1893976538449817,"55":-0.021598018752192916,"56":-0.11305101335470177,"57":-0.19539231719037348,"58":-0.02182183082169628,"59":-0.018794426113649926,"60":-0.18562435879122863,"61":-0.016731727728609813,"62":-0.0812111289547996,"63":-0.22132127793280287,"64":-0.10400610311839781,"65":-0.019151425328568006,"66":-0.10712115076315964,"67":-0.2340302894821269,"68":-0.11009410470122583,"69":-0.02986545102118393,"70":-0.2269015487794397,"71":-0.4854211581070963,"72":0.02603227801921254,"73":0.05940502284679278,"74":0.07709406235962657,"75":-0.2799666817404136,"76":-0.3593235018662756,"77":-0.003259336508528665,"78":-0.15656885714517232,"79":-0.019132173780515627,"80":-0.15693183719701126,"81":0.08947767428605907,"82":-0.2800197915556739,"83":-0.7877135994405545,"84":0.039372027349820926,"85":-0.06821101882193137,"86":-0.1883783536724581,"87":-0.1883783536724581,"88":-0.05816087760975419,"89":-0.05816087760975419,"90":-0.14639406284282958,"91":-0.1053116087444948,"92":-0.1525550168615945,"93":-0.10278927754417075,"94":-0.07612286204411395,"95":-0.2202075422830867,"96":-0.25679730319474536,"97":-0.18362214607581478,"98":-0.24854219983133527,"99":-0.015753240254001044,"100":0.04459943277149739,"101":0.03450102077069195,"102":0.03530773398570669,"103":-0.04730604810729175,"104":-0.032770694517677224,"105":0.1114888747274313,"106":0.1614191642241793,"107":-0.026678200525189266,"108":-0.06181416004052914,"109":0.061264985473239164,"110":-0.19575343750146235,"111":0.035341497311101644,"112":0.04103283319067169,"113":-0.019730581794989377,"114":0.07094855499930686,"115":0.23572335887719575,"116":0.043183653088437246,"117":0.09352242008797462,"118":-0.06354648744423697,"119":0.06923870218048095,"120":-0.07125202929262048,"121":0.0463987208103217,"122":0.1776173034333679,"123":-0.016652068465694336,"124":-0.010786203106802561,"125":0.049765889043221545,"126":0.049765889043221545,"127":-0.08441137972032914,"128":-0.12420910429367943,"129":-0.015814399497922266,"130":0.049765889043221545,"131":0.049765889043221545,"132":0.010201989068230333,"133":-0.15083570540665825,"134":0.08449791390899397,"135":0.11506043799511345,"136":0.21775240882900648,"137":0.09545723905186299,"138":-0.04482929212870934,"139":0.263809843725472,"140":0.02438521637327895,"141":-0.1732855634469066,"142":-0.08431113841011473,"143":0.0574123669475628,"144":-0.2703093779915232,"145":0.029742611386564866,"146":-0.21015302417903858,"147":-0.07673172660102567,"148":-0.14210646906499275,"149":0.006654626515777695,"150":0.36093612481665727,"151":-0.24477158968658885,"152":-0.03835206951139991,"153":-0.018095374301366818,"154":0.019100456440974245,"155":0.045877097059785765,"156":0.08628667379298627,"157":0.21255058556868556,"158":0.30245782418147715,"159":0.056274816152187546,"160":-0.3006323000008517,"161":0.023993168044044166,"162":-0.11330082134539549,"163":0.04226467184242155,"164":0.08000491824602052,"165":0.019361468670156312,"166":0.053350084136427056,"167":0.0036909051237761226,"168":0.20075739103633528,"169":0.1312783867000223,"170":0.07423413082203867,"171":-0.09284460108375886,"172":0.25045862609328573,"173":0.4070454789435848,"174":0.25775487393734897,"175":0.043094934081253644,"176":0.18794816475160836,"177":0.11934683782098232,"178":0.2015278721086211,"179":0.15654165328944025,"180":0.08006744154247036,"181":0.12467442934347417,"182":0.21290419352358864,"183":0.1973853063390923,"184":0.12765468438732996,"185":0.08097400459551074,"186":0.28304174824060147,"187":0.2815953846123005,"188":0.21988691990878229,"189":0.35801797634805166,"190":0.16063003132783316,"191":0.1804934492776733,"192":0.48870531095982295,"193":0.0779953201688246,"194":-0.018470241988409963,"195":-0.09893488980286858,"196":0.38106646979145187,"197":0.18434611391082711,"198":0.05067870053794721,"199":0.48078439981670695,"200":0.3233966444189203,"201":-0.027919791240400227,"202":-0.027919791240400227,"203":0.19381879390266832,"204":0.09823931108894873,"205":0.22272100229696679,"206":0.19525735230094293,"207":0.047430619219227144,"208":0.22916176387884343,"209":0.10890806236801337,"210":0.09532369365124452,"211":0.13915796620024684,"212":0.06178815361879636,"213":0.10089064099391779,"214":0.1668380095275982,"215":0.1811580778419261,"216":0.19363952779507876,"217":0.28809885488334536,"218":0.3425596807717892,"219":0.24292133013130252,"220":0.08565766732301044,"221":0.07548900981964352,"222":0.19508227188279503,"223":0.18838366031522985,"224":0.22853679698533225,"225":0.21087018024829096,"226":0.14417434524586814,"227":0.2608270187569646,"228":0.22736188405912924,"229":0.12884912559575523,"230":0.14165831537336016,"231":0.19225378468370435,"232":0.08676741485271094,"233":0.2885822453419422,"234":0.20108560148973714,"235":0.2575505127006474,"236":0.27353014707642076,"237":0.283862974768036,"238":-0.1487891868611707,"239":0.0872274726561662,"240":0.0872274726561662,"241":0.08449903498182207,"242":0.06639072914076707,"243":0.2519305591013531,"244":0.06043402590645497,"245":-0.013125183374626537,"246":0.013597402500891032,"247":0.016520340864960126,"248":0.06544533772778277,"249":-0.059762587703097766,"250":-0.08432378605468199,"251":0.12077835263358136,"252":0.07161848920663437,"253":-0.03084538576330488,"254":0.017547973238151438,"255":0.026293985766107572,"256":0.026293985766107572,"257":-0.013679608790055905,"258":-0.013679608790055905,"259":0.012759575074779816,"260":0.012759575074779816,"261":0.1056315408600442,"262":0.025914550930927427,"263":0.31416938651059556,"264":0.11348707047766404,"265":0.1126218756788479,"266":-0.13695346527079838,"267":-0.0024151305031822057,"268":-0.0024151305031822057,"269":-0.0024151305031822057,"270":0.10777867347747344,"271":0.10777867347747344,"272":-0.28332335351480537,"273":0.010854362963123226,"274":-0.24136931589984822,"275":-0.4073450478569191,"276":0.018522473707273335,"277":-0.17441834417343616,"278":-0.14748978769098242,"279":-0.27692424578534536,"280":-0.21025115575276196,"281":-0.005934356132366175,"282":0.01817516999379297,"283":-0.15173134270091296,"284":-0.006869594028833803,"285":-0.01529541462920922,"286":-0.0919574787856004,"287":0.017365388677600402,"288":0.18514520348093066,"289":0.1833336405401737,"290":0.3083239441081885,"291":0.11935229865768976,"292":0.22952460237638722,"293":0.05526388416601838,"294":0.001682706688256888,"295":-0.024747339371046922,"296":0.05134449448391132,"297":-0.1535553992492584,"298":-0.07893950161950558,"299":0.082022375007539,"300":0.1067549721957077,"301":0.35945218174333304,"302":0.2038188153347565,"303":0.14112660649070408,"304":0.1521770964480653,"305":0.2329753925689214,"306":0.1521770964480653,