{"1":-0.3415355872212189,"2":-0.29866374570231025,"3":-0.4219618811201984,"4":-0.7036484368170149,"5":-0.44206701830159767,"6":-0.263800055576076,"7":0.20365976096861038,"8":-0.3518291093596191,"9":-0.3518291093596191,"10":0.5031751569516203,"11":0.5031751569516203,"12":0.09952356355110448,"13":0.09952356355110448,"14":0.3904056160951872,"15":0.3904056160951872,"16":-0.030039158885480255,"17":-0.030039158885480255,"18":-0.030039158885480255,"19":0.34973843938479243,"20":0.34973843938479243,"21":0.10416653288393807,"22":0.10416653288393807,"23":0.09852262120105304,"24":0.2672088981391365,"25":0.6448326500005968,"26":0.11929787196066632,"27":0.10962458281605247,"28":-0.19725932993029538,"29":0.10656116056620046,"30":0.22057586216316638,"31":-0.0678889125761275,"32":-0.18236426209995749,"33":-0.1833460961773441,"34":-1.0606181987756784,"35":-0.8622943653541508,"36":-0.8297798413213915,"37":-0.5715828539291863,"38":-0.9439810198197272,"39":-1.2226063932835687,"40":-0.7400920274130272,"41":-0.8660021123849102,"42":-0.6042252291929766,"43":-0.5699974631151381,"44":-0.3514964550187809,"45":-0.7878623379463185,"46":-0.805112972536909,"47":-0.6308517063479475,"48":-0.7987821469218543,"49":-0.7661456111820195,"50":-0.7661456111820195,"51":-0.7987821469218543,"52":-0.7987821469218543,"53":-0.5292273333768716,"54":-0.5292273333768716,"55":-1.2258010263853691,"56":0.34350419442996594,"57":0.32972279217338474,"58":-0.3115749442549267,"59":-0.09951263710273217,"60":0.908436879484265,"61":0.5853133499564258,"62":0.5768887369451128,"63":0.20748864658767197,"64":0.33068930825866905,"65":0.38242830596690647,"66":0.8069989601915459,"67":0.13011566962568022,"68":0.5500776537133802,"69":-0.768381873514083,"70":-0.8886963993151191,"71":-0.49851288654952075,"72":-0.5133948189194646,"73":-0.6733986446489313,"74":-0.781685207165812,"75":-0.7790627199929858,"76":-0.849932834532241,"77":-0.5468204627497952,"78":-0.46479672113065984,"79":-0.7291873500879973,"80":-1.2832046371160537,"81":-0.6273764682719176,"82":-0.3482680014569377,"83":-0.511158715971006,"84":-0.44524013271049645,"85":0.41135340097563233,"86":-0.7898665691454392,"87":-0.7898665691454392,"88":-2.178404955771918,"89":-2.178404955771918,"90":-0.5303748223689038,"91":-1.6735772623548915,"92":-0.9494581736860255,"93":-0.410664201677017,"94":-0.9480516021406977,"95":-0.032808406577496285,"96":-0.8146361859939795,"97":-0.28519531977095625,"98":0.17384053038229652,"99":-0.23713865512053012,"100":-0.12562164621494887,"101":0.3038573510649649,"102":-0.7421624102212037,"103":-0.38549967825177633,"104":-0.32496806371228537,"105":-0.5124386411034241,"106":-0.406561683210382,"107":-0.3085001371419427,"108":-0.5615146405752687,"109":-0.38210395334344893,"110":-0.039514916442774606,"111":-0.6156825040650777,"112":-0.24518784728379428,"113":-0.47835419329579043,"114":-0.9177010169413262,"115":0.10225547713935601,"116":0.5728935524219212,"117":-0.0860837665830756,"118":-0.339775764367805,"119":-0.26739684929458907,"120":-0.3164330666643682,"121":-0.26431737516220233,"122":-0.44888086361683177,"123":0.30267267209552884,"124":-0.42634614731975096,"125":-0.30700621481258006,"126":-0.30700621481258006,"127":0.010070322582268254,"128":-0.21475318054882786,"129":-0.2513833344067389,"130":-0.30700621481258006,"131":-0.30700621481258006,"132":-0.13695921150629875,"133":0.032751917536638864,"134":-0.5841502759226209,"135":-0.8976171887476387,"136":-0.3041556184677492,"137":-0.5064356774763525,"138":-1.0278129379027163,"139":0.6488109362159316,"140":-0.9004358043886391,"141":-0.8216095914561592,"142":0.24976230500495067,"143":-0.4814505621418461,"144":-0.4463644488632905,"145":-0.4593087767771378,"146":-1.3774297532426862,"147":-0.32129453670331953,"148":-0.5292773853105472,"149":-0.5752573577341138,"150":-1.1065441310102488,"151":-0.5848581924456182,"152":-0.5140531704931499,"153":-0.7368839726164338,"154":-0.5969164750823739,"155":-0.6431770779812729,"156":-0.6043581216874943,"157":-0.765526515801966,"158":-0.5925793409892157,"159":-0.43396155479005705,"160":-0.45816493030904826,"161":-1.0347185036674231,"162":-0.8533117681647608,"163":-0.3350610897867137,"164":-1.5439939459553988,"165":-0.653474112249611,"166":-0.8321321892456792,"167":-0.5363715065094095,"168":-0.8853582394359396,"169":-0.8473562140687723,"170":-0.5211660153642566,"171":-0.3290706471972422,"172":-0.40192657947966426,"173":-0.6225299435368172,"174":-0.5852387698579635,"175":-0.6882124797801139,"176":-0.4274817721904822,"177":-0.5882003723748142,"178":-0.656025295217556,"179":-0.340472062449904,"180":-0.7030310941096853,"181":-0.6305091267152576,"182":-0.6804581475083773,"183":-0.5499551881864804,"184":-0.49741674375794376,"185":-0.40807596257127776,"186":-0.6752851361326491,"187":-0.7159808331649082,"188":-0.7583476344820457,"189":-0.649008414726949,"190":-0.47915516877931097,"191":-0.48611702306597193,"192":-0.6824290902821801,"193":-0.7380581787090665,"194":-0.5391878098030192,"195":-0.7277182852414714,"196":-0.6399265289237026,"197":-0.6533892212834713,"198":0.16445265757942273,"199":-0.5900781308117855,"200":-0.607157159692514,"201":-0.5971610253859407,"202":-0.5971610253859407,"203":-0.7440908225224334,"204":-0.6938151711804037,"205":-0.47187477461384586,"206":-0.5633265436197787,"207":-0.560505105804842,"208":-0.6411611239277533,"209":-0.7146534642352547,"210":-0.7849596109100891,"211":-0.9396871112878067,"212":-1.0422747517900126,"213":-0.6709416489931639,"214":-0.5171950367965692,"215":-0.5326843971693751,"216":-1.182184445780138,"217":-0.6716102960392576,"218":-0.7165036391774384,"219":-0.8947116228520642,"220":-0.9311149704971662,"221":-0.9393384832599374,"222":-0.9318660418638505,"223":-0.8096776444870077,"224":-0.7571039230973984,"225":-0.3990481587276775,"226":-0.42697324413883875,"227":-1.0676843616864609,"228":-0.9694070998243038,"229":-0.5586454798878076,"230":-0.9228202791676225,"231":-0.7680666341680591,"232":-0.5125639895790088,"233":-0.6471574072989716,"234":-0.986941631914025,"235":-0.6445228403588501,"236":-0.8088053367236914,"237":-0.8773956983350784,"238":-0.7277374912445875,"239":-0.6284821023958926,"240":-0.6284821023958926,"241":-0.29668951620283,"242":-0.19204921592805113,"243":-0.3007727001957279,"244":-0.329889128282963,"245":-0.45970720194783854,"246":0.07514480097646636,"247":0.32341682800168114,"248":-0.8978910554493691,"249":-0.9425311164806516,"250":-0.38346467161643183,"251":-1.0644031213873024,"252":-0.6213944928622832,"253":0.12351059082456706,"254":-0.16378054939465514,"255":-0.23622291219293867,"256":-0.23622291219293867,"257":-0.27283579191556795,"258":-0.27283579191556795,"259":-0.12315638200415524,"260":-0.12315638200415524,"261":0.1598570925716145,"262":1.5638041495823283,"263":0.2927197054971802,"264":0.7350553410967264,"265":0.7030780463988133,"266":0.39958243216071376,"267":0.10013789201970758,"268":0.10013789201970758,"269":0.10013789201970758,"270":1.20538748633011,"271":1.20538748633011,"272":0.12479035997562815,"273":0.1594231319971413,"274":0.5159093454692667,"275":1.32636290997289,"276":0.5280620476489375,"277":1.6041498092095123,"278":1.217408425725913,"279":0.48519670864577613,"280":0.011577515431164143,"281":-0.14879746718221787,"282":-0.5503605348520813,"283":-0.14451197378119574,"284":-0.5115240565728969,"285":-0.9935859094625834,"286":-1.5366007874452015,"287":0.2302705240075953,"288":0.4291195160003032,"289":-0.276940311870268,"290":-0.017521785518977318,"291":-0.4152996737076706,"292":-0.18631777531532512,"293":-0.25628519650804416,"294":-0.2792581299782231,"295":-0.2588258574122504,"296":-0.039348191409359856,"297":-0.7581367828872068,"298":-0.00022978408438767417,"299":0.393286638163481,"300":-0.40558488991951425,"301":-0.43920787733247524,"302":-0.4717933909317944,"303":-0.20200619036237466,"304":-0.6893898724404051,"305":-0.09661457649139749,"306":-0.6893898724404051,"307":-0.13805671377375406,"308":-0.023245116573268554,"309":-0.393106872111189,"310":-0.28707580963069734,"311":-0.023992518371774185,