{"1":-0.09097247305829692,"2":0.11743223082375359,"3":-0.14488703924379492,"4":0.25629556324532,"5":0.1972585360669537,"6":0.17360834282780138,"7":0.24432570858925434,"8":0.18878335580804484,"9":0.18878335580804484,"10":0.4838011790317967,"11":0.4838011790317967,"12":0.09409502978057183,"13":0.09409502978057183,"14":0.05955896967687557,"15":0.05955896967687557,"16":-0.011200373610652209,"17":-0.011200373610652209,"18":-0.011200373610652209,"19":0.10493913665223634,"20":0.10493913665223634,"21":0.28281988291603144,"22":0.28281988291603144,"23":-0.013204876581223157,"24":0.15247838942181485,"25":0.1181876934729774,"26":-0.10589125863057543,"27":0.02574725542160472,"28":0.09989176999576543,"29":0.05558624152155839,"30":-0.12510895342747608,"31":-0.06541392697120924,"32":-0.04576968865274367,"33":0.06092529455712842,"34":-0.10323124525059135,"35":-0.19608173745802426,"36":-0.07999752207367627,"37":0.024480958617893456,"38":0.058044262039666616,"39":0.19029937228444177,"40":-0.08491314706574676,"41":-0.09177283035586936,"42":-0.17338991900338596,"43":0.005462308816621908,"44":0.12368257158155166,"45":-0.04153717996651235,"46":0.14613460032044345,"47":-0.04422216955567315,"48":0.13182528857725528,"49":-0.12865227709280092,"50":-0.12865227709280092,"51":0.13182528857725528,"52":0.13182528857725528,"53":0.07879048466596111,"54":0.07879048466596111,"55":-0.10136563042944557,"56":0.08938341339723549,"57":0.05193342390126815,"58":0.151811092261825,"59":0.11401334230690388,"60":-0.06333234895166506,"61":0.18738223876023635,"62":0.0715306273332258,"63":0.13904281022287235,"64":0.003304982193229833,"65":0.02583836103579612,"66":0.30551378332370704,"67":0.1362430059061822,"68":0.13634405059944854,"69":-0.07053827504354199,"70":-0.14433948024745624,"71":-0.050676456632244515,"72":-0.05651536782293903,"73":0.18689167977931714,"74":0.04388396590668753,"75":-0.2535305709939698,"76":0.026873067549462726,"77":-0.00468516847417999,"78":-0.05436296095743498,"79":0.06418766733167036,"80":0.016898845948736807,"81":-0.10824283093135312,"82":-0.23158268436592278,"83":0.03145978740322508,"84":0.08020086564117923,"85":-0.03633140304805571,"86":-0.1315555636660023,"87":-0.1315555636660023,"88":-0.1982379743112307,"89":-0.1982379743112307,"90":-0.09676848416173456,"91":-0.08605433331660695,"92":-0.1445205490478273,"93":-0.029738941242026584,"94":-0.27824349479011135,"95":-0.09346505431774343,"96":-0.291852279939865,"97":-0.12802116921565043,"98":0.07786685765193657,"99":0.06370456079904097,"100":0.13889634074217544,"101":-0.014350700763978985,"102":0.01733725955604809,"103":-0.11047044936494538,"104":-0.08866513595795594,"105":-0.033544629240758295,"106":0.20365241348641205,"107":-0.08081557895421076,"108":-0.011661043781282188,"109":0.01713846039834077,"110":-0.12140316732698359,"111":-0.09645917758645856,"112":0.013921449141930387,"113":-0.020351125898571354,"114":-0.0483334462976564,"115":0.15426953531526663,"116":0.16361717862476077,"117":-0.2520673255084088,"118":-0.17098037160643942,"119":0.03093362745977357,"120":0.04245096384806529,"121":0.0057005455397212135,"122":-0.025693777937669138,"123":0.009276289434351215,"124":-0.05517406904426858,"125":-0.017641197689901744,"126":-0.017641197689901744,"127":-0.23682980254006258,"128":-0.19486262061819326,"129":-0.051454171679656546,"130":-0.017641197689901744,"131":-0.017641197689901744,"132":0.2345730975739414,"133":0.20987787512926237,"134":0.10848500858678034,"135":0.12727572911150387,"136":0.23217548099550667,"137":0.48319482870109665,"138":0.16531109773910346,"139":0.5494674125690819,"140":-0.019187332777520938,"141":0.02139160776134097,"142":0.6950209517725296,"143":-0.13459984058538754,"144":-0.08973476433885874,"145":0.598879620642173,"146":-0.028544394131459372,"147":0.3120376327847433,"148":0.02468409735101451,"149":-0.12064473624016897,"150":-0.11127486009030418,"151":-0.29896825675215244,"152":0.09955100264589756,"153":-0.052664107668847215,"154":-0.046604345164852234,"155":-0.010260470168067859,"156":0.08535185176804205,"157":0.020203851355589553,"158":0.022413983452495123,"159":-0.07825095160033246,"160":0.039344092520687546,"161":-0.09392727232809883,"162":-0.0956407165108204,"163":0.05276183403302526,"164":0.08479016905585701,"165":-0.10714593522145277,"166":-0.02404991203913409,"167":0.005392452948328019,"168":-0.05873277646896968,"169":0.10027911313235144,"170":-0.043948044583302814,"171":-0.1791140490928892,"172":0.0014923672698078372,"173":0.24606434223002993,"174":-0.009861482293963109,"175":0.16415559035509053,"176":0.03013862831962666,"177":0.06179391691222047,"178":0.11055424509862133,"179":-0.08042525254399158,"180":-0.01310767926238704,"181":0.13665563983308257,"182":0.017724522252840436,"183":0.07039263240581856,"184":0.09092902751850823,"185":-0.025763669880603857,"186":0.14764392250311964,"187":-0.04349203285438219,"188":0.14469180099594436,"189":0.23484861861036893,"190":0.09435020093076207,"191":0.1276443679695759,"192":0.1555750888400762,"193":-0.084299289788766,"194":-0.027822463123056806,"195":-0.14709488123779668,"196":0.17471777784202358,"197":0.05501783845089325,"198":0.08315625908163315,"199":0.08650996673328948,"200":-0.031010818008098517,"201":0.07927082549106979,"202":0.07927082549106979,"203":-0.016383251284873668,"204":-0.00931242200408866,"205":-0.030018749683593304,"206":0.027597323963591935,"207":-0.05595065981396724,"208":-0.006346435751868412,"209":0.003938442374831874,"210":0.04757225087016376,"211":-0.02528851252547762,"212":-0.10190531644332484,"213":-0.02815617418534505,"214":0.034058183240441686,"215":-0.08568993027671301,"216":0.07358354360602615,"217":0.11377322574513343,"218":0.10308502489848281,"219":0.11737169131536473,"220":-0.08234635544187002,"221":-0.07066246284979782,"222":0.012998881286425346,"223":0.04213441865415957,"224":0.02060920350946538,"225":0.05693565828536795,"226":-0.11841480025426732,"227":-0.17557293794567608,"228":-0.07148546705924613,"229":-0.061890702114258456,"230":0.03679052280470407,"231":0.059370469943070825,"232":0.04954150555049064,"233":0.13717887426198216,"234":-0.012035440043776102,"235":-0.022540137144449468,"236":0.10671517018881688,"237":-0.13873502197144605,"238":-0.24056553929221736,"239":-0.31150812623591934,"240":-0.31150812623591934,"241":0.08940793767347227,"242":0.08291836845263317,"243":0.09043638603954879,"244":-0.10292933423985362,"245":-0.17139010821815487,"246":0.23230807186099106,"247":0.060993806601222056,"248":0.5365389342281217,"249":-0.004119822021160402,"250":0.13991946578788805,"251":0.02262634903151678,"252":0.05999655882533908,"253":-0.03242984955050987,"254":-0.015345347678520083,"255":0.10136785491111394,"256":0.10136785491111394,"257":-0.08027797539807713,"258":-0.08027797539807713,"259":0.04668324736663121,"260":0.04668324736663121,"261":0.16569470465707795,"262":0.32908495455518644,"263":0.26286199137245314,"264":0.40920567258106155,"265":0.2632111938529569,"266":0.11747851629600498,"267":0.12852406032112784,"268":0.12852406032112784,"269":0.12852406032112784,"270":0.9281369369884522,"271":0.9281369369884522,"272":-0.12126752570968172,"273":0.03441738451189105,"274":-0.0784077619568671,"275":0.050612480172172125,"276":-0.22564412127064326,"277":0.06730685149367766,"278":-0.008295185731393762,"279":0.050768097983860255,"280":-0.11507194173950824,"281":-0.09127672800181674,"282":-0.7871893075993948,"283":-1.6668976178808872,"284":-0.19223750959100333,"285":-0.30322615500533434,"286":-0.5575475297445367,"287":0.289703858962896,"288":0.8936690275853306,"289":-0.0698549353196285,"290":-0.18306440934995788,"291":-0.6460244314229181,"292":-0.238774534727332,"293":0.05187428235880731,"294":-0.3906161072959328,"295":-0.09677326976225975,"296":-0.14701279931530659,"297":-0.17974049246947965,"298":-0.40365275658098565,"299":0.3938129446156589,"300":-0.09132008466641717,"301":0.03800835776555489,"302":-0.06459261268982686,"303":0.12659320121381357,"304":0.0096099064924009,"305":0.28950510211298,"306":0.0096099064924009,