{"1":-0.042853354864412885,"2":0.2191525355530769,"3":-0.1903318401597456,"4":0.30880191401683893,"5":0.2410411425922358,"6":0.19704468076497852,"7":0.26157069470645866,"8":0.24667869441299184,"9":0.24667869441299184,"10":0.5827208659795113,"11":0.5827208659795113,"12":0.19348806363180326,"13":0.19348806363180326,"14":0.15906336194426285,"15":0.15906336194426285,"16":0.019424303220935413,"17":0.019424303220935413,"18":0.019424303220935413,"19":0.13873133226970188,"20":0.13873133226970188,"21":0.3324050173017316,"22":0.3324050173017316,"23":0.02770402214744605,"24":0.1621011184903487,"25":0.11182472377532053,"26":-0.11982107722546788,"27":0.047412601298824464,"28":0.12394412430454776,"29":0.14158878501329503,"30":-0.1201686155247248,"31":-0.013250570303026038,"32":-0.0106870096039412,"33":0.07841812719210045,"34":-0.04741800012323094,"35":-0.10379226660012919,"36":-0.0069991549454297974,"37":0.0721677705707785,"38":0.14752883232724517,"39":0.2722527711730337,"40":-0.009153128900251717,"41":-0.02751982691107957,"42":-0.022640519613917,"43":0.0684323747973134,"44":0.14604083997359946,"45":0.007222908903040504,"46":0.17717848827919658,"47":0.003010205373373709,"48":0.21156150186868744,"49":-0.07021197387005085,"50":-0.07021197387005085,"51":0.21156150186868744,"52":0.21156150186868744,"53":0.12895721134779137,"54":0.12895721134779137,"55":-0.019102266053389882,"56":0.059747074728570354,"57":0.03994275007906467,"58":0.20906804297413034,"59":0.12612394683639563,"60":0.024809372919503137,"61":0.22799961805777935,"62":0.07575882071454482,"63":0.16322404630946472,"64":0.04956969364896219,"65":0.039361006601120296,"66":0.27583119345200696,"67":0.18925470256557997,"68":0.23050926715531783,"69":0.012408468509708559,"70":-0.07044060890774761,"71":0.023173933522079138,"72":0.016488946473247612,"73":0.21056898372565214,"74":0.12498934837854009,"75":-0.13075068965758424,"76":0.09804602721236366,"77":0.07378684894123239,"78":-0.03977751095334747,"79":0.1051920962062578,"80":0.10534739929513759,"81":-0.05526987491663865,"82":-0.13926621420812313,"83":0.0992758831071035,"84":0.150563227480225,"85":-0.027009721190199065,"86":-0.0532067267236922,"87":-0.0532067267236922,"88":-0.07746216479905144,"89":-0.07746216479905144,"90":-0.026199982226040253,"91":-0.013578871848254626,"92":-0.040567474587361096,"93":0.031132446730607943,"94":-0.17473863091121022,"95":0.018553231068162868,"96":-0.17569931471100103,"97":-0.03957850056874801,"98":0.1232529796300823,"99":0.09713488284804428,"100":0.16099586640664354,"101":0.02277891432074758,"102":0.048250095451087466,"103":-0.08678666068097524,"104":-0.028528268125414202,"105":0.03454714795338876,"106":0.3928841299404866,"107":-0.05516101994121267,"108":0.05374356113656742,"109":0.07671578503392212,"110":-0.07492341406574438,"111":-0.03759461122432506,"112":0.035252995355562866,"113":0.05233495005047173,"114":0.016581655411405216,"115":0.11825306466699265,"116":0.08171693781740469,"117":-0.22114751904062074,"118":-0.17997346019048532,"119":0.07793600584431071,"120":0.09034892413531359,"121":0.06623761160348735,"122":0.035811184457887946,"123":-0.008014285096469287,"124":0.014626880020669641,"125":0.013518761740262675,"126":0.013518761740262675,"127":-0.18962787609796616,"128":-0.12909505536960686,"129":-0.053163953199112796,"130":0.013518761740262675,"131":0.013518761740262675,"132":0.3086921782273676,"133":0.28319434251305786,"134":0.21384171452360334,"135":0.22111661240374747,"136":0.2830167747151615,"137":0.5902791926505838,"138":0.2919037251875689,"139":0.5809803584313595,"140":0.05121294658011266,"141":0.0990670019107287,"142":0.9317067280465865,"143":-0.03084617284711133,"144":-0.016219903455370832,"145":0.7314008004218086,"146":0.11566171953522197,"147":0.4591372423294323,"148":0.0631835556079463,"149":-0.04372842544598593,"150":0.011493489465324913,"151":-0.2088165678992545,"152":0.14339213345051516,"153":0.013199507547539235,"154":0.03890394889948734,"155":0.04714360519242361,"156":0.18370746871752663,"157":0.13957076441094307,"158":0.10086869262373338,"159":-0.06124542059220939,"160":0.08703110666956726,"161":-0.0408949128893078,"162":0.009152639847387234,"163":0.11793662767635177,"164":0.20193938714823534,"165":-0.010232195005178246,"166":0.04559822521492107,"167":0.00597831365404905,"168":0.010828737693350576,"169":0.13883308277456102,"170":-0.017783026617855857,"171":-0.14555184205731148,"172":0.037211198921391686,"173":0.33614192134004095,"174":0.05344813392452008,"175":0.2460241506237819,"176":0.07320488974685985,"177":0.199925209600592,"178":0.16727623123459967,"179":0.023232747955427513,"180":0.039656879613246876,"181":0.14238510154728665,"182":0.08183646105143066,"183":0.15095827870848622,"184":0.15548209900932863,"185":0.005088693721371551,"186":0.20924761242941564,"187":0.008807767475096928,"188":0.2568125852878175,"189":0.33202474470933163,"190":0.22442863970550198,"191":0.23159546390872487,"192":0.24008899746143553,"193":0.0006388821948081214,"194":0.05331367238493123,"195":-0.04459365009435645,"196":0.29449510938841095,"197":0.15351298800080782,"198":0.11316916873344285,"199":0.12233705323617616,"200":0.007848174379265438,"201":0.19089881310806944,"202":0.19089881310806944,"203":0.047362317052692615,"204":0.059683869123898725,"205":0.03134587061978927,"206":0.05085156047154177,"207":-0.029334126432254803,"208":0.008642054215692585,"209":0.028376814882406454,"210":0.08797344431541293,"211":-0.0048152363681051025,"212":-0.0535482265220984,"213":0.02713600695630014,"214":0.11585890439436347,"215":-0.008719776912815225,"216":0.13325491855128868,"217":0.22246482032275144,"218":0.23683872935849104,"219":0.22424329195743142,"220":-0.01355714460257229,"221":-0.023797442977780414,"222":0.09339340422601672,"223":0.07876580182567677,"224":0.11546917388950118,"225":0.08061538559067377,"226":-0.026458437316606798,"227":-0.11733320704775463,"228":0.020767397355080874,"229":-0.006356557884614811,"230":0.11073943913278472,"231":0.13344389465615525,"232":0.07537736327539513,"233":0.23747922417510586,"234":0.08049583390670478,"235":0.05514870540777328,"236":0.2005849214987992,"237":-0.0018697304097351486,"238":-0.19975702556339536,"239":-0.2170939844070875,"240":-0.2170939844070875,"241":0.13496833478058168,"242":0.1746176268409525,"243":0.1662621401748623,"244":-0.05338443156213857,"245":-0.10657339138803908,"246":0.2468306453715934,"247":0.12542232540963022,"248":0.6541905378186887,"249":0.05239180739916065,"250":0.22858726438044308,"251":0.1795062031777374,"252":0.10296007444608299,"253":-0.006133136022849331,"254":0.034786023091170196,"255":0.15451208513934966,"256":0.15451208513934966,"257":0.048538478590184064,"258":0.048538478590184064,"259":0.07384720225526148,"260":0.07384720225526148,"261":0.17386849344971997,"262":0.3175700739604339,"263":0.22507443568498275,"264":0.4055092698618035,"265":0.3086762361710773,"266":0.25885715424870986,"267":0.14145994068719014,"268":0.14145994068719014,"269":0.14145994068719014,"270":0.5029576411862249,"271":0.5029576411862249,"272":-0.09889569296854628,"273":0.03475660010745191,"274":0.039303250995853745,"275":0.10395354627939835,"276":-0.33059656818592476,"277":0.05152762615396522,"278":0.058531776795327284,"279":0.12917966165109124,"280":-0.08727491863704295,"281":-0.05014643944876768,"282":-0.6024003366735106,"283":-1.3247919152622196,"284":-0.07978200315698697,"285":-0.17299381203703004,"286":-0.4203481374937622,"287":0.4115304153352943,"288":0.8522989264973138,"289":-0.037267954272893644,"290":-0.09940091735837531,"291":-0.6203211830117932,"292":-0.1269002381790616,"293":0.16283907873519088,"294":-0.2624462060458941,"295":0.06897970636219719,"296":-0.12890235719019005,"297":-0.10526617643750208,"298":-0.42029824404881905,"299":0.5399263191781158,"300":-0.010400239106805986,"301":0.10204890122313487,"302":0.09434567427288598,"303":0.1794945562165,"304":0.043564571393220064,"305":0.32499872528723306,"306":0.043564571393220064,"307":0.3463929589238901,"308":0.02466063992825618,