{"1":0.002444589525714488,"2":-0.01639417775948776,"3":-0.0013381750607884269,"4":-0.0756595310517256,"5":0.001783050268214445,"6":0.028882656665068965,"7":-0.08362725812391134,"8":0.010154422960268188,"9":0.010154422960268188,"10":0.04486137533949272,"11":0.04486137533949272,"12":0.0030444892847094965,"13":0.0030444892847094965,"14":0.00948667740468416,"15":0.00948667740468416,"16":0.039496359101038186,"17":0.039496359101038186,"18":0.039496359101038186,"19":0.052824050773105535,"20":0.052824050773105535,"21":-0.3615308749312351,"22":-0.3615308749312351,"23":0.23364118510584483,"24":0.14060744564560484,"25":0.43766560984148883,"26":0.2348735082178146,"27":0.19282745745366378,"28":0.07756145708304552,"29":0.37225194980569276,"30":0.03906428611409124,"31":-0.029267279816568348,"32":0.07040212605783158,"33":0.1579882004556186,"34":1.0924960826287915,"35":0.08834862674088953,"36":0.18348020768610113,"37":0.1887276874084242,"38":0.252230892306117,"39":0.15372880743876063,"40":0.05487536942471402,"41":0.12434830197159472,"42":0.11178554490274348,"43":0.09087405606095371,"44":0.08710480474410955,"45":0.0231799542008726,"46":0.03919597221593535,"47":0.04327941195259506,"48":0.17560575877396406,"49":0.15429467306728878,"50":0.15429467306728878,"51":0.17560575877396406,"52":0.17560575877396406,"53":0.15484100648643107,"54":0.15484100648643107,"55":-0.017487098583060356,"56":-0.07079270953056264,"57":0.10232517685273201,"58":-0.06148767314380463,"59":0.07307817038378,"60":0.1431379010084237,"61":0.04660517359856363,"62":0.0019070584289983261,"63":0.0692632384533209,"64":0.04533420610849759,"65":0.09355038956639894,"66":0.10488625335166733,"67":0.11974135385163412,"68":0.06837522484057229,"69":0.2964366409786948,"70":-0.04048869240971695,"71":0.07755080448484629,"72":0.13593751580980198,"73":0.033778164387106624,"74":0.11534223708018418,"75":0.13735924961010607,"76":0.05993764285819539,"77":0.07393029048176639,"78":0.06487278258576193,"79":-0.01049208238634014,"80":-0.02863886176494207,"81":-0.050385114919924506,"82":0.07785628264746919,"83":-0.07847412360626332,"84":0.049338266497018515,"85":0.2022975700727849,"86":0.15313689288558496,"87":0.15313689288558496,"88":0.06661055867281818,"89":0.06661055867281818,"90":-0.0005071186072535538,"91":-0.04155064343705098,"92":-0.025147649056142585,"93":-0.023786536501215982,"94":0.1510821835597912,"95":0.023345486933642606,"96":0.03669092641975508,"97":-0.21587636741016292,"98":-0.10956420379294313,"99":0.05883424638145454,"100":0.11384349617241507,"101":0.12486367577837808,"102":0.07842946586220488,"103":0.1389541374268421,"104":0.12559562843358693,"105":0.06972141686132602,"106":0.04991256378902212,"107":0.21410245554563895,"108":0.25853288187440837,"109":0.1717505240661693,"110":0.23738396642884968,"111":0.1689485031197555,"112":0.12580346915843588,"113":0.13539010005282429,"114":0.06467690772150275,"115":0.09722916142315793,"116":0.2957576938798301,"117":0.2696379585685008,"118":0.4833100976584986,"119":0.4762694238046782,"120":0.06142304251724373,"121":0.03873485093560586,"122":0.24893758135735206,"123":0.19661108780536252,"124":0.06146926475316766,"125":0.11253226072107725,"126":0.11253226072107725,"127":0.22692658470692906,"128":0.22110543572330088,"129":0.14871274994814368,"130":0.11253226072107725,"131":0.11253226072107725,"132":0.07139549131020065,"133":0.0526438794876668,"134":0.06473103076713091,"135":0.0501546058222007,"136":0.03331278133523397,"137":0.015243434691061639,"138":0.08386807114266943,"139":0.09725707657916131,"140":0.11181886497708704,"141":0.20622831466486458,"142":0.011315528143313422,"143":0.06848911449045315,"144":0.0030520791933283872,"145":0.03311895658608348,"146":0.08240705404261642,"147":0.04506582480940963,"148":0.006494569121779113,"149":0.021332030862803268,"150":0.03616975223137024,"151":0.0017863175795304956,"152":0.003725751003920714,"153":0.0174792704988534,"154":0.0127384942397081,"155":0.017209791818857192,"156":0.028199916128723634,"157":0.02167443008088704,"158":0.05941728238203386,"159":0.020904403687484797,"160":0.017566443653319164,"161":0.01277931655580189,"162":0.05667073116463234,"163":0.022253101710496014,"164":0.05374799912453959,"165":0.1866428166334255,"166":0.17471208303794192,"167":0.12584260348466203,"168":0.35582807600406424,"169":0.36816390015723166,"170":0.18123209949416338,"171":0.21460209632044952,"172":0.05346363845032932,"173":0.09902743479838523,"174":0.11005958259111917,"175":0.09463838989666662,"176":0.018363331830311313,"177":0.04440470350138863,"178":0.0034663678234026912,"179":0.021686798272970174,"180":0.036268323989597506,"181":0.018093329568160985,"182":0.053123120968883816,"183":0.010506767798439828,"184":0.03457383554423548,"185":0.027426962824306574,"186":0.032954405225119374,"187":0.03589722472630685,"188":0.06609402751232817,"189":0.022617851985669547,"190":0.046608201671730826,"191":0.02956212993971041,"192":0.04996777782820847,"193":0.04661133093889427,"194":0.032471683558616446,"195":0.06246714335902609,"196":0.0526871867634051,"197":0.09329978314193094,"198":0.15469982642666777,"199":0.11666543951240704,"200":0.20878732653883156,"201":0.004684065013734379,"202":0.004684065013734379,"203":0.021647820301689755,"204":0.034043749952015576,"205":0.026093628617136665,"206":0.031076347589128292,"207":0.028982312598273448,"208":0.03396825514625122,"209":0.017942361370513228,"210":0.017857710960238887,"211":0.016545627803306158,"212":0.03633753450585929,"213":0.02823404074335508,"214":0.02528979781267304,"215":0.03753694510707186,"216":0.05341609090955042,"217":0.01898426649384667,"218":0.027713186555023656,"219":0.027208702596806904,"220":0.02170009253610559,"221":0.028238271544563057,"222":0.12177668572647316,"223":0.04640844765479873,"224":0.05627623939967785,"225":0.045836660685095724,"226":0.009612433446245405,"227":0.04534667889878195,"228":-0.012368605602979685,"229":0.020807593256819926,"230":0.11327500104484392,"231":0.04932794926457715,"232":0.049727466581155934,"233":0.015951895994750158,"234":0.039448976759168294,"235":0.10837807931217858,"236":0.1111228350310078,"237":0.07337504937255246,"238":0.06539753181619007,"239":0.014776474947951548,"240":0.014776474947951548,"241":-0.3717391416248621,"242":0.27269725064980216,"243":0.6329985688375781,"244":0.616229670664039,"245":1.7899757375586876,"246":0.40369123834214404,"247":-0.4542288693307067,"248":-0.2599345053269415,"249":-0.06018441809991659,"250":0.043374204836781116,"251":-0.258797140075808,"252":-0.36809983293139736,"253":0.08667428022487006,"254":-0.13946027019667437,"255":0.21830941535150022,"256":0.21830941535150022,"257":0.6443352204896926,"258":0.6443352204896926,"259":0.04065330347127705,"260":0.04065330347127705,"261":0.031207101034068978,"262":0.10689575317700861,"263":0.006635925661318431,"264":-0.047609051811193265,"265":0.14524106637942835,"266":-0.08112972199904359,"267":0.054890204861421765,"268":0.054890204861421765,"269":0.054890204861421765,"270":0.11667523609065067,"271":0.11667523609065067,"272":0.02963561083718453,"273":0.20665796759289765,"274":0.1908838844191621,"275":0.04848181869898837,"276":0.09093627013707607,"277":0.09751870766903076,"278":0.11192728714594052,"279":0.028173374329490946,"280":-0.017364164154095835,"281":-0.015768454662001247,"282":0.0961571391036855,"283":0.37420657781309835,"284":0.2632398613526275,"285":0.2068424260959077,"286":0.0432786632378398,"287":0.3606259080985345,"288":0.11246107834468148,"289":0.4515300664291861,"290":0.426313925994636,"291":0.5738986854406067,"292":0.5443345534025721,"293":0.2049062583407668,"294":0.24694900950550455,"295":-0.062216341097964034,"296":0.19433962522894246,"297":0.14661503777571328,"298":0.39696072190511505,"299":0.5873001380768104,"300":0.2738999479475783,"301":0.21228102725860623,"302":0.25708917703021517,"303":0.17649768280895037,"304":0.23296716821644675,"305":0.16512378310480166,"306":0.23296716821644675,"307":0.05574453593680506,"308":0.08134659751468168,"309":0.17684326499171207,