{"1":-0.2638717009833805,"2":-0.10618063082014931,"3":0.1419388429381917,"4":-0.13977703769916217,"5":-0.06993666476048904,"6":-0.04103234911534899,"7":-0.04251253955682216,"8":-0.21451054531636352,"9":-0.21451054531636352,"10":-0.07823150285079433,"11":-0.07823150285079433,"12":-0.1740879736243815,"13":-0.1740879736243815,"14":-0.21355575480246086,"15":-0.21355575480246086,"16":0.005788392057293423,"17":0.005788392057293423,"18":0.005788392057293423,"19":0.01909596319539464,"20":0.01909596319539464,"21":0.0218832470289817,"22":0.0218832470289817,"23":-0.017791130450926618,"24":0.005606534997274537,"25":0.09753565108813789,"26":0.013523927802253921,"27":0.06114566383987502,"28":-0.00870590018993292,"29":0.0401349626806391,"30":-0.08768310712406066,"31":-0.005977080652213973,"32":-0.04993137739127121,"33":0.049999872698607284,"34":-0.24676848583668093,"35":-0.18653218906550934,"36":-0.10437237792701914,"37":-0.005629909611925665,"38":-0.10895566082751812,"39":-0.18909226899947457,"40":-0.23488103418497708,"41":-0.3780516899563232,"42":-0.22824752894169414,"43":-0.05741162393220922,"44":-0.2576433201929839,"45":-0.34440622948625105,"46":-0.18560632068375438,"47":-0.19530997581170467,"48":-0.04566466271144015,"49":-0.20382924560831917,"50":-0.20382924560831917,"51":-0.04566466271144015,"52":-0.04566466271144015,"53":-0.2704951080247842,"54":-0.2704951080247842,"55":0.016125352696458983,"56":0.05624561000266523,"57":0.09913584784598771,"58":-0.0030551634359719665,"59":0.061193749628437294,"60":0.4917650956833215,"61":0.2797858758344291,"62":0.16721174112519643,"63":0.12084283392225278,"64":0.1262992085263927,"65":0.2659295318726869,"66":0.4938190751703778,"67":0.4189031682183191,"68":0.3340125055523024,"69":0.02250103006363624,"70":0.008453383615258991,"71":0.013011103815024516,"72":0.030669549904875304,"73":-0.016261449661358007,"74":-0.04980774851952208,"75":-0.09550341836986664,"76":-0.14623757828353406,"77":-0.054186912402519105,"78":0.07813006964487862,"79":0.08388066536371774,"80":-0.05513439198207143,"81":-0.0897277832004249,"82":-0.10401566204671242,"83":-0.11750814728932912,"84":-0.09222807410069075,"85":0.03926917627092691,"86":-0.02966288842187087,"87":-0.02966288842187087,"88":-0.20076848014589194,"89":-0.20076848014589194,"90":0.06903883435801106,"91":-0.08115558191215633,"92":-0.048980256520274934,"93":0.25248682146945534,"94":-0.07058179377095508,"95":-0.0033428121416723133,"96":-0.037852318688094355,"97":0.1221394350063626,"98":0.09248983060307536,"99":0.42240479473637116,"100":0.4356711572248362,"101":0.050767770154442116,"102":-0.012165460855944388,"103":-0.06316848010104406,"104":-0.014647896955077622,"105":0.010368291407093222,"106":0.33507441400641935,"107":-0.042236047676676436,"108":-0.037166463171941,"109":-0.013929560602665203,"110":-0.03164517814087986,"111":-0.13006177798823368,"112":-0.07524503253544021,"113":-0.049945403263881416,"114":-0.39938440386667756,"115":-0.004093785957232671,"116":0.08552199677831085,"117":-0.3648731646725054,"118":-0.3122011499648768,"119":0.018998888298669414,"120":-0.012963783017307273,"121":0.06788204008056237,"122":-0.10349832330484299,"123":0.00859804644107881,"124":-0.1741066981366302,"125":-0.02832355337267206,"126":-0.02832355337267206,"127":0.021183801383831136,"128":-0.16111815362768633,"129":0.016936599158182408,"130":-0.02832355337267206,"131":-0.02832355337267206,"132":0.3698992844161788,"133":0.42790908614572953,"134":0.03808117532934627,"135":-0.12233729745978389,"136":0.2693905042861945,"137":0.47438210675342907,"138":-0.035629663074867035,"139":0.5194675627655434,"140":0.1282333553600914,"141":-0.07774536030115126,"142":1.233093655877805,"143":-0.12862827186317533,"144":0.16827083247624208,"145":0.5447148830514432,"146":-0.1501397773535907,"147":0.3255626844197296,"148":0.08545977521789988,"149":-0.02012510548544727,"150":-0.05509396528434024,"151":-0.008174303986542647,"152":0.0281867822838191,"153":-0.2008791416174518,"154":-0.11228257947375506,"155":-0.09205654477513109,"156":0.029331165371693224,"157":-0.05064020378284473,"158":-0.15750051391819994,"159":-0.034588478974249576,"160":-0.02663480626019346,"161":-0.01056950240462684,"162":-0.04680112309563192,"163":-0.056663330776733856,"164":-0.08597350650689206,"165":-0.16192669799594608,"166":-0.11326270301566699,"167":-0.1416168110073492,"168":-0.08613156325034471,"169":-0.07299625648152025,"170":-0.061234972718406,"171":-0.10363688404672738,"172":-0.054220676738625045,"173":-0.11139219374146034,"174":-0.13504598396855103,"175":-0.12936589116128655,"176":-0.07941233418604643,"177":-0.17073101932636953,"178":-0.19883672683849646,"179":-0.1745597845063125,"180":-0.04135248976502923,"181":-0.10099607986496636,"182":-0.14912039629867646,"183":-0.12664351616757252,"184":-0.13769864028821532,"185":-0.22690445034171058,"186":-0.16253008024160717,"187":-0.12943869641690312,"188":-0.09353402514981146,"189":-0.07314938649701172,"190":-0.08941017963871106,"191":-0.17006442402578117,"192":-0.16625360285306331,"193":-0.16071817630147267,"194":-0.1531573949134806,"195":-0.19765230837764508,"196":-0.12001538943710799,"197":-0.17175723396177267,"198":-0.08583160986239302,"199":-0.1304535871228998,"200":-0.06275953323820918,"201":0.14091092909641545,"202":0.14091092909641545,"203":-0.07830616624425175,"204":-0.08924503794217717,"205":-0.2736776236328804,"206":-0.10037886683944275,"207":-0.1092145340621247,"208":-0.10890694280240115,"209":-0.07378781126771683,"210":-0.045310481947053505,"211":-0.06560899043948767,"212":-0.13305905661057674,"213":-0.1201032403148666,"214":-0.10841490656673416,"215":-0.11104561032550164,"216":-0.19021696447346842,"217":-0.05047737803722538,"218":-0.2476945002860815,"219":-0.1216059087342577,"220":-0.11121823071826284,"221":-0.18399526614940745,"222":-0.2325854260950424,"223":-0.09921681599687998,"224":-0.14400482251572216,"225":-0.012021788439228992,"226":-0.10983309492301946,"227":-0.4317567023475233,"228":-0.18375969569688835,"229":-0.1566394935766462,"230":-0.01498804864863279,"231":-0.1755992700508465,"232":0.003868701388222484,"233":-0.18128260297232543,"234":-0.15665623598312192,"235":-0.23734284761100394,"236":-0.09130695082016771,"237":-0.2943869114425005,"238":-0.16409686905356285,"239":-0.36101849445336665,"240":-0.36101849445336665,"241":-0.0070204963967754885,"242":0.08253994595572955,"243":0.2131120470243003,"244":0.2510099816083686,"245":0.05293935538753958,"246":0.5238050053178717,"247":0.7269503471516192,"248":0.27950479288416963,"249":-0.15177214479236478,"250":0.33069998921265903,"251":-0.027711990038397305,"252":0.18662532862023112,"253":0.16220427715895597,"254":0.12672017904543498,"255":0.08585872599677902,"256":0.08585872599677902,"257":0.040265864421600184,"258":0.040265864421600184,"259":0.1816296352002851,"260":0.1816296352002851,"261":0.31907697462362655,"262":1.5414485222873768,"263":0.4326738292766873,"264":0.8221672125790503,"265":1.6273759532698684,"266":0.5352108838786243,"267":0.14451907737315028,"268":0.14451907737315028,"269":0.14451907737315028,"270":1.5402526366226095,"271":1.5402526366226095,"272":0.027480744524281175,"273":0.15305696020899112,"274":0.5085943037337377,"275":1.39989227157609,"276":-0.12118943045597219,"277":0.3131636279542884,"278":0.3557651172965466,"279":0.43357048652479363,"280":0.061912962936532034,"281":-0.05088029117526083,"282":-0.5841048938088997,"283":-0.7234680329362098,"284":-0.1827488691559256,"285":-0.6867844879906697,"286":-1.4476943927096717,"287":0.5627458075148191,"288":1.3405323529959832,"289":-0.2570752813609759,"290":-0.31819657708196797,"291":-0.6528175503740139,"292":-0.2583065630380599,"293":-0.21082788408325276,"294":-0.26176424671812937,"295":-0.13748301695212517,"296":-0.10308527206901619,"297":-0.14228677345499974,"298":0.058408470337581786,"299":0.5155326678868344,"300":-0.32438542381348584,"301":-0.1126719544658226,"302":-0.2813269057187433,"303":-0.13447694223407614,"304":-0.05168960021392732,"305":-0.013072684956023373,