{"1":-0.25771964588620616,"2":-0.11436977955521667,"3":0.13349201610834482,"4":-0.13200985516507602,"5":-0.06188235001131313,"6":-0.033667985221109545,"7":-0.04834749225119439,"8":-0.21465386472227976,"9":-0.21465386472227976,"10":-0.08333150956502217,"11":-0.08333150956502217,"12":-0.20258851426294994,"13":-0.20258851426294994,"14":-0.20984693463060877,"15":-0.20984693463060877,"16":-0.006294362332059822,"17":-0.006294362332059822,"18":-0.006294362332059822,"19":0.017605612192086173,"20":0.017605612192086173,"21":0.006097344804142424,"22":0.006097344804142424,"23":-0.023337521103061726,"24":0.006499204407462905,"25":0.08959192132110068,"26":0.00948364204831903,"27":0.043091024763341784,"28":-0.020595700613319307,"29":0.03923221904491339,"30":-0.07641051159778459,"31":0.0002966089910380054,"32":-0.05470389589730287,"33":0.04949553811870233,"34":-0.21141534711575571,"35":-0.2077412915559781,"36":-0.12984574777377206,"37":-0.03134859210358443,"38":-0.12476452719050535,"39":-0.18053210507634176,"40":-0.24752302749072258,"41":-0.4171781179551679,"42":-0.24326419958681778,"43":-0.0625604478393017,"44":-0.23335600431776043,"45":-0.345494656091288,"46":-0.19023427970873819,"47":-0.17677398439241282,"48":-0.058591362365687405,"49":-0.23924798158685923,"50":-0.23924798158685923,"51":-0.058591362365687405,"52":-0.058591362365687405,"53":-0.27699495465390755,"54":-0.27699495465390755,"55":-0.010664498366758757,"56":0.05288310846634886,"57":0.09178530344038761,"58":-0.027643567706841184,"59":0.03898140921721552,"60":0.4661904283979334,"61":0.26771576384124296,"62":0.15186422946518763,"63":0.10477199101895146,"64":0.10821582326191459,"65":0.25280527241022177,"66":0.4748101977203808,"67":0.3929885483340482,"68":0.3361290536123925,"69":-0.005368634443066123,"70":-0.01139119156440127,"71":-0.010735677550340605,"72":0.025848197927145433,"73":-0.021569980499623054,"74":-0.043647669180229054,"75":-0.10681933185036391,"76":-0.14667458957158314,"77":-0.07701580165451621,"78":0.08163651671656286,"79":0.08207101763122476,"80":-0.055112727716085386,"81":-0.09974642527772057,"82":-0.11780256038532805,"83":-0.1266987749364163,"84":-0.09287475351059146,"85":0.027559825353620282,"86":-0.026117223966461822,"87":-0.026117223966461822,"88":-0.21323237168765075,"89":-0.21323237168765075,"90":0.04636050907152067,"91":-0.1083052073530556,"92":-0.07059503541750589,"93":0.2319990175814517,"94":-0.08257484483633015,"95":-0.029801983057071935,"96":-0.053640053589366854,"97":0.11907070053592617,"98":0.08435099427670312,"99":0.4168883497197444,"100":0.43446477723987587,"101":0.029268579389898408,"102":-0.008492419290430209,"103":-0.05522153576370975,"104":-0.009524441407309125,"105":0.008162549283932174,"106":0.28125028389699,"107":-0.051820583453686175,"108":-0.03995737104772268,"109":-0.010340255185875141,"110":-0.045967785338451916,"111":-0.1297548764912393,"112":-0.08156700201632855,"113":-0.06667329456376153,"114":-0.43318793205842365,"115":-0.014079368460672592,"116":0.08342137498538899,"117":-0.3502398694842346,"118":-0.3448500467216215,"119":-0.002473669019244784,"120":-0.03452130159174355,"121":0.06436653679809667,"122":-0.12933251933097328,"123":-0.003338938237337885,"124":-0.1797024698831916,"125":-0.0362517818199804,"126":-0.0362517818199804,"127":0.009685209532848904,"128":-0.16258589051569033,"129":0.002610168725701495,"130":-0.0362517818199804,"131":-0.0362517818199804,"132":0.35936806033816515,"133":0.3884504112313424,"134":0.03617066708162864,"135":-0.12075182951900426,"136":0.25262889735172356,"137":0.4618024427226093,"138":-0.05055811130755711,"139":0.4780340986965114,"140":0.09400949638876743,"141":-0.07959751606202131,"142":1.1465020977609874,"143":-0.1408027515305859,"144":0.14045182680262874,"145":0.500691115481471,"146":-0.1794647933877606,"147":0.2907243639185738,"148":0.08448370605099192,"149":-0.02545663960797981,"150":-0.07772498687276128,"151":-0.02394443068251126,"152":0.023487901459791266,"153":-0.21361392824254305,"154":-0.1154703941938224,"155":-0.09318805708966545,"156":0.032442607607674256,"157":-0.07232111164947497,"158":-0.16935277045786662,"159":-0.04194202558766849,"160":-0.022520018443348763,"161":-0.034885867909463936,"162":-0.04962839703623706,"163":-0.06115094521649006,"164":-0.11958170294791282,"165":-0.1695856403394983,"166":-0.128945493971935,"167":-0.15029771216689405,"168":-0.08947219135069973,"169":-0.06989471437234457,"170":-0.059085699620023135,"171":-0.09370906892789643,"172":-0.05923147084183755,"173":-0.11122842675110389,"174":-0.16330417931498878,"175":-0.14739324357319605,"176":-0.08572413592118744,"177":-0.17520706686591522,"178":-0.20933962608834977,"179":-0.1975306661445397,"180":-0.044621256156002834,"181":-0.10146790474524621,"182":-0.13763823803234126,"183":-0.12760029906807716,"184":-0.1381845163353002,"185":-0.23518528990606752,"186":-0.17008364462362172,"187":-0.14391684201711474,"188":-0.1016537624325396,"189":-0.07663428749931274,"190":-0.08675924859136369,"191":-0.16366938995774574,"192":-0.17029650207415833,"193":-0.16804710361510825,"194":-0.15830960018303927,"195":-0.21024998649453672,"196":-0.14313095995489997,"197":-0.19585473455276803,"198":-0.09136560093872792,"199":-0.15587719780977713,"200":-0.07173166475705403,"201":0.12002149973834453,"202":0.12002149973834453,"203":-0.0757274385969533,"204":-0.10117043842812734,"205":-0.26788550931118554,"206":-0.10147578692018533,"207":-0.11730535282455545,"208":-0.11569783855894564,"209":-0.07547505964485932,"210":-0.053459916220758436,"211":-0.0660676751268872,"212":-0.13333632327863987,"213":-0.11886550134909317,"214":-0.10469720430034865,"215":-0.12273102529338634,"216":-0.18807675437364602,"217":-0.05241964562231935,"218":-0.25069476138119073,"219":-0.11928229983000396,"220":-0.12627916918326917,"221":-0.17853208612701263,"222":-0.22558310798233594,"223":-0.10672524710004988,"224":-0.1528884917496532,"225":-0.013146639467260718,"226":-0.1132843862833171,"227":-0.41148870595988996,"228":-0.18929960198216284,"229":-0.16533140164021096,"230":-0.03604756141506332,"231":-0.19388872207336952,"232":-0.003305562216372182,"233":-0.18049267742709552,"234":-0.16793046112789703,"235":-0.22475921543032337,"236":-0.10490374471225278,"237":-0.2851124034487559,"238":-0.16601753132464211,"239":-0.360569591260663,"240":-0.360569591260663,"241":0.0016205864164147155,"242":0.06195239678190301,"243":0.24650837918455437,"244":0.2054477360754623,"245":0.05575481214917366,"246":0.5165979478846968,"247":0.6632581660036752,"248":0.1915976218430433,"249":-0.1412924988550347,"250":0.2618535024947006,"251":-0.08174913213561386,"252":0.14314689276122528,"253":0.14515734490688875,"254":0.12268446870580106,"255":0.07385978380141534,"256":0.07385978380141534,"257":0.021494966452625608,"258":0.021494966452625608,"259":0.16959803728584114,"260":0.16959803728584114,"261":0.2630930841543927,"262":1.3991780270938259,"263":0.3253250999442733,"264":0.7479054647584086,"265":1.5488815960471753,"266":0.4608991410737029,"267":0.10346343818684839,"268":0.10346343818684839,"269":0.10346343818684839,"270":1.5869868805946226,"271":1.5869868805946226,"272":0.003955004913664739,"273":0.10281990602601782,"274":0.4111239549942728,"275":1.4830473434228204,"276":-0.11717148244639275,"277":0.3374131543927428,"278":0.39925469886431975,"279":0.37707968098146705,"280":0.051656891956979534,"281":-0.062461559107026776,"282":-0.6074417363901299,"283":-0.6208829465155343,"284":-0.1366349540015397,"285":-0.5565099530114348,"286":-1.4802039283820885,"287":0.5678309705419473,"288":1.2872453406904942,"289":-0.2645584352491756,"290":-0.31795871541843856,"291":-0.6394904425246171,"292":-0.256501028914869,"293":-0.2597544167801729,"294":-0.29221121574939013,"295":-0.2117212747896382,"296":-0.12289293887136332,"297":-0.16922917665501558,"298":0.00525040893001405,"299":0.5294383908100253,"300":-0.34016788151149113,"301":-0.12114958338101747,"302":-0.2759122963661192,"303":-0.16796199545396906,"304":-0.059627731188232835,