{"1":-0.1379421766705748,"2":-0.5719838990856266,"3":0,"4":0.001021646560748931,"5":-0.037307778561964045,"6":0.019736094599477318,"7":-0.021130794096473712,"8":-0.09970530791211911,"9":-0.09970530791211911,"10":-0.09544830915143977,"11":-0.09544830915143977,"12":-0.10855754427178704,"13":-0.10855754427178704,"14":-0.09460939523763229,"15":-0.09460939523763229,"16":-0.05084433216764023,"17":-0.05084433216764023,"18":-0.05084433216764023,"19":0.009972196803782148,"20":0.009972196803782148,"21":-0.04789589729354196,"22":-0.04789589729354196,"23":0.03113595996522712,"24":-0.027291930125365824,"25":0,"26":-0.00039879237359483153,"27":0.0014228374727122458,"28":-0.0013152367007273971,"29":-0.14741869199359597,"30":0.00312446298292481,"31":-0.06494631318097906,"32":0.0285412827728921,"33":0.0007910364045800901,"34":-0.03198771671678076,"35":-0.017950091520841552,"36":-0.04035334145221932,"37":-0.02469837551672498,"38":-0.049222513282026606,"39":-0.01658079644870079,"40":-0.04293412509100425,"41":-0.016158458716028452,"42":-0.10025262466845093,"43":-0.04197743047368796,"44":-0.07948447860659102,"45":0.02370673178268603,"46":0.015788503323448923,"47":-0.013085340131799142,"48":-0.015011131065699672,"49":-0.05801218065522638,"50":-0.05801218065522638,"51":-0.015011131065699672,"52":-0.015011131065699672,"53":-0.053665524738814904,"54":-0.053665524738814904,"55":-0.021051799268494,"56":0.053394595480336454,"57":-0.007271880350227633,"58":-0.028725098283944775,"59":0.013528176588830456,"60":-0.017899176710196543,"61":0.002549427180574819,"62":-0.005966100989177709,"63":0.007965063403135086,"64":-0.017559453851748327,"65":-0.013421601776954796,"66":0.008647725473776485,"67":-0.0398066095841388,"68":-0.029353623808404325,"69":-0.05196323756641886,"70":-0.026437289128098514,"71":-0.032669155037285666,"72":-0.0438822896756386,"73":-0.033309905166112735,"74":-0.035504912866924754,"75":-0.14077887939349565,"76":-0.1824421691669314,"77":0.01312700843294519,"78":-0.06815641543475229,"79":-0.03946569585964628,"80":-0.05695824525713036,"81":-0.054416386568571465,"82":-0.061487200674482226,"83":-0.1677748241217516,"84":-0.021655816437716947,"85":-0.012265759358472288,"86":-0.09942953696685594,"87":-0.09942953696685594,"88":-0.0514329973705468,"89":-0.0514329973705468,"90":-0.0277300847854343,"91":-0.020339024550152063,"92":-0.0862185335669552,"93":-0.03984120784983691,"94":0.007789111164572904,"95":-0.07582874294199728,"96":-0.046670639566494726,"97":-0.01422718265433684,"98":-0.023936057781427385,"99":0.022301255471599404,"100":-0.013144854144239944,"101":-0.010276797159759848,"102":-0.04828751315253033,"103":-0.011474204474162999,"104":-0.07267616796363534,"105":-0.01954507316612581,"106":-0.041002158178610054,"107":-0.007868288763399199,"108":-0.0208999709334296,"109":-0.012783411386160484,"110":-0.06506370315987528,"111":-0.030543962194994192,"112":-0.01961577030198162,"113":-0.022911893435772816,"114":-0.06240318150010214,"115":-0.019067420152647827,"116":-0.10498659039004571,"117":-0.013644967773515947,"118":-0.043343983676409056,"119":-0.02341945306773424,"120":-0.053006952619309704,"121":-0.020702230558047763,"122":-0.041316028423240586,"123":0.014947941660887712,"124":-0.1685454519706517,"125":-0.0191383869635044,"126":-0.0191383869635044,"127":-0.00006842057466290019,"128":-0.0174705984103854,"129":-0.0245318399389518,"130":-0.0191383869635044,"131":-0.0191383869635044,"132":-0.029054946073821378,"133":-0.09119316128393287,"134":-0.02744285493590852,"135":-0.061050369025864734,"136":0.04812611527986749,"137":-0.08153863355811976,"138":-0.03903004854484357,"139":0.0098886931982098,"140":-0.018259358696384106,"141":-0.06087398677962668,"142":-0.20453511806808708,"143":-0.0422666322245195,"144":-0.12486123833403295,"145":-0.1221575766618994,"146":-0.06392842326685325,"147":-0.013936838338854868,"148":-0.016511504988527777,"149":-0.009579557699515795,"150":0.11126393268730844,"151":-0.009264290650684223,"152":-0.03206210812191898,"153":-0.18837999404598624,"154":-0.1486924816685779,"155":-0.09502661449710523,"156":-0.010553355957171384,"157":-0.02506639909495198,"158":-0.038719643616768405,"159":-0.05185615245593925,"160":-0.15628347093840234,"161":0.009553892608695318,"162":-0.0049003522254315035,"163":-0.052607537083615645,"164":-0.059019235207963136,"165":-0.007675075733210433,"166":-0.019694940479092822,"167":-0.020750805174171362,"168":0.020651412490455608,"169":-0.026153847648735264,"170":-0.04030885144132664,"171":-0.0444923039995133,"172":0.015161477368968931,"173":-0.02866659548472271,"174":0.002382997293775599,"175":-0.12405877617780767,"176":0.0016709575582404823,"177":-0.11645255562075937,"178":-0.052359296154442056,"179":-0.04755167687411328,"180":-0.021101787076699977,"181":-0.041982433498120454,"182":-0.0156651609244665,"183":-0.03190223859830538,"184":-0.03839426836419314,"185":-0.02239426805657484,"186":-0.04821918653668336,"187":-0.07122704127410262,"188":-0.03991783929413361,"189":-0.0251844469645155,"190":-0.009981879213467854,"191":-0.061747061336035455,"192":-0.05738205838888606,"193":-0.05241425148513776,"194":-0.09648641876551925,"195":-0.0793838858977283,"196":-0.06255446636628202,"197":-0.09003779567701507,"198":-0.1160966546692173,"199":-0.0027206177673544524,"200":-0.0009092250000014533,"201":0.004052428400944219,"202":0.004052428400944219,"203":-0.06362215957770709,"204":-0.03768509152333777,"205":0.007470141942065153,"206":-0.07606793222588604,"207":-0.04443464097558132,"208":-0.046191899944305254,"209":-0.05624433872793936,"210":-0.0444054404158841,"211":-0.017396820834823957,"212":-0.07663171963611919,"213":-0.033158254441214396,"214":-0.04011483124343607,"215":-0.06193049871718291,"216":-0.03749987661266235,"217":-0.037758739639264516,"218":-0.022298814147038763,"219":-0.02534220930992856,"220":-0.03360085571326739,"221":-0.054593709454759845,"222":-0.0844417027114911,"223":-0.02539031403325017,"224":-0.1740405022373257,"225":-0.06409749094788189,"226":-0.06313654939584032,"227":-0.03813205649827989,"228":-0.041850591005213315,"229":-0.07826089382249223,"230":-0.02124334924316585,"231":-0.025579294602323832,"232":-0.03254058672649381,"233":-0.0685555450453236,"234":-0.03539075707703455,"235":-0.07790136180952817,"236":-0.04383154499165438,"237":-0.05122016962136976,"238":-0.22237268150125533,"239":-0.047414741721321436,"240":-0.047414741721321436,"241":-0.025947504292462266,"242":0.00833324755926686,"243":-0.005299334594347338,"244":-0.05365212777868174,"245":-0.021963540522732264,"246":0.027542999473513543,"247":0,"248":-0.029308323563892145,"249":-0.015856904454323133,"250":-0.04202088114555387,"251":-0.012080411954774968,"252":-0.012283630002787807,"253":-0.05286921877093618,"254":-0.0002483810622765097,"255":-0.12144221302534973,"256":-0.12144221302534973,"257":-0.005434363761354479,"258":-0.005434363761354479,"259":-0.0029816445859207124,"260":-0.0029816445859207124,"261":-0.0027401785643606444,"262":-0.041826561951346874,"263":0.1998902358858281,"264":0.007313264047791132,"265":0.027030907530082214,"266":-0.09551211756059941,"267":-0.07451260697336093,"268":-0.07451260697336093,"269":-0.07451260697336093,"270":0.2332542949162586,"271":0.2332542949162586,"272":-0.10401323379816883,"273":-0.07828660926129803,"274":-0.05086950507434724,"275":-0.11056085887661884,"276":-0.12223880637254791,"277":-0.09153660691973307,"278":-0.02136967023730195,"279":-0.03996235752964574,"280":-0.16983630577158312,"281":-0.04369265339242245,"282":-0.04400301734976113,"283":-0.08023551006565209,"284":-0.13637033760872772,"285":-0.03766765374217682,"286":-0.0461566865653271,"287":-0.09688934217236105,"288":0.06430096236040883,"289":0.0345570772697856,"290":0.07072363820809617,"291":-0.05193039534274366,"292":-0.05562071744269339,"293":-0.012716614738701837,"294":-0.04642883426708466,"295":-0.03608038382703227,"296":-0.02358284045597564,"297":-0.15721219873958545,"298":-0.019677871688576896,"299":-0.07562628697730084,"300":-0.010110927824632611,