{"1":0.23240070149228975,"2":0.6107462387771798,"3":-0.3753983636431183,"4":0.20144446195929627,"5":0.05414671167829571,"6":0.26446495651467405,"7":0.22713890434198486,"8":0.5693985024293828,"9":0.5693985024293828,"10":0.23780192198269479,"11":0.23780192198269479,"12":0.07981850900410326,"13":0.07981850900410326,"14":-0.0911691996150733,"15":-0.0911691996150733,"16":0.04217368722008358,"17":0.04217368722008358,"18":0.04217368722008358,"19":0.06639140733101279,"20":0.06639140733101279,"21":0.20201619569093981,"22":0.20201619569093981,"23":0.212533957037139,"24":0.16555111185435267,"25":-0.05754253528923528,"26":-0.04477136562003736,"27":0.10022306135152076,"28":0.23912520818711697,"29":0.027543686565556502,"30":0.12019078399528071,"31":0.09332916651390527,"32":0.23956247307026213,"33":-0.001069946096681637,"34":0.05780927895726247,"35":0.1075290934754215,"36":0.07570986713497219,"37":0.04629230936087897,"38":0.15812782398427477,"39":0.40101898487540777,"40":0.12523398073248693,"41":0.16805631406690347,"42":-0.17804534574899372,"43":0.008328286666846318,"44":-0.008454095992077554,"45":0.043560337016922634,"46":0.4381224261713407,"47":0.20709651794285022,"48":0.24361532118799578,"49":0.0637867822858329,"50":0.0637867822858329,"51":0.24361532118799578,"52":0.24361532118799578,"53":0.20658199399033342,"54":0.20658199399033342,"55":0.012371230661016308,"56":0.00037071721038403616,"57":-0.20637391775121527,"58":-0.022144537475675297,"59":0.02298723608828579,"60":-0.1733033703125097,"61":0.0016716484382421348,"62":-0.12175586385596104,"63":-0.14914721978106166,"64":-0.09939937293581558,"65":0.07052204162649095,"66":-0.15192174141570408,"67":-0.30776600339041305,"68":-0.05988883580647686,"69":0.007176935670037077,"70":-0.2129435635665129,"71":-0.5040694347589113,"72":0.10633672609377454,"73":0.13198507096007406,"74":0.15452876529138126,"75":-0.19677483184924371,"76":-0.23618904468652313,"77":0.0672503640756898,"78":-0.113572983456936,"79":0.02102913267594142,"80":-0.05276130232227777,"81":0.17385584157110046,"82":-0.25370397162974334,"83":-0.7093151145663791,"84":0.1559438055426261,"85":-0.032010399488672014,"86":-0.09872652201151005,"87":-0.09872652201151005,"88":0.06061465169559199,"89":0.06061465169559199,"90":-0.09130527066874208,"91":-0.06394412725172194,"92":-0.06943388061344052,"93":-0.045666836780034,"94":-0.05307438600440527,"95":-0.15336469926931373,"96":-0.17965984771127982,"97":-0.1277716569222448,"98":-0.2011849527365864,"99":-0.028752241652425736,"100":0.05864146386010316,"101":0.04200170148715915,"102":0.06525013117220446,"103":-0.04113669196232245,"104":0.05163848952983602,"105":0.15173345982361727,"106":0.20083699486754492,"107":-0.015643464455938144,"108":0.028858313694820947,"109":0.134043900499157,"110":-0.08432518503187542,"111":0.1302876744459292,"112":0.0855134000600139,"113":0.01847647571297345,"114":0.0958440288950701,"115":0.2588460116202409,"116":0.05396680892514652,"117":0.1277871413938826,"118":0.023208405364673446,"119":0.09516538126530555,"120":0.01768328305371142,"121":0.09085118576261209,"122":0.222591949986766,"123":-0.059995672404513034,"124":0.15755463446937779,"125":0.07631193978120082,"126":0.07631193978120082,"127":-0.047498991782994215,"128":-0.08846507735054843,"129":0.01375452074153391,"130":0.07631193978120082,"131":0.07631193978120082,"132":0.048295594193554336,"133":-0.11928667739473042,"134":0.19156098048872727,"135":0.2846808863020792,"136":0.14628338821963427,"137":0.1735829556617885,"138":0.02581929639905467,"139":0.27736792050904746,"140":0.08936661917822875,"141":-0.16725905141186959,"142":0.14561757345584792,"143":0.1762839388091606,"144":-0.23084782026247508,"145":0.1406518067627046,"146":-0.14574761805864367,"147":0.1072018856595005,"148":-0.09657189211915063,"149":0.01982317518880572,"150":0.3055578014595659,"151":-0.24815544162199188,"152":0.008122737508273359,"153":0.06544776283022552,"154":0.11219323368862621,"155":0.1450253063961855,"156":0.1469326198996399,"157":0.30546899624387747,"158":0.4402812999581067,"159":0.12534722608409832,"160":-0.18080307599696965,"161":0.0632660365130957,"162":-0.0715103886597857,"163":0.07875511126258083,"164":0.16712974137916814,"165":0.05491936904379646,"166":0.13072657668997578,"167":0.024342042394659202,"168":0.25199693725476113,"169":0.21447674837384367,"170":0.12184092071702862,"171":0.02268825981230277,"172":0.21377596608454297,"173":0.61423956648852,"174":0.33930449535004215,"175":0.19396026586575466,"176":0.22918606812759718,"177":0.30548266446764605,"178":0.4083872898253672,"179":0.31838300891378946,"180":0.12491845002637869,"181":0.18368311581344438,"182":0.24796872267800552,"183":0.2575282017979444,"184":0.2345056032637764,"185":0.20360777377185946,"186":0.47560258185925774,"187":0.3882596949830962,"188":0.34651724108909565,"189":0.5205987264134856,"190":0.2350966068252498,"191":0.3588208057801988,"192":0.7105087508696695,"193":0.1676735883784236,"194":0.16865350201205875,"195":0.018097965611802214,"196":0.5709906879129756,"197":0.3073776161471493,"198":0.4656527655805127,"199":0.6304273194696037,"200":0.4351031732561429,"201":0.046772749913228384,"202":0.046772749913228384,"203":0.2623953265264642,"204":0.15092180285683282,"205":0.29691257272900906,"206":0.24800176399640106,"207":0.1197685893592807,"208":0.27280150184686747,"209":0.13251769785733897,"210":0.11169591334203335,"211":0.16346619618787317,"212":0.10287074177836791,"213":0.14386757609257894,"214":0.23930918406693322,"215":0.2669280069849289,"216":0.27485069596881534,"217":0.3973560600321739,"218":0.4727795104126073,"219":0.35678924438101745,"220":0.15000127367501087,"221":0.15417646990534634,"222":0.3485677547615543,"223":0.2718784422366375,"224":0.37372637112815876,"225":0.3252910232211229,"226":0.20509420673361256,"227":0.3777909245532687,"228":0.2949190369342205,"229":0.2240576157983245,"230":0.20445437894463125,"231":0.2825552812585148,"232":0.14753880387987106,"233":0.4224730905213149,"234":0.28878805003237795,"235":0.3696231512780841,"236":0.37260602420606215,"237":0.37272889272896764,"238":-0.028812570998030473,"239":0.16288856866608958,"240":0.16288856866608958,"241":0.11792612102273516,"242":0.1430740085094473,"243":0.3146279316616,"244":0.08047743621374909,"245":-0.013610554074977334,"246":-0.02937256847298192,"247":0.03469131318185034,"248":0.12832234430781275,"249":-0.002420013002935817,"250":-0.04913307895557041,"251":0.20398723138825714,"252":0.08861997444825649,"253":-0.011022045851636325,"254":0.01812338552544969,"255":0.10422899652134247,"256":0.10422899652134247,"257":0.040985977636489174,"258":0.040985977636489174,"259":0.013537903664710887,"260":0.013537903664710887,"261":0.0850711043666256,"262":0.06939512399304693,"263":0.20418993063212454,"264":0.00799233892835527,"265":0.14317081753289734,"266":0.027708025289088223,"267":0.013625448774229498,"268":0.013625448774229498,"269":0.013625448774229498,"270":0.06512771998289416,"271":0.06512771998289416,"272":-0.16303085146386065,"273":0.05022986134423427,"274":-0.2110025638802519,"275":-0.45597374013396874,"276":0.13430755273998757,"277":-0.17291149294726105,"278":-0.15652813610747474,"279":-0.3216850721914366,"280":-0.2823620415253102,"281":0.022856313242174426,"282":0.03420168214055164,"283":-0.06759363490959922,"284":0.055412735730871465,"285":0.04593832859180076,"286":-0.06982879263872216,"287":0.043325029206580296,"288":0.19869908111866993,"289":0.1725951394484737,"290":0.35592980490145076,"291":0.11188921245799488,"292":0.23621703166620595,"293":0.13659378566572947,"294":0.02476385137688128,"295":0.04758715391383944,"296":0.05059747580018309,"297":-0.14719999487241417,"298":-0.07175375787642774,"299":0.10438827741030518,"300":0.12859320025485296,"301":0.28147876328882454,"302":0.2124074835019843,"303":0.12904950326682435,"304":0.14838768114746856,"305":0.20084495307565917,"306":0.14838768114746856,"307":0.04771619318567674,"308":-0.0033130095223372624,"309":0.007037131143356579,"310":0.22934144769233933,