{"1":0.05663139774032888,"2":-0.006857750665481818,"3":0.7055999037954966,"4":-0.08329146746939689,"5":-0.035820939909076754,"6":0.1069669847105022,"7":0.09103165179387239,"8":-0.07033331998695908,"9":-0.07033331998695908,"10":0.10460496042919237,"11":0.10460496042919237,"12":-0.22567370525415698,"13":-0.22567370525415698,"14":-0.07638028149170797,"15":-0.07638028149170797,"16":-0.0511884039253796,"17":-0.0511884039253796,"18":-0.0511884039253796,"19":-0.044223734162906606,"20":-0.044223734162906606,"21":-0.014523240811510407,"22":-0.014523240811510407,"23":0.06462176425129439,"24":0.10405231577822904,"25":0.10048197123382732,"26":0.12792348485167768,"27":0.043361412702843036,"28":0.15522708595687362,"29":0.016497658707542558,"30":0.05967552071590359,"31":0.33331673796400235,"32":0.1137036288180594,"33":0.16024641221530656,"34":0.15921873786725438,"35":0.242047856645498,"36":0.25666816947861937,"37":0.23929613478299816,"38":0.09632584613978645,"39":0.048429679094741135,"40":0.23224773545732802,"41":0.3381021008580789,"42":0.4174661453140036,"43":0.13418984922448907,"44":0.17337564523464655,"45":0.18454410034549126,"46":0.16092696419699729,"47":0.1461948779089237,"48":0.26624943193331974,"49":0.3013472462903274,"50":0.3013472462903274,"51":0.26624943193331974,"52":0.26624943193331974,"53":0.1869714095822506,"54":0.1869714095822506,"55":0.34292244518785153,"56":0.22218209158188992,"57":0.17806438309424993,"58":0.08743819411565695,"59":0.08146768789594613,"60":0.2632518524165668,"61":0.11643123089025173,"62":0.10528033684288512,"63":0.021037905720518987,"64":0.12052229370354131,"65":0.08958333899494925,"66":0.29724130182477204,"67":0.21827858963364435,"68":0.16990737548070528,"69":0.31175792348542863,"70":0.2027556460365526,"71":0.11409934492007491,"72":0.1383463640413483,"73":0.07479851262225942,"74":0.27588561373268566,"75":0.19775695313036748,"76":0.2266228831880634,"77":0.143357499460613,"78":-0.006502434697258863,"79":0.11885914505653111,"80":0.15394711427142696,"81":0.03992342884885014,"82":0.14150469908477875,"83":0.11812947873653255,"84":0.038728873433706096,"85":0.06085316694136764,"86":0.17909767398010001,"87":0.17909767398010001,"88":0.24997918134429403,"89":0.24997918134429403,"90":0.135983083988042,"91":0.44205722245004236,"92":0.22766511888091878,"93":0.07450719659865584,"94":0.37435823157594483,"95":0.13698822051422965,"96":0.04187554658940129,"97":0.13425052935866838,"98":0.04924458221210648,"99":0.1499016988586613,"100":0.173809250393909,"101":0.0658499865455328,"102":0.07190482787726259,"103":0.04614492168319199,"104":0.06265223574686204,"105":0.05261858114806235,"106":0.04892077477407342,"107":0.10612243246359669,"108":0.10207737702100626,"109":0.11003662075164253,"110":0.13750793573407524,"111":0.04895607740480698,"112":0.07076958704075864,"113":0.1887730164344718,"114":0.05424071440602113,"115":0.06411319091335639,"116":0.10548268982243249,"117":0.057350595812728916,"118":0.05818058283480844,"119":0.11684550680561787,"120":0.08077189153263853,"121":0.07627618008340575,"122":0.148159926742922,"123":0.08120295280127594,"124":-0.06199790219377553,"125":0.06379728442044363,"126":0.06379728442044363,"127":0.18891594302923428,"128":0.11324781855188931,"129":0.06841453302640384,"130":0.06379728442044363,"131":0.06379728442044363,"132":0.18318218763303676,"133":0.19178323124638477,"134":0.21564087022347175,"135":0.2205670376957263,"136":0.17877884079271017,"137":0.1817527616284531,"138":0.49539699388624014,"139":0.3251123350607425,"140":0.9374314772198091,"141":0.5370788786725147,"142":0.0938170133686598,"143":0.2846221177992087,"144":0.1514647598917261,"145":0.29469793232589214,"146":0.388522973941674,"147":0.31099677897193406,"148":0.18345053529326888,"149":0.12612000262922407,"150":0.3785282411804428,"151":0.09382108972709163,"152":0.18236192155325598,"153":0.14636290692779286,"154":0.17444997629903727,"155":0.1919920701579757,"156":0.2599206290884815,"157":0.444498910002235,"158":0.3040376681255211,"159":0.14332364353989652,"160":0.10500843825850094,"161":0.15620265629339541,"162":0.10625472112037579,"163":0.0304441697873348,"164":0.3469920388851446,"165":0.2328996958186343,"166":0.2973822099029506,"167":0.10340428551550979,"168":0.14325271266269535,"169":0.10354772270157206,"170":0.0390415457039511,"171":0.040499233566227186,"172":0.13717337357259973,"173":0.3441050391040417,"174":0.26831875432524177,"175":0.3039520051887926,"176":0.2794093509567958,"177":0.2235192696284187,"178":0.19981618971302834,"179":0.22251010059824244,"180":0.13619542211181498,"181":0.2288599631436387,"182":0.13161087008028963,"183":0.2725219801850247,"184":0.23797385310558164,"185":0.15634858233297044,"186":0.08392881330915708,"187":0.2418827975658604,"188":0.3061136495820962,"189":0.19490667457725758,"190":0.15542086494717744,"191":0.20080868494282794,"192":0.18383732412907505,"193":0.43185470043686386,"194":0.2360749036461741,"195":0.2503767849610932,"196":0.13258652573255045,"197":0.4603009295151731,"198":0.08420167487008486,"199":0.28039059771675323,"200":0.12192312577700079,"201":0.1971159483326363,"202":0.1971159483326363,"203":0.14427519964725122,"204":0.12000685880000282,"205":0.35597712287153355,"206":0.14845715760598477,"207":0.16613458293728492,"208":0.11981138223780427,"209":0.03753309255356366,"210":0.08073786388251128,"211":0.1518201036738403,"212":0.04583101506430143,"213":0.09457746125269784,"214":0.05035629875378496,"215":0.08054425241276787,"216":0.15063438544494853,"217":0.11385773025341023,"218":0.09747417042405919,"219":0.10296366452997624,"220":0.16923859415328624,"221":0.03438063762991729,"222":0.15867705527262863,"223":0.12683163131552708,"224":0.12436088548846819,"225":0.1317256893767806,"226":0.09194081949586587,"227":0.07033205562833827,"228":0.25173945939265974,"229":0.23874771677728354,"230":0.2812294507169702,"231":0.2638162661647844,"232":0.10883899162921523,"233":0.10582762349997457,"234":0.1390223330315824,"235":0.13728886988855715,"236":0.3575853391159256,"237":0.31547568036205936,"238":0.10761131452656177,"239":0.11650612822153396,"240":0.11650612822153396,"241":-0.14237065332952875,"242":-0.022125907528827454,"243":-0.14840883107700442,"244":-0.3083634520377782,"245":0.8262884697578883,"246":-0.10979279559750227,"247":0.04254148050530726,"248":0.010281137066517565,"249":-0.04163661739169999,"250":0.029488807238030573,"251":-0.015692334878112835,"252":0.0903030816621,"253":-0.04267548282580606,"254":0.009864003264343932,"255":0.18959736538141975,"256":0.18959736538141975,"257":0.08339703269848886,"258":0.08339703269848886,"259":0.11791517824653222,"260":0.11791517824653222,"261":-0.05118200676862285,"262":-0.03434501578652599,"263":-0.236592941425265,"264":-0.12618106327090883,"265":0.055768416540367405,"266":0.02799255203998595,"267":0.053263833652977044,"268":0.053263833652977044,"269":0.053263833652977044,"270":-0.0017693119536272284,"271":-0.0017693119536272284,"272":0.10487424134534193,"273":0.2296045548384197,"274":0.26396612059498553,"275":0.03784192034039455,"276":-0.03693490853886469,"277":0.06255469542622258,"278":0.054660216582775784,"279":0.4262383094503655,"280":0.1323957318202263,"281":-0.02989719107982204,"282":-0.03949204524656229,"283":0.03982925235839482,"284":-0.006505048806796823,"285":0.0052544452392584845,"286":-0.011845948367242683,"287":0.03291665327811768,"288":0.04653686951341688,"289":0.03821149675528017,"290":0.03798979526190572,"291":0.04541396639696847,"292":0.0770427755522314,"293":0.16209742681829617,"294":0.014958742255292395,"295":0.03017457013500585,"296":0.2290211845925328,"297":-0.04484277843940768,"298":-0.005928130172260904,"299":0.07579502959795939,"300":-0.008634886902195493,"301":0.03486748418623015,"302":-0.03314824942268832,"303":-0.023772693909882514,"304":0.004999145961220197,"305":0.01533235629791263,"306":0.004999145961220197,"307":-0.18581242423203437,"308":-0.17536746431786177,"309":-0.008436444998496578,"310":-0.03690716739036645,"311":-0.0670898437412035,