{"1":-0.4448007850068848,"2":-1.7416166685680556,"3":-0.6617029470982488,"4":-0.03032810784892087,"5":-0.41672662332098054,"6":-0.16769909234957092,"7":-0.08870854487686497,"8":-0.8862376043726581,"9":-0.8862376043726581,"10":-1.7833232450500005,"11":-1.7833232450500005,"12":-0.3646516616814981,"13":-0.3646516616814981,"14":-0.6829171841600683,"15":-0.6829171841600683,"16":-0.2961345844850193,"17":-0.2961345844850193,"18":-0.2961345844850193,"19":0.0015508186933096413,"20":0.0015508186933096413,"21":0.1814118013555701,"22":0.1814118013555701,"23":0.07584286717452349,"24":-0.23362644568227942,"25":-0.0641685262447293,"26":-0.21522249237934277,"27":-0.1123315455678493,"28":-0.21338434156477537,"29":1.0914599812754102,"30":0.4566419172448053,"31":0.7992984703928716,"32":0.3152470378626151,"33":-0.1758964753236799,"34":0.08289001402580731,"35":-0.20769122752354718,"36":-0.9538555979884444,"37":-0.2322383618652557,"38":-0.3817750809058924,"39":-0.16921638458700983,"40":1.367428993463693,"41":-1.0764980856275237,"42":-0.22367769521809944,"43":-0.1211425413776066,"44":-0.09174658793287493,"45":-0.027131247306806827,"46":1.1237950293310446,"47":-0.003316589091477251,"48":-0.1737674608746329,"49":-0.4872942586860578,"50":-0.4872942586860578,"51":-0.1737674608746329,"52":-0.1737674608746329,"53":0.40374925684924357,"54":0.40374925684924357,"55":-1.1696122583743698,"56":-0.2761114732923423,"57":-0.418864108371625,"58":-0.37021699818236375,"59":-0.651002456574097,"60":-0.7324526427969751,"61":-0.28197343865903446,"62":-0.38533971913023624,"63":-0.8154637298809241,"64":-0.2842195113792175,"65":-0.19302641982179425,"66":-0.4911458538139466,"67":0.15325652920270905,"68":-0.3690548260055029,"69":-0.6680008234477475,"70":-0.3886487869748545,"71":0.1480539774332703,"72":-0.07720174342285402,"73":-0.32924336577218805,"74":-0.19184223969422298,"75":-0.7812768170470186,"76":-0.8480338184114302,"77":-0.4662024216625962,"78":-0.5334348868680774,"79":-0.16985438952359377,"80":-0.6858673520164111,"81":-0.2809599827142111,"82":-0.5879607799851505,"83":-2.1844767080286873,"84":-0.22120458735190773,"85":-0.2723799642193301,"86":-1.0971013803385166,"87":-1.0971013803385166,"88":-2.0984872106708456,"89":-2.0984872106708456,"90":-1.8964713033209302,"91":-1.66880033219579,"92":-1.3259087237963891,"93":-2.564987819330012,"94":-1.1664934281467914,"95":-2.937860168506262,"96":-2.568202430503421,"97":-2.264494936592295,"98":-3.6880052923365096,"99":0.345960964986479,"100":-0.0017685666423266078,"101":0.12524884834373928,"102":-0.08214237871286145,"103":-0.17010541121490075,"104":-0.49022912524943996,"105":-0.1746554031719214,"106":-0.08329383671195156,"107":-0.20378835768907244,"108":-0.5091868687318923,"109":-0.347455153053702,"110":-0.9821771475349754,"111":-0.30477585208265756,"112":-0.2684773076871436,"113":-0.39715598404047725,"114":-0.040771755418111066,"115":-0.07591479016386771,"116":-0.24632332383039057,"117":-0.25118061274812487,"118":-0.1907906242976205,"119":0.1043371982817578,"120":-0.5532671033150713,"121":-0.22494215389506467,"122":-0.2177685522795123,"123":-0.2503137908378923,"124":-0.6073158710215132,"125":-0.15780070982768368,"126":-0.15780070982768368,"127":-0.26504443672463296,"128":-0.44515781878112826,"129":-0.3001584776052515,"130":-0.15780070982768368,"131":-0.15780070982768368,"132":-0.07452610620056,"133":-0.23851543335104175,"134":-0.12685318543894475,"135":-0.3005117629529721,"136":0.5574722947329129,"137":-0.5450106792863951,"138":-0.6854941331801667,"139":0.22843528430495974,"140":-0.8273851201544247,"141":-0.4152949171335263,"142":-0.4289843669504232,"143":0.1216689383571774,"144":-0.5583400682722712,"145":-0.7185877482891345,"146":-0.3788045600340366,"147":-1.2435795627250839,"148":-0.5055365937314469,"149":-0.24706108926976733,"150":0.3611365814771581,"151":-0.4743710652343347,"152":-0.5954443339235753,"153":-0.5360464932000233,"154":-0.5526318907739995,"155":-0.4905686852137294,"156":-0.41016472106788093,"157":-0.0008605316432008792,"158":-0.11503712055789639,"159":-0.20531353452816203,"160":-0.8937100811743028,"161":-0.42159238875640104,"162":-0.34119562471993303,"163":-0.21755359299047994,"164":-0.3433437267889108,"165":-0.3504877836903306,"166":-0.4366693504692387,"167":-0.43139673504806375,"168":-0.1783563460234927,"169":-0.36284317598062854,"170":-0.3428182383047551,"171":-0.317798048584756,"172":-0.02039938858918955,"173":-0.19957324498029294,"174":-0.29828920283557947,"175":-0.8744673057582575,"176":-0.1782525999965605,"177":-0.22224392495647605,"178":-0.48104999841447116,"179":-0.5044304396114294,"180":-0.3972272187673156,"181":-0.27920182895566836,"182":-0.19948441015649188,"183":-0.10933970886155131,"184":-0.22713561883339306,"185":-0.27001587185495457,"186":-0.06503007078846723,"187":-0.1666904668896605,"188":-0.20769994969114824,"189":-0.2189635852529761,"190":-0.15268494478361738,"191":-0.572406374978121,"192":-0.6333699395766841,"193":-0.22933115932832182,"194":-0.9362062811194338,"195":-0.6903713046813307,"196":-0.46773562445704275,"197":-2.3143582451214524,"198":-3.2331772222135617,"199":-1.4575147318694834,"200":-0.4788273881597491,"201":-0.41867267075087966,"202":-0.41867267075087966,"203":-0.5596882250669084,"204":-0.49586117077147085,"205":-0.1291863639247065,"206":-0.43744778788621264,"207":-0.5115107508793713,"208":-0.28436744064664954,"209":-0.22936261879201847,"210":-0.38927882123014845,"211":-0.2849019323092351,"212":-0.5227873787811682,"213":-0.2926515205779445,"214":-0.3044432929509515,"215":-0.2975947208349401,"216":-0.37434509787619774,"217":-0.2825454669175582,"218":-0.15116589122521606,"219":-0.4248338943644647,"220":-0.3950405551802636,"221":-0.6419336014610966,"222":-0.7120573502068208,"223":-0.27012864619119803,"224":-0.5786500868448368,"225":-0.7193144962813274,"226":-0.5996594348603339,"227":-0.299651375118132,"228":-0.3147351104156022,"229":-0.5125951149674737,"230":-0.27107941470359886,"231":-0.21839911547359114,"232":-0.17569609949000076,"233":-0.35592601872342366,"234":-0.24359540189602558,"235":-0.35220783276084044,"236":-0.33716880478084144,"237":-0.42113305035623005,"238":-1.2814208114864756,"239":-0.2682159941444051,"240":-0.2682159941444051,"241":-0.213590004533729,"242":-0.26302366074512606,"243":-0.009634368885931499,"244":0.25632531036668604,"245":0.4848091287340034,"246":-0.41039700294706016,"247":-0.26872061433597183,"248":-0.22031977079610943,"249":-0.24636310388843663,"250":-0.29374553452197644,"251":-0.3794295859022635,"252":0.17346670749556115,"253":-0.28028452866200626,"254":-0.10459044840010451,"255":-0.35486941772647906,"256":-0.35486941772647906,"257":-0.35843720641736243,"258":-0.35843720641736243,"259":-0.07783144007754761,"260":-0.07783144007754761,"261":-0.44001457304899194,"262":0.07529969958695126,"263":0.32999774813102484,"264":0.08879501113284771,"265":-0.016602473382166583,"266":0.0315680529884631,"267":-0.2604407408051112,"268":-0.2604407408051112,"269":-0.2604407408051112,"270":0.14797658639795175,"271":0.14797658639795175,"272":-0.5689329918383718,"273":-0.005164564302013175,"274":-0.08005941505014424,"275":-0.407755757797456,"276":-0.5668157470808199,"277":-0.4802417795577587,"278":-0.4489765076187433,"279":-0.46441022920633346,"280":-0.5579295558681654,"281":-0.10656822885880396,"282":-0.11082644876137293,"283":-0.38480217349995893,"284":-0.18179486998209549,"285":0.002176910304916957,"286":-0.4521558454443047,"287":-0.16383247260821054,"288":0.1546480115207265,"289":0.14410209535018437,"290":0.3041248027041654,"291":0.005914157849170598,"292":-0.10066702946477002,"293":-0.2575034304346444,"294":-0.1879993496900556,"295":-0.3456872853296675,"296":0.051152140426142634,"297":-0.4882274741889083,"298":-0.5129424752186205,"299":0.04044370550844989,"300":-0.08491732055017298,"301":0.2579888110828097,"302":0.0124506675990812,"303":-0.09432434931308498,"304":0.027481978617274194,"305":0.21650840160785112,"306":0.027481978617274194,"307":-0.18170199925366448,"308":-0.12006426806332293,