{"1":0.24685400608043162,"2":0.6520445290837418,"3":-0.4804451486140786,"4":0.41348211844886057,"5":0.15009896008051477,"6":0.287430597993853,"7":0.4940401137064939,"8":0.7105142555427895,"9":0.7105142555427895,"10":0.09361838612497464,"11":0.09361838612497464,"12":-0.13167637201193383,"13":-0.13167637201193383,"14":-0.562631514105826,"15":-0.562631514105826,"16":0.11410731684620135,"17":0.11410731684620135,"18":0.11410731684620135,"19":0.08895481049341494,"20":0.08895481049341494,"21":0.3507901805259984,"22":0.3507901805259984,"23":0.17251596485815351,"24":0.21902644784241965,"25":-0.03827191994946404,"26":-0.04138136069091436,"27":0.07853506383705222,"28":0.25975093185786113,"29":0.015290302983819393,"30":0.15363638570231858,"31":0.13943312465274604,"32":0.40826013435514813,"33":-0.012003186393255177,"34":0.04295002516280619,"35":0.2503822516772616,"36":0.12980986899992952,"37":0.07373358713176414,"38":0.36403251039483964,"39":0.9887539117122556,"40":0.32793269500888833,"41":0.34441224806412274,"42":-0.255162706603451,"43":0.09478420749960981,"44":0.026499122093303795,"45":0.11499695955570033,"46":0.9670254508027987,"47":0.3198963501435719,"48":0.4831740869982991,"49":0.04769588352103049,"50":0.04769588352103049,"51":0.4831740869982991,"52":0.4831740869982991,"53":0.51953788562931,"54":0.51953788562931,"55":-0.030828405420953553,"56":-0.14609257521681857,"57":-0.24818699595685617,"58":-0.021580327374451647,"59":-0.00871743251673418,"60":-0.4159303416275142,"61":-0.01102960402429054,"62":-0.11706808045172001,"63":-0.26774708589538015,"64":-0.11955641612392187,"65":0.012631702600174766,"66":-0.1722491812645761,"67":-0.4440630445210447,"68":-0.1670113148756771,"69":-0.015402949345155625,"70":-0.4291471291386779,"71":-0.8473787615082142,"72":0.1492207509499116,"73":0.2956656831817378,"74":0.292795533917936,"75":0.07894253972932574,"76":-0.27630532083081616,"77":0.12733835995641096,"78":-0.10866636178479072,"79":0.07133033627595098,"80":-0.1088230888837518,"81":0.2964501771130804,"82":-0.2130569428886806,"83":-0.8649245563829044,"84":0.3259587552075722,"85":0.12784002816770745,"86":-0.12491184878322892,"87":-0.12491184878322892,"88":0.1857877937682837,"89":0.1857877937682837,"90":-0.2558108040861937,"91":-0.19114952423317205,"92":-0.2761630732791198,"93":-0.19722050734494018,"94":-0.14061125286241163,"95":-0.3915459052238306,"96":-0.478294300759129,"97":-0.33815605566890994,"98":-0.44108772393760226,"99":-0.05655297923839342,"100":0.05734223661281612,"101":0.045256862246718876,"102":0.07621038676632053,"103":-0.04619250980472661,"104":0.0013891939384931828,"105":0.1842117953299498,"106":0.27352073855333586,"107":-0.026892798231938186,"108":-0.061222354040471605,"109":0.13141398145952748,"110":-0.2916168794361246,"111":0.1432291583120172,"112":0.0735414330391293,"113":-0.021658585915947826,"114":0.08636797687117437,"115":0.31496781657525463,"116":0.05868784668475552,"117":0.1663145555546507,"118":-0.06612305354173376,"119":0.11993249187216937,"120":-0.0766689097060137,"121":0.10092726172677036,"122":0.26092075085474964,"123":-0.10192812381477334,"124":0.02223290150080326,"125":0.061761747208732676,"126":0.061761747208732676,"127":-0.15880597150283537,"128":-0.14994401262713086,"129":-0.009036293402657991,"130":0.061761747208732676,"131":0.061761747208732676,"132":0.053399941112018956,"133":-0.10519205823161637,"134":0.30828343835996974,"135":0.4792357155189777,"136":0.4412341221719356,"137":0.2887611017756393,"138":-0.029532537429215466,"139":0.6990062358915814,"140":0.028955121593274846,"141":-0.3735158019787723,"142":0.18150219081905727,"143":0.2064033000577572,"144":-0.49361078618026877,"145":0.29910455284170445,"146":-0.5368715216884135,"147":-0.19358688072436125,"148":-0.30151973744814553,"149":0.06165194113281314,"150":0.8679297191011228,"151":-0.4606686164511886,"152":-0.04972113461138239,"153":0.010801206623256454,"154":0.08909168010733803,"155":0.16944053407884752,"156":0.22646846600094905,"157":0.4151922923481617,"158":0.7283739194513164,"159":0.11733725199793321,"160":-0.4179175015852794,"161":-0.003671027703125107,"162":-0.09137921214002886,"163":0.129245472363833,"164":0.10734822321848458,"165":0.10244473724063852,"166":0.09639922664553491,"167":0.05092064694859516,"168":0.40106445859927276,"169":0.2902517994421067,"170":0.18755232707893954,"171":-0.058150014276203255,"172":0.41808100286345606,"173":0.9960238502828167,"174":0.47932132626499824,"175":0.1551919091147147,"176":0.391909143001123,"177":0.5078292494070349,"178":0.6349335284541073,"179":0.4560660393976965,"180":0.221455686484469,"181":0.30866794129757136,"182":0.48141745583156464,"183":0.42108491449860497,"184":0.3583273739631524,"185":0.33620571042089964,"186":0.8021046543438795,"187":0.6393540692161027,"188":0.6955525949877388,"189":1.0222604118997325,"190":0.5932298597395533,"191":0.5767791476840434,"192":1.2404593092892893,"193":0.1863308819994649,"194":0.11859876247342327,"195":-0.08517540198540341,"196":0.8586304409710981,"197":0.47002997782708755,"198":0.32084216407618893,"199":0.9881052451953067,"200":0.5277613236172879,"201":-0.07444471114623152,"202":-0.07444471114623152,"203":0.32204193160942196,"204":0.15582842868797853,"205":0.40809373373968694,"206":0.36651272168226035,"207":0.07569595559496245,"208":0.3565852111653963,"209":0.1751721805127472,"210":0.19237009512374886,"211":0.25058044108515265,"212":0.1483230698708859,"213":0.17523385732905825,"214":0.33466433908184906,"215":0.3869021841962742,"216":0.3793779286712573,"217":0.7380128216749067,"218":0.813083309936404,"219":0.6440031118699485,"220":0.18459541968808746,"221":0.16405643482361232,"222":0.42870350116800426,"223":0.3532870273005354,"224":0.5609585463689555,"225":0.3838230101363826,"226":0.25355111756023296,"227":0.5387739013698136,"228":0.4193867631722574,"229":0.27224583535868985,"230":0.27765945252295754,"231":0.4352432843316094,"232":0.13966167348843062,"233":0.655115974235524,"234":0.42871075227887,"235":0.510386132117467,"236":0.46395014250771316,"237":0.5144803976473076,"238":-0.14037063836566643,"239":0.2841930529781822,"240":0.2841930529781822,"241":0.1384032827278846,"242":0.08248517961436935,"243":0.36782629165667247,"244":0.11603647411088147,"245":-0.011373756914044172,"246":0.013144461149647735,"247":0.03418466659465011,"248":0.133619344017489,"249":-0.07345462797590742,"250":-0.1128243005364171,"251":0.22407306513933872,"252":0.1044155623998201,"253":-0.014575475848977837,"254":0.031972048265824046,"255":0.07102079636688208,"256":0.07102079636688208,"257":0.004960922082403979,"258":0.004960922082403979,"259":0.03376553951450845,"260":0.03376553951450845,"261":0.10580468495277981,"262":-0.06299314683444324,"263":0.3357392628259273,"264":0.08334930496561038,"265":0.1323661501754262,"266":-0.1710121650119375,"267":-0.04728413350868582,"268":-0.04728413350868582,"269":-0.04728413350868582,"270":0.1294256363210881,"271":0.1294256363210881,"272":-0.4334348968296836,"273":0.0004685632737566614,"274":-0.3203399453281223,"275":-0.6684823687984541,"276":0.07199881887554205,"277":-0.3271792601768717,"278":-0.3121097947003151,"279":-0.4099534548780044,"280":-0.3883300212994305,"281":0.005468769105523581,"282":0.06345413475200279,"283":-0.16181020506733218,"284":0.01859915197150687,"285":0.016309989855216867,"286":-0.11106646441803085,"287":0.06448336933895663,"288":0.3944603909794438,"289":0.29279730943956384,"290":0.5067366167467177,"291":0.20945502873684374,"292":0.40328896377542467,"293":0.10772645283075138,"294":0.03138028329390288,"295":0.01246133130889468,"296":0.08001229331623855,"297":-0.17686069628296053,"298":-0.12120404129273737,"299":0.12770815793307433,"300":0.20184990539142272,"301":0.5948166680922907,"302":0.36259622320283486,"303":0.23008279968109624,"304":0.22991220132918694,"305":0.4114567469235708,"306":0.22991220132918694,"307":0.05317657700812778,"308":-0.019521401139282357,"309":-0.06864604064522484,"310":0.3051237405837971,"311":0.3816924639600125,"312":0.23579338604716538,