{"1":-1.1907963104385615,"2":-0.7536021942961483,"3":-1.2987071088256181,"4":-0.9425646234306881,"5":-9.836687771015267,"6":1.3901618104238667,"7":-0.8248668604756699,"8":0.11013523263305697,"9":0.11013523263305697,"10":0.029058700031997925,"11":0.029058700031997925,"12":0.11856429263910606,"13":0.11856429263910606,"14":0.3136098839343884,"15":0.3136098839343884,"16":-4.68781441214809,"17":-4.68781441214809,"18":-4.68781441214809,"19":-3.1529590525497753,"20":-3.1529590525497753,"21":-0.5649556596200679,"22":-0.5649556596200679,"23":3.915525334359126,"24":-0.3719004286006724,"25":-0.931729569186434,"26":1.0481874917823442,"27":2.464981297193536,"28":0.15473465072107562,"29":-1.7672626017944468,"30":1.379060224201441,"31":-1.4520184707696968,"32":1.5499895538532762,"33":-0.07308842555988404,"34":-0.5620866930610093,"35":-0.09306887356954081,"36":-0.11352535399850729,"37":-0.04369753674884108,"38":-0.27090439453711423,"39":-0.4563938986942785,"40":-0.40875939475387163,"41":-0.018041257084057544,"42":-0.15974412630466883,"43":-0.22884812292208145,"44":-0.26812339218728104,"45":0.020879221731426756,"46":-0.3768151192498318,"47":-0.16796341874839826,"48":-0.16486573423736087,"49":-0.23726879457332645,"50":-0.23726879457332645,"51":-0.16486573423736087,"52":-0.16486573423736087,"53":-0.29528262286398976,"54":-0.29528262286398976,"55":-0.012816385776607495,"56":-0.2546873267791805,"57":-0.5948119158396996,"58":-0.14311914529112102,"59":-0.8956678077352959,"60":0.03757563380908552,"61":-0.2415681498232105,"62":0.001127598087618198,"63":-0.5413481441406847,"64":0.6043354953973292,"65":-0.5784445165456038,"66":0.4267827707619506,"67":-0.09891575128883745,"68":-0.18269967820337218,"69":-0.41294457600682355,"70":-0.07256337648520858,"71":-0.1725898893532389,"72":-0.30888541234536204,"73":-1.0272071529504736,"74":-0.3780443864580068,"75":-0.6191108752494133,"76":-1.101405949883373,"77":-1.4726387266612473,"78":-2.582077691843515,"79":-1.2732212744134328,"80":-1.2539069040813526,"81":-1.7757772423238856,"82":-1.2847375414534452,"83":-1.9892248192009299,"84":-1.81030334365146,"85":-2.0360917886514485,"86":-2.0888231569836724,"87":-2.0888231569836724,"88":-1.4606625319582833,"89":-1.4606625319582833,"90":-0.01019173431714831,"91":-0.0009964248191679749,"92":-0.002489326087389576,"93":0.0026753140973455646,"94":0,"95":0.0087741477678263,"96":0.0058846681696656114,"97":-0.018734029191362127,"98":0.005019773311613357,"99":-0.062486820956315414,"100":-0.45230865171013135,"101":-0.3848356404777067,"102":-2.762428190658967,"103":-0.9107666878140643,"104":-4.187201266294433,"105":-1.2387576481110874,"106":-0.851903925920177,"107":-0.4493115018389908,"108":-1.5100839312072467,"109":-1.2385545171483647,"110":-0.46006180798753615,"111":-1.4400010707672695,"112":-1.2473660282433257,"113":-1.0130825135125583,"114":-0.9920753414659911,"115":-1.264226956272696,"116":-4.793980807414434,"117":-1.4261760581695322,"118":-1.3535687947919162,"119":-0.9787715929106222,"120":-1.2493368198815245,"121":-2.720282709724446,"122":-0.9226414668541336,"123":0.08576770642299203,"124":-5.1527925113188715,"125":-0.8306574735750694,"126":-0.8306574735750694,"127":-0.31618977524021175,"128":-0.6567344094852687,"129":-1.1938653687346958,"130":-0.8306574735750694,"131":-0.8306574735750694,"132":-0.11494641700058666,"133":-1.0828575178286028,"134":-0.083681887271361,"135":-0.33639276116558453,"136":0.18369976234092134,"137":0.004596218599778101,"138":-0.24435917967983256,"139":-0.5564730948159469,"140":-0.014435897806631265,"141":-0.051412499665751094,"142":-2.3450887079003193,"143":-0.16493798820047562,"144":-0.12498874284087053,"145":-1.7135564101483098,"146":0.06351094577629263,"147":0.024589087476745097,"148":0.14623348343682796,"149":0.0465463306665046,"150":-0.7447018210101002,"151":-0.06371595004551087,"152":0.0005230099372066088,"153":-0.2923892762359649,"154":-0.1421660001637466,"155":-0.04127392707756855,"156":-0.16233023023638737,"157":0.013783605264853671,"158":-0.4132840989783201,"159":0.008475678641246098,"160":-0.31968597680600985,"161":0.247220973225885,"162":-0.4953541920071956,"163":-0.35856536817006457,"164":-0.14246413363880459,"165":-0.35106966653617555,"166":-0.2133120067138481,"167":-1.0425243369594628,"168":-0.3769223478362249,"169":-0.6647620210907156,"170":-0.9329915442342691,"171":-1.0053852973200952,"172":-0.22373393032321065,"173":-0.20076011285825257,"174":-0.4180301618867004,"175":-0.5161844947682809,"176":-0.19496819684883648,"177":-1.2393026751714722,"178":-0.3661089699153145,"179":-0.20402897649833307,"180":-0.470345466206173,"181":-1.227323322512154,"182":-1.3517013573286238,"183":-0.3876155158199259,"184":-0.5991231876777685,"185":-0.712274014246158,"186":-1.1216866344617598,"187":-0.7975177892389078,"188":-0.5483967288780798,"189":-0.39478538200742685,"190":-0.41598527740819224,"191":-0.591459402365656,"192":-0.34284066178551065,"193":-0.009956716779484065,"194":-0.4713567296611517,"195":-0.005490529184923654,"196":-0.1303038110269481,"197":-0.18531082242531222,"198":-0.16143144940384974,"199":-0.20363487936087155,"200":-0.35629594473976733,"201":0.19452225038668902,"202":0.19452225038668902,"203":-0.097791997093027,"204":-0.01712645245019484,"205":0.0033075514264189754,"206":0.12629194551449602,"207":-0.02862957762717533,"208":-1.3350901965417017,"209":-0.8139651465665231,"210":-0.02622040108685575,"211":-0.6555848823555448,"212":-1.5881614177864014,"213":-1.961389802507746,"214":-1.8570041172227012,"215":-0.3406030826834238,"216":-0.08988609028156946,"217":-0.20871380966587905,"218":0.0028339141343635132,"219":-0.10298817494642509,"220":-0.04828977150345909,"221":-0.3154762029533269,"222":-0.22737281507669765,"223":-1.2729436331557404,"224":-0.8082242012258924,"225":-0.593589049631048,"226":-0.2220867642478534,"227":-1.0531019009153262,"228":-0.8821561390808342,"229":-0.6660646274028283,"230":-0.06523501913733731,"231":0.023367341010937515,"232":0.19792147001844312,"233":-0.4815437746626142,"234":-0.008781367050333833,"235":-0.3284916421713542,"236":-0.14658518898842898,"237":-0.4218813448122428,"238":-0.271351957338275,"239":-0.9759447944906436,"240":-0.9759447944906436,"241":-2.984851193348057,"242":1.680439985891045,"243":-1.5973533718789978,"244":-1.6834643876987356,"245":-2.6160278211148285,"246":0.23727663454631365,"247":0.06062147124359851,"248":0.03854336719279905,"249":0.5421207391881377,"250":0.11978339767583757,"251":0.3569060852817222,"252":-1.3628135453844785,"253":-2.053619792399658,"254":-1.3975441361911947,"255":-0.982816155669984,"256":-0.982816155669984,"257":-1.2629370128976039,"258":-1.2629370128976039,"259":-0.30581856755353154,"260":-0.30581856755353154,"261":7.10649718450825,"262":-2.046699525244153,"263":8.774818307474634,"264":1.9783174715890197,"265":0.22837523144057825,"266":-0.44163604703331316,"267":3.6330154363100977,"268":3.6330154363100977,"269":3.6330154363100977,"270":1.5247079540489137,"271":1.5247079540489137,"272":-0.2013130315740128,"273":-0.07963412680188242,"274":-0.07271704624389741,"275":-0.2604088789195151,"276":-1.3479792000140496,"277":-0.7499190478799524,"278":-0.6456967054423712,"279":-1.1045746125541056,"280":1.188074678015896,"281":-3.924291374271938,"282":-2.4360846978972632,"283":-2.8543350644864858,"284":-9.50413028465548,"285":-8.984670938961601,"286":0.2573582321966956,"287":-1.7870341967548202,"288":-1.8477695876468643,"289":-0.14707027949396775,"290":-0.3942916438629647,"291":-0.9046038684743999,"292":-0.07960544721637908,"293":-0.9286106374895791,"294":-1.8198762267823336,"295":-2.1363923672752256,"296":-0.011795755436606159,"297":-2.4815424078141266,"298":-0.125539371952254,"299":-0.7066767803102042,"300":-0.37833946773422034,"301":0.5699627208457172,"302":-0.15024476230010164,"303":-0.11656958218618707,"304":0.09457665579707386,"305":0.004884148221108442,"306":0.09457665579707386,"307":-9.085575490276618,"308":-0.550439133507084,"309":-0.37022259017207226,"310":-0.5408384536402077,