{"1":-0.0044079253734749775,"2":-0.011621679469889233,"3":-0.09812286689419795,"4":-0.0410507111932792,"5":-0.0671488652846667,"6":-0.015665772319724693,"7":-0.009386750198304324,"8":-0.011316861173867805,"9":-0.011316861173867805,"10":0.01868997263502669,"11":0.01868997263502669,"12":-0.0030778624128554215,"13":-0.0030778624128554215,"14":-0.0021208005824301292,"15":-0.0021208005824301292,"16":-0.008427720332025823,"17":-0.008427720332025823,"18":-0.008427720332025823,"19":0.013622886785813818,"20":0.013622886785813818,"21":-0.046709781145864326,"22":-0.046709781145864326,"23":-0.000049934102380081585,"24":0.0019682127090989605,"25":-0.15392115988163255,"26":0.012074522212697072,"27":-0.008691110295102744,"28":-0.04377820404365331,"29":-0.0005363027531196385,"30":-0.05102163112484992,"31":-0.08047175636041692,"32":0.02470501158493922,"33":-0.010676966454532429,"34":0.1970199168710055,"35":0.03934404391241688,"36":0.013671823216009404,"37":-0.016997797323985223,"38":0.07695000675536257,"39":-0.02527019932598147,"40":0.043581889472253985,"41":0.02368921248550862,"42":0.07850781169578083,"43":-0.0015117126153551957,"44":0.061929421889551015,"45":0.03405836611825217,"46":-0.028856350887756906,"47":0.01865585643562772,"48":0.04138665403062601,"49":0.06134237339372889,"50":0.06134237339372889,"51":0.04138665403062601,"52":0.04138665403062601,"53":0.05389935146205165,"54":0.05389935146205165,"55":-0.016466365796885887,"56":0.027730751472257512,"57":0.040984857848669703,"58":-0.03109307047728673,"59":-0.013437778959878802,"60":0.008273722285570898,"61":0.025718538908589446,"62":0.03325766076569339,"63":-0.030971833564310824,"64":-0.021756228707557387,"65":0.02396898480863962,"66":0.02805988707498673,"67":0.03199528540635207,"68":0.04212824689417541,"69":0.01636503421593588,"70":-0.1722244599100096,"71":-0.002414273052956911,"72":0.049991064010263445,"73":0.0029408535200229277,"74":0.011175700132974045,"75":0.027872472874742694,"76":-0.0174422548073705,"77":0.010374312310024097,"78":-0.03519292101438762,"79":-0.030102632877608115,"80":-0.009808254060649842,"81":-0.007045197572070453,"82":-0.03545171937642611,"83":-0.008019734155205613,"84":-0.016499498656755113,"85":-0.033213294093176846,"86":-0.02651664103624373,"87":-0.02651664103624373,"88":-0.0024512893675596933,"89":-0.0024512893675596933,"90":-0.013193530016481873,"91":-0.024255686025298637,"92":-0.007941072076768339,"93":-0.012976096723487339,"94":0.07010200048115614,"95":-0.013037082458359404,"96":-0.028896302633917383,"97":-0.008164859340242636,"98":-0.0307335371571393,"99":-0.003644494116642777,"100":0.037146198351942675,"101":0.009314147628529293,"102":0.022969948066542546,"103":0.029880388183099328,"104":-0.002440281323899965,"105":0.0016413567331233052,"106":0.004768784586077268,"107":-0.0020525778882379137,"108":0.016499627933194216,"109":-0.009724689372607405,"110":0.0019280333368693545,"111":0.015349308930817408,"112":0.007324185991079188,"113":-0.008534867021193458,"114":0.00925434901564709,"115":0.00270742091346602,"116":0.022747238040775525,"117":-0.0318260747817288,"118":-0.01706761672353227,"119":0.006633423433719518,"120":-0.01754251637905476,"121":-0.008088261352579104,"122":0.014081826616973457,"123":0.029134935118472545,"124":-0.10132571537305851,"125":0.007512443005566756,"126":0.007512443005566756,"127":0.03093034938645487,"128":0.006725111036110095,"129":0.02617249265135273,"130":0.007512443005566756,"131":0.007512443005566756,"132":0.02089704539377292,"133":0.0076400419730922875,"134":0.025452966591109384,"135":0.013731684398771385,"136":0.008013362451092899,"137":-0.003063957400474583,"138":0.04467599716377248,"139":0.06127599826065868,"140":0.0786372576035777,"141":0.02108567997240534,"142":-0.021996740918033608,"143":0.018851284369985684,"144":0.006750593855322576,"145":0.02192815294318056,"146":0.012270133861356787,"147":0.014792921557232226,"148":0.004217709642143797,"149":0.00856565207445178,"150":0.011996789891947801,"151":-0.005884963005426128,"152":-0.003239684899486211,"153":0.0004746989519676184,"154":0.0008622402386074188,"155":-0.0015022966693709911,"156":0.0078079259234963595,"157":0.00002186993756712191,"158":0.009061601912723701,"159":-0.005352064656219478,"160":-0.002398868345708854,"161":-0.001485519882586446,"162":-0.0010582358788298104,"163":-0.0017880786318789227,"164":0.009965101507943684,"165":0.011589750557548607,"166":0.01184227756786492,"167":0.006294315874632821,"168":0.028769362756591352,"169":0.018022330398412285,"170":-0.002519185267303291,"171":0.011733356116485072,"172":0.01344927050613377,"173":0.0035725922585943364,"174":0.016429735081142732,"175":0.006110788904819205,"176":0.008216904432707575,"177":-0.010836263415470584,"178":0.008979052960649731,"179":0.003554350602294353,"180":-0.0005397708820005474,"181":0.005378035648413512,"182":0.008109869038469237,"183":-0.0053107321381160935,"184":0.005652372963464976,"185":0.002988978544826656,"186":0.006913226563152369,"187":0.00140245455385192,"188":0.004159739783735197,"189":0.004641056410970688,"190":0.009179709868312324,"191":-0.007953778641751699,"192":0.0032172005074842525,"193":0.010872235109255663,"194":0.0015511631571275206,"195":0.005827264862067975,"196":0.010225033889915712,"197":0.012086451190184824,"198":0.01469223316178324,"199":0.014965314107999575,"200":0.009935180555152856,"201":-0.004475432265906959,"202":-0.004475432265906959,"203":0.004108706079233504,"204":0.004381686482232647,"205":0.011320754716981131,"206":-0.001736576135866405,"207":-0.00011360130850415935,"208":-0.0019208967124815712,"209":-0.0010290941809437092,"210":-0.016491134295725022,"211":0.00047054062989728383,"212":0.007916947907885108,"213":0.001842669978339163,"214":-0.003523269041868265,"215":0.009151753783271368,"216":0.0009551218114770034,"217":0.0003170592753683997,"218":0.006286081470376036,"219":0.0025958623514685704,"220":0.01318982724820088,"221":-0.0013820356877387932,"222":0.014985764103056715,"223":-0.0019862640419214895,"224":0.013093939899413608,"225":0.0049887092971668935,"226":0.0008292688694361873,"227":-0.012012113132851642,"228":0.006831653808552012,"229":0.016775133148600237,"230":0.014183294441549331,"231":0.017404352935958725,"232":0.01015735789139112,"233":-0.010464229322864706,"234":-0.00003309278916346914,"235":0.016668558360998613,"236":0.028970869369605287,"237":0.004763702046198702,"238":0.007888498670033767,"239":0.005335804627060067,"240":0.005335804627060067,"241":-0.09397454799042229,"242":-0.03565739615804223,"243":-0.0220596588451515,"244":-0.04926703622552232,"245":0.14635608568432007,"246":0.004564450447864049,"247":-0.00783650900611773,"248":-0.04124087167697113,"249":-0.007985000925775254,"250":0.008304673761813264,"251":0.0007013186915545457,"252":0.0461472856260753,"253":0.028205179891072997,"254":0.003086953471777256,"255":-0.015505654005587345,"256":-0.015505654005587345,"257":0.030594591791764006,"258":0.030594591791764006,"259":0.03156308866468244,"260":0.03156308866468244,"261":0.010687048887439004,"262":0.023002510332907435,"263":0.02471300474846945,"264":-0.004370151862777232,"265":0.01958431536923048,"266":0.013985687219856796,"267":0.016664347067016878,"268":0.016664347067016878,"269":0.016664347067016878,"270":0.035097892365695695,"271":0.035097892365695695,"272":0.003524073829346725,"273":0.006258409738085552,"274":0.02937872634580489,"275":0.032007499459374346,"276":0.023664106331871743,"277":0.03268118437994928,"278":0.05683243288963391,"279":0,"280":0.0034529194433893856,"281":-0.0024826151549678394,"282":0.003754239940884578,"283":0.011197192807055445,"284":-0.011620927202019836,"285":-0.00019647288872214584,"286":-0.0037095261590068887,"287":0.013371218452281465,"288":0.014920919128618322,"289":0.03785860743303485,"290":0.03873816839307537,"291":0.07155185630486277,"292":0.009853202323499816,"293":0.062261379009554384,"294":-0.004592754085339074,"295":0.024287564766839378,"296":0.03423975543731472,"297":0.007337717966071005,"298":0.02627986629145422,