{"1":-0.04974626857069123,"2":-0.04080889298848575,"3":-0.059726962457337884,"4":0.007195681835918957,"5":-0.04569774485409764,"6":0.013387020131477384,"7":-0.0284061618691769,"8":-0.08851146089134707,"9":-0.08851146089134707,"10":-0.10955000339757225,"11":-0.10955000339757225,"12":-0.10478484638363787,"13":-0.10478484638363787,"14":-0.06520576753358047,"15":-0.06520576753358047,"16":-0.04120817540042478,"17":-0.04120817540042478,"18":-0.04120817540042478,"19":-0.034611343643521086,"20":-0.034611343643521086,"21":-0.07635776795537348,"22":-0.07635776795537348,"23":-0.008631166439070338,"24":-0.0021150144530676374,"25":0,"26":0.006959090563339144,"27":0.018016596597146974,"28":-0.030815150726150722,"29":-0.0074088468663567365,"30":-0.03360718937588488,"31":-0.05145019057619371,"32":-0.01739303462991706,"33":-0.03143282938082298,"34":-0.03198771671678076,"35":-0.10941627157291031,"36":-0.12024704633509542,"37":-0.07265042720563539,"38":-0.0957103920261993,"39":-0.09985485927199242,"40":-0.06673058988419889,"41":-0.20215411041423528,"42":-0.08462428830665936,"43":-0.047866310691832364,"44":0.034189490738650324,"45":-0.07490095097562229,"46":-0.14492622043013884,"47":-0.008160714505736993,"48":-0.06877001833729046,"49":-0.15992578227514542,"50":-0.15992578227514542,"51":-0.06877001833729046,"52":-0.06877001833729046,"53":-0.06025380027631003,"54":-0.06025380027631003,"55":-0.2334507759600292,"56":0.02027328065852544,"57":0.009280124314053565,"58":-0.008590376429537755,"59":-0.005931986912767737,"60":-0.025185729806350338,"61":0.044347144028045446,"62":0.005759759174310101,"63":0.01313012929406367,"64":0.03981040821681099,"65":-0.00977088658879989,"66":0.008499395086431105,"67":-0.041731760729457335,"68":-0.06893689133174563,"69":-0.11381588976520032,"70":-0.05528629414396172,"71":-0.12755520904586365,"72":0.002912121751941124,"73":-0.09995365083761881,"74":-0.09672458444806348,"75":-0.142906706148551,"76":-0.018588691449257733,"77":-0.040258866341136366,"78":-0.1399066318670384,"79":-0.01552045928973983,"80":-0.09759171706267789,"81":-0.0939159132282365,"82":-0.0600109307874626,"83":-0.06985815794765951,"84":-0.04491932774015138,"85":-0.023452100888306564,"86":-0.10489601054055654,"87":-0.10489601054055654,"88":-0.1541205539481956,"89":-0.1541205539481956,"90":-0.17196515528516407,"91":-0.3293446155417942,"92":-0.18289922322602697,"93":-0.19702933146661677,"94":-0.08721141972592487,"95":-0.32864984878871645,"96":-0.20309278642533485,"97":-0.12201133581024308,"98":-0.18213685161555657,"99":-0.009358828846804168,"100":-0.0128905442186808,"101":-0.0811002521982737,"102":-0.04569606941403539,"103":-0.031086619231119314,"104":-0.08726332128734277,"105":-0.07309291992364345,"106":-0.17248108462727169,"107":-0.04601972340141357,"108":-0.05947259166674265,"109":-0.06151257756932427,"110":-0.09222234269238935,"111":-0.07326357969304156,"112":-0.05126017339193547,"113":-0.1078881087769033,"114":-0.2636467073835739,"115":-0.03332021996393271,"116":-0.03845410543630884,"117":-0.13731498569378148,"118":-0.1603798561395942,"119":-0.09567356272404524,"120":-0.05693000118671944,"121":-0.07027925069124384,"122":-0.1468982254521948,"123":-0.010069857120497239,"124":-0.11255203849958992,"125":-0.05291538418386561,"126":-0.05291538418386561,"127":-0.08220003739260232,"128":-0.05844008100316951,"129":-0.0419232040537083,"130":-0.05291538418386561,"131":-0.05291538418386561,"132":-0.054295844366023555,"133":-0.19771695926759286,"134":-0.026487023792008665,"135":-0.11758632467058307,"136":-0.030151197829291695,"137":-0.03616940943742307,"138":-0.09595215863159715,"139":-0.04731218813884505,"140":0.08417950946131125,"141":-0.10147228696152205,"142":-0.3562842677294935,"143":-0.0778448532323967,"144":-0.10320553425106462,"145":-0.1300175324573824,"146":-0.13235313385743702,"147":-0.07100087674321817,"148":-0.03229871995835908,"149":-0.05193052917627358,"150":-0.10795589106510446,"151":-0.08711206696804424,"152":-0.06173634247235429,"153":-0.1512634275678022,"154":-0.08745641941141163,"155":-0.05745329376003374,"156":-0.029140715751284657,"157":-0.12995708042383225,"158":-0.05397420763894738,"159":-0.048434003060544586,"160":-0.02273633275379812,"161":-0.061669608822550806,"162":-0.05312042378429488,"163":-0.09433292860878739,"164":-0.1882190330835505,"165":-0.10511790413138758,"166":-0.05569704563895009,"167":-0.061764883495039266,"168":-0.028726922633275434,"169":-0.06396165043716104,"170":-0.05989873116663617,"171":-0.03981058618630075,"172":-0.05687521890963544,"173":-0.03038549128933422,"174":-0.09296477628482677,"175":-0.08804933037987576,"176":-0.05837531033531451,"177":-0.06850270081081443,"178":-0.0674220777756183,"179":-0.1159881448076504,"180":-0.09026521168968582,"181":-0.03969369065902266,"182":-0.07416086313132136,"183":-0.0742586813384275,"184":-0.0680437034212864,"185":-0.07193759660045086,"186":-0.052039671899994866,"187":-0.09034117283570764,"188":-0.06505529718488566,"189":-0.04109503265317263,"190":-0.023591477925653158,"191":-0.059454813583946914,"192":-0.10013299367564643,"193":-0.05427037771942274,"194":-0.0760841171074908,"195":-0.05593627661165869,"196":-0.06055102522135984,"197":-0.10327703231301981,"198":-0.017356960805117942,"199":-0.057866258495484574,"200":-0.027001022695527923,"201":-0.0860730927894581,"202":-0.0860730927894581,"203":-0.09409324317436582,"204":-0.08834171479140272,"205":-0.020740757538610124,"206":-0.06699717250096413,"207":-0.0524052057234316,"208":-0.07131033801498439,"209":-0.07264575324856432,"210":-0.1016204007722689,"211":-0.04962202304260645,"212":-0.07593006308091174,"213":-0.06711862048651229,"214":-0.06383694723260626,"215":-0.0925697491878053,"216":-0.08562164282956763,"217":-0.055999701295201515,"218":-0.0751361406653547,"219":-0.05346262338090005,"220":-0.05772861286773515,"221":-0.0775173551593081,"222":-0.09974151474450368,"223":-0.13218469607921493,"224":-0.11540378157150644,"225":-0.01671169322262286,"226":-0.06947374405301143,"227":-0.16238076477268526,"228":-0.1157597775113066,"229":-0.08867809724344801,"230":-0.11580536886621312,"231":-0.04886533733829519,"232":-0.08494182708688136,"233":-0.04734933709588102,"234":-0.07203631106173156,"235":-0.06476288810044528,"236":-0.08077613257818005,"237":-0.08223777628970115,"238":-0.08443785555335115,"239":-0.11384425589674659,"240":-0.11384425589674659,"241":-0.12458725661064196,"242":-0.06759642713424624,"243":-0.06955182129497649,"244":-0.10848873679501636,"245":-0.03661940443133278,"246":-0.02474543306998396,"247":-0.024255789273586383,"248":-0.20810966502617056,"249":-0.042266228978657124,"250":-0.04943061458746321,"251":-0.12290807562241331,"252":-0.06108623508226394,"253":-0.059882798077557295,"254":0.015434767358886277,"255":-0.05129543536609049,"256":-0.05129543536609049,"257":-0.07618243936407454,"258":-0.07618243936407454,"259":-0.01834568552469775,"260":-0.01834568552469775,"261":-0.00039414778072673073,"262":0.030856859651450547,"263":0.01636001821275669,"264":0.02429544766142401,"265":0.018082298577110162,"266":-0.06986571782155436,"267":-0.054540856263244286,"268":-0.054540856263244286,"269":-0.054540856263244286,"270":0.9483683772214815,"271":0.9483683772214815,"272":0.004888651892710403,"273":-0.011287732542645444,"274":-0.037398652748433715,"275":-0.06229904068962521,"276":-0.06931707804370871,"277":-0.0626830516639195,"278":-0.08269928788883837,"279":-0.032859580343766064,"280":-0.04972883776935742,"281":-0.10983465239976341,"282":-0.37341448019992507,"283":-0.4652411771812067,"284":-0.42824427782900276,"285":-0.17836847414229412,"286":-0.27639266183954775,"287":-0.05450765951429782,"288":0.10468145074591167,"289":-0.0723505296278303,"290":-0.04386599511373401,"291":-0.048171740750684124,"292":-0.05970308885584834,"293":-0.188530212453682,"294":-0.2465873854320003,"295":-0.44189028409536835,"296":-0.05789733608031437,"297":-0.18999912357777868,"298":-0.11025525984722447,"299":0.006885076704854547,"300":-0.10541715291612669,"301":-0.06132028048737924,