{"1":-1.1142299201884007,"2":-0.7000501396315384,"3":-0.01899209397747026,"4":-0.17218089926767838,"5":-1.6266940719928709,"6":-0.675735102917957,"7":-0.6790133942220288,"8":-1.516405821462326,"9":-1.516405821462326,"10":-3.932752042669649,"11":-3.932752042669649,"12":-1.5589504635230838,"13":-1.5589504635230838,"14":-1.1878095444396581,"15":-1.1878095444396581,"16":-0.6782397865529435,"17":-0.6782397865529435,"18":-0.6782397865529435,"19":-0.38826038938120866,"20":-0.38826038938120866,"21":-0.2611237222088727,"22":-0.2611237222088727,"23":-0.2347050529918867,"24":-0.9483102121799125,"25":-0.37383296641926733,"26":-0.3941814534864495,"27":-0.45538222989495547,"28":-0.973630652939357,"29":-0.06754293569898007,"30":-0.41120204393028104,"31":-0.40036906875645006,"32":-0.45243495993730365,"33":-0.5758051617992761,"34":-0.8753106994800448,"35":-0.620573140278414,"36":-0.5846511099319147,"37":-0.8726847570927023,"38":-0.701448224820852,"39":-1.1356446376084244,"40":0.8606185205354748,"41":-0.0033928907651059603,"42":-0.9730608260469007,"43":-0.5437164242444672,"44":-0.6126757713496034,"45":-0.3945344937807811,"46":-0.19157331419506662,"47":-0.6119495207493333,"48":-0.7127925196220191,"49":-0.6325767401848932,"50":-0.6325767401848932,"51":-0.7127925196220191,"52":-0.7127925196220191,"53":-0.6608220063552619,"54":-0.6608220063552619,"55":-0.8836310477357909,"56":-0.016595145990303317,"57":-0.7634129896985066,"58":-0.5936298574173396,"59":-0.42973984628297823,"60":-0.5571987203714206,"61":-0.4371218053113043,"62":-0.7146845663639279,"63":-1.8137416956122037,"64":-0.3077166053249306,"65":-0.34028158568763567,"66":-0.35805617872880413,"67":0.37229836590726073,"68":-1.039763772581788,"69":0.048451835484776495,"70":-0.19582726194806854,"71":0.3673418753315194,"72":0.2571834832488,"73":-0.6137694302729375,"74":-0.17802205215450995,"75":-0.1585416186281563,"76":-0.30226159989242785,"77":-0.2809969392947528,"78":-0.49100585228571436,"79":-0.062029110204333326,"80":-0.4754072170007506,"81":-0.24081966451452597,"82":-0.5600053350473255,"83":-0.7459451788673737,"84":-0.6247495391095506,"85":-0.3658524059580668,"86":-0.6702285105265104,"87":-0.6702285105265104,"88":-0.1128269788978411,"89":-0.1128269788978411,"90":-0.1688470287590489,"91":-1.1483211880250064,"92":-0.5271721987496614,"93":-1.0047460130645476,"94":-1.9954920934623557,"95":-2.3190730102923913,"96":-0.5216899385233904,"97":-0.7769320904188441,"98":-1.0029451302229,"99":0.25251381713670185,"100":0.10692078053257825,"101":-0.16126776599775683,"102":-0.36773980257629657,"103":-0.43015538559929944,"104":-0.25031071887553535,"105":-0.09855928591520047,"106":-0.16312696788836134,"107":-0.2872974128713073,"108":-0.5498378066511744,"109":-0.13167048231598955,"110":-0.27343808324362495,"111":-0.40439307626762466,"112":-0.4100644473588708,"113":-0.2753776641842265,"114":-0.06264614595891471,"115":-0.3180013647861435,"116":-0.17504084333585057,"117":-0.1441655161642128,"118":-0.4031644531166232,"119":-0.003942706568588417,"120":-0.20934362970495624,"121":-0.5320546155370904,"122":-0.3246218409955497,"123":-0.4496889265123514,"124":-0.4478143640724783,"125":-0.362018929916452,"126":-0.362018929916452,"127":-0.007951795804260087,"128":-0.5299258323328186,"129":-0.3921656618171958,"130":-0.362018929916452,"131":-0.362018929916452,"132":-0.6378947745380494,"133":-0.6174035305518641,"134":-0.822881474274495,"135":-0.12321565267338697,"136":-0.05839199493181324,"137":-0.3656437321967876,"138":-0.7081996921194977,"139":-0.19347699036318744,"140":0.037567608247349504,"141":-0.04969023664956973,"142":-0.5482588898457599,"143":0.06978029860663737,"144":-0.40673998300113023,"145":-0.6603680618263688,"146":-0.5252498436189166,"147":-0.2863428276462736,"148":-0.6491485731626193,"149":-0.24206215373705198,"150":0.040913563145992704,"151":-0.5563364164832647,"152":-0.5723459956431096,"153":-0.5615425759340379,"154":-0.714889231096967,"155":-0.5089575131727444,"156":-0.7769383455373406,"157":-0.24976298681279596,"158":-0.6102019974417328,"159":-0.19458604986426176,"160":0.23227750612276665,"161":-0.573974164403871,"162":-0.601732997874509,"163":-0.6628595123566476,"164":-0.4855112964651167,"165":-0.6545020680826474,"166":-0.616275841035621,"167":-0.7866302167924539,"168":-0.3541112722514286,"169":-0.5777607585222562,"170":-0.7825945233772638,"171":-0.2684352428186869,"172":-0.49380924645304836,"173":-1.0242479740819757,"174":-0.9668170687267976,"175":-0.9750154637015744,"176":-0.5539824596030596,"177":-0.27553397337588237,"178":-0.8005924595515483,"179":-0.9310518172454418,"180":-0.5834394296472166,"181":-0.4320932375415111,"182":-0.4627799546011754,"183":-0.1740644639637321,"184":-0.2106949622945935,"185":-0.5136842938812622,"186":-0.4956099208579108,"187":-0.37468176677006626,"188":-0.6475770338508204,"189":-0.681699984975957,"190":-0.7164846381854435,"191":-0.9009245390219214,"192":-0.8116823001405269,"193":-0.6667291677208256,"194":-1.2490959657739191,"195":-1.0046138465984404,"196":-0.8402756238069373,"197":-2.9848952381128955,"198":-2.519711718642329,"199":-1.0330748441405122,"200":-0.4620942985802612,"201":-0.48043358579493467,"202":-0.48043358579493467,"203":-0.6616115376995645,"204":-0.6356128931357156,"205":-0.45104232172171543,"206":-0.6238724248518044,"207":-0.7465406584738519,"208":-0.4736127791536338,"209":-0.39534421436779044,"210":-0.3760148644256991,"211":-0.44795287131005224,"212":-0.9006929904162971,"213":-0.6571080876924824,"214":-0.4234534952986566,"215":-0.7327549809182448,"216":-0.7358556284029325,"217":-0.7591106745471591,"218":-0.6795884826660623,"219":-0.8607237401199066,"220":-0.9134486181240478,"221":-0.9210433859031872,"222":-1.2157304964594626,"223":-0.6936979968069013,"224":-1.1462560013826368,"225":-1.4871089881392638,"226":-0.9784509590451609,"227":-0.6525573860024512,"228":-0.8538812170620065,"229":-1.1547727794559137,"230":-0.7225293985585557,"231":-0.7624132955199894,"232":-0.31797053052176305,"233":-0.7649980165710873,"234":-0.5430292930141702,"235":-1.0452607853943283,"236":-0.7689395907402821,"237":-1.2567483510196398,"238":-0.44993348093901364,"239":-0.7053892116704783,"240":-0.7053892116704783,"241":0.19414281714163417,"242":-0.5815086950660218,"243":-0.6344387281082496,"244":-0.7760850544468816,"245":-0.5757475894464258,"246":-0.9850413650143485,"247":-0.18524145590171012,"248":-0.34168339877988274,"249":0.1574003343024129,"250":-0.3010963835706104,"251":-0.9026324102907916,"252":0.0856756071103646,"253":-0.32102655696706905,"254":0.09090973332217461,"255":-0.030499039978520104,"256":-0.030499039978520104,"257":-0.011074080404544606,"258":-0.011074080404544606,"259":-0.23225963159653307,"260":-0.23225963159653307,"261":-0.20461923392064285,"262":0.33993649333536746,"263":-0.7318353527350773,"264":-0.4296621880098993,"265":-0.6301267526752272,"266":0.09017620711870178,"267":-0.8443849609403273,"268":-0.8443849609403273,"269":-0.8443849609403273,"270":-0.4691463845967563,"271":-0.4691463845967563,"272":-0.8826417472262416,"273":-0.7576171780054404,"274":-0.807072176830223,"275":0.3972837951156807,"276":-1.0070780252090323,"277":-1.394904507089893,"278":0.06541684471744347,"279":-0.8687278154243304,"280":-1.1782954428652854,"281":-0.7968328602335176,"282":-0.5357473882648653,"283":-0.4870915033056007,"284":-0.38354993020457673,"285":-0.6971737357338768,"286":-0.6076156563855847,"287":-0.059722163292437846,"288":0.07079108703945491,"289":-0.6903002426887186,"290":-0.8580088204471457,"291":-0.6638045311749707,"292":-0.7570252532611854,"293":-1.2391311822016755,"294":-0.4844150191571479,"295":0.35582045646724414,"296":-0.6714527917565017,"297":-1.015105803910046,"298":-1.2056517603310106,"299":-0.3248804644515796,"300":-0.7488509471947331,"301":0.12551665517488542,"302":-0.06141566638733664,"303":-0.5836071920211168,"304":-0.340820210958483,"305":-0.08891775308299321,"306":-0.340820210958483,"307":-0.63011402333087,"308":-0.19909185424086395,"309":-0.8263877639602948,"310":-0.41166255461424583,