{"1":-0.7661425314192812,"2":-0.5626945386518383,"3":-1.1454527624435946,"4":0.07187976196604828,"5":-9.620133913389992,"6":2.3838478905483003,"7":-0.6894481217649371,"8":0.12503290793936916,"9":0.12503290793936916,"10":-0.007273641344414411,"11":-0.007273641344414411,"12":0.1573727354814981,"13":0.1573727354814981,"14":0.3559084131659852,"15":0.3559084131659852,"16":-3.506559060124284,"17":-3.506559060124284,"18":-3.506559060124284,"19":-2.940483399538912,"20":-2.940483399538912,"21":-0.48622399413260364,"22":-0.48622399413260364,"23":4.333935699490028,"24":0.0053414797089392785,"25":-1.0913341599318804,"26":1.0872975324871659,"27":2.8409322332070728,"28":0.9183768212044843,"29":-1.5545556398995846,"30":1.588816630664593,"31":-1.1306666956289515,"32":1.552859571425775,"33":0.1252247350851552,"34":-0.48940474033543646,"35":-0.16199584169873585,"36":-0.033886016320790385,"37":-0.06311074076031292,"38":-0.29580846082629486,"39":-0.4490177255272469,"40":-0.4096308432179647,"41":-0.046536893626428,"42":-0.12232644010989963,"43":-0.22744814417135717,"44":-0.24986060192298176,"45":-0.029117478843243616,"46":-0.16828626668973556,"47":-0.16881440522994834,"48":-0.16469045720800368,"49":-0.29549266154262915,"50":-0.29549266154262915,"51":-0.16469045720800368,"52":-0.16469045720800368,"53":-0.22829937913477336,"54":-0.22829937913477336,"55":-0.025464338683384456,"56":-0.06724668472818884,"57":-0.3022962348761876,"58":-0.012276913574705284,"59":-0.25842166828565427,"60":0.07379304394175162,"61":-0.033663781027869266,"62":0.3495957733430336,"63":-0.08745985283342361,"64":0.8717000504377133,"65":-0.0159515295118422,"66":0.5858090101551271,"67":-0.03408834045784126,"68":-0.2252109185890797,"69":-0.3218586602604623,"70":-0.08531609937472809,"71":-0.22570144244825355,"72":-0.2723205094338011,"73":-0.8683939851729139,"74":-0.31634063563912906,"75":-0.3675080213029326,"76":-0.8972673538869747,"77":-1.3156673282007323,"78":-2.3686693414240265,"79":-0.8890577132028975,"80":-0.9593996233657792,"81":-1.443361903217009,"82":-1.1592221746207243,"83":-1.8166819481388794,"84":-1.3289994912561711,"85":-1.684967379831203,"86":-1.243493549750656,"87":-1.243493549750656,"88":-1.1947363154116968,"89":-1.1947363154116968,"90":-0.0163954060977603,"91":0.00022889312429795385,"92":0.002341751034366229,"93":0.0043074595424193686,"94":0.014935983018025347,"95":0.009895675885972077,"96":0.006736097117792914,"97":-0.02317993304254612,"98":0.006716609336509648,"99":0.33432653836443715,"100":0.09421331252273402,"101":0.05252841619067672,"102":-2.1030112714076514,"103":-0.6050377342781701,"104":-4.02595971134626,"105":-0.7672669622829542,"106":-1.4724148919007902,"107":0.15046948193973764,"108":-0.9863112888722773,"109":-0.41152327018873536,"110":-0.06025075268955388,"111":-0.955385363433374,"112":-0.6785182044441284,"113":-0.6411467261042969,"114":-0.7062472752377811,"115":-0.41237157951563397,"116":-4.97370286873514,"117":-0.5842617596774478,"118":-0.5112772429788197,"119":-0.4234722384709646,"120":-0.3145459119649514,"121":-2.505668383208235,"122":-0.5348741507186235,"123":0.43681934477040474,"124":-3.8442527804256503,"125":-0.030878742548902327,"126":-0.030878742548902327,"127":-0.13320838650703914,"128":0.02529415732211826,"129":-0.5224073682585668,"130":-0.030878742548902327,"131":-0.030878742548902327,"132":-0.1710139710099253,"133":-1.1140967650884117,"134":-0.18864707898984612,"135":-0.44079741415409235,"136":0.023619018404019365,"137":-0.10350620781642705,"138":-0.19594549879851336,"139":-0.41446045333511633,"140":-0.024002120910627478,"141":-0.02361087676346124,"142":-2.4612527400009476,"143":-0.1459152073098946,"144":-0.08216819510341544,"145":-1.6222091109587002,"146":0.012896632552343634,"147":0.0010224063219396728,"148":0.11526009100012014,"149":-0.048024175099508626,"150":-0.9759092858569389,"151":-0.3196794718059985,"152":-0.1154327030491451,"153":-0.5359726931847543,"154":-0.27700329995755935,"155":-0.14437588940736623,"156":0.029090985653398405,"157":0.057611670643168966,"158":-0.11894494594883176,"159":-0.13319165146520873,"160":-0.5183744843263025,"161":0.2458490292127603,"162":-0.5974032934518234,"163":-0.44370047907967747,"164":-0.18034752052288328,"165":-0.2909806983192629,"166":-0.04440901241731632,"167":-0.30242286645698757,"168":-0.20808013014523685,"169":-0.1799719143725954,"170":-0.6076371741159816,"171":-0.3925056443223809,"172":0.022309820973253958,"173":0.11927397658555972,"174":-0.11860665802247872,"175":-0.33251161071641544,"176":-0.19946000468846248,"177":-1.170921594005352,"178":-0.23818114635463372,"179":-0.10997100011441541,"180":-0.6761638876587917,"181":-1.2538180981112526,"182":-1.0746676757380946,"183":-0.6451907723218009,"184":-0.2516486682508001,"185":-0.4193084190844236,"186":-0.6840104874628475,"187":-0.4053611408720932,"188":-0.34984499820491366,"189":-0.15175591540395805,"190":-0.25366801657987514,"191":-0.4079912897799023,"192":-0.1695633875187864,"193":0.12317932268163256,"194":-0.28085495948709405,"195":0.18191384010819678,"196":0.026057479108852477,"197":-0.06223403758645624,"198":-0.008842249265056501,"199":-0.027588063489617398,"200":-0.08200300549051476,"201":0.16703258261883425,"202":0.16703258261883425,"203":-0.16497454409290513,"204":-0.18919944909211073,"205":-0.10626678595081562,"206":-0.032873226068177774,"207":-0.010318140401454068,"208":-0.6364150772577103,"209":-0.784469377708516,"210":-0.37857882959583555,"211":-0.511952502148241,"212":-1.4730847951352928,"213":-1.3214764583451897,"214":-1.3596001935237485,"215":-0.32285647858605715,"216":-0.15529261579025133,"217":-0.09822358304538426,"218":0.04053869536720989,"219":-0.1413870018044624,"220":-0.09747644881666451,"221":-0.3184527898066001,"222":-0.3444305888390249,"223":-1.4686228867768927,"224":-0.8628631959173207,"225":-0.7032968992127966,"226":-0.32227836724143827,"227":-1.1135997030151783,"228":-0.7480865161822736,"229":-0.5986467597380487,"230":-0.0826603273979033,"231":0.040480272947462925,"232":0.1253996092228442,"233":-0.31724726847166207,"234":-0.10506994515212231,"235":-0.24669085479536368,"236":0.0617225015924856,"237":-0.19313134403259824,"238":-0.47829897389273235,"239":-0.707854790041437,"240":-0.707854790041437,"241":-3.632383278700427,"242":1.8621412022091255,"243":-1.5380968514043327,"244":-1.6769783925998079,"245":-2.0888218272085797,"246":0.3751701316081752,"247":0.20939051354190674,"248":0.10584790204598987,"249":0.6986388787768631,"250":0.29020435741088413,"251":0.5238752318411255,"252":-1.390702732237614,"253":-1.528468745701506,"254":-1.1565836673257779,"255":-1.1021804518842746,"256":-1.1021804518842746,"257":-0.8776612549531536,"258":-0.8776612549531536,"259":-0.09682037408166155,"260":-0.09682037408166155,"261":7.632100618347838,"262":-1.930105892406642,"263":9.296990466193261,"264":1.9922883111829741,"265":0.26871451817311875,"266":-0.4276707228906411,"267":4.324241520957873,"268":4.324241520957873,"269":4.324241520957873,"270":1.7885898954013437,"271":1.7885898954013437,"272":-0.14221991651071386,"273":0.14052905366248103,"274":0.01491313639025793,"275":-0.23546459585129376,"276":-1.4985693035827259,"277":-0.6085087176219056,"278":-0.6628859724625209,"279":-1.0567926948627324,"280":1.2035789534127355,"281":-3.594928496032925,"282":-2.3073642834050894,"283":-2.709972019814517,"284":-9.57089551566071,"285":-9.354274452389374,"286":0.6630132342341146,"287":-1.4304663826106656,"288":-1.0114471227647421,"289":-0.09977496592872137,"290":-0.3369582825140668,"291":-0.8346273434855624,"292":-0.10712626402575992,"293":-0.8902629571055529,"294":-1.6110295442485085,"295":-1.8989794091887178,"296":0.021174924719950416,"297":-2.0698706612566715,"298":-0.12018202940455708,"299":-0.34613991181057313,"300":-0.490408980973166,"301":0.4039949357365933,"302":-0.2818642496005783,"303":-0.08182829311567419,"304":-0.2122666909197628,"305":-0.22412183896041338,"306":-0.2122666909197628,"307":-9.207131897014358,"308":-0.4848539711720119,"309":-0.30502281671761633,