{"1":-0.22127900421051355,"2":-1.2708526267242002,"3":-0.19197952218430034,"4":0.0004086586242995731,"5":-0.03811628572408579,"6":-0.0005588532153876745,"7":-0.1041408593746199,"8":-0.9471782914357929,"9":-0.9471782914357929,"10":-0.7475526582271323,"11":-0.7475526582271323,"12":-0.10536602547978814,"13":-0.10536602547978814,"14":-0.31744320715794716,"15":-0.31744320715794716,"16":-0.06116375165371426,"17":-0.06116375165371426,"18":-0.06116375165371426,"19":-0.002929889864992246,"20":-0.002929889864992246,"21":-0.08867477701529924,"22":-0.08867477701529924,"23":-0.008516821240131842,"24":-0.04173898242010507,"25":0,"26":-0.012867918780139008,"27":-0.0026506689506981956,"28":-0.019801288248517814,"29":-0.08312578631712236,"30":-0.01741444174896504,"31":-0.04383065696506547,"32":-0.03379093821287567,"33":-0.013954920886419017,"34":0.07488251229085283,"35":-0.12244269132946553,"36":-0.09453203141920441,"37":-0.13946883527808257,"38":0.024594336008461143,"39":-0.17630089850909214,"40":0.012755901710637119,"41":-0.29473726642265946,"42":-0.1511798343756673,"43":-0.14604558871442144,"44":-0.07512913449745133,"45":-0.3099908847086611,"46":-0.06330356029377926,"47":-0.025644380611155898,"48":-0.18175692397072432,"49":-0.21780458089365712,"50":-0.21780458089365712,"51":-0.18175692397072432,"52":-0.18175692397072432,"53":-0.1623461294984905,"54":-0.1623461294984905,"55":-0.1547395022095186,"56":-0.014703208016926326,"57":-0.06883496816382723,"58":-0.01739039702276403,"59":-0.020333418097408337,"60":-0.035717248722466705,"61":-0.01689839730994961,"62":0.0049248030135116486,"63":-0.0005866266493653478,"64":0.010481848492104585,"65":0.0024957657771207745,"66":-0.10924292226673811,"67":-0.01676567497641132,"68":-0.23170220279170908,"69":-0.003423018363845176,"70":-0.15409823468324688,"71":-0.038007383825918256,"72":0.019594778093028814,"73":-0.10542374781028852,"74":0.10648815217540472,"75":-0.1843273961130148,"76":-0.27166754451607644,"77":-0.03489793842529107,"78":-0.22160319990074406,"79":-0.0683516181949235,"80":-0.15559692970223227,"81":-0.06348468093125176,"82":-0.19209810613505374,"83":-0.7714988698729095,"84":-0.03568603930360803,"85":0.048202671082597334,"86":-0.21260555981532978,"87":-0.21260555981532978,"88":-0.12524402934602658,"89":-0.12524402934602658,"90":-0.127921691775475,"91":-0.2567011132558009,"92":-0.23511284407038263,"93":-0.11480937899595695,"94":-0.032763610549882596,"95":-0.6600783253244802,"96":-0.23849857666303267,"97":-0.08036581350653443,"98":-0.13378900435456417,"99":0.1556067099168182,"100":0.093969210497714,"101":-0.0662133072181729,"102":-0.03984118832503679,"103":0.03213481305525241,"104":-0.12338363315404718,"105":-0.06512061911688832,"106":-0.03130329694237702,"107":-0.051123590104467584,"108":-0.14158126756000117,"109":-0.10118926800222935,"110":-0.1833360632960019,"111":-0.09597505646232211,"112":-0.09221712972400574,"113":-0.07220553177428808,"114":-0.12123651807584382,"115":-0.05817853160939025,"116":-0.07638088624450556,"117":-0.06817762383547486,"118":-0.0934450547017282,"119":-0.153021550165502,"120":-0.1605693777099502,"121":-0.1287387410566742,"122":-0.26395513934225323,"123":0.03013997702954606,"124":-0.15832156688441215,"125":-0.06542395079135961,"126":-0.06542395079135961,"127":-0.06410470893184214,"128":-0.06433887192242059,"129":-0.047709556394517974,"130":-0.06542395079135961,"131":-0.06542395079135961,"132":-0.10765530468190229,"133":-0.1224420756776905,"134":-0.05546036809733068,"135":-0.16798609237442014,"136":0.16130989529015893,"137":-0.34962419448594395,"138":-0.06834744996634276,"139":-0.009299584087455626,"140":0.10355186793673288,"141":-0.10098193810704251,"142":-0.19083791729780497,"143":-0.04641782462071348,"144":-0.07782005083102175,"145":-0.13750918573849655,"146":-0.07807850631796343,"147":0.03295842056932963,"148":-0.0960875533096772,"149":-0.04230700354622424,"150":0.4507109957591526,"151":0.04660660458687291,"152":-0.17790300880424567,"153":-0.1965855596304541,"154":-0.17949790475307037,"155":-0.19758653441988203,"156":-0.17434449891938053,"157":-0.1544079587113772,"158":-0.11209790154566873,"159":-0.09795975684401237,"160":-0.37405991851625836,"161":0.004327982398807134,"162":-0.04284889252602198,"163":-0.12757417440978713,"164":-0.25219890834347647,"165":-0.27010092379362755,"166":-0.07692521617049686,"167":-0.07152201488336327,"168":-0.004944353417819555,"169":-0.05030174288285834,"170":-0.045203357632856184,"171":-0.04166094815687251,"172":-0.15106017859041376,"173":-0.16176040149605095,"174":-0.13335670985819892,"175":-0.3508247313490926,"176":-0.16696130720341734,"177":-0.1475949978473025,"178":-0.1409552190065534,"179":-0.17236556570592027,"180":-0.12271811400236345,"181":-0.10082918716342501,"182":-0.06761298966568663,"183":-0.1310930131941483,"184":-0.06292292930390739,"185":-0.06806674076039299,"186":-0.08665734294757377,"187":-0.13734475696070475,"188":-0.09479389993180899,"189":-0.12984670844081098,"190":-0.058112081238821466,"191":-0.2843909109298718,"192":-0.22055484286776966,"193":-0.028092786455564955,"194":-0.18323983341457167,"195":-0.11145935242201249,"196":-0.18069572441952314,"197":-0.5235563580921667,"198":-0.42498694923549574,"199":-0.17661528838884852,"200":-0.07661276814497255,"201":-0.03409678023975116,"202":-0.03409678023975116,"203":-0.1659144977843131,"204":-0.130065628451347,"205":-0.042507153052554605,"206":-0.13461782484646592,"207":-0.07375889296720287,"208":-0.07333412527971153,"209":-0.13156160126568034,"210":-0.23777375686829733,"211":-0.0656902904389176,"212":-0.08531089681904094,"213":-0.11015813243755929,"214":-0.08072942156715163,"215":-0.15652609732371686,"216":-0.08982905382648844,"217":-0.04974277900295193,"218":-0.04601038748001471,"219":-0.08394147155376935,"220":-0.08390593326405352,"221":-0.10214305019243307,"222":-0.26975047526503415,"223":-0.09454840250025487,"224":-0.30341744611160787,"225":-0.2171993049249125,"226":-0.09983752555606518,"227":-0.08878664171127333,"228":-0.0911947921959999,"229":-0.2176261153998167,"230":-0.10360387547497601,"231":-0.09965957668313724,"232":-0.07040047609696495,"233":-0.15395160488353152,"234":-0.10168095537049354,"235":-0.15020477965798568,"236":-0.2098826913262476,"237":-0.06396367448973463,"238":-1.0795551402100876,"239":-0.06979553404145715,"240":-0.06979553404145715,"241":-0.21477402086544975,"242":-0.08554948572958561,"243":-0.07363411229920727,"244":-0.02753859844714221,"245":-0.021963540522732264,"246":-0.0903480146605217,"247":-0.08363097233789867,"248":-0.11319289456288033,"249":-0.10826126594018527,"250":-0.014689939110599815,"251":-0.09022609794864371,"252":-0.012283630002787807,"253":-0.04771982037134305,"254":-0.011496289975820355,"255":-0.3746599930760905,"256":-0.3746599930760905,"257":-0.04716538373514671,"258":-0.04716538373514671,"259":-0.00824237921770879,"260":-0.00824237921770879,"261":-0.37998631978921343,"262":-0.016807950597685778,"263":-0.02409194870235016,"264":-0.05115124634489305,"265":-0.0991885079875651,"266":-0.0442624878061414,"267":-0.26161434113844906,"268":-0.26161434113844906,"269":-0.26161434113844906,"270":-0.11917004866643324,"271":-0.11917004866643324,"272":-0.06405604512142579,"273":-0.12338105189665118,"274":-0.05193279705539008,"275":-0.07262274061811318,"276":-0.16519687553122936,"277":-0.12250651454255233,"278":-0.05968158725098892,"279":-0.016429790171883032,"280":-0.06118779723709272,"281":-0.01372492283246176,"282":-0.06914759869248177,"283":0.022276684464586388,"284":-0.036997816202686884,"285":-0.08196506294466713,"286":-0.02493310636216699,"287":-0.07139214686384497,"288":-0.029606821411653245,"289":0.03301764767512769,"290":0.01419352882209484,"291":-0.00027137351453530856,"292":-0.07135032612729895,"293":-0.1204363935465842,"294":-0.14601713456894505,"295":-0.024053589218021518,"296":-0.10019715701435375,"297":-0.08382628730314684,"298":-0.0581297437894046,"299":-0.10173039261118878,"300":-0.04954579197211195,"301":-0.07724571197004051,