{"1":-0.07402264281150711,"2":-0.031767363417220675,"3":-0.06744130027648254,"4":-0.014760780788352747,"5":-0.025309281713310157,"6":-0.0005315727432234768,"7":-0.005486504898219478,"8":-0.04563121394714437,"9":-0.04563121394714437,"10":-0.015207292089494617,"11":-0.015207292089494617,"12":-0.053123315968081786,"13":-0.053123315968081786,"14":-0.07528501844815225,"15":-0.07528501844815225,"16":-0.008840050930671986,"17":-0.008840050930671986,"18":-0.008840050930671986,"19":-0.010491002341013996,"20":-0.010491002341013996,"21":-0.007460231969457342,"22":-0.007460231969457342,"23":-0.011926705856096492,"24":-0.019707807316637512,"25":0.028513496388290458,"26":-0.03691686110823904,"27":0.002799785937629945,"28":-0.006006278032357256,"29":-0.005904860607879526,"30":-0.029792808022265707,"31":-0.038575232319401326,"32":-0.019183595698277114,"33":0.0070165319410360125,"34":-0.010388321192247437,"35":-0.04483487620693265,"36":-0.03479564720906681,"37":-0.038858736143986494,"38":-0.0313601233826515,"39":-0.009533583358088002,"40":-0.047030259200031496,"41":-0.07191362543174654,"42":-0.06480375618420064,"43":-0.040259449819523285,"44":-0.031281183911641315,"45":-0.050798715297107874,"46":-0.027593029702525106,"47":-0.04908708076339319,"48":-0.028874464033438758,"49":-0.07656396199310234,"50":-0.07656396199310234,"51":-0.028874464033438758,"52":-0.028874464033438758,"53":-0.04648543093976017,"54":-0.04648543093976017,"55":-0.015339426943918967,"56":0.025227483560690944,"57":0.015769696218385743,"58":0.0012468292811998252,"59":0.009404751430798958,"60":0.024195505473305352,"61":0.03099386238392846,"62":0.022653621452586738,"63":0.0344503647819912,"64":0.004935824541342532,"65":0.02224018801719484,"66":0.04671688844856984,"67":0.05450032091161358,"68":0.014949694846717008,"69":-0.036474444051877636,"70":-0.03200461182218728,"71":-0.013534973818257669,"72":-0.017706160142347514,"73":-0.01432100784749004,"74":-0.017873582616576383,"75":-0.09204785628268242,"76":-0.03494918963468256,"77":-0.03619197309131905,"78":-0.032510865845503924,"79":-0.010330353244768553,"80":-0.021869149887338027,"81":-0.025428264149032254,"82":-0.09485569357821214,"83":-0.03719760906382211,"84":-0.03980325622956924,"85":-0.03050498368205158,"86":-0.05518294952429141,"87":-0.05518294952429141,"88":-0.06926014355321447,"89":-0.06926014355321447,"90":-0.02047014906855776,"91":-0.009992066935289163,"92":-0.01745420485134081,"93":-0.0068043700753564335,"94":-0.015893455175651612,"95":-0.027945734825943955,"96":-0.028591788394835328,"97":-0.013637030116646479,"98":-0.009014045930167552,"99":0.08911982565446895,"100":0.09110114057018685,"101":-0.007532433158558831,"102":-0.011337540164223735,"103":-0.020578938220517158,"104":-0.01670230912917295,"105":-0.014787364653262088,"106":0.05497635403214557,"107":-0.02457325568493824,"108":-0.006230735594165961,"109":-0.015174012902642562,"110":-0.021976042148613456,"111":-0.03737387302497305,"112":-0.012112138400113843,"113":-0.01728280825363092,"114":-0.02565039132750304,"115":-0.00911207217293291,"116":-0.0003520379450416833,"117":-0.10013087447630459,"118":-0.08946551575250475,"119":-0.010756276492482786,"120":-0.00991394952859092,"121":-0.0042016944377214205,"122":-0.03409529564809019,"123":0.01936964998064602,"124":-0.06469114229930759,"125":-0.012847449908352779,"126":-0.012847449908352779,"127":-0.034657487116266344,"128":-0.06392791839593695,"129":-0.012987467434631382,"130":-0.012847449908352779,"131":-0.012847449908352779,"132":0.03659309764671423,"133":0.031191847099641984,"134":-0.005039163037022152,"135":-0.027094537225277056,"136":0.0540238496190788,"137":0.06675534610885225,"138":-0.006294952018477851,"139":0.06557452313390225,"140":-0.008700500806519136,"141":-0.034400049030397506,"142":0.1326466739726287,"143":-0.04271729564868963,"144":0.021018083404034868,"145":0.07511524215203177,"146":-0.02098993276472825,"147":0.05845161387971025,"148":0.011659650066316508,"149":-0.012738009385074968,"150":-0.024361385211497798,"151":-0.008989256707413677,"152":0.011058848204733435,"153":-0.04094413845113039,"154":-0.029419724676865086,"155":-0.022027361339352493,"156":0.011577560037270312,"157":0.0007395177998017546,"158":-0.03588342434149637,"159":-0.013038578387545248,"160":-0.010212599456473292,"161":0.001960817865759204,"162":-0.016390074555973303,"163":-0.0038452054183379103,"164":-0.005333209486120642,"165":-0.03503802395492775,"166":-0.01807749697462771,"167":-0.05484200397867643,"168":-0.03401423902073996,"169":-0.013760937388435743,"170":-0.013724467112494428,"171":-0.05445241879864572,"172":-0.012069886576877013,"173":-0.027756057920563317,"174":-0.04307608162820021,"175":-0.032994143964153726,"176":-0.018826952711526772,"177":-0.054985918706060594,"178":-0.03527052450934961,"179":-0.05781198958368279,"180":-0.01627570183733866,"181":-0.023048109688304737,"182":-0.03593713902665178,"183":-0.029427765635559534,"184":-0.04074029096070688,"185":-0.058843454903058715,"186":-0.01709455595727377,"187":-0.0411429033931857,"188":-0.019227378130065986,"189":-0.01767669364923771,"190":-0.019875283353527062,"191":-0.030558449390595713,"192":-0.029034974668881906,"193":-0.028513863826125585,"194":-0.03425420352380103,"195":-0.03307131634300639,"196":-0.014858946734140795,"197":-0.037521357529792736,"198":-0.03080106081481497,"199":-0.02505296026107126,"200":-0.0064166160729760904,"201":0.03854854622382135,"202":0.03854854622382135,"203":-0.008847752115442595,"204":-0.013353914272490608,"205":-0.018552005917600752,"206":-0.01943877461046368,"207":-0.024781380480338754,"208":-0.025009865141869248,"209":-0.010856785532003015,"210":-0.012279616776755755,"211":-0.015766632102874115,"212":-0.030688615963502433,"213":-0.02113420106904564,"214":-0.017291898724007375,"215":-0.024861639544882866,"216":-0.014438046793779254,"217":-0.016713511584031532,"218":-0.04187196365670096,"219":-0.01489194520185026,"220":-0.015425184499416125,"221":-0.025000488690700026,"222":-0.02008991155287946,"223":-0.027456373463674258,"224":-0.031513420122365694,"225":-0.008595987601919005,"226":-0.025845928119250565,"227":-0.08729111044245676,"228":-0.0408848413369318,"229":-0.04746605764462952,"230":-0.013717484578401981,"231":-0.023165669319768465,"232":0.008014045344188925,"233":-0.028503175314580038,"234":-0.025672166475802845,"235":-0.04548199689194697,"236":-0.01887347377705958,"237":-0.05929859535412651,"238":-0.04814851420380007,"239":-0.11101916847564942,"240":-0.11101916847564942,"241":-0.02403455682045616,"242":0.013515565914005788,"243":0.04490977834790372,"244":-0.03494840432299415,"245":-0.0516294940950815,"246":0.09855859100203349,"247":0.006117127866681518,"248":0.0388005057043197,"249":-0.004923446130954363,"250":0.03218029337235788,"251":-0.04345699931763328,"252":0.03014737608330398,"253":-0.01919673030004551,"254":0.0036357295711626457,"255":0.005468823885243106,"256":0.005468823885243106,"257":-0.02681242050483723,"258":-0.02681242050483723,"259":-0.00153293537855154,"260":-0.00153293537855154,"261":0.0976380632463218,"262":0.16358008034310487,"263":0.1408719721456149,"264":0.17387994611938945,"265":0.22547437676134596,"266":0.052937805194860105,"267":0.02772926157554475,"268":0.02772926157554475,"269":0.02772926157554475,"270":0.42385228317094975,"271":0.42385228317094975,"272":-0.05555885429490207,"273":0.007387686915391947,"274":0.004749293165992374,"275":0.0865457403226837,"276":-0.1787790429744675,"277":-0.06648066547674186,"278":-0.05393134590319998,"279":0.038649631598334996,"280":-0.028998910830780322,"281":-0.0834446971276036,"282":-0.41259794413962925,"283":-0.7855664095685987,"284":-0.16680777414935274,"285":-0.1535846402364462,"286":-0.25840717146496806,"287":0.07098443480419034,"288":0.13961093535199517,"289":-0.06309990751356531,"290":-0.1042838014442957,"291":-0.21556316901571795,"292":-0.07386182058990784,"293":-0.06776475353439786,"294":-0.1365650027204024,"295":-0.17890896538385997,"296":-0.05680602828558372,"297":-0.09999145601339028,