{"1":-0.6579178159279633,"2":-2.547536259389897,"3":-1.8842610583920218,"4":-0.45988595124566156,"5":-0.24021690441381605,"6":0.43526716484097916,"7":0.27431890381336077,"8":0.07278994017704044,"9":0.07278994017704044,"10":-1.3910289925995039,"11":-1.3910289925995039,"12":-1.8594594343372486,"13":-1.8594594343372486,"14":-2.525094692902444,"15":-2.525094692902444,"16":-0.0651597640442948,"17":-0.0651597640442948,"18":-0.0651597640442948,"19":-0.04242175109007662,"20":-0.04242175109007662,"21":0.15391736451188487,"22":0.15391736451188487,"23":0.17587849476573647,"24":-0.7526419433730758,"25":-0.08298299158585161,"26":-0.32946187260746485,"27":0.022824851865388296,"28":0.3061290342887142,"29":-0.3257580096661823,"30":0.2452610567885859,"31":0.23001890329163488,"32":0.39874265839430134,"33":-0.03221243084610509,"34":-0.02115492271545988,"35":-1.8035019956373344,"36":-0.22233281693664908,"37":-0.5088183857695878,"38":-0.17299581035731415,"39":0.6918290385294602,"40":-0.15429981735765264,"41":-0.18200702560795334,"42":-1.9272856918060597,"43":-0.43790673081386533,"44":-0.34546335398282535,"45":-1.024475658224366,"46":-0.1861768432155666,"47":-0.7130325593332405,"48":-0.031884153821915895,"49":-0.7577797142772309,"50":-0.7577797142772309,"51":-0.031884153821915895,"52":-0.031884153821915895,"53":-0.5166090175992757,"54":-0.5166090175992757,"55":-0.06461008294693588,"56":-0.18662263715447203,"57":-0.2643074807914778,"58":0.030354969772665663,"59":0.15972029877928623,"60":-0.37176831631098195,"61":0.11496568649929662,"62":-0.34023959677535065,"63":-0.18143279386083588,"64":-0.05665208219440848,"65":0.24281544681159084,"66":-0.2852893667724238,"67":-0.8081766823366763,"68":-0.7481841077222722,"69":-0.17772766546905072,"70":-0.6014128537251526,"71":-1.1561668165601695,"72":-0.24997931480745694,"73":0.008893857651848469,"74":-0.09174635944115472,"75":-2.1293889272963593,"76":-0.5983043779856612,"77":-0.07244380299139519,"78":-0.6866446453801736,"79":-0.3196958692497558,"80":-0.5810249859977198,"81":0.17733974087068494,"82":-0.6717434215990739,"83":-1.4872877433676297,"84":-0.24670674735429654,"85":0.09279303141831585,"86":-0.5136567098148371,"87":-0.5136567098148371,"88":-0.09797746825501563,"89":-0.09797746825501563,"90":-0.27961640690050016,"91":-0.25277357669508704,"92":-0.45765565283161,"93":-0.13260966948145625,"94":-0.14786075214259997,"95":-0.41537687905127807,"96":-0.45274187219929596,"97":-0.27905660936316423,"98":-0.40491894578097454,"99":-0.0914875025292563,"100":0.17754418226686208,"101":-0.33108861417646196,"102":-0.15803963104138452,"103":-0.2978760823862039,"104":-0.014155692769099781,"105":0.33991532418993275,"106":0.04706892147782327,"107":-0.29081918955847097,"108":-0.17918063245687654,"109":0.1502017859401732,"110":-0.344759277226822,"111":-0.18558349937548768,"112":-0.024804783812464204,"113":-0.15806429274618627,"114":0.1331459760016277,"115":-0.1068141342097777,"116":-0.07179520598465161,"117":-0.17151013891598388,"118":-0.5887093246086743,"119":-0.16164221633612175,"120":-0.36943153927827044,"121":-0.04095146935149829,"122":0.12654901515957295,"123":-0.3974061393687913,"124":-0.09934281460424477,"125":-0.026359462400418643,"126":-0.026359462400418643,"127":-0.3458201246726118,"128":-0.32172392863940824,"129":-0.07894512423401878,"130":-0.026359462400418643,"131":-0.026359462400418643,"132":-0.14186823930325088,"133":-0.7174813890711649,"134":-0.5027959836207181,"135":0.24723793997810084,"136":0.03625984511744318,"137":-0.8416256806645883,"138":-0.5602600135290872,"139":0.7326757385843798,"140":-0.002461871924922754,"141":-0.7238954320690709,"142":-0.6445673917709951,"143":-0.7245508469278139,"144":-1.4514613209489995,"145":-0.15932149249519112,"146":-0.5537052832123246,"147":-0.49774685342844505,"148":-0.3858751323104521,"149":-0.16032296417818803,"150":0.602619237165583,"151":-0.9170619291931021,"152":-0.09414359141885265,"153":-0.25675371752974674,"154":-0.3717924310120162,"155":-0.8478792338588148,"156":-0.5922750462097717,"157":0.15218276675869924,"158":0.15190640065631,"159":-0.42983912621284803,"160":-3.884797216693816,"161":-0.0007821797528955177,"162":-0.8512108726852747,"163":-0.12856832899908044,"164":0.019936578470773014,"165":-0.15391647209322445,"166":-0.3083558232132493,"167":-0.31644064910607106,"168":0.4093281706819787,"169":0.23250742176524875,"170":-0.006776515835204666,"171":-0.017243794045351923,"172":0.5786431253937736,"173":0.5305158342712666,"174":0.037368231584363976,"175":-0.5815693993745157,"176":-0.06382521334981472,"177":0.2593535822371289,"178":0.08406964959213914,"179":-0.4483958847729972,"180":-0.0006113808389182074,"181":0.18318284389641504,"182":0.3603985339595809,"183":0.14063692677156858,"184":0.170420757219655,"185":-0.03914509503687125,"186":0.6285260622167712,"187":0.46225708380297936,"188":0.18928009810280333,"189":0.6922511994353464,"190":0.33252547034008817,"191":0.12349222787592806,"192":-0.09215040331169311,"193":-0.23441483369512506,"194":-0.7221505196123648,"195":-0.6110171072422441,"196":0.45861891256048537,"197":-1.0498898747429992,"198":-1.3276847559305187,"199":0.8100814740420277,"200":0.6495784593677408,"201":-0.40740197582194004,"202":-0.40740197582194004,"203":0.08519886245940489,"204":-0.11831044012100211,"205":0.18863406922431147,"206":-0.18658156736673193,"207":-0.3907178071897175,"208":0.1568359562661188,"209":-0.13798095524203724,"210":-0.5274587789032982,"211":0.08319782426548644,"212":-0.2007940632797427,"213":0.03762137112119951,"214":0.1605846029137047,"215":-0.140311137346109,"216":0.09324218286065777,"217":0.39854277304919594,"218":0.42195212976314744,"219":0.23654085890134668,"220":-0.3113648925605246,"221":-0.3106849266928289,"222":-0.29815457427395176,"223":0.16135218408016383,"224":-0.392158556949348,"225":-0.7492956658706686,"226":-0.015872671732848787,"227":0.3385193090266899,"228":0.08388356917252227,"229":-0.13400525629813353,"230":0.05635613569995268,"231":0.1866662727721382,"232":0.13668629821443679,"233":-0.14106924993828507,"234":0.051366068404900656,"235":-0.02979191768545575,"236":0.12951483800806352,"237":-0.019964695039416336,"238":-3.952573074577553,"239":-0.5152720047362505,"240":-0.5152720047362505,"241":0.11389132092879217,"242":0.1698634963682084,"243":0.4225825864225155,"244":0.04037914565348333,"245":-0.10191789790572996,"246":-0.3828159397389574,"247":-0.10129001188276102,"248":0.049007159452164606,"249":-0.021265870341712567,"250":-0.3047431523134286,"251":-0.02646831045043896,"252":0.3130142464873923,"253":-0.1748309642196626,"254":-0.021815228541168158,"255":0.13014603457761456,"256":0.13014603457761456,"257":0.11519123516060256,"258":0.11519123516060256,"259":-0.020927169020079794,"260":-0.020927169020079794,"261":0.46967725411528716,"262":0.4248958622935428,"263":0.7610545646082728,"264":-0.18933013545926558,"265":0.5009542468548387,"266":-0.09454532714351616,"267":0.1383594953678654,"268":0.1383594953678654,"269":0.1383594953678654,"270":0.007739838551577782,"271":0.007739838551577782,"272":-2.1751177056767665,"273":0.2105160839458009,"274":-1.1897909221374012,"275":-1.9256451228268396,"276":-1.65941983165371,"277":-2.7825094845218485,"278":-2.7817382728883047,"279":-0.8828758546068759,"280":-1.0529671878471838,"281":0.010402597154015855,"282":-0.05681960810655684,"283":-0.34876304680272985,"284":-0.004975868717755627,"285":0.1332528392790882,"286":-0.26895529397951096,"287":-0.8982586893014055,"288":0.4886206936030989,"289":0.4076438197499068,"290":0.504335895189172,"291":-0.19832784297565498,"292":-0.6405215346912765,"293":-0.2564452095582923,"294":-0.469172075567854,"295":-0.4703746796732213,"296":0.07554949099382252,"297":-0.4254137922865827,"298":-0.41946592109834874,"299":-0.07944711793064713,"300":-0.34556649215679947,"301":0.9996926873512135,"302":-0.8035604022744702,"303":0.40601364790890315,"304":-0.26929242555407584,"305":0.15715607413072297,"306":-0.26929242555407584,"307":-0.16026139643068693,"308":-0.9309055480830528,