{"1":-0.19488015917709745,"2":-0.04654790175737755,"3":-0.7756996602786965,"4":-0.6025270333282462,"5":-0.2915161659139369,"6":-0.12166213698734718,"7":0.5185437579929721,"8":-0.02035137082120464,"9":-0.02035137082120464,"10":0.9710338446509041,"11":0.9710338446509041,"12":0.5780766578607075,"13":0.5780766578607075,"14":0.976017508146569,"15":0.976017508146569,"16":0.03365187139732595,"17":0.03365187139732595,"18":0.03365187139732595,"19":0.6315132486864057,"20":0.6315132486864057,"21":0.36309386125458776,"22":0.36309386125458776,"23":0.16593042265571833,"24":0.4018460983141021,"25":0.8103817660664792,"26":0.02094748189298068,"27":0.07500291522931635,"28":-0.16851889350460558,"29":0.23425582780267273,"30":0.27835015078723835,"31":-0.07520018213740443,"32":-0.14284081867276655,"33":-0.12037935178253534,"34":-0.9539207189815582,"35":-0.7043545613361442,"36":-0.6969346220945383,"37":-0.4395765704408543,"38":-0.7469590409105527,"39":-0.5834955364103411,"40":-0.2205785167597396,"41":-0.4646474166293073,"42":-0.19948192848845192,"43":-0.15359208383928014,"44":0.12385512978260582,"45":-0.4028870595891627,"46":-0.39329919188878115,"47":-0.1562078848148074,"48":-0.4128539208022639,"49":-0.5275371910594835,"50":-0.5275371910594835,"51":-0.4128539208022639,"52":-0.4128539208022639,"53":0.10756387068258366,"54":0.10756387068258366,"55":-0.9108366507814782,"56":0.5300947897193804,"57":0.3028000193488052,"58":-0.176885035679327,"59":-0.11746602882284929,"60":0.7826634717875374,"61":0.533518979663012,"62":0.6777812500658169,"63":0.3973757135903915,"64":0.4576916477121764,"65":0.5302958992340798,"66":0.8243091416413861,"67":0.33729117700106404,"68":0.9128350170273549,"69":-0.8707078915990811,"70":-0.8790310589386161,"71":-0.43619113506862384,"72":-0.35212674151573164,"73":-0.4148345742901176,"74":-0.48322747504204955,"75":-0.4932530310500125,"76":-0.46213529635724715,"77":-0.15710716578975603,"78":-0.03509978736255803,"79":-0.5191209982556231,"80":-1.0392154352982237,"81":-0.5861706523839323,"82":-0.12868382025055602,"83":-0.2208256286006609,"84":-0.1421743047263444,"85":0.5267512960752478,"86":-0.5732305613663646,"87":-0.5732305613663646,"88":-2.1094047495511337,"89":-2.1094047495511337,"90":0.013606646291423274,"91":-1.2998572941146413,"92":-0.3641095361211715,"93":-0.015089246108685117,"94":-0.8689323717865789,"95":0.13775698699997108,"96":-0.48960669311041904,"97":-0.007343266593554887,"98":0.888875475582708,"99":-0.17134673228800512,"100":-0.1778027128739792,"101":0.5221688347743703,"102":-0.5978914515439873,"103":-0.3043908409730225,"104":0.010561490932333939,"105":-0.06599069319999051,"106":-0.12022860172000405,"107":-0.06638455583135539,"108":-0.2823864813118888,"109":-0.032282894667056805,"110":0.36964714903299445,"111":-0.2536674985145524,"112":0.04944766150244062,"113":-0.27519640848139293,"114":-0.46046715792797643,"115":0.3224997489126338,"116":0.4681945657529347,"117":0.15222247703116842,"118":0.06015798748115753,"119":0.0639538489542657,"120":0.09070839852039025,"121":0.08402190637764306,"122":-0.10331929741811674,"123":0.5781109310740691,"124":-0.21699824782402022,"125":-0.13461296269039424,"126":-0.13461296269039424,"127":0.17372966949219126,"128":0.0970322491454425,"129":-0.21025765709968258,"130":-0.13461296269039424,"131":-0.13461296269039424,"132":0.16164253575734122,"133":0.33032492208021136,"134":-0.31199489697604843,"135":-0.48868194855086955,"136":-0.039248304530866474,"137":-0.18766963685236826,"138":-0.7929018308540847,"139":1.0347049844410456,"140":-1.0269130629967638,"141":-0.5960145317619068,"142":0.48030461681081604,"143":-0.24947039921549763,"144":-0.3778647611352537,"145":0.012833699274273691,"146":-1.2850969123644465,"147":-0.04824342130682391,"148":-0.41869346621975145,"149":-0.42487315032585116,"150":-0.9281043119714889,"151":-0.5802124069849568,"152":-0.23063936335180069,"153":-0.5379285158452887,"154":-0.4241398294096297,"155":-0.455763345248942,"156":-0.44486494909907437,"157":-0.5921633585200343,"158":-0.345524428487475,"159":-0.3411836184168,"160":-0.3075172730703546,"161":-1.0473173746937916,"162":-0.8395050978989471,"163":-0.17796248503436418,"164":-1.5633473866909675,"165":-0.501970660041998,"166":-0.6368276053974014,"167":-0.2906618584489906,"168":-0.816162161663073,"169":-0.5965779297945693,"170":-0.40324428821906677,"171":-0.22880004716582736,"172":-0.22894212999338404,"173":-0.3238057086185533,"174":-0.39764774721740936,"175":-0.44970782187367764,"176":-0.21775771803556454,"177":-0.25321708318347547,"178":-0.34148202775041536,"179":-0.11785842659646173,"180":-0.6281891162261903,"181":-0.4308935102166038,"182":-0.4327184607325931,"183":-0.3181811353745221,"184":-0.17606092323566447,"185":-0.12296281271319565,"186":-0.4366209373375298,"187":-0.5961127654464973,"188":-0.5826641459560484,"189":-0.4493672593101985,"190":-0.25992553529504514,"191":-0.19267087370103964,"192":-0.4452336613687162,"193":-0.7210821877822253,"194":-0.3373667701746479,"195":-0.6398084713837937,"196":-0.3639476229265912,"197":-0.27827333560106116,"198":0.4468417339288595,"199":-0.3344199700049981,"200":-0.4799819384176103,"201":-0.3991528178053514,"202":-0.3991528178053514,"203":-0.6018898307803611,"204":-0.5189420126358328,"205":-0.2779722732896648,"206":-0.3908813191450866,"207":-0.49754510980598377,"208":-0.5592802419405754,"209":-0.6774257061570552,"210":-0.6919119117270387,"211":-0.8705328983648666,"212":-1.0358249535293034,"213":-0.5532041168338595,"214":-0.3863799582314642,"215":-0.44742974445695216,"216":-0.9992545585219044,"217":-0.4708885963902185,"218":-0.41795902426637,"219":-0.6995801292679147,"220":-0.9030931409122247,"221":-0.8146440808295723,"222":-0.6860099487742093,"223":-0.7573294808131124,"224":-0.5692745418702376,"225":-0.3158249940214757,"226":-0.37088357678572237,"227":-0.873583206383203,"228":-0.8774401478694869,"229":-0.46464149950915345,"230":-0.9307906183136359,"231":-0.652654166719508,"232":-0.38243987250407274,"233":-0.36870011985133955,"234":-0.8716786013330737,"235":-0.49385629934284836,"236":-0.6361921254682277,"237":-0.6806359774079667,"238":-0.8039841094861935,"239":-0.5689198437385881,"240":-0.5689198437385881,"241":-0.060205644049194484,"242":-0.1017998409468781,"243":-0.25725403698123195,"244":-0.5132542411473198,"245":-0.39991335164239694,"246":-0.09135848700919924,"247":0.19449585735806263,"248":-0.08466913529201081,"249":-0.8105576105141739,"250":-0.3399518856736279,"251":-1.0618056235313076,"252":-0.4662894124005661,"253":0.0795050458210893,"254":-0.058091540878465686,"255":-0.08410190800591666,"256":-0.08410190800591666,"257":0.03324761893556749,"258":0.03324761893556749,"259":-0.049862352480337435,"260":-0.049862352480337435,"261":-0.0019751676799824036,"262":0.5561360855688133,"263":0.046126410438183774,"264":0.3368517768136341,"265":-0.20303528592151832,"266":0.10737506496709304,"267":0.022805849543664047,"268":0.022805849543664047,"269":0.022805849543664047,"270":0.5114541394752656,"271":0.5114541394752656,"272":0.02643603497582736,"273":-0.03483445408253083,"274":0.17941007300345035,"275":0.18758544965518764,"276":0.5423153807853791,"277":1.4551019068085376,"278":0.8917426036242553,"279":0.2941805086530186,"280":-0.3653775675223099,"281":-0.09917047954093139,"282":-0.5389373506535928,"283":-0.5836021281373043,"284":-0.4693912298759201,"285":-0.7010653274769617,"286":-0.9778013599789612,"287":0.11887040228133783,"288":0.3563442393191636,"289":-0.11322117467667425,"290":0.2521082531856096,"291":-0.4072373469992421,"292":-0.0211888152285038,"293":0.08427906914167327,"294":-0.335339305637653,"295":0.30687345728414606,"296":-0.008653516581886178,"297":-0.7389749307189215,"298":-0.2877037817167736,"299":0.586887802147694,"300":-0.14836679388686935,"301":-0.19365946298177317,"302":-0.11842579428462496,"303":0.09941876536296768,"304":-0.665499234133109,"305":0.2397907831210997,"306":-0.665499234133109,"307":0.2541403934227304,"308":-0.03915696332796914,"309":-0.039434900329263556,"310":-0.17268081393232038,